--
-- PostgreSQL database dump
--

-- Dumped from database version 17.4
-- Dumped by pg_dump version 17.4

SET statement_timeout = 0;
SET lock_timeout = 0;
SET idle_in_transaction_session_timeout = 0;
SET transaction_timeout = 0;
SET client_encoding = 'UTF8';
SET standard_conforming_strings = on;
SELECT pg_catalog.set_config('search_path', '', false);
SET check_function_bodies = false;
SET xmloption = content;
SET client_min_messages = warning;
SET row_security = off;

--
-- Data for Name: User; Type: TABLE DATA; Schema: public; Owner: -
--

COPY public."User" (id, email, phone, "passwordHash", role, "emailVerifiedAt", status, "createdAt", "updatedAt", "passwordResetRequired", "hasCompletedAdminOnboarding", "isTwoFactorEnabled", "twoFactorSecret") FROM stdin;
2c7b8f56-b70e-46b2-8582-e67ba1915a45	ruth_reed@yahoo.com	+2348034059115	$2b$10$fxaamIpgRsoCXFuJfuZ2deZ5Xpr7NtnpOqdfKy4tI6syVzjk.URPe	CANDIDATE	2025-09-29 08:54:58.096	ACTIVE	2025-09-29 08:54:58.129	2025-09-29 08:54:58.129	f	f	f	\N
fcd910ed-f411-4524-bdb1-23de83a9e4d1	ezetaj@gmail.com	\N	$argon2id$v=19$m=65536,t=3,p=4$YtaIOT3kOhLeD2F444ftRQ$ob0tm3ekK4BOiYKLZgPH/CuV5yDELL9Rr3z+eAm4nTI	ADMIN	\N	ACTIVE	2025-09-05 08:05:35.134	2025-09-08 00:17:57.501	f	f	f	\N
7d71cea1-1b4e-4882-bce9-b9190f2227dc	babatunde.lawal18@hotmail.com	+2348006181721	$2b$10$fxaamIpgRsoCXFuJfuZ2deZ5Xpr7NtnpOqdfKy4tI6syVzjk.URPe	CANDIDATE	2025-09-29 08:54:58.237	ACTIVE	2025-09-29 08:54:58.244	2025-09-29 08:54:58.244	f	f	f	\N
72c207be-10c6-4e75-873f-11bf63c81f06	phoebe_garba@yahoo.com	+2348087692304	$2b$10$fxaamIpgRsoCXFuJfuZ2deZ5Xpr7NtnpOqdfKy4tI6syVzjk.URPe	CANDIDATE	2025-09-29 08:54:58.26	ACTIVE	2025-09-29 08:54:58.268	2025-09-29 08:54:58.268	f	t	f	\N
a63136a3-af6b-458a-8b10-88def8863644	funmilayo.carter94@yahoo.com	+2348077886829	$2b$10$fxaamIpgRsoCXFuJfuZ2deZ5Xpr7NtnpOqdfKy4tI6syVzjk.URPe	CANDIDATE	2025-09-29 08:54:58.28	ACTIVE	2025-09-29 08:54:58.287	2025-09-29 08:54:58.287	f	f	f	\N
08b480fa-cac7-446c-8904-b8104fee506b	toluwani.ibori43@yahoo.com	+2348086016508	$2b$10$fxaamIpgRsoCXFuJfuZ2deZ5Xpr7NtnpOqdfKy4tI6syVzjk.URPe	CANDIDATE	2025-09-29 08:54:58.3	ACTIVE	2025-09-29 08:54:58.307	2025-09-29 08:54:58.307	f	t	f	\N
7918b34f-91a8-4bfa-b5cf-98e2bc54811e	lydia.roberts22@gmail.com	+2348043478641	$2b$10$fxaamIpgRsoCXFuJfuZ2deZ5Xpr7NtnpOqdfKy4tI6syVzjk.URPe	CANDIDATE	2025-09-29 08:54:58.318	ACTIVE	2025-09-29 08:54:58.325	2025-09-29 08:54:58.325	f	f	f	\N
4cabb14d-215a-4da3-a71d-317c58c1327a	oghenekaro_balogun7@hotmail.com	+2348018784946	$2b$10$fxaamIpgRsoCXFuJfuZ2deZ5Xpr7NtnpOqdfKy4tI6syVzjk.URPe	CANDIDATE	2025-09-29 08:54:58.336	ACTIVE	2025-09-29 08:54:58.343	2025-09-29 08:54:58.343	f	t	f	\N
60c145af-4537-4db5-b287-a0dda8b6dd14	oluwapelumi.carter@hotmail.com	+2348005664629	$2b$10$fxaamIpgRsoCXFuJfuZ2deZ5Xpr7NtnpOqdfKy4tI6syVzjk.URPe	CANDIDATE	2025-09-29 08:54:58.356	ACTIVE	2025-09-29 08:54:58.363	2025-09-29 08:54:58.363	f	f	f	\N
0da4c334-4356-4280-a550-119331019d8a	mustapha.abiola@yahoo.com	+2348018343186	$2b$10$fxaamIpgRsoCXFuJfuZ2deZ5Xpr7NtnpOqdfKy4tI6syVzjk.URPe	CANDIDATE	2025-09-29 08:54:58.38	ACTIVE	2025-09-29 08:54:58.387	2025-09-29 08:54:58.387	f	t	f	\N
068335b5-50a0-4b33-93a0-1372ea9a1bc8	rachel_osagie@gmail.com	+2348009521065	$2b$10$fxaamIpgRsoCXFuJfuZ2deZ5Xpr7NtnpOqdfKy4tI6syVzjk.URPe	CANDIDATE	2025-09-29 08:54:58.396	ACTIVE	2025-09-29 08:54:58.403	2025-09-29 08:54:58.403	f	t	f	\N
afdef59d-262b-4e21-8cf3-56442de28508	luke.garba@hotmail.com	+2348014858742	$2b$10$fxaamIpgRsoCXFuJfuZ2deZ5Xpr7NtnpOqdfKy4tI6syVzjk.URPe	CANDIDATE	2025-09-29 08:54:58.415	ACTIVE	2025-09-29 08:54:58.422	2025-09-29 08:54:58.422	f	f	f	\N
4da5aec9-ef39-4733-bfe4-cdda89636cf3	funmilayo_lewis28@yahoo.com	+2348030109007	$2b$10$fxaamIpgRsoCXFuJfuZ2deZ5Xpr7NtnpOqdfKy4tI6syVzjk.URPe	CANDIDATE	2025-09-29 08:54:58.435	ACTIVE	2025-09-29 08:54:58.443	2025-09-29 08:54:58.443	f	f	f	\N
9bd12dc0-af10-4693-baea-d6c06844add7	oghenekaro_anyanwu10@hotmail.com	+2348037394346	$2b$10$fxaamIpgRsoCXFuJfuZ2deZ5Xpr7NtnpOqdfKy4tI6syVzjk.URPe	CANDIDATE	2025-09-29 08:54:58.457	ACTIVE	2025-09-29 08:54:58.464	2025-09-29 08:54:58.464	f	t	f	\N
da92bd55-d551-4e59-bb2f-22587b6c0e4d	adesuwa.akinwale58@yahoo.com	+2348030336659	$2b$10$fxaamIpgRsoCXFuJfuZ2deZ5Xpr7NtnpOqdfKy4tI6syVzjk.URPe	CANDIDATE	2025-09-29 08:54:58.475	ACTIVE	2025-09-29 08:54:58.482	2025-09-29 08:54:58.482	f	f	f	\N
d81c7da1-07d3-4b21-8230-d5e04aa6e862	ayobami.collins47@gmail.com	+2348001551557	$2b$10$fxaamIpgRsoCXFuJfuZ2deZ5Xpr7NtnpOqdfKy4tI6syVzjk.URPe	CANDIDATE	2025-09-29 08:54:58.489	ACTIVE	2025-09-29 08:54:58.496	2025-09-29 08:54:58.496	f	t	f	\N
9ba46ed5-4329-4cc2-a225-d810a2b0496f	oluwafemi.abiodun71@hotmail.com	+2348033002969	$2b$10$fxaamIpgRsoCXFuJfuZ2deZ5Xpr7NtnpOqdfKy4tI6syVzjk.URPe	CANDIDATE	2025-09-29 08:54:58.505	ACTIVE	2025-09-29 08:54:58.512	2025-09-29 08:54:58.512	f	t	f	\N
02f73fc6-d96d-40aa-9a85-53c926f9abc7	thomas_ajayi58@yahoo.com	+2348076126382	$2b$10$fxaamIpgRsoCXFuJfuZ2deZ5Xpr7NtnpOqdfKy4tI6syVzjk.URPe	CANDIDATE	2025-09-29 08:54:58.524	ACTIVE	2025-09-29 08:54:58.531	2025-09-29 08:54:58.531	f	t	f	\N
c1cfe44e-a176-474b-bf35-48398dca09c9	tedunjaiyeseun@gmail.com	\N	$argon2id$v=19$m=65536,t=3,p=4$Rp024XMb8bTU0WrnuQ+UFw$n2EfYDWN5gm/Co9gwFlQpxWhtnFvse1Ur/d7kXlK/aM	AGENCY	\N	ACTIVE	2025-09-17 20:07:32.282	2025-09-17 20:07:32.282	f	f	f	\N
d5f954f3-2270-44fb-9d5f-1400cf5f6456	simon_anyanwu@yahoo.com	+2348024925661	$2b$10$fxaamIpgRsoCXFuJfuZ2deZ5Xpr7NtnpOqdfKy4tI6syVzjk.URPe	CANDIDATE	2025-09-29 08:54:58.542	ACTIVE	2025-09-29 08:54:58.549	2025-09-29 08:54:58.549	f	t	f	\N
097944c2-3582-4220-ade4-4a93ab404375	adinkems@gmail.com	\N	$argon2id$v=19$m=65536,t=3,p=4$lJ8G2lXO24OnXyLsLeZdtg$a759APkYcPau2rJR2rUHNLSBIN5AWniF8JWeBK2aKUI	AGENCY	\N	ACTIVE	2025-09-05 08:06:38.202	2025-09-23 01:28:25.468	f	f	f	\N
5900ca1a-625c-4a14-8331-ee286900ad73	tedunjaiyem@gmail.com	07046015410	$argon2id$v=19$m=65536,t=3,p=4$aM2FsjKjTTJVChoYLzgOzQ$G86fbtF4p1HaYJJ9+xDMdzDEAmYM/RtREVVZFd9TyaM	CANDIDATE	2025-09-23 01:46:58.475	ACTIVE	2025-09-04 15:12:23.319	2025-09-23 01:46:58.477	f	f	f	\N
8c89c899-04ca-42ed-9d77-a724a5b1ca03	sadiq_omotayo61@hotmail.com	+2348074117859	$2b$10$fxaamIpgRsoCXFuJfuZ2deZ5Xpr7NtnpOqdfKy4tI6syVzjk.URPe	CANDIDATE	2025-09-29 08:54:58.592	ACTIVE	2025-09-29 08:54:58.599	2025-09-29 08:54:58.599	f	t	f	\N
459295d9-9960-4a22-a8a3-8ad12c585f96	tedfunmzy9@gmail.com	\N	$argon2id$v=19$m=65536,t=3,p=4$ndSYMCyIkTVl7mCcphEJxw$x3S689vyPYGE/Tc85KT1TylgeDko/QCtlHXOVGoTGn4	ADMIN	2025-09-25 12:34:58.648	ACTIVE	2025-09-25 12:34:58.651	2025-09-26 09:01:33.877	f	f	f	\N
55752549-d17d-4d0e-9bcc-8e23ec61e230	isaac.walker19@hotmail.com	+2348073484279	$2b$10$fxaamIpgRsoCXFuJfuZ2deZ5Xpr7NtnpOqdfKy4tI6syVzjk.URPe	CANDIDATE	2025-09-29 08:54:58.612	ACTIVE	2025-09-29 08:54:58.62	2025-09-29 08:54:58.62	f	f	f	\N
bee8aed0-04de-4d9b-9c8e-8e5a1bd37bca	omolara.clark59@hotmail.com	+2348024142764	$2b$10$fxaamIpgRsoCXFuJfuZ2deZ5Xpr7NtnpOqdfKy4tI6syVzjk.URPe	CANDIDATE	2025-09-29 08:54:58.632	ACTIVE	2025-09-29 08:54:58.639	2025-09-29 08:54:58.639	f	t	f	\N
b4821854-815f-4703-8253-9eedea306958	philip_smith98@yahoo.com	+2348086225093	$2b$10$fxaamIpgRsoCXFuJfuZ2deZ5Xpr7NtnpOqdfKy4tI6syVzjk.URPe	CANDIDATE	2025-09-29 08:54:58.655	ACTIVE	2025-09-29 08:54:58.662	2025-09-29 08:54:58.662	f	f	f	\N
e2fc668c-d607-4f09-8691-05ab91c03604	grace_oyinlola80@gmail.com	+2348045296993	$2b$10$fxaamIpgRsoCXFuJfuZ2deZ5Xpr7NtnpOqdfKy4tI6syVzjk.URPe	CANDIDATE	2025-09-29 08:54:58.675	ACTIVE	2025-09-29 08:54:58.682	2025-09-29 08:54:58.682	f	t	f	\N
a90ced28-6539-473b-8c74-aadaf635a307	ebube_suleiman@yahoo.com	+2348081691579	$2b$10$fxaamIpgRsoCXFuJfuZ2deZ5Xpr7NtnpOqdfKy4tI6syVzjk.URPe	CANDIDATE	2025-09-29 08:54:58.69	ACTIVE	2025-09-29 08:54:58.698	2025-09-29 08:54:58.698	f	f	f	\N
876c68da-9971-48f9-a917-ecd45a340ba7	chisom.olawale88@gmail.com	+2348051476183	$2b$10$fxaamIpgRsoCXFuJfuZ2deZ5Xpr7NtnpOqdfKy4tI6syVzjk.URPe	CANDIDATE	2025-09-29 08:54:58.708	ACTIVE	2025-09-29 08:54:58.716	2025-09-29 08:54:58.716	f	t	f	\N
d2308404-eed4-4901-b241-2fc7c30b22cd	lydia.edwards@yahoo.com	+2348066055538	$2b$10$fxaamIpgRsoCXFuJfuZ2deZ5Xpr7NtnpOqdfKy4tI6syVzjk.URPe	CANDIDATE	2025-09-29 08:54:58.726	ACTIVE	2025-09-29 08:54:58.733	2025-09-29 08:54:58.733	f	t	f	\N
b03bd9b9-eaa1-4181-912d-8bda864e1f08	dunjaiye@yahoo.com	\N	$argon2id$v=19$m=65536,t=3,p=4$b5Epu/phLC8wxWbKSpgj5w$RjgGAJlakfx5/aIB1bsID7ZVUwEENjcl68vpm7lRu2E	CANDIDATE	\N	ACTIVE	2025-09-26 23:15:33.26	2025-09-26 23:15:33.26	f	f	f	\N
4ddba960-b3ee-45ff-9d12-ab41b7f5f2ef	sarah_anyanwu23@hotmail.com	+2348016841639	$2b$10$fxaamIpgRsoCXFuJfuZ2deZ5Xpr7NtnpOqdfKy4tI6syVzjk.URPe	CANDIDATE	2025-09-29 08:54:58.751	ACTIVE	2025-09-29 08:54:58.758	2025-09-29 08:54:58.758	f	t	f	\N
d2769180-ee3a-4803-94c7-9e6cf6436bc9	andrew_king96@hotmail.com	+2348034163276	$2b$10$fxaamIpgRsoCXFuJfuZ2deZ5Xpr7NtnpOqdfKy4tI6syVzjk.URPe	CANDIDATE	2025-09-29 08:54:58.81	ACTIVE	2025-09-29 08:54:58.818	2025-09-29 08:54:58.818	f	t	f	\N
ee8cc5a4-3548-4e3d-8ff2-bdc88483357e	yusuf.okojie4@yahoo.com	+2348098663893	$2b$10$fxaamIpgRsoCXFuJfuZ2deZ5Xpr7NtnpOqdfKy4tI6syVzjk.URPe	CANDIDATE	2025-09-29 08:54:58.826	ACTIVE	2025-09-29 08:54:58.833	2025-09-29 08:54:58.833	f	t	f	\N
bdb2789d-27bf-463c-bf9b-ba2be0eb4eae	thomas_scott@hotmail.com	+2348089523268	$2b$10$fxaamIpgRsoCXFuJfuZ2deZ5Xpr7NtnpOqdfKy4tI6syVzjk.URPe	CANDIDATE	2025-09-29 08:54:58.848	ACTIVE	2025-09-29 08:54:58.855	2025-09-29 08:54:58.855	f	f	f	\N
7a916544-7d14-4263-84df-3856194b180d	ikenna.okorie4@gmail.com	+2348033670336	$2b$10$fxaamIpgRsoCXFuJfuZ2deZ5Xpr7NtnpOqdfKy4tI6syVzjk.URPe	CANDIDATE	2025-09-29 08:54:58.869	ACTIVE	2025-09-29 08:54:58.877	2025-09-29 08:54:58.877	f	f	f	\N
2fdf9996-6d38-4924-8266-f8f4e1e183de	kehinde_morris93@hotmail.com	+2348046855489	$2b$10$fxaamIpgRsoCXFuJfuZ2deZ5Xpr7NtnpOqdfKy4tI6syVzjk.URPe	CANDIDATE	2025-09-29 08:54:58.887	ACTIVE	2025-09-29 08:54:58.894	2025-09-29 08:54:58.894	f	f	f	\N
5a4e6f08-3b16-41aa-b10b-850175575ea8	luke.bello31@yahoo.com	+2348003517910	$2b$10$fxaamIpgRsoCXFuJfuZ2deZ5Xpr7NtnpOqdfKy4tI6syVzjk.URPe	CANDIDATE	2025-09-29 08:54:58.905	ACTIVE	2025-09-29 08:54:58.912	2025-09-29 08:54:58.912	f	t	f	\N
32acc6da-da1c-4507-8304-270e36e5c5de	halima.cooper34@gmail.com	+2348044896849	$2b$10$fxaamIpgRsoCXFuJfuZ2deZ5Xpr7NtnpOqdfKy4tI6syVzjk.URPe	CANDIDATE	2025-09-29 08:54:58.925	ACTIVE	2025-09-29 08:54:58.932	2025-09-29 08:54:58.932	f	f	f	\N
2d20c841-09da-4bc2-81ad-42431562f573	ngozi.nnamani36@hotmail.com	+2348025951556	$2b$10$fxaamIpgRsoCXFuJfuZ2deZ5Xpr7NtnpOqdfKy4tI6syVzjk.URPe	CANDIDATE	2025-09-29 08:54:58.937	ACTIVE	2025-09-29 08:54:58.944	2025-09-29 08:54:58.944	f	t	f	\N
bccf78ae-6acd-48b3-9e73-3d3755ebf627	nnenna_collins88@hotmail.com	+2348068273703	$2b$10$fxaamIpgRsoCXFuJfuZ2deZ5Xpr7NtnpOqdfKy4tI6syVzjk.URPe	CANDIDATE	2025-09-29 08:54:58.955	ACTIVE	2025-09-29 08:54:58.962	2025-09-29 08:54:58.962	f	f	f	\N
3fb6fa38-3983-414e-b7e0-3c73f078df43	elizabeth.okonkwo@gmail.com	+2348044819674	$2b$10$fxaamIpgRsoCXFuJfuZ2deZ5Xpr7NtnpOqdfKy4tI6syVzjk.URPe	CANDIDATE	2025-09-29 08:54:58.971	ACTIVE	2025-09-29 08:54:58.978	2025-09-29 08:54:58.978	f	t	f	\N
57b1f2e6-58f2-4326-9582-92107dd94723	david_oluwaseun16@gmail.com	+2348012505394	$2b$10$fxaamIpgRsoCXFuJfuZ2deZ5Xpr7NtnpOqdfKy4tI6syVzjk.URPe	CANDIDATE	2025-09-29 08:54:58.988	ACTIVE	2025-09-29 08:54:58.995	2025-09-29 08:54:58.995	f	f	f	\N
bd39fc8a-c846-47bc-a3a9-448c134f2128	ikenna_hayes@yahoo.com	+2348085206845	$2b$10$fxaamIpgRsoCXFuJfuZ2deZ5Xpr7NtnpOqdfKy4tI6syVzjk.URPe	CANDIDATE	2025-09-29 08:54:59.006	ACTIVE	2025-09-29 08:54:59.013	2025-09-29 08:54:59.013	f	t	f	\N
94e0c8b4-d15f-4367-b9fe-0f073ac85fd5	andrew.walker@yahoo.com	+2348003549426	$2b$10$fxaamIpgRsoCXFuJfuZ2deZ5Xpr7NtnpOqdfKy4tI6syVzjk.URPe	CANDIDATE	2025-09-29 08:54:59.019	ACTIVE	2025-09-29 08:54:59.026	2025-09-29 08:54:59.026	f	f	f	\N
f6a5bbaa-2765-4e90-a4f5-86435cdde620	anna_allen36@gmail.com	+2348005073182	$2b$10$fxaamIpgRsoCXFuJfuZ2deZ5Xpr7NtnpOqdfKy4tI6syVzjk.URPe	CANDIDATE	2025-09-29 08:54:59.035	ACTIVE	2025-09-29 08:54:59.042	2025-09-29 08:54:59.042	f	f	f	\N
6253d356-215d-4f68-98f6-2b07902c4ed2	phoebe.mitchell94@hotmail.com	+2348053423112	$2b$10$fxaamIpgRsoCXFuJfuZ2deZ5Xpr7NtnpOqdfKy4tI6syVzjk.URPe	CANDIDATE	2025-09-29 08:54:59.053	ACTIVE	2025-09-29 08:54:59.06	2025-09-29 08:54:59.06	f	f	f	\N
a0f27975-0a58-4c6d-8d28-40d140d0b596	naomi.ogunleye44@gmail.com	+2348042225236	$2b$10$fxaamIpgRsoCXFuJfuZ2deZ5Xpr7NtnpOqdfKy4tI6syVzjk.URPe	CANDIDATE	2025-09-29 08:54:59.073	ACTIVE	2025-09-29 08:54:59.08	2025-09-29 08:54:59.08	f	t	f	\N
98b37483-b1fc-4999-84e1-25b80ffcddb3	ireti.allen@gmail.com	+2348002687156	$2b$10$fxaamIpgRsoCXFuJfuZ2deZ5Xpr7NtnpOqdfKy4tI6syVzjk.URPe	CANDIDATE	2025-09-29 08:54:59.091	ACTIVE	2025-09-29 08:54:59.098	2025-09-29 08:54:59.098	f	f	f	\N
7ed6ae66-cf9f-4da1-847b-f9aef9cd47c0	adesuwa.yakubu@hotmail.com	+2348088992885	$2b$10$fxaamIpgRsoCXFuJfuZ2deZ5Xpr7NtnpOqdfKy4tI6syVzjk.URPe	CANDIDATE	2025-09-29 08:54:59.111	ACTIVE	2025-09-29 08:54:59.119	2025-09-29 08:54:59.119	f	f	f	\N
42c16dcf-ff62-4ca5-9040-0cc029ccc39c	daniel_danladi@hotmail.com	+2348096756594	$2b$10$fxaamIpgRsoCXFuJfuZ2deZ5Xpr7NtnpOqdfKy4tI6syVzjk.URPe	CANDIDATE	2025-09-29 08:54:59.133	ACTIVE	2025-09-29 08:54:59.141	2025-09-29 08:54:59.141	f	t	f	\N
4941221a-9de5-42d7-a3b4-bbfe831e9412	opeyemi_lewis@yahoo.com	+2348012620443	$2b$10$fxaamIpgRsoCXFuJfuZ2deZ5Xpr7NtnpOqdfKy4tI6syVzjk.URPe	CANDIDATE	2025-09-29 08:54:59.156	ACTIVE	2025-09-29 08:54:59.163	2025-09-29 08:54:59.163	f	f	f	\N
70763a35-6617-4268-86d6-52ac1db82b35	temitope.abiola@hotmail.com	+2348011939517	$2b$10$fxaamIpgRsoCXFuJfuZ2deZ5Xpr7NtnpOqdfKy4tI6syVzjk.URPe	CANDIDATE	2025-09-29 08:54:59.171	ACTIVE	2025-09-29 08:54:59.179	2025-09-29 08:54:59.179	f	t	f	\N
780e5562-5ea8-40b0-acd0-d21abccef8a4	oluwafemi_okorie@hotmail.com	+2348067900096	$2b$10$fxaamIpgRsoCXFuJfuZ2deZ5Xpr7NtnpOqdfKy4tI6syVzjk.URPe	CANDIDATE	2025-09-29 08:54:59.196	ACTIVE	2025-09-29 08:54:59.204	2025-09-29 08:54:59.204	f	t	f	\N
bc6e014a-2556-4ca8-b4d4-efcc74ec249d	simon.abiola@yahoo.com	+2348079704254	$2b$10$fxaamIpgRsoCXFuJfuZ2deZ5Xpr7NtnpOqdfKy4tI6syVzjk.URPe	CANDIDATE	2025-09-29 08:54:59.214	ACTIVE	2025-09-29 08:54:59.221	2025-09-29 08:54:59.221	f	f	f	\N
640d5916-2b9c-4ef4-8ce2-4cc9fadcd6e6	grace.aliyu94@yahoo.com	+2348092916225	$2b$10$fxaamIpgRsoCXFuJfuZ2deZ5Xpr7NtnpOqdfKy4tI6syVzjk.URPe	CANDIDATE	2025-09-29 08:54:59.235	ACTIVE	2025-09-29 08:54:59.243	2025-09-29 08:54:59.243	f	t	f	\N
6503ef96-878a-4e54-b979-b97d8f4836ab	adesuwa.onyekachi@hotmail.com	+2348058791587	$2b$10$fxaamIpgRsoCXFuJfuZ2deZ5Xpr7NtnpOqdfKy4tI6syVzjk.URPe	CANDIDATE	2025-09-29 08:54:59.258	ACTIVE	2025-09-29 08:54:59.266	2025-09-29 08:54:59.266	f	f	f	\N
8d7f108e-3f5d-42c8-a47e-a8b5a1cf9038	david_reed@gmail.com	+2348005930898	$2b$10$fxaamIpgRsoCXFuJfuZ2deZ5Xpr7NtnpOqdfKy4tI6syVzjk.URPe	CANDIDATE	2025-09-29 08:54:59.274	ACTIVE	2025-09-29 08:54:59.282	2025-09-29 08:54:59.282	f	t	f	\N
4dee619d-80cb-4b86-87bf-fe16af412b09	deborah_carter@hotmail.com	+2348079731971	$2b$10$fxaamIpgRsoCXFuJfuZ2deZ5Xpr7NtnpOqdfKy4tI6syVzjk.URPe	CANDIDATE	2025-09-29 08:54:59.287	ACTIVE	2025-09-29 08:54:59.295	2025-09-29 08:54:59.295	f	t	f	\N
dcd66d79-19fe-45a6-aa0f-e026e77db98b	oluwaseun_johnson@hotmail.com	+2348076944051	$2b$10$fxaamIpgRsoCXFuJfuZ2deZ5Xpr7NtnpOqdfKy4tI6syVzjk.URPe	CANDIDATE	2025-09-29 08:54:59.302	ACTIVE	2025-09-29 08:54:59.309	2025-09-29 08:54:59.309	f	t	f	\N
c3cdf968-d2d6-465f-8841-ef2643669279	philip.edwards@yahoo.com	+2348026890956	$2b$10$fxaamIpgRsoCXFuJfuZ2deZ5Xpr7NtnpOqdfKy4tI6syVzjk.URPe	CANDIDATE	2025-09-29 08:54:59.317	ACTIVE	2025-09-29 08:54:59.324	2025-09-29 08:54:59.324	f	f	f	\N
0ab8953b-a153-4679-ae9c-ce0cd2f8bce8	caleb_danladi@yahoo.com	+2348018386527	$2b$10$fxaamIpgRsoCXFuJfuZ2deZ5Xpr7NtnpOqdfKy4tI6syVzjk.URPe	CANDIDATE	2025-09-29 08:54:59.332	ACTIVE	2025-09-29 08:54:59.339	2025-09-29 08:54:59.339	f	f	f	\N
e335252e-fc7a-49f6-b306-6fdcf7139acd	chisom.turner@hotmail.com	+2348022119793	$2b$10$fxaamIpgRsoCXFuJfuZ2deZ5Xpr7NtnpOqdfKy4tI6syVzjk.URPe	CANDIDATE	2025-09-29 08:54:59.348	ACTIVE	2025-09-29 08:54:59.355	2025-09-29 08:54:59.355	f	t	f	\N
d25b103e-4ec4-42eb-b03f-886eeac3f4d9	chika_ibori56@hotmail.com	+2348035661714	$2b$10$fxaamIpgRsoCXFuJfuZ2deZ5Xpr7NtnpOqdfKy4tI6syVzjk.URPe	CANDIDATE	2025-09-29 08:54:59.362	ACTIVE	2025-09-29 08:54:59.369	2025-09-29 08:54:59.369	f	t	f	\N
c2aca1f2-26e0-499a-9c30-c1c6ff5f5b69	chinonso_ogedengbe@yahoo.com	+2348092635974	$2b$10$fxaamIpgRsoCXFuJfuZ2deZ5Xpr7NtnpOqdfKy4tI6syVzjk.URPe	CANDIDATE	2025-09-29 08:54:59.377	ACTIVE	2025-09-29 08:54:59.384	2025-09-29 08:54:59.384	f	f	f	\N
8211e7fe-59ff-4571-baec-726d4eb3efae	isaac.ogunleye@gmail.com	+2348029125350	$2b$10$fxaamIpgRsoCXFuJfuZ2deZ5Xpr7NtnpOqdfKy4tI6syVzjk.URPe	CANDIDATE	2025-09-29 08:54:59.394	ACTIVE	2025-09-29 08:54:59.401	2025-09-29 08:54:59.401	f	f	f	\N
f7090392-b215-425e-9f15-917152b12e5f	silas_aliyu@yahoo.com	+2348070944012	$2b$10$fxaamIpgRsoCXFuJfuZ2deZ5Xpr7NtnpOqdfKy4tI6syVzjk.URPe	CANDIDATE	2025-09-29 08:54:59.41	ACTIVE	2025-09-29 08:54:59.417	2025-09-29 08:54:59.417	f	t	f	\N
c08ef9b4-5f77-4b76-8c8b-3e5dc1f8270b	sarah.ekwueme@gmail.com	+2348022975609	$2b$10$fxaamIpgRsoCXFuJfuZ2deZ5Xpr7NtnpOqdfKy4tI6syVzjk.URPe	CANDIDATE	2025-09-29 08:54:59.428	ACTIVE	2025-09-29 08:54:59.435	2025-09-29 08:54:59.435	f	f	f	\N
e27fd743-87e6-4c9f-a1e7-12b1b789fac7	ifeanyi.danladi@gmail.com	+2348051457499	$2b$10$fxaamIpgRsoCXFuJfuZ2deZ5Xpr7NtnpOqdfKy4tI6syVzjk.URPe	CANDIDATE	2025-09-29 08:54:59.448	ACTIVE	2025-09-29 08:54:59.455	2025-09-29 08:54:59.455	f	t	f	\N
bffec629-379d-4dbe-88d5-cf274e95d5d8	anna.walker73@gmail.com	+2348088830215	$2b$10$fxaamIpgRsoCXFuJfuZ2deZ5Xpr7NtnpOqdfKy4tI6syVzjk.URPe	CANDIDATE	2025-09-29 08:54:59.466	ACTIVE	2025-09-29 08:54:59.473	2025-09-29 08:54:59.473	f	f	f	\N
f75560d9-3d44-4e44-8b23-f4b22b0ea8fe	stephen.green@yahoo.com	+2348033359928	$2b$10$fxaamIpgRsoCXFuJfuZ2deZ5Xpr7NtnpOqdfKy4tI6syVzjk.URPe	CANDIDATE	2025-09-29 08:54:59.489	ACTIVE	2025-09-29 08:54:59.496	2025-09-29 08:54:59.496	f	f	f	\N
a429ff92-345e-4c02-8b22-c45ae78cf125	ngochukwu.yakubu23@hotmail.com	+2348078470718	$2b$10$fxaamIpgRsoCXFuJfuZ2deZ5Xpr7NtnpOqdfKy4tI6syVzjk.URPe	CANDIDATE	2025-09-29 08:54:59.505	ACTIVE	2025-09-29 08:54:59.512	2025-09-29 08:54:59.512	f	f	f	\N
90fbe72c-253a-4b1b-a014-e8044b7e9aa6	ebube.balogun@yahoo.com	+2348092336440	$2b$10$fxaamIpgRsoCXFuJfuZ2deZ5Xpr7NtnpOqdfKy4tI6syVzjk.URPe	CANDIDATE	2025-09-29 08:54:59.526	ACTIVE	2025-09-29 08:54:59.533	2025-09-29 08:54:59.533	f	f	f	\N
de9b72a7-460d-4dd4-8be5-b40c0479dc6c	nnenna.bell57@gmail.com	+2348036647491	$2b$10$fxaamIpgRsoCXFuJfuZ2deZ5Xpr7NtnpOqdfKy4tI6syVzjk.URPe	CANDIDATE	2025-09-29 08:54:59.542	ACTIVE	2025-09-29 08:54:59.55	2025-09-29 08:54:59.55	f	f	f	\N
1ea44cab-c267-40d6-9bf7-bb1ce6271530	mary.young53@gmail.com	+2348036356607	$2b$10$fxaamIpgRsoCXFuJfuZ2deZ5Xpr7NtnpOqdfKy4tI6syVzjk.URPe	CANDIDATE	2025-09-29 08:54:59.566	ACTIVE	2025-09-29 08:54:59.573	2025-09-29 08:54:59.573	f	f	f	\N
3f72b7ad-cc38-45fb-b9cd-5ec4861cf6cf	ezinne_anyanwu@gmail.com	+2348007953741	$2b$10$fxaamIpgRsoCXFuJfuZ2deZ5Xpr7NtnpOqdfKy4tI6syVzjk.URPe	CANDIDATE	2025-09-29 08:54:59.582	ACTIVE	2025-09-29 08:54:59.59	2025-09-29 08:54:59.59	f	f	f	\N
f6262827-3c0a-4a75-b295-a3cf72bfec50	ruth_mohammed43@yahoo.com	+2348027109196	$2b$10$fxaamIpgRsoCXFuJfuZ2deZ5Xpr7NtnpOqdfKy4tI6syVzjk.URPe	CANDIDATE	2025-09-29 08:54:59.603	ACTIVE	2025-09-29 08:54:59.611	2025-09-29 08:54:59.611	f	t	f	\N
136f9f53-ac5f-4052-bde9-31745ff22ec2	nnenna_morris26@yahoo.com	+2348018383834	$2b$10$fxaamIpgRsoCXFuJfuZ2deZ5Xpr7NtnpOqdfKy4tI6syVzjk.URPe	CANDIDATE	2025-09-29 08:54:59.616	ACTIVE	2025-09-29 08:54:59.624	2025-09-29 08:54:59.624	f	t	f	\N
3a8cea16-993f-4b94-8842-dc7941731956	hannah.collins38@yahoo.com	+2348020617677	$2b$10$fxaamIpgRsoCXFuJfuZ2deZ5Xpr7NtnpOqdfKy4tI6syVzjk.URPe	CANDIDATE	2025-09-29 08:54:59.635	ACTIVE	2025-09-29 08:54:59.642	2025-09-29 08:54:59.642	f	t	f	\N
1f2ae5fc-05fd-4ee1-9579-5b97e1942f33	anna_aliyu45@hotmail.com	+2348072762246	$2b$10$fxaamIpgRsoCXFuJfuZ2deZ5Xpr7NtnpOqdfKy4tI6syVzjk.URPe	CANDIDATE	2025-09-29 08:54:59.652	ACTIVE	2025-09-29 08:54:59.659	2025-09-29 08:54:59.659	f	t	f	\N
df70df51-2c7f-4712-bf3b-fd66130a231f	toluwani.olorunsola0@gmail.com	+2348041586929	$2b$10$fxaamIpgRsoCXFuJfuZ2deZ5Xpr7NtnpOqdfKy4tI6syVzjk.URPe	CANDIDATE	2025-09-29 08:54:59.668	ACTIVE	2025-09-29 08:54:59.675	2025-09-29 08:54:59.675	f	f	f	\N
3f8b55fc-2435-443d-81d0-e24e30eccedf	adebimpe_olorunsola0@hotmail.com	+2348080701483	$2b$10$fxaamIpgRsoCXFuJfuZ2deZ5Xpr7NtnpOqdfKy4tI6syVzjk.URPe	CANDIDATE	2025-09-29 08:54:59.683	ACTIVE	2025-09-29 08:54:59.69	2025-09-29 08:54:59.69	f	t	f	\N
76260181-51ba-4db5-bdac-b43883d82d0d	amarachi.brown@gmail.com	+2348042287273	$2b$10$fxaamIpgRsoCXFuJfuZ2deZ5Xpr7NtnpOqdfKy4tI6syVzjk.URPe	CANDIDATE	2025-09-29 08:54:59.701	ACTIVE	2025-09-29 08:54:59.708	2025-09-29 08:54:59.708	f	t	f	\N
d5ee26a9-7269-4745-9ee9-3a44846dfde8	simon.okon49@yahoo.com	+2348082282279	$2b$10$fxaamIpgRsoCXFuJfuZ2deZ5Xpr7NtnpOqdfKy4tI6syVzjk.URPe	CANDIDATE	2025-09-29 08:54:59.717	ACTIVE	2025-09-29 08:54:59.724	2025-09-29 08:54:59.724	f	t	f	\N
63261167-7606-4a90-ab8e-fb2688efd8d6	chukwuemeka.young72@hotmail.com	+2348043573701	$2b$10$fxaamIpgRsoCXFuJfuZ2deZ5Xpr7NtnpOqdfKy4tI6syVzjk.URPe	CANDIDATE	2025-09-29 08:54:59.73	ACTIVE	2025-09-29 08:54:59.737	2025-09-29 08:54:59.737	f	f	f	\N
efaa6339-0fae-4442-b94d-52aba84b5421	toluwani_oyinlola@gmail.com	+2348060528993	$2b$10$fxaamIpgRsoCXFuJfuZ2deZ5Xpr7NtnpOqdfKy4tI6syVzjk.URPe	CANDIDATE	2025-09-29 08:54:59.746	ACTIVE	2025-09-29 08:54:59.753	2025-09-29 08:54:59.753	f	t	f	\N
3be7f8be-2216-4edc-8921-130978b0d6a8	anna.suleiman@yahoo.com	+2348009857363	$2b$10$fxaamIpgRsoCXFuJfuZ2deZ5Xpr7NtnpOqdfKy4tI6syVzjk.URPe	CANDIDATE	2025-09-29 08:54:59.767	ACTIVE	2025-09-29 08:54:59.775	2025-09-29 08:54:59.775	f	f	f	\N
1c81907f-7240-4ec0-90ae-e8d3b9b6d77c	priscilla_ajayi94@gmail.com	+2348048203405	$2b$10$fxaamIpgRsoCXFuJfuZ2deZ5Xpr7NtnpOqdfKy4tI6syVzjk.URPe	CANDIDATE	2025-09-29 08:54:59.783	ACTIVE	2025-09-29 08:54:59.791	2025-09-29 08:54:59.791	f	t	f	\N
839fc63a-6ffa-4236-b6e7-e02f9dcff5c7	obinna.bamidele@hotmail.com	+2348084335676	$2b$10$fxaamIpgRsoCXFuJfuZ2deZ5Xpr7NtnpOqdfKy4tI6syVzjk.URPe	CANDIDATE	2025-09-29 08:54:59.803	ACTIVE	2025-09-29 08:54:59.811	2025-09-29 08:54:59.811	f	f	f	\N
9838c30d-85d2-4927-9dcc-9d54a6c27c0b	ebube_king@hotmail.com	+2348087746063	$2b$10$fxaamIpgRsoCXFuJfuZ2deZ5Xpr7NtnpOqdfKy4tI6syVzjk.URPe	CANDIDATE	2025-09-29 08:54:59.818	ACTIVE	2025-09-29 08:54:59.825	2025-09-29 08:54:59.825	f	f	f	\N
fd4b9d5d-1889-4fd9-b5c8-665ca99ceee9	silas_abdullahi42@yahoo.com	+2348034992474	$2b$10$fxaamIpgRsoCXFuJfuZ2deZ5Xpr7NtnpOqdfKy4tI6syVzjk.URPe	CANDIDATE	2025-09-29 08:54:59.832	ACTIVE	2025-09-29 08:54:59.839	2025-09-29 08:54:59.839	f	t	f	\N
a29cf064-62b5-4d37-8d5e-11f2fd11c92d	mark_smith88@gmail.com	+2348067905536	$2b$10$fxaamIpgRsoCXFuJfuZ2deZ5Xpr7NtnpOqdfKy4tI6syVzjk.URPe	CANDIDATE	2025-09-29 08:54:59.852	ACTIVE	2025-09-29 08:54:59.859	2025-09-29 08:54:59.859	f	f	f	\N
3e85ec31-3299-4e42-9579-5b1f9bfd4f97	chukwuemeka_rogers@yahoo.com	+2348010380432	$2b$10$fxaamIpgRsoCXFuJfuZ2deZ5Xpr7NtnpOqdfKy4tI6syVzjk.URPe	CANDIDATE	2025-09-29 08:54:59.871	ACTIVE	2025-09-29 08:54:59.879	2025-09-29 08:54:59.879	f	f	f	\N
b747941a-b6d0-4b65-aed7-a916a1612b36	amarachi.suleiman39@gmail.com	+2348074521350	$2b$10$fxaamIpgRsoCXFuJfuZ2deZ5Xpr7NtnpOqdfKy4tI6syVzjk.URPe	CANDIDATE	2025-09-29 08:54:59.886	ACTIVE	2025-09-29 08:54:59.894	2025-09-29 08:54:59.894	f	t	f	\N
b099adfc-257f-4f17-8951-eeb39b0e5cc4	oluwafemi.cooper25@gmail.com	+2348063339595	$2b$10$fxaamIpgRsoCXFuJfuZ2deZ5Xpr7NtnpOqdfKy4tI6syVzjk.URPe	CANDIDATE	2025-09-29 08:54:59.906	ACTIVE	2025-09-29 08:54:59.913	2025-09-29 08:54:59.913	f	t	f	\N
45b9f89a-9cbf-488c-a138-44a599ef27f0	benjamin_ajayi92@hotmail.com	+2348043076206	$2b$10$fxaamIpgRsoCXFuJfuZ2deZ5Xpr7NtnpOqdfKy4tI6syVzjk.URPe	CANDIDATE	2025-09-29 08:54:59.921	ACTIVE	2025-09-29 08:54:59.928	2025-09-29 08:54:59.928	f	t	f	\N
b2f22081-f331-43aa-aec4-c9cb7ad05263	aderonke_young@gmail.com	+2348084523778	$2b$10$fxaamIpgRsoCXFuJfuZ2deZ5Xpr7NtnpOqdfKy4tI6syVzjk.URPe	CANDIDATE	2025-09-29 08:54:59.938	ACTIVE	2025-09-29 08:54:59.946	2025-09-29 08:54:59.946	f	f	f	\N
bfe95407-8370-4465-92c0-367e719e1815	paul.idowu60@hotmail.com	+2348020066073	$2b$10$fxaamIpgRsoCXFuJfuZ2deZ5Xpr7NtnpOqdfKy4tI6syVzjk.URPe	CANDIDATE	2025-09-29 08:54:59.957	ACTIVE	2025-09-29 08:54:59.964	2025-09-29 08:54:59.964	f	f	f	\N
47cb455b-24a9-4e06-ba77-564c26fea2a1	chimamanda.mohammed@yahoo.com	+2348022267770	$2b$10$fxaamIpgRsoCXFuJfuZ2deZ5Xpr7NtnpOqdfKy4tI6syVzjk.URPe	CANDIDATE	2025-09-29 08:54:59.975	ACTIVE	2025-09-29 08:54:59.982	2025-09-29 08:54:59.982	f	t	f	\N
3df93b75-b32f-474e-8c9c-220dd5fcd316	caleb.ibrahim@gmail.com	+2348091416185	$2b$10$fxaamIpgRsoCXFuJfuZ2deZ5Xpr7NtnpOqdfKy4tI6syVzjk.URPe	CANDIDATE	2025-09-29 08:54:59.988	ACTIVE	2025-09-29 08:54:59.995	2025-09-29 08:54:59.995	f	t	f	\N
168bf6dc-4a55-4264-bdd6-cd5c5bbc9c59	chika_smith94@gmail.com	+2348067053679	$2b$10$fxaamIpgRsoCXFuJfuZ2deZ5Xpr7NtnpOqdfKy4tI6syVzjk.URPe	CANDIDATE	2025-09-29 08:55:00.01	ACTIVE	2025-09-29 08:55:00.018	2025-09-29 08:55:00.018	f	f	f	\N
f0edf50d-f822-4d47-83a3-dfefb4e5ee58	deborah.ibori@gmail.com	+2348040564132	$2b$10$fxaamIpgRsoCXFuJfuZ2deZ5Xpr7NtnpOqdfKy4tI6syVzjk.URPe	CANDIDATE	2025-09-29 08:55:00.03	ACTIVE	2025-09-29 08:55:00.037	2025-09-29 08:55:00.037	f	f	f	\N
33c8b9f8-d621-4735-a556-bfaf9be56264	hannah_odili@gmail.com	+2348059178014	$2b$10$fxaamIpgRsoCXFuJfuZ2deZ5Xpr7NtnpOqdfKy4tI6syVzjk.URPe	CANDIDATE	2025-09-29 08:55:00.047	ACTIVE	2025-09-29 08:55:00.055	2025-09-29 08:55:00.055	f	f	f	\N
1c5422a2-454d-47b1-92a4-6f0d8ab3e443	oluwaseun_danladi4@gmail.com	+2348013932712	$2b$10$fxaamIpgRsoCXFuJfuZ2deZ5Xpr7NtnpOqdfKy4tI6syVzjk.URPe	CANDIDATE	2025-09-29 08:55:00.065	ACTIVE	2025-09-29 08:55:00.073	2025-09-29 08:55:00.073	f	t	f	\N
7bd1a9e3-a9e0-45fb-80f1-5618fb58442a	oluwatobi.clark@yahoo.com	+2348024530726	$2b$10$fxaamIpgRsoCXFuJfuZ2deZ5Xpr7NtnpOqdfKy4tI6syVzjk.URPe	CANDIDATE	2025-09-29 08:55:00.083	ACTIVE	2025-09-29 08:55:00.09	2025-09-29 08:55:00.09	f	t	f	\N
4b31bf65-d740-47e8-8859-a15590755d93	avonhmo.kuhlman28@hotmail.com	+2349094048520	$2b$10$RhyVr/qGB4ABSJ6hXTo80eZJMrjkcEwEllMcVSSrAsrGLljPbSW.2	AGENCY	2025-09-29 08:55:00.261	ACTIVE	2025-09-29 08:55:00.268	2025-09-29 08:55:00.268	f	f	f	\N
cc70f20b-3f94-4fc9-9add-364f60b2792f	totalhealthtrust_cartwright@hotmail.com	+2349024787468	$2b$10$RhyVr/qGB4ABSJ6hXTo80eZJMrjkcEwEllMcVSSrAsrGLljPbSW.2	AGENCY	2025-09-29 08:55:00.277	ACTIVE	2025-09-29 08:55:00.285	2025-09-29 08:55:00.285	f	f	f	\N
a7e1e3a9-e037-456e-9285-78cdcce320bc	irokotvcareers70@gmail.com	+2349072740064	$2b$10$RhyVr/qGB4ABSJ6hXTo80eZJMrjkcEwEllMcVSSrAsrGLljPbSW.2	AGENCY	2025-09-29 08:55:00.284	ACTIVE	2025-09-29 08:55:00.291	2025-09-29 08:55:00.291	f	f	f	\N
05eb46b4-79a7-4778-ae7b-f689066f9d88	prepclassng96@gmail.com	+2349050562230	$2b$10$RhyVr/qGB4ABSJ6hXTo80eZJMrjkcEwEllMcVSSrAsrGLljPbSW.2	AGENCY	2025-09-29 08:55:00.296	ACTIVE	2025-09-29 08:55:00.303	2025-09-29 08:55:00.303	f	f	f	\N
56c4fda1-9a4a-496b-beb7-f4980c391c82	paradigminitiative99@yahoo.com	+2349043627665	$2b$10$RhyVr/qGB4ABSJ6hXTo80eZJMrjkcEwEllMcVSSrAsrGLljPbSW.2	AGENCY	2025-09-29 08:55:00.305	ACTIVE	2025-09-29 08:55:00.313	2025-09-29 08:55:00.313	f	f	f	\N
31466026-d17c-4c0d-975d-f4918cb1b0be	babbangona_kris25@yahoo.com	+2349069203944	$2b$10$RhyVr/qGB4ABSJ6hXTo80eZJMrjkcEwEllMcVSSrAsrGLljPbSW.2	AGENCY	2025-09-29 08:55:00.312	ACTIVE	2025-09-29 08:55:00.319	2025-09-29 08:55:00.319	f	f	f	\N
4369747b-83f1-474b-a677-5e845e76493b	heliumhealth.labadie@yahoo.com	+2349003642941	$2b$10$RhyVr/qGB4ABSJ6hXTo80eZJMrjkcEwEllMcVSSrAsrGLljPbSW.2	AGENCY	2025-09-29 08:55:00.318	ACTIVE	2025-09-29 08:55:00.326	2025-09-29 08:55:00.326	f	f	f	\N
cb280ea7-bc43-4778-a3c7-11d2ee2d9133	deloittenigeria_rodriguez@yahoo.com	+2349031708340	$2b$10$RhyVr/qGB4ABSJ6hXTo80eZJMrjkcEwEllMcVSSrAsrGLljPbSW.2	AGENCY	2025-09-29 08:55:00.325	ACTIVE	2025-09-29 08:55:00.332	2025-09-29 08:55:00.332	f	f	f	\N
03658c72-c355-4347-a9e2-4411f40b1eab	blackpenrecruitment.littel@gmail.com	+2349025871151	$2b$10$RhyVr/qGB4ABSJ6hXTo80eZJMrjkcEwEllMcVSSrAsrGLljPbSW.2	AGENCY	2025-09-29 08:55:00.331	ACTIVE	2025-09-29 08:55:00.339	2025-09-29 08:55:00.339	f	f	f	\N
d76450b4-bd2c-4188-817e-90ea4a886386	releaf.ondricka83@gmail.com	+2349032688178	$2b$10$RhyVr/qGB4ABSJ6hXTo80eZJMrjkcEwEllMcVSSrAsrGLljPbSW.2	AGENCY	2025-09-29 08:55:00.34	ACTIVE	2025-09-29 08:55:00.347	2025-09-29 08:55:00.347	f	f	f	\N
b8bdbda9-d1a0-4aeb-923f-a2ba60fad2f9	ebonylifetv_keeling51@hotmail.com	+2349091082199	$2b$10$RhyVr/qGB4ABSJ6hXTo80eZJMrjkcEwEllMcVSSrAsrGLljPbSW.2	AGENCY	2025-09-29 08:55:00.35	ACTIVE	2025-09-29 08:55:00.358	2025-09-29 08:55:00.358	f	f	f	\N
75bec94b-83cd-442f-927c-5d2f4e2eea24	teachfornigeria47@hotmail.com	+2349006150451	$2b$10$RhyVr/qGB4ABSJ6hXTo80eZJMrjkcEwEllMcVSSrAsrGLljPbSW.2	AGENCY	2025-09-29 08:55:00.357	ACTIVE	2025-09-29 08:55:00.364	2025-09-29 08:55:00.364	f	f	f	\N
d0c7eac5-2bef-4e12-ba5d-a76eb7c602f3	budgit_mertz@yahoo.com	+2349034929535	$2b$10$RhyVr/qGB4ABSJ6hXTo80eZJMrjkcEwEllMcVSSrAsrGLljPbSW.2	AGENCY	2025-09-29 08:55:00.365	ACTIVE	2025-09-29 08:55:00.372	2025-09-29 08:55:00.372	f	f	f	\N
81222db7-faf1-4ec1-bd27-dbfded7e6a79	seplatenergy80@hotmail.com	+2349095242945	$2b$10$RhyVr/qGB4ABSJ6hXTo80eZJMrjkcEwEllMcVSSrAsrGLljPbSW.2	AGENCY	2025-09-29 08:55:00.371	ACTIVE	2025-09-29 08:55:00.379	2025-09-29 08:55:00.379	f	f	f	\N
74d4bde0-2639-4a8d-a314-8b15f4a00b3e	heliumhealth.sawayn90@yahoo.com	+2349025617573	$2b$10$RhyVr/qGB4ABSJ6hXTo80eZJMrjkcEwEllMcVSSrAsrGLljPbSW.2	AGENCY	2025-09-29 08:55:00.38	ACTIVE	2025-09-29 08:55:00.387	2025-09-29 08:55:00.387	f	f	f	\N
7e881a52-b3fb-47e2-9c3a-df16445b6085	chocolatecitygroup77@hotmail.com	+2349021381167	$2b$10$RhyVr/qGB4ABSJ6hXTo80eZJMrjkcEwEllMcVSSrAsrGLljPbSW.2	AGENCY	2025-09-29 08:55:00.388	ACTIVE	2025-09-29 08:55:00.395	2025-09-29 08:55:00.395	f	f	f	\N
b7e76145-612d-4c45-8c48-48d21a58067a	juliusbergernigeria.moore99@yahoo.com	+2349068694299	$2b$10$RhyVr/qGB4ABSJ6hXTo80eZJMrjkcEwEllMcVSSrAsrGLljPbSW.2	AGENCY	2025-09-29 08:55:00.394	ACTIVE	2025-09-29 08:55:00.401	2025-09-29 08:55:00.401	f	f	f	\N
94811dd0-d41a-4434-97f7-35e27f407c6c	jumiacareers33@yahoo.com	+2349049587013	$2b$10$RhyVr/qGB4ABSJ6hXTo80eZJMrjkcEwEllMcVSSrAsrGLljPbSW.2	AGENCY	2025-09-29 08:55:00.405	ACTIVE	2025-09-29 08:55:00.412	2025-09-29 08:55:00.412	f	f	f	\N
9e409948-53fa-4d48-aba2-72940e28b743	mdoc_schmitt35@yahoo.com	+2349044858528	$2b$10$RhyVr/qGB4ABSJ6hXTo80eZJMrjkcEwEllMcVSSrAsrGLljPbSW.2	AGENCY	2025-09-29 08:55:00.411	ACTIVE	2025-09-29 08:55:00.418	2025-09-29 08:55:00.418	f	f	f	\N
a2591e96-2257-40ab-9915-50d5e1ac83a0	sterlingbankhr_abshire76@hotmail.com	+2349017004982	$2b$10$RhyVr/qGB4ABSJ6hXTo80eZJMrjkcEwEllMcVSSrAsrGLljPbSW.2	AGENCY	2025-09-29 08:55:00.417	ACTIVE	2025-09-29 08:55:00.425	2025-09-29 08:55:00.425	f	f	f	\N
c9874400-2756-448c-802b-f6c416a77070	mavinrecords.towne42@yahoo.com	+2349035848697	$2b$10$RhyVr/qGB4ABSJ6hXTo80eZJMrjkcEwEllMcVSSrAsrGLljPbSW.2	AGENCY	2025-09-29 08:55:00.424	ACTIVE	2025-09-29 08:55:00.431	2025-09-29 08:55:00.431	f	f	f	\N
3530c7f4-650a-4754-bcc0-e0968d226714	mdoc.olson72@gmail.com	+2349022580425	$2b$10$RhyVr/qGB4ABSJ6hXTo80eZJMrjkcEwEllMcVSSrAsrGLljPbSW.2	AGENCY	2025-09-29 08:55:00.43	ACTIVE	2025-09-29 08:55:00.437	2025-09-29 08:55:00.437	f	f	f	\N
ff7c3f0c-fb5b-412a-8084-6aabdc26ab30	heliumhealth36@hotmail.com	+2349052339853	$2b$10$RhyVr/qGB4ABSJ6hXTo80eZJMrjkcEwEllMcVSSrAsrGLljPbSW.2	AGENCY	2025-09-29 08:55:00.438	ACTIVE	2025-09-29 08:55:00.446	2025-09-29 08:55:00.446	f	f	f	\N
ea3c38d7-d5bb-4275-a3e0-28a4075fe407	softcom.marvin61@gmail.com	+2349094557302	$2b$10$RhyVr/qGB4ABSJ6hXTo80eZJMrjkcEwEllMcVSSrAsrGLljPbSW.2	AGENCY	2025-09-29 08:55:00.449	ACTIVE	2025-09-29 08:55:00.457	2025-09-29 08:55:00.457	f	f	f	\N
52293288-aad8-496b-9864-98cc9bb40fef	acecharity.pacocha4@yahoo.com	+2349081905720	$2b$10$RhyVr/qGB4ABSJ6hXTo80eZJMrjkcEwEllMcVSSrAsrGLljPbSW.2	AGENCY	2025-09-29 08:55:00.458	ACTIVE	2025-09-29 08:55:00.465	2025-09-29 08:55:00.465	f	f	f	\N
26c24c90-cd7a-47df-91d0-07ab140c1f5c	nigerianbreweries68@gmail.com	+2349093500081	$2b$10$RhyVr/qGB4ABSJ6hXTo80eZJMrjkcEwEllMcVSSrAsrGLljPbSW.2	AGENCY	2025-09-29 08:55:00.466	ACTIVE	2025-09-29 08:55:00.474	2025-09-29 08:55:00.474	f	f	f	\N
1ec52357-d576-4b4a-a50c-833fa7e908a3	kimberlyryan.moore@hotmail.com	+2349072651912	$2b$10$RhyVr/qGB4ABSJ6hXTo80eZJMrjkcEwEllMcVSSrAsrGLljPbSW.2	AGENCY	2025-09-29 08:55:00.477	ACTIVE	2025-09-29 08:55:00.484	2025-09-29 08:55:00.484	f	f	f	\N
cebd04d7-f2de-4d41-abbd-b4cff0e786d4	softcom.roob@yahoo.com	+2349020242116	$2b$10$RhyVr/qGB4ABSJ6hXTo80eZJMrjkcEwEllMcVSSrAsrGLljPbSW.2	AGENCY	2025-09-29 08:55:00.485	ACTIVE	2025-09-29 08:55:00.493	2025-09-29 08:55:00.493	f	f	f	\N
b6104a41-9644-48e1-a30b-8a9afc20900c	oandoplc_ullrich0@hotmail.com	+2349047530355	$2b$10$RhyVr/qGB4ABSJ6hXTo80eZJMrjkcEwEllMcVSSrAsrGLljPbSW.2	AGENCY	2025-09-29 08:55:00.496	ACTIVE	2025-09-29 08:55:00.503	2025-09-29 08:55:00.503	f	f	f	\N
bd6bc51d-4298-4359-a40f-2932deb64a61	zikokocareers_kunze@hotmail.com	+2349040050134	$2b$10$RhyVr/qGB4ABSJ6hXTo80eZJMrjkcEwEllMcVSSrAsrGLljPbSW.2	AGENCY	2025-09-29 08:55:00.504	ACTIVE	2025-09-29 08:55:00.512	2025-09-29 08:55:00.512	f	f	f	\N
a7fc4d94-3a0a-4789-b7be-d9f047aa66c6	workforcegroup14@hotmail.com	+2349083093448	$2b$10$RhyVr/qGB4ABSJ6hXTo80eZJMrjkcEwEllMcVSSrAsrGLljPbSW.2	AGENCY	2025-09-29 08:55:00.511	ACTIVE	2025-09-29 08:55:00.518	2025-09-29 08:55:00.518	f	f	f	\N
0b9c33f0-7c11-436e-a620-3c1bfd1be7e0	decagon.mckenzie@yahoo.com	+2349068967950	$2b$10$RhyVr/qGB4ABSJ6hXTo80eZJMrjkcEwEllMcVSSrAsrGLljPbSW.2	AGENCY	2025-09-29 08:55:00.519	ACTIVE	2025-09-29 08:55:00.526	2025-09-29 08:55:00.526	f	f	f	\N
4c4d35c3-7f65-435d-81da-5196ae3b75b8	deloittenigeria.boyle@yahoo.com	+2349005646365	$2b$10$RhyVr/qGB4ABSJ6hXTo80eZJMrjkcEwEllMcVSSrAsrGLljPbSW.2	AGENCY	2025-09-29 08:55:00.527	ACTIVE	2025-09-29 08:55:00.535	2025-09-29 08:55:00.535	f	f	f	\N
aeda88c0-a50e-416d-a165-e5a850096b20	gtbankcareers.larson59@yahoo.com	+2349045131708	$2b$10$RhyVr/qGB4ABSJ6hXTo80eZJMrjkcEwEllMcVSSrAsrGLljPbSW.2	AGENCY	2025-09-29 08:55:00.536	ACTIVE	2025-09-29 08:55:00.543	2025-09-29 08:55:00.543	f	f	f	\N
a48f5b1a-6691-43a0-905d-193d79a9a7d1	totalenergiesnigeria_wiza@gmail.com	+2349006986781	$2b$10$RhyVr/qGB4ABSJ6hXTo80eZJMrjkcEwEllMcVSSrAsrGLljPbSW.2	AGENCY	2025-09-29 08:55:00.557	ACTIVE	2025-09-29 08:55:00.564	2025-09-29 08:55:00.564	f	f	f	\N
9c599cad-f68f-411f-bb85-cb0e26eb1aec	talentql_reinger69@hotmail.com	+2349024264077	$2b$10$RhyVr/qGB4ABSJ6hXTo80eZJMrjkcEwEllMcVSSrAsrGLljPbSW.2	AGENCY	2025-09-29 08:55:00.565	ACTIVE	2025-09-29 08:55:00.572	2025-09-29 08:55:00.572	f	f	f	\N
c3749af0-3b0a-4332-a663-4788a4ab3432	mavinrecords_effertz8@yahoo.com	+2349088303876	$2b$10$RhyVr/qGB4ABSJ6hXTo80eZJMrjkcEwEllMcVSSrAsrGLljPbSW.2	AGENCY	2025-09-29 08:55:00.572	ACTIVE	2025-09-29 08:55:00.579	2025-09-29 08:55:00.579	f	f	f	\N
8221aa1d-6b5a-47f1-8912-47ed599916de	deloittenigeria31@yahoo.com	+2349050909045	$2b$10$RhyVr/qGB4ABSJ6hXTo80eZJMrjkcEwEllMcVSSrAsrGLljPbSW.2	AGENCY	2025-09-29 08:55:00.578	ACTIVE	2025-09-29 08:55:00.585	2025-09-29 08:55:00.585	f	f	f	\N
6da24137-3da4-4b01-970a-2edbe0e161c8	gokada_hahn57@yahoo.com	+2349039550358	$2b$10$RhyVr/qGB4ABSJ6hXTo80eZJMrjkcEwEllMcVSSrAsrGLljPbSW.2	AGENCY	2025-09-29 08:55:00.59	ACTIVE	2025-09-29 08:55:00.597	2025-09-29 08:55:00.597	f	f	f	\N
c29a2a4b-311e-40a3-aa48-6dfaa04ba000	redstarexpress_senger48@gmail.com	+2349020406964	$2b$10$RhyVr/qGB4ABSJ6hXTo80eZJMrjkcEwEllMcVSSrAsrGLljPbSW.2	AGENCY	2025-09-29 08:55:00.602	ACTIVE	2025-09-29 08:55:00.609	2025-09-29 08:55:00.609	f	f	f	\N
88c80450-bd4a-4f00-a17f-6b65a00d029a	lindaikejiblog.grady@gmail.com	+2349045391517	$2b$10$RhyVr/qGB4ABSJ6hXTo80eZJMrjkcEwEllMcVSSrAsrGLljPbSW.2	AGENCY	2025-09-29 08:55:00.608	ACTIVE	2025-09-29 08:55:00.615	2025-09-29 08:55:00.615	f	f	f	\N
957eec21-1a6c-4373-8f50-767b5d036d76	totalhealthtrust.reichel@yahoo.com	+2349031771974	$2b$10$RhyVr/qGB4ABSJ6hXTo80eZJMrjkcEwEllMcVSSrAsrGLljPbSW.2	AGENCY	2025-09-29 08:55:00.617	ACTIVE	2025-09-29 08:55:00.624	2025-09-29 08:55:00.624	f	f	f	\N
24561236-b941-4ff8-ad41-b9b71adcafdd	support@ppalink.com	\N	$argon2id$v=19$m=65536,t=3,p=4$aM2FsjKjTTJVChoYLzgOzQ$G86fbtF4p1HaYJJ9+xDMdzDEAmYM/RtREVVZFd9TyaM	SUPER_ADMIN	2025-09-23 01:46:58.475	ACTIVE	2025-09-23 09:32:44.74	2025-10-04 04:18:12.87	f	t	t	MENEG6R6INYCGUAP
665658bf-02c4-4889-b044-58dabcfec590	flyingdoctorsnigeria_rath@hotmail.com	+2349055792563	$2b$10$RhyVr/qGB4ABSJ6hXTo80eZJMrjkcEwEllMcVSSrAsrGLljPbSW.2	AGENCY	2025-09-29 08:55:00.625	ACTIVE	2025-09-29 08:55:00.632	2025-09-29 08:55:00.632	f	f	f	\N
d2430214-64e0-47a5-bc8c-d17b264d34b3	kpmgnigeria.nienow-ward96@gmail.com	+2349042721392	$2b$10$RhyVr/qGB4ABSJ6hXTo80eZJMrjkcEwEllMcVSSrAsrGLljPbSW.2	AGENCY	2025-09-29 08:55:00.633	ACTIVE	2025-09-29 08:55:00.641	2025-09-29 08:55:00.641	f	f	f	\N
4f534778-d938-420f-8f23-1eea16dbbae5	dangotegroup.kshlerin65@hotmail.com	+2349001549404	$2b$10$RhyVr/qGB4ABSJ6hXTo80eZJMrjkcEwEllMcVSSrAsrGLljPbSW.2	AGENCY	2025-09-29 08:55:00.644	ACTIVE	2025-09-29 08:55:00.651	2025-09-29 08:55:00.651	f	f	f	\N
abf812bb-b7f7-4606-8d45-9a3742292bbb	upsnigeria.durgan33@hotmail.com	+2349082029944	$2b$10$RhyVr/qGB4ABSJ6hXTo80eZJMrjkcEwEllMcVSSrAsrGLljPbSW.2	AGENCY	2025-09-29 08:55:00.655	ACTIVE	2025-09-29 08:55:00.662	2025-09-29 08:55:00.662	f	f	f	\N
52cad2fe-08a1-4a65-a06e-e32d2e680af8	dragnetsolutions68@gmail.com	+2349099783742	$2b$10$RhyVr/qGB4ABSJ6hXTo80eZJMrjkcEwEllMcVSSrAsrGLljPbSW.2	AGENCY	2025-09-29 08:55:00.663	ACTIVE	2025-09-29 08:55:00.67	2025-09-29 08:55:00.67	f	f	f	\N
3974e36c-7ccb-449f-800c-6199b5f8778f	guinnessnigeria.crist@hotmail.com	+2349049833071	$2b$10$RhyVr/qGB4ABSJ6hXTo80eZJMrjkcEwEllMcVSSrAsrGLljPbSW.2	AGENCY	2025-09-29 08:55:00.674	ACTIVE	2025-09-29 08:55:00.681	2025-09-29 08:55:00.681	f	f	f	\N
10e05252-0aad-4088-89a3-225c5ec5ad9b	shellnigeria_ruecker24@yahoo.com	+2349095571994	$2b$10$RhyVr/qGB4ABSJ6hXTo80eZJMrjkcEwEllMcVSSrAsrGLljPbSW.2	AGENCY	2025-09-29 08:55:00.683	ACTIVE	2025-09-29 08:55:00.69	2025-09-29 08:55:00.69	f	f	f	\N
5739421f-3d7c-4af9-b05c-b165801525f4	workforcegroup_oconner@yahoo.com	+2349079150742	$2b$10$RhyVr/qGB4ABSJ6hXTo80eZJMrjkcEwEllMcVSSrAsrGLljPbSW.2	AGENCY	2025-09-29 08:55:00.693	ACTIVE	2025-09-29 08:55:00.701	2025-09-29 08:55:00.701	f	f	f	\N
\.


--
-- Data for Name: ActivityLog; Type: TABLE DATA; Schema: public; Owner: -
--

COPY public."ActivityLog" (id, "userId", action, details, "createdAt") FROM stdin;
46c56492-381c-491e-86b5-9eb803216a3a	097944c2-3582-4220-ade4-4a93ab404375	user.login	\N	2025-09-23 09:02:27.698
95c25c56-d664-4371-b72b-eb6f63dd0b45	097944c2-3582-4220-ade4-4a93ab404375	job.update	{"jobId": "d45805c9-c04f-4f5a-8beb-5cc970888e66", "changes": ["title", "description", "employmentType", "isRemote", "stateId", "lgaId", "minSalary", "maxSalary", "skills", "visibility", "status"], "jobTitle": "Frontend React Developers"}	2025-09-23 09:02:54.664
9dee3bea-813c-432b-b6b1-5550597786b8	097944c2-3582-4220-ade4-4a93ab404375	job.update	{"jobId": "d45805c9-c04f-4f5a-8beb-5cc970888e66", "changes": ["title", "description", "employmentType", "isRemote", "stateId", "lgaId", "minSalary", "maxSalary", "skills", "visibility", "status"], "jobTitle": "Frontend React Developer"}	2025-09-23 09:03:24.963
ddc2f3f1-ba2e-4dce-860e-ea1bbf3a91bb	5900ca1a-625c-4a14-8331-ee286900ad73	user.login	\N	2025-09-23 09:55:07.823
eb8dd2c2-9ea1-4a66-8325-925adb03f3cc	fcd910ed-f411-4524-bdb1-23de83a9e4d1	user.login	\N	2025-09-23 09:55:48.382
64fa8c66-ee11-40b8-8a02-289d4372fc39	24561236-b941-4ff8-ad41-b9b71adcafdd	user.login	\N	2025-09-23 10:09:02.738
9879db03-b8fd-4456-917c-f1a38cb84307	5900ca1a-625c-4a14-8331-ee286900ad73	user.login	\N	2025-09-23 10:10:02.395
e3e3273c-ea86-4968-a30b-9b92a21829ee	24561236-b941-4ff8-ad41-b9b71adcafdd	user.login	\N	2025-09-23 10:11:22.341
e9062d8a-1217-4673-87a8-92ee0e709f75	5900ca1a-625c-4a14-8331-ee286900ad73	user.login	\N	2025-09-23 10:20:24.056
8847bf2f-4812-4520-ae8b-c22c6ace28d6	24561236-b941-4ff8-ad41-b9b71adcafdd	user.login	\N	2025-09-23 10:21:01.544
a4e2a6a2-003c-4140-bd99-588674b458b3	5900ca1a-625c-4a14-8331-ee286900ad73	user.login	\N	2025-09-23 10:26:56.899
bbb820bc-9a48-40c1-bcdb-88143266058f	24561236-b941-4ff8-ad41-b9b71adcafdd	user.login	\N	2025-09-23 10:27:28.444
4a878a58-250f-4aff-b2ae-214bf252782f	5900ca1a-625c-4a14-8331-ee286900ad73	user.login	\N	2025-09-23 10:35:53.636
2e88c179-b66b-4185-9d55-d5fe99aadab5	24561236-b941-4ff8-ad41-b9b71adcafdd	user.login	\N	2025-09-23 10:36:17.472
fb50044c-b141-4b8e-96ab-ee153bd9129e	5900ca1a-625c-4a14-8331-ee286900ad73	user.login	\N	2025-09-23 10:36:54.232
9237a170-b8bc-485b-9612-9f61bc695a28	24561236-b941-4ff8-ad41-b9b71adcafdd	user.login	\N	2025-09-23 10:38:42.837
dc089f61-a6dd-4fc3-8228-0b8ccfe81b2e	5900ca1a-625c-4a14-8331-ee286900ad73	user.login	\N	2025-09-23 10:40:11.006
fee7d697-b6f7-40ed-bd03-146dafdb7e3a	5900ca1a-625c-4a14-8331-ee286900ad73	user.login	\N	2025-09-23 10:47:23.473
ae108278-627e-46a8-a997-2e57ca38b5b1	24561236-b941-4ff8-ad41-b9b71adcafdd	user.login	\N	2025-09-23 10:47:38.854
26a73d6b-c48d-4b4e-8f5c-36e29d4e20a2	5900ca1a-625c-4a14-8331-ee286900ad73	user.login	\N	2025-09-23 10:48:00.46
9442a3d0-98b2-43e2-b175-733b076e6e7e	24561236-b941-4ff8-ad41-b9b71adcafdd	user.login	\N	2025-09-23 10:54:06.401
375bc1bf-da09-4cf5-aed5-72b2f0c2fc71	5900ca1a-625c-4a14-8331-ee286900ad73	user.login	\N	2025-09-23 10:54:42.626
ed37862d-ebbb-4bfd-91d7-271ce61b82ee	24561236-b941-4ff8-ad41-b9b71adcafdd	user.login	\N	2025-09-23 10:58:04.053
81c72457-2988-4fc5-be13-332d04816052	5900ca1a-625c-4a14-8331-ee286900ad73	user.login	\N	2025-09-23 10:58:36.658
3a130b7d-1028-4c7b-8780-9823a18990a0	24561236-b941-4ff8-ad41-b9b71adcafdd	user.login	\N	2025-09-23 11:01:04.11
34f8f835-081b-4d64-ad76-03264da80be1	24561236-b941-4ff8-ad41-b9b71adcafdd	admin.user_impersonate	{"targetUserId": "5900ca1a-625c-4a14-8331-ee286900ad73", "targetUserEmail": "tedunjaiyem@gmail.com"}	2025-09-23 11:41:40.531
094be065-3e7d-4ce5-b580-5fc3a8e2d376	24561236-b941-4ff8-ad41-b9b71adcafdd	user.login	\N	2025-09-23 11:42:25.282
5ce90f28-c111-4ad3-89e4-ad3af05b5781	24561236-b941-4ff8-ad41-b9b71adcafdd	admin.user_impersonate	{"targetUserId": "097944c2-3582-4220-ade4-4a93ab404375", "targetUserEmail": "adinkems@gmail.com"}	2025-09-23 11:43:09.914
b71f9ec4-da64-45e4-b6c5-2bf925bdad81	24561236-b941-4ff8-ad41-b9b71adcafdd	user.login	\N	2025-09-23 11:43:31.902
958834c0-d695-4f83-bd19-b1a22df5f078	24561236-b941-4ff8-ad41-b9b71adcafdd	user.login	\N	2025-09-23 12:02:03.549
b4064362-fabc-47ac-83f2-096a8761d37f	24561236-b941-4ff8-ad41-b9b71adcafdd	admin.user_impersonate	{"targetUserId": "097944c2-3582-4220-ade4-4a93ab404375", "targetUserEmail": "adinkems@gmail.com"}	2025-09-23 12:02:20.339
3f047c68-925f-4ac9-b509-ba7703053282	24561236-b941-4ff8-ad41-b9b71adcafdd	admin.user_impersonate	{"targetUserId": "097944c2-3582-4220-ade4-4a93ab404375", "targetUserEmail": "adinkems@gmail.com"}	2025-09-23 12:05:19.276
129fe815-58a1-4397-9025-bcdd53d9f55e	24561236-b941-4ff8-ad41-b9b71adcafdd	user.login	\N	2025-09-23 12:05:45.04
d903cb9d-1271-4752-a3d0-a21a10b2f9a5	24561236-b941-4ff8-ad41-b9b71adcafdd	admin.user_impersonate	{"targetUserId": "097944c2-3582-4220-ade4-4a93ab404375", "targetUserEmail": "adinkems@gmail.com"}	2025-09-23 12:07:09.521
c4287613-99c9-49fc-ab75-b1b87e22f5ba	097944c2-3582-4220-ade4-4a93ab404375	user.login	\N	2025-09-24 01:09:54.559
190e4370-67e8-45f5-b59d-d00c9dd356b7	24561236-b941-4ff8-ad41-b9b71adcafdd	user.login	\N	2025-09-24 01:10:08.417
6ae61531-acf1-4f6c-89fc-0856297ef412	097944c2-3582-4220-ade4-4a93ab404375	user.login	\N	2025-09-24 01:13:44.533
b70e38e9-6d1d-4672-a6d3-3d7c40125f99	24561236-b941-4ff8-ad41-b9b71adcafdd	user.login	\N	2025-09-24 01:17:50.115
0fb5857e-3eb2-4ca8-8a7c-d84868df5316	097944c2-3582-4220-ade4-4a93ab404375	user.login	\N	2025-09-24 01:51:49.629
5faae161-2da6-4630-a381-59939e5f9522	24561236-b941-4ff8-ad41-b9b71adcafdd	user.login	\N	2025-09-24 01:52:31.305
daed7c74-4780-4a67-9b0c-78d94144bee9	24561236-b941-4ff8-ad41-b9b71adcafdd	user.login	\N	2025-09-24 02:32:23.809
7bb5c341-bd2d-4b12-a049-e4c44d79a408	097944c2-3582-4220-ade4-4a93ab404375	user.login	\N	2025-09-24 03:11:27.096
b879393d-dc99-4431-bd79-5ab915ba27b2	fcd910ed-f411-4524-bdb1-23de83a9e4d1	user.login	\N	2025-09-24 03:11:59.111
4883d43b-9bd6-4f54-a651-e57b49db1788	5900ca1a-625c-4a14-8331-ee286900ad73	user.login	\N	2025-09-24 03:12:16.308
67b6bcc7-b061-4c9a-b0d8-d4671f810bc6	097944c2-3582-4220-ade4-4a93ab404375	user.login	\N	2025-09-24 03:16:49.874
4a8b8856-bc9d-4df2-a7c1-018a251dde92	24561236-b941-4ff8-ad41-b9b71adcafdd	user.login	\N	2025-09-24 03:31:54.206
f0362af9-4fed-4a76-b9f6-79cb8bf33c7b	097944c2-3582-4220-ade4-4a93ab404375	user.login	\N	2025-09-24 03:32:58.154
d6a327a6-3305-4efe-8c4a-d36a3f0e8fb4	097944c2-3582-4220-ade4-4a93ab404375	user.login	\N	2025-09-24 03:35:50.652
512b375f-17ef-4f09-a045-4babce376521	24561236-b941-4ff8-ad41-b9b71adcafdd	user.login	\N	2025-09-24 03:36:05.122
7adc0378-ad26-4e18-8fae-622e89ec6215	24561236-b941-4ff8-ad41-b9b71adcafdd	user.login	\N	2025-09-24 11:06:03.67
feddc443-3a35-4f0f-b651-2ff881b2375b	097944c2-3582-4220-ade4-4a93ab404375	user.login	\N	2025-09-24 11:06:24.199
973b61ef-633b-4f0a-bf57-ec8303cdbde9	24561236-b941-4ff8-ad41-b9b71adcafdd	user.login	\N	2025-09-24 11:09:34.205
381d8811-2c89-4414-b713-4e26aa90e022	5900ca1a-625c-4a14-8331-ee286900ad73	user.login	\N	2025-09-24 11:25:56.855
76d20cf6-0ff2-4d8e-bd4d-f41c81666751	24561236-b941-4ff8-ad41-b9b71adcafdd	user.login	\N	2025-09-24 11:27:14.46
08c3d43d-1627-4298-aa18-aaada739582a	097944c2-3582-4220-ade4-4a93ab404375	user.login	\N	2025-09-24 11:48:53.132
0430867d-f862-476c-9a9c-a5f5fe42dfad	24561236-b941-4ff8-ad41-b9b71adcafdd	user.login	\N	2025-09-24 11:49:28.069
b780c855-21b0-4e44-8921-58102dfe059e	097944c2-3582-4220-ade4-4a93ab404375	user.login	\N	2025-09-24 11:49:56.97
d62e4d73-d969-4962-b218-5f1bc24595b2	24561236-b941-4ff8-ad41-b9b71adcafdd	user.login	\N	2025-09-24 11:50:18.24
41eb6d7d-1651-4946-b776-d0421153224d	c1cfe44e-a176-474b-bf35-48398dca09c9	user.login	\N	2025-09-24 11:51:03.738
bd78e6c1-2189-4a60-8e71-9e12f76bb23a	c1cfe44e-a176-474b-bf35-48398dca09c9	job.create	{"jobId": "c5807914-9af4-41c2-8f54-8147169ad837", "jobTitle": "sghngsd"}	2025-09-24 11:57:17.884
84b457b1-2a75-4a42-9d5a-12ad0fd2d0cc	c1cfe44e-a176-474b-bf35-48398dca09c9	job.delete	{"jobId": "c5807914-9af4-41c2-8f54-8147169ad837", "jobTitle": "sghngsd"}	2025-09-24 11:57:28.458
6bc9fc6b-3f4b-448d-9eac-9538f4b5e97e	24561236-b941-4ff8-ad41-b9b71adcafdd	user.login	\N	2025-09-24 11:57:43.833
7db420eb-2e10-44b2-92a8-bffb9a5ddaaa	097944c2-3582-4220-ade4-4a93ab404375	user.login	\N	2025-09-24 12:01:04.272
81502f5f-6cfa-49a2-b94b-268dd05170a1	c1cfe44e-a176-474b-bf35-48398dca09c9	user.login	\N	2025-09-24 12:01:20.166
e704655c-9aa9-44a6-9f8a-ba0a0ab98dba	24561236-b941-4ff8-ad41-b9b71adcafdd	user.login	\N	2025-09-24 12:09:17.343
cefbda8c-5b16-4f14-85ae-752ce70f9bc7	c1cfe44e-a176-474b-bf35-48398dca09c9	user.login	\N	2025-09-24 12:09:31.453
0b5a6ef4-a092-4a8c-a68b-a61d3ad97ef0	24561236-b941-4ff8-ad41-b9b71adcafdd	user.login	\N	2025-09-24 12:10:16.877
ee998779-6d7a-4558-be24-3e38ad0957c2	c1cfe44e-a176-474b-bf35-48398dca09c9	user.login	\N	2025-09-24 12:10:39.224
db621be7-bcac-4daa-b471-6ea9a195a991	24561236-b941-4ff8-ad41-b9b71adcafdd	user.login	\N	2025-09-24 12:19:39.646
17d36eae-cc32-41f5-9914-a594f3ca63c6	c1cfe44e-a176-474b-bf35-48398dca09c9	user.login	\N	2025-09-24 12:19:53.982
b801c9d5-d39b-4865-9834-21e2d69f8997	24561236-b941-4ff8-ad41-b9b71adcafdd	user.login	\N	2025-09-24 12:20:12.105
b987294a-f215-4c32-83de-7a14d308f76d	c1cfe44e-a176-474b-bf35-48398dca09c9	user.login	\N	2025-09-24 12:21:55.58
aab8d324-2662-41de-ab7a-dbf49e24acfa	24561236-b941-4ff8-ad41-b9b71adcafdd	user.login	\N	2025-09-24 12:32:15.948
25357321-b731-4c89-a759-9bd863245e63	24561236-b941-4ff8-ad41-b9b71adcafdd	user.login	\N	2025-09-24 12:32:31.383
a6c93331-82c8-432b-915d-dd4347cb5594	5900ca1a-625c-4a14-8331-ee286900ad73	user.login	\N	2025-09-24 12:32:44.09
d35df04a-069c-4920-9ee1-2809c69c9942	c1cfe44e-a176-474b-bf35-48398dca09c9	user.login	\N	2025-09-24 12:32:53.527
04899ea6-ce51-4a3c-a932-6058b17112fb	24561236-b941-4ff8-ad41-b9b71adcafdd	user.login	\N	2025-09-24 12:33:14.145
e5982910-a330-4a75-86ee-db7943f03ced	c1cfe44e-a176-474b-bf35-48398dca09c9	user.login	\N	2025-09-24 12:33:35.262
1cc19036-5148-4c92-9091-82c3bce4abc5	24561236-b941-4ff8-ad41-b9b71adcafdd	user.login	\N	2025-09-24 13:15:23.852
b2a097a5-3d20-403c-a4a0-3c3d4bcef035	5900ca1a-625c-4a14-8331-ee286900ad73	user.login	\N	2025-09-24 14:26:07.817
b3089d7c-294b-4eb0-af27-0144b9079a64	24561236-b941-4ff8-ad41-b9b71adcafdd	user.login	\N	2025-09-24 14:26:36.092
6e8d070c-357a-4992-907f-73e73dfb7c95	5900ca1a-625c-4a14-8331-ee286900ad73	user.login	\N	2025-09-24 14:27:25.214
79d31b48-d62a-4785-8be2-513fdd6ce592	24561236-b941-4ff8-ad41-b9b71adcafdd	user.login	\N	2025-09-24 14:28:54.94
c8241859-44ea-4f12-b1a5-ce4753e90d61	5900ca1a-625c-4a14-8331-ee286900ad73	user.login	\N	2025-09-24 14:31:51.893
1bd62192-490d-4127-9014-a943aca619bf	24561236-b941-4ff8-ad41-b9b71adcafdd	user.login	\N	2025-09-24 15:16:18.958
61974d07-3f5e-458d-9f42-b249f326a819	097944c2-3582-4220-ade4-4a93ab404375	user.login	\N	2025-09-24 16:04:02.952
817888fb-035f-4391-a6d4-1e18f451bcf5	24561236-b941-4ff8-ad41-b9b71adcafdd	user.login	\N	2025-09-24 16:04:46.816
d7ac4a35-1090-46bd-ae1d-0f1810703ef2	24561236-b941-4ff8-ad41-b9b71adcafdd	admin.user_impersonate	{"targetUserId": "097944c2-3582-4220-ade4-4a93ab404375", "targetUserEmail": "adinkems@gmail.com"}	2025-09-24 21:44:17.096
78b775b4-735a-407a-9ee9-d03a703000fa	24561236-b941-4ff8-ad41-b9b71adcafdd	user.login	\N	2025-09-24 23:51:52.926
c52579ed-d2d2-4218-aaea-f7461bcd9fba	24561236-b941-4ff8-ad41-b9b71adcafdd	user.login	\N	2025-09-25 00:00:29.37
1eb02fae-1628-42d5-a5c1-84c8b6c2a97e	24561236-b941-4ff8-ad41-b9b71adcafdd	user.login	\N	2025-09-25 00:01:56.127
5b0c4b4a-e3d1-4bf9-b6f9-3084219a1836	24561236-b941-4ff8-ad41-b9b71adcafdd	user.login	\N	2025-09-25 00:02:29.204
b2777137-8b6f-4979-baf5-967d3fad46b5	24561236-b941-4ff8-ad41-b9b71adcafdd	user.login	\N	2025-09-25 00:07:13.904
787b7cd3-f8b8-4b8c-8ac1-b29ff09af600	097944c2-3582-4220-ade4-4a93ab404375	user.login	\N	2025-09-25 00:33:01.897
b6ea22e0-1064-47de-8003-84239d568360	24561236-b941-4ff8-ad41-b9b71adcafdd	user.login	\N	2025-09-25 00:36:35.921
3b483b8b-f888-4595-aac0-0693b97147c5	097944c2-3582-4220-ade4-4a93ab404375	user.login	\N	2025-09-25 09:56:07.139
287edf95-15d7-4374-be66-4a00e71712c9	24561236-b941-4ff8-ad41-b9b71adcafdd	user.login	\N	2025-09-25 10:11:32.675
4da80c7e-68d5-48fb-84f6-47b25eac0715	24561236-b941-4ff8-ad41-b9b71adcafdd	user.login	\N	2025-09-25 11:47:52.358
6aeec596-e0a7-460e-ad0b-40dc80185889	24561236-b941-4ff8-ad41-b9b71adcafdd	user.login	\N	2025-09-25 11:48:27.704
f5aed4f8-6902-4abd-95d5-b0785cd8dc0f	24561236-b941-4ff8-ad41-b9b71adcafdd	user.login	\N	2025-09-25 11:59:00.165
683269d4-535d-4df2-83da-6110dfcd48d7	24561236-b941-4ff8-ad41-b9b71adcafdd	user.login	\N	2025-09-25 12:30:33.932
75233889-e700-4ee5-8614-d6e911878252	459295d9-9960-4a22-a8a3-8ad12c585f96	user.login	\N	2025-09-25 12:36:14.603
f4aaf092-05d6-4acb-9c54-cf35886ca64e	459295d9-9960-4a22-a8a3-8ad12c585f96	user.login	\N	2025-09-25 12:38:01.664
9303c7e6-8b03-4b4b-bb89-ee7e41fed6bc	459295d9-9960-4a22-a8a3-8ad12c585f96	user.login	\N	2025-09-25 12:38:41.513
653dc1e5-2bd5-40aa-8541-e967e9cadfb5	24561236-b941-4ff8-ad41-b9b71adcafdd	user.login	\N	2025-09-25 12:38:56.85
526c095d-b048-4dcd-ba7a-b05e8be97605	459295d9-9960-4a22-a8a3-8ad12c585f96	user.login	\N	2025-09-25 12:58:17.043
833db57b-aab1-4753-a03c-7ca9b0c7e8c9	459295d9-9960-4a22-a8a3-8ad12c585f96	user.login	\N	2025-09-25 12:58:25.806
6734892f-d625-46f6-8bba-bbee876fef55	24561236-b941-4ff8-ad41-b9b71adcafdd	user.login	\N	2025-09-25 12:58:33.246
256568b1-3ffa-4f8c-8a84-555ef37ee0f2	24561236-b941-4ff8-ad41-b9b71adcafdd	user.login	\N	2025-09-25 13:18:06.472
73b744d1-92d6-4559-a1ea-7d0d8c868100	097944c2-3582-4220-ade4-4a93ab404375	user.login	\N	2025-09-25 13:18:24.586
3bc69e82-e5a6-44ff-b49a-9bf81dcb8b7c	097944c2-3582-4220-ade4-4a93ab404375	user.login	\N	2025-09-26 00:25:43.731
2eaeba98-117e-4216-a216-794097d26227	24561236-b941-4ff8-ad41-b9b71adcafdd	user.login	\N	2025-09-26 00:25:54.432
ded096b9-508e-49ed-b6de-09e0f1fa1c21	24561236-b941-4ff8-ad41-b9b71adcafdd	user.login	\N	2025-09-26 00:36:39.114
8e5182e1-a5a7-40a1-ba97-180234601d1a	097944c2-3582-4220-ade4-4a93ab404375	user.login	\N	2025-09-26 08:17:09.139
059d3cbf-f6f0-49df-88ab-e8329dd85d01	097944c2-3582-4220-ade4-4a93ab404375	user.login	\N	2025-09-26 08:17:45.897
20021606-ab16-4826-8a65-a76bb816edcf	24561236-b941-4ff8-ad41-b9b71adcafdd	user.login	\N	2025-09-26 09:00:49.525
1e4c22be-a224-48fe-8958-0878d25f1b74	24561236-b941-4ff8-ad41-b9b71adcafdd	user.login	\N	2025-09-26 09:49:14.945
61ae064f-dcf3-428b-8665-d6856f2ccb07	5900ca1a-625c-4a14-8331-ee286900ad73	user.login	\N	2025-09-26 09:49:32.736
e7d9a967-724a-492e-81d5-9f5537d2aa61	24561236-b941-4ff8-ad41-b9b71adcafdd	user.login	\N	2025-09-26 09:49:55.51
9145e08c-6dec-467d-af7a-4c290a0d8393	24561236-b941-4ff8-ad41-b9b71adcafdd	user.login	\N	2025-09-26 10:07:07.499
d58ade30-50d6-4d51-b7bb-dc40bc8c8f9e	24561236-b941-4ff8-ad41-b9b71adcafdd	user.login	\N	2025-09-26 10:30:18.042
b4b911a4-4542-4e62-94bd-87657c3798c1	24561236-b941-4ff8-ad41-b9b71adcafdd	user.login	\N	2025-09-26 11:00:03.135
31ab4e7c-6ecb-4d84-9ee5-c227bc17de12	097944c2-3582-4220-ade4-4a93ab404375	user.login	\N	2025-09-26 12:03:18.868
5bbd51cb-943c-433e-a9dc-d37b9441598d	24561236-b941-4ff8-ad41-b9b71adcafdd	user.login	\N	2025-09-26 12:48:47.968
cbbd9baf-d8e3-4b19-b721-5c1ce7f34841	097944c2-3582-4220-ade4-4a93ab404375	user.login	\N	2025-09-26 12:52:08.956
44ec809a-0036-46ff-a779-eee246179e12	097944c2-3582-4220-ade4-4a93ab404375	user.login	\N	2025-09-26 13:07:59.993
801cc869-f415-4134-8e2f-193c23e6906d	097944c2-3582-4220-ade4-4a93ab404375	user.login	\N	2025-09-26 13:18:34.57
7d0fcfbc-d5ff-4a7b-a1bf-4cb4b80f058f	24561236-b941-4ff8-ad41-b9b71adcafdd	user.login	\N	2025-09-26 13:20:33.961
dadd38a8-ae4b-4147-85b8-0f4d851438c9	097944c2-3582-4220-ade4-4a93ab404375	user.login	\N	2025-09-26 13:21:33.854
49a099e6-a641-4ce8-9718-70b3f3f7d4db	097944c2-3582-4220-ade4-4a93ab404375	application.pipeline_move	{"toStatus": "REVIEWING", "fromStatus": "APPLIED", "positionId": "d45805c9-c04f-4f5a-8beb-5cc970888e66", "candidateId": "243d4130-0256-4a3e-89f5-c99888237c0f", "applicationId": "e20ead25-4eef-4800-94cd-bd139aa8d1ff"}	2025-09-26 13:23:46.459
31000c5a-691a-4bbb-a8e7-eb9fc1b3593c	097944c2-3582-4220-ade4-4a93ab404375	application.pipeline_move	{"toStatus": "APPLIED", "fromStatus": "REVIEWING", "positionId": "d45805c9-c04f-4f5a-8beb-5cc970888e66", "candidateId": "243d4130-0256-4a3e-89f5-c99888237c0f", "applicationId": "e20ead25-4eef-4800-94cd-bd139aa8d1ff"}	2025-09-26 13:23:57.095
acae5133-976f-4909-9e54-85a9c388c73a	24561236-b941-4ff8-ad41-b9b71adcafdd	user.login	\N	2025-09-26 13:29:13.916
aa564edf-9463-4ba1-9c90-db95aa6fa861	24561236-b941-4ff8-ad41-b9b71adcafdd	user.login	\N	2025-09-26 13:30:12.458
c263c04f-64e2-43c6-bfbb-236701c15c6a	097944c2-3582-4220-ade4-4a93ab404375	user.login	\N	2025-09-26 13:48:00.534
846257df-064e-4f1f-92df-0d0d613e85a8	097944c2-3582-4220-ade4-4a93ab404375	user.login	\N	2025-09-26 13:48:26.752
2b7f15b3-0c03-4d2d-8cae-c88e992e76f2	097944c2-3582-4220-ade4-4a93ab404375	user.login	\N	2025-09-26 14:29:39.661
b74d102e-5017-4313-8235-1ad3545d00b0	5900ca1a-625c-4a14-8331-ee286900ad73	user.login	\N	2025-09-26 17:06:09.888
4a530edf-2503-4218-8292-f85d2dad4dc7	097944c2-3582-4220-ade4-4a93ab404375	user.login	\N	2025-09-26 17:20:47.915
6906d671-e6ed-40f8-ac5e-0d38bf7cdd57	097944c2-3582-4220-ade4-4a93ab404375	application.pipeline_move	{"toStatus": "INTERVIEW", "fromStatus": "APPLIED", "positionId": "d45805c9-c04f-4f5a-8beb-5cc970888e66", "candidateId": "243d4130-0256-4a3e-89f5-c99888237c0f", "applicationId": "e20ead25-4eef-4800-94cd-bd139aa8d1ff"}	2025-09-26 17:21:00.406
1b258233-0859-457a-832c-c214ffc0d64b	5900ca1a-625c-4a14-8331-ee286900ad73	user.login	\N	2025-09-26 17:21:10.002
8734376e-9143-436d-99ae-f6c62cfd3daa	b03bd9b9-eaa1-4181-912d-8bda864e1f08	user.register	{"role": "CANDIDATE"}	2025-09-26 23:15:33.27
8e729a83-0104-4baf-a5f3-b820399ef9e4	b03bd9b9-eaa1-4181-912d-8bda864e1f08	user.login	\N	2025-09-26 23:15:39.692
cba62367-09d8-41dd-b4fa-d39d46ac4581	b03bd9b9-eaa1-4181-912d-8bda864e1f08	user.login	\N	2025-09-26 23:26:55.088
b412ceca-e57e-4c1a-9cda-14abcdae057f	b03bd9b9-eaa1-4181-912d-8bda864e1f08	user.login	\N	2025-09-26 23:29:21.641
a7640f72-4bc1-411c-88ac-77cd5b03391d	b03bd9b9-eaa1-4181-912d-8bda864e1f08	profile.skills.update	{"skillsAdded": 3}	2025-09-26 23:47:11.178
abfa8586-1009-4bb1-8ff0-2c3eb917318a	097944c2-3582-4220-ade4-4a93ab404375	user.login	\N	2025-09-27 00:55:00.743
c0bb27a3-d707-4944-8268-7e403e86d463	097944c2-3582-4220-ade4-4a93ab404375	user.login	\N	2025-09-27 01:14:58.608
578636f5-b84b-4e72-b717-fc4529a6f814	5900ca1a-625c-4a14-8331-ee286900ad73	user.login	\N	2025-09-27 01:15:17.11
bb5d68ab-e4fa-4bf8-bb93-ef7e0af82c92	5900ca1a-625c-4a14-8331-ee286900ad73	user.login	\N	2025-09-27 01:15:29.933
80525044-8f76-4a54-a03c-7b1db941809e	097944c2-3582-4220-ade4-4a93ab404375	user.login	\N	2025-09-27 01:24:14.396
25a081e1-eb42-4a9f-953b-2ac04eeaa1f6	097944c2-3582-4220-ade4-4a93ab404375	job.create	{"jobId": "7ca62cad-a555-453b-b604-ffa86e8e380c", "jobTitle": "raestrdtfjg,kh"}	2025-09-27 01:34:16.677
9e06db63-5433-4cb2-8259-b1b866ffd68e	097944c2-3582-4220-ade4-4a93ab404375	job.create	{"jobId": "ba6ef9ea-fb51-4d8a-b6ea-dc6464a4b7d7", "jobTitle": "asdgfhsadsf"}	2025-09-27 01:40:43.072
c0301ae1-fc71-4c72-900e-1a67de0440c3	097944c2-3582-4220-ade4-4a93ab404375	job.create	{"jobId": "bb78b618-2100-43fb-b6e7-c3b78fb20f0f", "jobTitle": "wrett"}	2025-09-27 01:41:15.827
38220bf8-eac0-4068-a8e3-b85a9b0aafba	097944c2-3582-4220-ade4-4a93ab404375	job.create	{"jobId": "73a6036e-7b40-49d8-9a63-e6f94b0cf557", "jobTitle": "fghrfgtg"}	2025-09-27 01:43:29.648
5406f80e-19f2-45f5-83e3-7c03199590bf	097944c2-3582-4220-ade4-4a93ab404375	job.create	{"jobId": "e7a48052-77a4-461b-8bd1-c1a790cd7006", "jobTitle": "rghfgjhfg"}	2025-09-27 01:44:12.573
bb6b9a54-f657-49ac-b9a8-ba2fe926e002	097944c2-3582-4220-ade4-4a93ab404375	job.create	{"jobId": "55bdf683-8c29-4a1f-9c2f-9fc70f4647e1", "jobTitle": "ertynbg"}	2025-09-27 01:52:27.51
66323e6e-8cd3-41a3-af71-0eb66f4b5681	097944c2-3582-4220-ade4-4a93ab404375	job.create	{"jobId": "015b62ef-f65b-435b-be85-61cae7a64f77", "jobTitle": "sdfgfe"}	2025-09-27 01:55:08.355
6ada7d19-06ef-444b-bc68-c7cc44ccf410	097944c2-3582-4220-ade4-4a93ab404375	job.create	{"jobId": "d4d28a2c-7766-4924-b5cb-4c5d225f6efc", "jobTitle": "sadfghg"}	2025-09-27 01:57:49.72
43a5e18e-0971-4350-b783-d13a68b861f2	097944c2-3582-4220-ade4-4a93ab404375	job.create	{"jobId": "9534080b-6518-4c48-b446-7cf2e1c3fe9d", "jobTitle": "rtdyfgjkh,hjmn"}	2025-09-27 02:05:33.652
75dbc195-47d5-481b-900c-e4f11c6ae8da	097944c2-3582-4220-ade4-4a93ab404375	job.create	{"jobId": "fac057aa-7ce0-4adb-8a07-0bfad1bca829", "jobTitle": "sdsfdghjg"}	2025-09-27 02:22:17.115
7708267c-fd46-4a94-b384-ea454c4b0af7	097944c2-3582-4220-ade4-4a93ab404375	job.create	{"jobId": "5efce293-fc09-487f-94ad-c105573700df", "jobTitle": "dfghjhgf"}	2025-09-27 02:23:26.429
f0f30c5e-8c4c-4624-8de8-a62d3b60c121	097944c2-3582-4220-ade4-4a93ab404375	job.create	{"jobId": "866ce497-422a-45fe-882b-0be8a4670244", "jobTitle": "dfsgnnmnbvfbvcvcxvzc"}	2025-09-27 02:35:50.263
efbf6ab5-a095-477f-9648-2bca1d74f6d8	097944c2-3582-4220-ade4-4a93ab404375	job.create	{"jobId": "b88e8543-8685-49d0-a9ad-db27b8d25de1", "jobTitle": "fdghfg"}	2025-09-27 02:39:52.238
52a9edd2-c5d3-4f76-8d80-ae17e9394913	097944c2-3582-4220-ade4-4a93ab404375	job.create	{"jobId": "9575584c-7460-40ed-8627-6e5bb70d7b90", "jobTitle": "hgdgsbvc"}	2025-09-27 02:41:11.821
5abb21bb-babf-414e-8804-6a883442e82b	459295d9-9960-4a22-a8a3-8ad12c585f96	user.login	\N	2025-09-27 03:11:35.973
06cb71b1-7bd3-4659-ab07-9e5060b37a3c	b03bd9b9-eaa1-4181-912d-8bda864e1f08	user.login	\N	2025-09-27 03:16:01.258
5ec9ed7c-3aeb-4237-85fa-11f74b230d26	b03bd9b9-eaa1-4181-912d-8bda864e1f08	user.login	\N	2025-09-27 03:18:36.085
9a89b5ae-d31c-4d18-b97c-ad5c447daf40	459295d9-9960-4a22-a8a3-8ad12c585f96	user.login	\N	2025-09-27 03:18:52.098
297058cc-998b-4017-ae29-f07488a19275	24561236-b941-4ff8-ad41-b9b71adcafdd	user.login	\N	2025-09-27 03:20:23.629
357d5dd5-1f2b-4697-a24d-e7c9d77f8b6c	097944c2-3582-4220-ade4-4a93ab404375	user.login	\N	2025-09-27 14:56:17.288
1df85078-594b-474f-9544-6ab403d416ef	24561236-b941-4ff8-ad41-b9b71adcafdd	user.login	\N	2025-09-27 15:54:10.314
bb0bb649-2440-47a4-bc37-3e3b80788a63	097944c2-3582-4220-ade4-4a93ab404375	user.login	\N	2025-09-27 21:39:14.899
5a7e7bab-37b9-4d6c-b9ba-1d5c0e17a94c	097944c2-3582-4220-ade4-4a93ab404375	application.pipeline_move	{"toStatus": "REVIEWING", "fromStatus": "INTERVIEW", "positionId": "d45805c9-c04f-4f5a-8beb-5cc970888e66", "candidateId": "243d4130-0256-4a3e-89f5-c99888237c0f", "applicationId": "e20ead25-4eef-4800-94cd-bd139aa8d1ff"}	2025-09-27 22:01:54.833
8c50701f-adeb-4ed0-9805-1e7e746df3f5	097944c2-3582-4220-ade4-4a93ab404375	application.pipeline_move	{"toStatus": "OFFER", "fromStatus": "REVIEWING", "positionId": "d45805c9-c04f-4f5a-8beb-5cc970888e66", "candidateId": "243d4130-0256-4a3e-89f5-c99888237c0f", "applicationId": "e20ead25-4eef-4800-94cd-bd139aa8d1ff"}	2025-09-27 22:01:58.975
0482689e-b580-4f44-80fb-9023a1cda0c4	097944c2-3582-4220-ade4-4a93ab404375	application.pipeline_move	{"toStatus": "APPLIED", "fromStatus": "OFFER", "positionId": "d45805c9-c04f-4f5a-8beb-5cc970888e66", "candidateId": "243d4130-0256-4a3e-89f5-c99888237c0f", "applicationId": "e20ead25-4eef-4800-94cd-bd139aa8d1ff"}	2025-09-27 22:02:02.394
fd42bfcb-6d48-45d8-aa3e-ec685178906e	097944c2-3582-4220-ade4-4a93ab404375	application.pipeline_move	{"toStatus": "REVIEWING", "fromStatus": "INTERVIEW", "positionId": "d45805c9-c04f-4f5a-8beb-5cc970888e66", "candidateId": "49318ac1-ce7e-435b-ac88-06a97a69641e", "applicationId": "86788d61-bbff-4d42-9d79-b979aacac013"}	2025-09-27 22:03:18.33
939927bd-56b3-4e57-8031-dd15777da05d	097944c2-3582-4220-ade4-4a93ab404375	application.pipeline_move	{"toStatus": "INTERVIEW", "fromStatus": "REVIEWING", "positionId": "d45805c9-c04f-4f5a-8beb-5cc970888e66", "candidateId": "49318ac1-ce7e-435b-ac88-06a97a69641e", "applicationId": "86788d61-bbff-4d42-9d79-b979aacac013"}	2025-09-27 22:03:20.748
b8838bd0-dab8-4416-a58c-3732f845511a	097944c2-3582-4220-ade4-4a93ab404375	user.login	\N	2025-09-27 22:24:02.144
7db5f87f-5534-4905-84f9-7460758a17af	5900ca1a-625c-4a14-8331-ee286900ad73	user.login	\N	2025-09-27 22:28:54.243
82fcc4f1-6548-46cf-86c1-74260eb636f2	097944c2-3582-4220-ade4-4a93ab404375	user.login	\N	2025-09-27 22:35:30.186
33359a40-5295-4d30-96a6-fcf8f43d578c	097944c2-3582-4220-ade4-4a93ab404375	user.login	\N	2025-09-27 22:40:24.304
23a4ffc4-a9e3-48fa-b1e5-5d9e4814c507	097944c2-3582-4220-ade4-4a93ab404375	user.login	\N	2025-09-27 22:45:49.077
13eef525-2997-4001-b9d3-1043168be1de	097944c2-3582-4220-ade4-4a93ab404375	user.login	\N	2025-09-27 22:47:05.581
06308255-27c1-4c49-9500-24d29acc3932	097944c2-3582-4220-ade4-4a93ab404375	user.login	\N	2025-09-28 06:54:48.104
60cb1743-b673-4919-90ed-adf8d354144b	097944c2-3582-4220-ade4-4a93ab404375	user.login	\N	2025-09-28 06:54:59.092
b5079ff6-587f-47ac-81a0-1fe0a845ac9a	097944c2-3582-4220-ade4-4a93ab404375	user.login	\N	2025-09-28 06:55:20.208
3c258b96-6aec-45b6-a81c-76e5baf35582	097944c2-3582-4220-ade4-4a93ab404375	user.login	\N	2025-09-28 06:58:02.909
a7a50c38-6b6c-4296-bd4a-b00f1e41af53	097944c2-3582-4220-ade4-4a93ab404375	user.login	\N	2025-09-28 06:59:52.152
d215f604-ae2f-4e76-b121-6408763d33fd	097944c2-3582-4220-ade4-4a93ab404375	user.login	\N	2025-09-28 07:02:17.35
30ef852a-bf36-46ee-b29d-6ce4f902e004	097944c2-3582-4220-ade4-4a93ab404375	user.login	\N	2025-09-28 07:02:32.468
8ae46a7e-c9a3-4f70-86c7-6edbc1ae743d	097944c2-3582-4220-ade4-4a93ab404375	user.login	\N	2025-09-28 07:03:18.206
456906fb-d46d-45a8-8706-5a0104960e6e	097944c2-3582-4220-ade4-4a93ab404375	user.login	\N	2025-09-28 07:04:36.13
0a88de82-713a-415c-8e8c-9fc5ddd727ee	097944c2-3582-4220-ade4-4a93ab404375	user.login	\N	2025-09-28 07:05:57.129
37b5dcdb-11f7-4817-9f73-d4752880416d	097944c2-3582-4220-ade4-4a93ab404375	user.login	\N	2025-09-28 07:09:06.248
f70f719a-1ec2-4eaf-a55e-f2dcfe301511	097944c2-3582-4220-ade4-4a93ab404375	user.login	\N	2025-09-28 07:09:22.69
643325b8-4afe-437e-8de3-eca4a9f85dd7	b03bd9b9-eaa1-4181-912d-8bda864e1f08	user.login	\N	2025-09-28 07:09:39.198
96fc155c-2972-429c-95a1-4687f8677cc1	097944c2-3582-4220-ade4-4a93ab404375	user.login	\N	2025-09-28 07:10:00.565
758b5884-71f3-4dde-b9b2-1ef6d2cbc402	5900ca1a-625c-4a14-8331-ee286900ad73	user.login	\N	2025-09-28 07:10:18.202
2a1f5833-242b-4ed1-be40-8442c0203328	097944c2-3582-4220-ade4-4a93ab404375	user.login	\N	2025-09-28 07:15:21.805
cf667103-4d7b-4e74-a802-8c4d2f8807e6	097944c2-3582-4220-ade4-4a93ab404375	user.login	\N	2025-09-28 07:16:35.187
d1ff57b7-4211-420a-8074-7af48fd497d5	097944c2-3582-4220-ade4-4a93ab404375	user.login	\N	2025-09-28 07:18:29.075
80221c71-4eb6-40e9-beab-459b5215a768	097944c2-3582-4220-ade4-4a93ab404375	user.login	\N	2025-09-28 07:18:42.913
342cf1dd-3ac0-479a-9e7b-47bec2dfb3e7	097944c2-3582-4220-ade4-4a93ab404375	user.login	\N	2025-09-28 07:20:00.975
de53909c-7483-473c-9a61-97f686c1b600	097944c2-3582-4220-ade4-4a93ab404375	user.login	\N	2025-09-28 07:20:31.428
5407b971-5911-4dd7-9967-2086dd500ecd	b03bd9b9-eaa1-4181-912d-8bda864e1f08	user.login	\N	2025-09-28 07:20:45.89
2fd3563a-e95d-456c-97f7-7e247db80c4f	097944c2-3582-4220-ade4-4a93ab404375	user.login	\N	2025-09-28 07:21:30.729
31005f28-c35e-4b3c-a694-cef7dd38f5de	5900ca1a-625c-4a14-8331-ee286900ad73	user.login	\N	2025-09-28 07:22:03.049
7324d56a-4ccd-4989-97eb-d4e98e55ab84	097944c2-3582-4220-ade4-4a93ab404375	user.login	\N	2025-09-28 07:22:36.224
e442b2df-97ad-4b98-9561-d760679df5a5	5900ca1a-625c-4a14-8331-ee286900ad73	user.login	\N	2025-09-28 07:23:10.809
6aa592cf-edd4-4531-990c-d0db68efc479	097944c2-3582-4220-ade4-4a93ab404375	user.login	\N	2025-09-28 07:34:30.978
17591099-7f4d-4e49-9e07-ed1386c65d11	c1cfe44e-a176-474b-bf35-48398dca09c9	user.login	\N	2025-09-28 08:18:34.343
4ed02a9e-4d96-4f68-9158-2afb8b1f12c3	b03bd9b9-eaa1-4181-912d-8bda864e1f08	user.login	\N	2025-09-28 08:19:07.768
85dae15c-7939-427f-9645-416906228b4f	5900ca1a-625c-4a14-8331-ee286900ad73	user.login	\N	2025-09-28 08:19:55.987
e5525bd0-1742-4fc5-89de-3971310e77bc	097944c2-3582-4220-ade4-4a93ab404375	user.login	\N	2025-09-28 08:20:06.143
f14d779d-bc9e-4adb-9617-b0a5c02f9517	b03bd9b9-eaa1-4181-912d-8bda864e1f08	user.login	\N	2025-09-28 08:25:27.071
473ae0da-02a2-4ef8-9869-ab883c200d32	097944c2-3582-4220-ade4-4a93ab404375	user.login	\N	2025-09-28 08:25:45.263
5aa39916-8903-414f-a2df-c47889de9f64	b03bd9b9-eaa1-4181-912d-8bda864e1f08	user.login	\N	2025-09-28 08:30:13.858
3d47271c-f2e3-4b79-8873-34b6fa46de87	097944c2-3582-4220-ade4-4a93ab404375	user.login	\N	2025-09-28 08:31:23.425
8bcbf953-c133-4a2f-ac5a-e6f2f44f89ac	b03bd9b9-eaa1-4181-912d-8bda864e1f08	user.login	\N	2025-09-28 08:32:03.115
09bd271e-5f57-48b0-bd84-b4b9519228c6	097944c2-3582-4220-ade4-4a93ab404375	user.login	\N	2025-09-28 08:32:24.151
24b272bf-0512-4539-a1f2-8f2235fd16ee	097944c2-3582-4220-ade4-4a93ab404375	user.login	\N	2025-09-28 17:41:25.863
27d65590-a347-441a-9f8c-f95dddea101c	097944c2-3582-4220-ade4-4a93ab404375	user.login	\N	2025-09-28 17:43:58.889
0a5066af-e231-46e4-9e58-f0b905667387	097944c2-3582-4220-ade4-4a93ab404375	user.login	\N	2025-09-28 17:44:25.785
ac3e7ced-934a-4c6d-8a93-2bb73e09e44c	097944c2-3582-4220-ade4-4a93ab404375	user.login	\N	2025-09-28 17:44:28.559
2eb4afb5-0565-4fe8-aef1-508454094b4b	097944c2-3582-4220-ade4-4a93ab404375	user.login	\N	2025-09-28 17:44:29.606
654d0665-9dfc-4608-ad0e-fbe36feadf52	097944c2-3582-4220-ade4-4a93ab404375	user.login	\N	2025-09-28 17:44:30.49
9c33eb2e-dafc-4791-9932-02200d697907	097944c2-3582-4220-ade4-4a93ab404375	user.login	\N	2025-09-28 17:44:31.287
3138933b-d284-4b40-9d61-cd8f6b28c725	097944c2-3582-4220-ade4-4a93ab404375	user.login	\N	2025-09-28 17:44:32.125
44aee1c4-548c-41cf-984b-4acfbfac2035	097944c2-3582-4220-ade4-4a93ab404375	user.login	\N	2025-09-28 17:45:13.965
9f376799-1826-472a-9147-bfda8effb9a3	097944c2-3582-4220-ade4-4a93ab404375	user.login	\N	2025-09-28 19:59:34.384
1ec5de4a-fd78-4d82-8086-1612de069dc6	097944c2-3582-4220-ade4-4a93ab404375	user.login	\N	2025-09-28 20:22:29.066
9aac5729-f3ae-482a-ae84-f3d8f9ffb594	097944c2-3582-4220-ade4-4a93ab404375	application.update_notes	{"applicationId": "0e58ab20-9174-4199-b4a9-bc4ca7511c8c"}	2025-09-29 16:53:13.92
ed4ca1eb-e356-40de-8ff9-b5f1f7cb38cd	5900ca1a-625c-4a14-8331-ee286900ad73	user.login	\N	2025-09-29 16:53:51.729
5a0c8f2b-8c31-4c42-9b39-8a50aab39a83	24561236-b941-4ff8-ad41-b9b71adcafdd	user.login	\N	2025-09-29 16:54:07.798
53e66da6-4278-425f-a78b-60d9380e69ea	097944c2-3582-4220-ade4-4a93ab404375	user.login	\N	2025-09-29 16:54:26.77
3e67a0b2-2a65-43c4-a439-cc9f6050d67d	097944c2-3582-4220-ade4-4a93ab404375	application.pipeline_move	{"toStatus": "REVIEWING", "fromStatus": "INTERVIEW", "positionId": "d45805c9-c04f-4f5a-8beb-5cc970888e66", "candidateId": "49318ac1-ce7e-435b-ac88-06a97a69641e", "applicationId": "86788d61-bbff-4d42-9d79-b979aacac013"}	2025-10-02 10:53:56.156
cbaca465-fde9-4be3-84df-5d4d091b29e3	097944c2-3582-4220-ade4-4a93ab404375	application.pipeline_move	{"toStatus": "INTERVIEW", "fromStatus": "APPLIED", "positionId": "d45805c9-c04f-4f5a-8beb-5cc970888e66", "candidateId": "2d0d8c79-ec1a-40a4-83c1-e1e8e84c1eb0", "applicationId": "0e58ab20-9174-4199-b4a9-bc4ca7511c8c"}	2025-10-02 10:54:14.027
54819871-ae8b-4b66-af17-b995d6c71957	097944c2-3582-4220-ade4-4a93ab404375	application.pipeline_move	{"toStatus": "INTERVIEW", "fromStatus": "APPLIED", "positionId": "d45805c9-c04f-4f5a-8beb-5cc970888e66", "candidateId": "7973ab07-d51f-4f2f-91d5-e7e1e6aec3af", "applicationId": "43715ef3-e605-479f-a686-1735aa2cd8a5"}	2025-10-02 10:54:14.069
6961501e-2ba0-469b-a912-e5e499540c46	097944c2-3582-4220-ade4-4a93ab404375	application.pipeline_move	{"toStatus": "OFFER", "fromStatus": "INTERVIEW", "positionId": "d45805c9-c04f-4f5a-8beb-5cc970888e66", "candidateId": "2d0d8c79-ec1a-40a4-83c1-e1e8e84c1eb0", "applicationId": "0e58ab20-9174-4199-b4a9-bc4ca7511c8c"}	2025-10-02 10:59:14.827
d9fbf495-d0d5-406d-9456-16f8a632ca73	097944c2-3582-4220-ade4-4a93ab404375	application.pipeline_move	{"toStatus": "REVIEWING", "fromStatus": "INTERVIEW", "positionId": "d45805c9-c04f-4f5a-8beb-5cc970888e66", "candidateId": "7973ab07-d51f-4f2f-91d5-e7e1e6aec3af", "applicationId": "43715ef3-e605-479f-a686-1735aa2cd8a5"}	2025-10-02 11:07:40.29
fa7d1b8e-8253-4df6-979b-23b35941329e	097944c2-3582-4220-ade4-4a93ab404375	application.pipeline_move	{"toStatus": "REVIEWING", "fromStatus": "OFFER", "positionId": "d45805c9-c04f-4f5a-8beb-5cc970888e66", "candidateId": "2d0d8c79-ec1a-40a4-83c1-e1e8e84c1eb0", "applicationId": "0e58ab20-9174-4199-b4a9-bc4ca7511c8c"}	2025-10-02 11:07:46.76
44ef3dfe-b608-43ce-98f8-6d190404ef5a	097944c2-3582-4220-ade4-4a93ab404375	application.pipeline_move	{"toStatus": "INTERVIEW", "fromStatus": "REVIEWING", "positionId": "d45805c9-c04f-4f5a-8beb-5cc970888e66", "candidateId": "2d0d8c79-ec1a-40a4-83c1-e1e8e84c1eb0", "applicationId": "0e58ab20-9174-4199-b4a9-bc4ca7511c8c"}	2025-10-02 11:10:12.734
8ee9c4a4-f410-40dd-a37b-f2c2a0ea4ec3	097944c2-3582-4220-ade4-4a93ab404375	application.pipeline_move	{"toStatus": "OFFER", "fromStatus": "INTERVIEW", "positionId": "d45805c9-c04f-4f5a-8beb-5cc970888e66", "candidateId": "2d0d8c79-ec1a-40a4-83c1-e1e8e84c1eb0", "applicationId": "0e58ab20-9174-4199-b4a9-bc4ca7511c8c"}	2025-10-02 11:13:27.368
8fae1f2e-3bc1-4b21-bafd-c894b30807a8	097944c2-3582-4220-ade4-4a93ab404375	application.pipeline_move	{"toStatus": "INTERVIEW", "fromStatus": "REVIEWING", "positionId": "d45805c9-c04f-4f5a-8beb-5cc970888e66", "candidateId": "7973ab07-d51f-4f2f-91d5-e7e1e6aec3af", "applicationId": "43715ef3-e605-479f-a686-1735aa2cd8a5"}	2025-10-02 11:13:36.776
75ad4ce9-36c4-4a99-8e6d-f7613e8ba833	097944c2-3582-4220-ade4-4a93ab404375	application.pipeline_move	{"toStatus": "REVIEWING", "fromStatus": "INTERVIEW", "positionId": "d45805c9-c04f-4f5a-8beb-5cc970888e66", "candidateId": "7973ab07-d51f-4f2f-91d5-e7e1e6aec3af", "applicationId": "43715ef3-e605-479f-a686-1735aa2cd8a5"}	2025-10-02 11:14:03.022
3b04fb66-2259-439e-b5d2-f8b69a83b01c	097944c2-3582-4220-ade4-4a93ab404375	application.pipeline_move	{"toStatus": "INTERVIEW", "fromStatus": "REVIEWING", "positionId": "d45805c9-c04f-4f5a-8beb-5cc970888e66", "candidateId": "7973ab07-d51f-4f2f-91d5-e7e1e6aec3af", "applicationId": "43715ef3-e605-479f-a686-1735aa2cd8a5"}	2025-10-02 11:14:31.909
c8b6776a-d47b-4fd8-a2e4-2f2d4ac5db5e	097944c2-3582-4220-ade4-4a93ab404375	application.pipeline_move	{"toStatus": "REVIEWING", "fromStatus": "INTERVIEW", "positionId": "d45805c9-c04f-4f5a-8beb-5cc970888e66", "candidateId": "7973ab07-d51f-4f2f-91d5-e7e1e6aec3af", "applicationId": "43715ef3-e605-479f-a686-1735aa2cd8a5"}	2025-10-02 11:16:38.844
e8d6d177-2990-4c4f-b053-a64159ebc4c8	097944c2-3582-4220-ade4-4a93ab404375	application.pipeline_move	{"toStatus": "INTERVIEW", "fromStatus": "REVIEWING", "positionId": "d45805c9-c04f-4f5a-8beb-5cc970888e66", "candidateId": "7973ab07-d51f-4f2f-91d5-e7e1e6aec3af", "applicationId": "43715ef3-e605-479f-a686-1735aa2cd8a5"}	2025-10-02 11:25:29.905
ac06787c-11f7-404b-b35d-f40e5a1f0d21	097944c2-3582-4220-ade4-4a93ab404375	application.pipeline_move	{"toStatus": "REVIEWING", "fromStatus": "INTERVIEW", "positionId": "d45805c9-c04f-4f5a-8beb-5cc970888e66", "candidateId": "7973ab07-d51f-4f2f-91d5-e7e1e6aec3af", "applicationId": "43715ef3-e605-479f-a686-1735aa2cd8a5"}	2025-10-02 11:54:54.33
7bfdcc01-588a-4fe3-a62d-78500b7c8486	097944c2-3582-4220-ade4-4a93ab404375	application.pipeline_move	{"toStatus": "INTERVIEW", "fromStatus": "REVIEWING", "positionId": "d45805c9-c04f-4f5a-8beb-5cc970888e66", "candidateId": "7973ab07-d51f-4f2f-91d5-e7e1e6aec3af", "applicationId": "43715ef3-e605-479f-a686-1735aa2cd8a5"}	2025-10-02 11:55:02.644
f509a374-d245-426c-8666-e1bfac9c810c	097944c2-3582-4220-ade4-4a93ab404375	application.pipeline_move	{"toStatus": "REVIEWING", "fromStatus": "INTERVIEW", "positionId": "d45805c9-c04f-4f5a-8beb-5cc970888e66", "candidateId": "7973ab07-d51f-4f2f-91d5-e7e1e6aec3af", "applicationId": "43715ef3-e605-479f-a686-1735aa2cd8a5"}	2025-10-02 11:55:13.834
a6ddeefc-bc84-4c0a-931e-7a5d2fbc164b	097944c2-3582-4220-ade4-4a93ab404375	application.pipeline_move	{"toStatus": "INTERVIEW", "fromStatus": "REVIEWING", "positionId": "d45805c9-c04f-4f5a-8beb-5cc970888e66", "candidateId": "7973ab07-d51f-4f2f-91d5-e7e1e6aec3af", "applicationId": "43715ef3-e605-479f-a686-1735aa2cd8a5"}	2025-10-02 11:59:59.731
77740244-a3ad-4953-952f-c087b5b55880	097944c2-3582-4220-ade4-4a93ab404375	application.pipeline_move	{"toStatus": "REVIEWING", "fromStatus": "INTERVIEW", "positionId": "d45805c9-c04f-4f5a-8beb-5cc970888e66", "candidateId": "7973ab07-d51f-4f2f-91d5-e7e1e6aec3af", "applicationId": "43715ef3-e605-479f-a686-1735aa2cd8a5"}	2025-10-02 12:00:03.467
725b6261-d218-414a-aa97-a0b315690d02	097944c2-3582-4220-ade4-4a93ab404375	application.pipeline_move	{"toStatus": "INTERVIEW", "fromStatus": "OFFER", "positionId": "d45805c9-c04f-4f5a-8beb-5cc970888e66", "candidateId": "2d0d8c79-ec1a-40a4-83c1-e1e8e84c1eb0", "applicationId": "0e58ab20-9174-4199-b4a9-bc4ca7511c8c"}	2025-10-02 12:00:11.827
d0fdee46-ddf6-4fa3-934a-9738f4e16fe4	097944c2-3582-4220-ade4-4a93ab404375	application.pipeline_move	{"toStatus": "OFFER", "fromStatus": "INTERVIEW", "positionId": "d45805c9-c04f-4f5a-8beb-5cc970888e66", "candidateId": "2d0d8c79-ec1a-40a4-83c1-e1e8e84c1eb0", "applicationId": "0e58ab20-9174-4199-b4a9-bc4ca7511c8c"}	2025-10-02 12:00:14.295
c1a4b809-81df-4b5e-ae87-cf3c719cbfc4	097944c2-3582-4220-ade4-4a93ab404375	application.pipeline_move	{"toStatus": "INTERVIEW", "fromStatus": "REVIEWING", "positionId": "d45805c9-c04f-4f5a-8beb-5cc970888e66", "candidateId": "7973ab07-d51f-4f2f-91d5-e7e1e6aec3af", "applicationId": "43715ef3-e605-479f-a686-1735aa2cd8a5"}	2025-10-02 12:01:53.663
5438628f-90bc-4992-bdca-7c5daefcdb31	097944c2-3582-4220-ade4-4a93ab404375	application.pipeline_move	{"toStatus": "REVIEWING", "fromStatus": "INTERVIEW", "positionId": "d45805c9-c04f-4f5a-8beb-5cc970888e66", "candidateId": "7973ab07-d51f-4f2f-91d5-e7e1e6aec3af", "applicationId": "43715ef3-e605-479f-a686-1735aa2cd8a5"}	2025-10-02 12:06:59.119
9ef0d95a-15d9-4be4-8570-1817fe220c97	097944c2-3582-4220-ade4-4a93ab404375	application.pipeline_move	{"toStatus": "INTERVIEW", "fromStatus": "REVIEWING", "positionId": "d45805c9-c04f-4f5a-8beb-5cc970888e66", "candidateId": "7973ab07-d51f-4f2f-91d5-e7e1e6aec3af", "applicationId": "43715ef3-e605-479f-a686-1735aa2cd8a5"}	2025-10-02 12:07:01.948
4f2c7949-5fb9-474c-8083-194f0efd95a4	097944c2-3582-4220-ade4-4a93ab404375	application.pipeline_move	{"toStatus": "REJECTED", "fromStatus": "OFFER", "positionId": "d45805c9-c04f-4f5a-8beb-5cc970888e66", "candidateId": "2d0d8c79-ec1a-40a4-83c1-e1e8e84c1eb0", "applicationId": "0e58ab20-9174-4199-b4a9-bc4ca7511c8c"}	2025-10-02 12:14:59.678
f6a2f583-2851-4e51-b711-58563851c22e	097944c2-3582-4220-ade4-4a93ab404375	application.pipeline_move	{"toStatus": "OFFER", "fromStatus": "REJECTED", "positionId": "d45805c9-c04f-4f5a-8beb-5cc970888e66", "candidateId": "2d0d8c79-ec1a-40a4-83c1-e1e8e84c1eb0", "applicationId": "0e58ab20-9174-4199-b4a9-bc4ca7511c8c"}	2025-10-02 12:15:02.888
696e04f9-b078-41b8-8842-7557089f110d	097944c2-3582-4220-ade4-4a93ab404375	application.pipeline_move	{"toStatus": "REJECTED", "fromStatus": "INTERVIEW", "positionId": "d45805c9-c04f-4f5a-8beb-5cc970888e66", "candidateId": "7973ab07-d51f-4f2f-91d5-e7e1e6aec3af", "applicationId": "43715ef3-e605-479f-a686-1735aa2cd8a5"}	2025-10-02 12:15:08.191
647cca45-5065-4afd-af61-79f5bc3c99f9	097944c2-3582-4220-ade4-4a93ab404375	application.pipeline_move	{"toStatus": "INTERVIEW", "fromStatus": "REVIEWING", "positionId": "d45805c9-c04f-4f5a-8beb-5cc970888e66", "candidateId": "49318ac1-ce7e-435b-ac88-06a97a69641e", "applicationId": "86788d61-bbff-4d42-9d79-b979aacac013"}	2025-10-02 12:16:33.39
471aa85a-0474-4715-a4e7-901a42ec7435	097944c2-3582-4220-ade4-4a93ab404375	application.pipeline_move	{"toStatus": "REVIEWING", "fromStatus": "INTERVIEW", "positionId": "d45805c9-c04f-4f5a-8beb-5cc970888e66", "candidateId": "49318ac1-ce7e-435b-ac88-06a97a69641e", "applicationId": "86788d61-bbff-4d42-9d79-b979aacac013"}	2025-10-02 12:16:37.057
8c576213-1f04-437b-99e6-d558153a9fd4	097944c2-3582-4220-ade4-4a93ab404375	application.pipeline_move	{"toStatus": "INTERVIEW", "fromStatus": "APPLIED", "positionId": "d45805c9-c04f-4f5a-8beb-5cc970888e66", "candidateId": "739f040f-8998-430a-9a14-06ba7f7bd3bf", "applicationId": "0a7e1751-b59e-455c-b408-4156966b30dd"}	2025-10-02 12:17:21.477
3fbb1e08-095c-4258-95b8-1290dda2555f	097944c2-3582-4220-ade4-4a93ab404375	application.pipeline_move	{"toStatus": "INTERVIEW", "fromStatus": "REVIEWING", "positionId": "d45805c9-c04f-4f5a-8beb-5cc970888e66", "candidateId": "49318ac1-ce7e-435b-ac88-06a97a69641e", "applicationId": "86788d61-bbff-4d42-9d79-b979aacac013"}	2025-10-02 12:56:03.879
62ee3b65-f7c3-4e33-ba85-ee39b862fe3e	097944c2-3582-4220-ade4-4a93ab404375	application.pipeline_move	{"toStatus": "REVIEWING", "fromStatus": "INTERVIEW", "positionId": "d45805c9-c04f-4f5a-8beb-5cc970888e66", "candidateId": "739f040f-8998-430a-9a14-06ba7f7bd3bf", "applicationId": "0a7e1751-b59e-455c-b408-4156966b30dd"}	2025-10-02 12:56:06.889
38ea6b16-f06a-4c23-bffc-531a2fae4a2c	097944c2-3582-4220-ade4-4a93ab404375	application.pipeline_move	{"toStatus": "INTERVIEW", "fromStatus": "APPLIED", "positionId": "d45805c9-c04f-4f5a-8beb-5cc970888e66", "candidateId": "eae23c72-b092-4718-b36a-dad5469b2075", "applicationId": "9283f861-6ff5-4690-bd8f-eecdb75ba4f8"}	2025-10-02 12:56:11.292
87ea5a12-0d60-4fea-8620-576a3ecfc8fa	097944c2-3582-4220-ade4-4a93ab404375	application.pipeline_move	{"toStatus": "REVIEWING", "fromStatus": "INTERVIEW", "positionId": "d45805c9-c04f-4f5a-8beb-5cc970888e66", "candidateId": "49318ac1-ce7e-435b-ac88-06a97a69641e", "applicationId": "86788d61-bbff-4d42-9d79-b979aacac013"}	2025-10-02 12:57:15.142
e0730bbc-640c-4fa2-82de-a854e109fbd8	097944c2-3582-4220-ade4-4a93ab404375	application.pipeline_move	{"toStatus": "INTERVIEW", "fromStatus": "OFFER", "positionId": "d45805c9-c04f-4f5a-8beb-5cc970888e66", "candidateId": "2d0d8c79-ec1a-40a4-83c1-e1e8e84c1eb0", "applicationId": "0e58ab20-9174-4199-b4a9-bc4ca7511c8c"}	2025-10-02 12:57:27.374
29a3f84f-f602-4361-8628-7c8299966dd7	097944c2-3582-4220-ade4-4a93ab404375	application.pipeline_move	{"toStatus": "OFFER", "fromStatus": "INTERVIEW", "positionId": "d45805c9-c04f-4f5a-8beb-5cc970888e66", "candidateId": "2d0d8c79-ec1a-40a4-83c1-e1e8e84c1eb0", "applicationId": "0e58ab20-9174-4199-b4a9-bc4ca7511c8c"}	2025-10-02 12:57:31.775
750f63de-5c01-4d29-a9a4-517d60ff0070	097944c2-3582-4220-ade4-4a93ab404375	application.pipeline_move	{"toStatus": "INTERVIEW", "fromStatus": "OFFER", "positionId": "d45805c9-c04f-4f5a-8beb-5cc970888e66", "candidateId": "2d0d8c79-ec1a-40a4-83c1-e1e8e84c1eb0", "applicationId": "0e58ab20-9174-4199-b4a9-bc4ca7511c8c"}	2025-10-02 12:57:35.479
335553ac-c5b7-4977-8a6a-fbbe8f1ff271	097944c2-3582-4220-ade4-4a93ab404375	application.pipeline_move	{"toStatus": "OFFER", "fromStatus": "INTERVIEW", "positionId": "d45805c9-c04f-4f5a-8beb-5cc970888e66", "candidateId": "2d0d8c79-ec1a-40a4-83c1-e1e8e84c1eb0", "applicationId": "0e58ab20-9174-4199-b4a9-bc4ca7511c8c"}	2025-10-02 12:57:55.068
d52b14d8-fd54-4bcb-bc96-c57862ae558a	097944c2-3582-4220-ade4-4a93ab404375	application.pipeline_move	{"toStatus": "INTERVIEW", "fromStatus": "OFFER", "positionId": "d45805c9-c04f-4f5a-8beb-5cc970888e66", "candidateId": "2d0d8c79-ec1a-40a4-83c1-e1e8e84c1eb0", "applicationId": "0e58ab20-9174-4199-b4a9-bc4ca7511c8c"}	2025-10-02 12:57:58.814
f952acf4-4477-48bb-a50b-0239f0a6e32b	097944c2-3582-4220-ade4-4a93ab404375	application.pipeline_move	{"toStatus": "OFFER", "fromStatus": "INTERVIEW", "positionId": "d45805c9-c04f-4f5a-8beb-5cc970888e66", "candidateId": "2d0d8c79-ec1a-40a4-83c1-e1e8e84c1eb0", "applicationId": "0e58ab20-9174-4199-b4a9-bc4ca7511c8c"}	2025-10-02 12:58:03.38
1b511a32-3520-470c-882d-910634bd9032	097944c2-3582-4220-ade4-4a93ab404375	application.pipeline_move	{"toStatus": "OFFER", "fromStatus": "INTERVIEW", "positionId": "d45805c9-c04f-4f5a-8beb-5cc970888e66", "candidateId": "eae23c72-b092-4718-b36a-dad5469b2075", "applicationId": "9283f861-6ff5-4690-bd8f-eecdb75ba4f8"}	2025-10-02 12:58:15.169
fa464be2-57a6-4079-b61e-ff792ce4d2d3	097944c2-3582-4220-ade4-4a93ab404375	application.pipeline_move	{"toStatus": "INTERVIEW", "fromStatus": "OFFER", "positionId": "d45805c9-c04f-4f5a-8beb-5cc970888e66", "candidateId": "2d0d8c79-ec1a-40a4-83c1-e1e8e84c1eb0", "applicationId": "0e58ab20-9174-4199-b4a9-bc4ca7511c8c"}	2025-10-02 12:58:17.331
e18e6e0c-e359-4cb3-897b-a63adaec8424	097944c2-3582-4220-ade4-4a93ab404375	application.pipeline_move	{"toStatus": "INTERVIEW", "fromStatus": "REVIEWING", "positionId": "d45805c9-c04f-4f5a-8beb-5cc970888e66", "candidateId": "49318ac1-ce7e-435b-ac88-06a97a69641e", "applicationId": "86788d61-bbff-4d42-9d79-b979aacac013"}	2025-10-02 12:58:21.333
03ca2b59-e465-4626-a5a5-88a2d0a9bc2e	097944c2-3582-4220-ade4-4a93ab404375	application.pipeline_move	{"toStatus": "REVIEWING", "fromStatus": "OFFER", "positionId": "d45805c9-c04f-4f5a-8beb-5cc970888e66", "candidateId": "eae23c72-b092-4718-b36a-dad5469b2075", "applicationId": "9283f861-6ff5-4690-bd8f-eecdb75ba4f8"}	2025-10-02 12:58:30.955
dd35ee47-2a4e-408f-aa69-46dd1fbd6618	097944c2-3582-4220-ade4-4a93ab404375	application.pipeline_move	{"toStatus": "REVIEWING", "fromStatus": "INTERVIEW", "positionId": "d45805c9-c04f-4f5a-8beb-5cc970888e66", "candidateId": "2d0d8c79-ec1a-40a4-83c1-e1e8e84c1eb0", "applicationId": "0e58ab20-9174-4199-b4a9-bc4ca7511c8c"}	2025-10-02 12:58:30.962
ee855691-cecf-42a7-8a78-09bc7f69bbbb	097944c2-3582-4220-ade4-4a93ab404375	application.pipeline_move	{"toStatus": "REVIEWING", "fromStatus": "INTERVIEW", "positionId": "d45805c9-c04f-4f5a-8beb-5cc970888e66", "candidateId": "49318ac1-ce7e-435b-ac88-06a97a69641e", "applicationId": "86788d61-bbff-4d42-9d79-b979aacac013"}	2025-10-02 12:58:30.975
d11225c5-dd81-46e2-87b8-0d30eff7928e	097944c2-3582-4220-ade4-4a93ab404375	application.pipeline_move	{"toStatus": "INTERVIEW", "fromStatus": "REVIEWING", "positionId": "d45805c9-c04f-4f5a-8beb-5cc970888e66", "candidateId": "2d0d8c79-ec1a-40a4-83c1-e1e8e84c1eb0", "applicationId": "0e58ab20-9174-4199-b4a9-bc4ca7511c8c"}	2025-10-02 12:58:36.136
9c9a11b4-bf3a-4d40-a11c-ea754263770f	097944c2-3582-4220-ade4-4a93ab404375	application.pipeline_move	{"toStatus": "OFFER", "fromStatus": "INTERVIEW", "positionId": "d45805c9-c04f-4f5a-8beb-5cc970888e66", "candidateId": "2d0d8c79-ec1a-40a4-83c1-e1e8e84c1eb0", "applicationId": "0e58ab20-9174-4199-b4a9-bc4ca7511c8c"}	2025-10-02 12:58:49.595
0ca81041-d9d8-4377-9844-15dabd03e7c0	097944c2-3582-4220-ade4-4a93ab404375	application.pipeline_move	{"toStatus": "INTERVIEW", "fromStatus": "OFFER", "positionId": "d45805c9-c04f-4f5a-8beb-5cc970888e66", "candidateId": "2d0d8c79-ec1a-40a4-83c1-e1e8e84c1eb0", "applicationId": "0e58ab20-9174-4199-b4a9-bc4ca7511c8c"}	2025-10-02 12:58:53.333
d17efff9-c7ca-4ce5-bcfb-af4826f8b2cf	097944c2-3582-4220-ade4-4a93ab404375	application.pipeline_move	{"toStatus": "OFFER", "fromStatus": "REVIEWING", "positionId": "d45805c9-c04f-4f5a-8beb-5cc970888e66", "candidateId": "eae23c72-b092-4718-b36a-dad5469b2075", "applicationId": "9283f861-6ff5-4690-bd8f-eecdb75ba4f8"}	2025-10-02 12:59:00.892
62299979-ebf2-464d-a79e-b817c00bb1d8	097944c2-3582-4220-ade4-4a93ab404375	application.pipeline_move	{"toStatus": "OFFER", "fromStatus": "REVIEWING", "positionId": "d45805c9-c04f-4f5a-8beb-5cc970888e66", "candidateId": "739f040f-8998-430a-9a14-06ba7f7bd3bf", "applicationId": "0a7e1751-b59e-455c-b408-4156966b30dd"}	2025-10-02 12:59:00.893
ee6432a2-c566-4657-8a84-00f2e2fc8442	097944c2-3582-4220-ade4-4a93ab404375	application.pipeline_move	{"toStatus": "OFFER", "fromStatus": "APPLIED", "positionId": "d45805c9-c04f-4f5a-8beb-5cc970888e66", "candidateId": "d2dd0df9-419c-4b63-b812-498dbef1c504", "applicationId": "1f02516a-fc33-4ca9-847b-f93b32c8f141"}	2025-10-02 12:59:00.901
bc5d027e-171c-47e2-864e-1fe0f2aca997	097944c2-3582-4220-ade4-4a93ab404375	application.pipeline_move	{"toStatus": "REVIEWING", "fromStatus": "INTERVIEW", "positionId": "d45805c9-c04f-4f5a-8beb-5cc970888e66", "candidateId": "2d0d8c79-ec1a-40a4-83c1-e1e8e84c1eb0", "applicationId": "0e58ab20-9174-4199-b4a9-bc4ca7511c8c"}	2025-10-02 12:59:05.47
f7539280-a4d0-4d3a-a3dc-95fc3c111021	097944c2-3582-4220-ade4-4a93ab404375	application.pipeline_move	{"toStatus": "REVIEWING", "fromStatus": "OFFER", "positionId": "d45805c9-c04f-4f5a-8beb-5cc970888e66", "candidateId": "739f040f-8998-430a-9a14-06ba7f7bd3bf", "applicationId": "0a7e1751-b59e-455c-b408-4156966b30dd"}	2025-10-02 12:59:14.999
290c2fb5-bf85-445c-9498-50bdf1cd9037	097944c2-3582-4220-ade4-4a93ab404375	application.pipeline_move	{"toStatus": "INTERVIEW", "fromStatus": "OFFER", "positionId": "d45805c9-c04f-4f5a-8beb-5cc970888e66", "candidateId": "eae23c72-b092-4718-b36a-dad5469b2075", "applicationId": "9283f861-6ff5-4690-bd8f-eecdb75ba4f8"}	2025-10-02 12:59:18.554
ebc60cce-2262-49d1-858e-f2bb6d9d4194	097944c2-3582-4220-ade4-4a93ab404375	application.pipeline_move	{"toStatus": "INTERVIEW", "fromStatus": "REVIEWING", "positionId": "d45805c9-c04f-4f5a-8beb-5cc970888e66", "candidateId": "2d0d8c79-ec1a-40a4-83c1-e1e8e84c1eb0", "applicationId": "0e58ab20-9174-4199-b4a9-bc4ca7511c8c"}	2025-10-02 13:39:14.424
99dc993c-c243-4ff9-8d54-ee99681435ca	097944c2-3582-4220-ade4-4a93ab404375	application.pipeline_move	{"toStatus": "INTERVIEW", "fromStatus": "REVIEWING", "positionId": "d45805c9-c04f-4f5a-8beb-5cc970888e66", "candidateId": "739f040f-8998-430a-9a14-06ba7f7bd3bf", "applicationId": "0a7e1751-b59e-455c-b408-4156966b30dd"}	2025-10-02 13:39:14.595
48632311-754c-4e5c-9f99-40c797c51cf1	097944c2-3582-4220-ade4-4a93ab404375	application.pipeline_move	{"toStatus": "INTERVIEW", "fromStatus": "REVIEWING", "positionId": "d45805c9-c04f-4f5a-8beb-5cc970888e66", "candidateId": "49318ac1-ce7e-435b-ac88-06a97a69641e", "applicationId": "86788d61-bbff-4d42-9d79-b979aacac013"}	2025-10-02 13:39:14.618
7371fe48-57c4-4b76-b6a4-58ae062d98f2	097944c2-3582-4220-ade4-4a93ab404375	application.pipeline_move	{"toStatus": "REVIEWING", "fromStatus": "INTERVIEW", "positionId": "d45805c9-c04f-4f5a-8beb-5cc970888e66", "candidateId": "2d0d8c79-ec1a-40a4-83c1-e1e8e84c1eb0", "applicationId": "0e58ab20-9174-4199-b4a9-bc4ca7511c8c"}	2025-10-02 13:39:25.06
9e55b39d-40ea-4c05-8786-1432a326e708	097944c2-3582-4220-ade4-4a93ab404375	application.pipeline_move	{"toStatus": "REVIEWING", "fromStatus": "INTERVIEW", "positionId": "d45805c9-c04f-4f5a-8beb-5cc970888e66", "candidateId": "739f040f-8998-430a-9a14-06ba7f7bd3bf", "applicationId": "0a7e1751-b59e-455c-b408-4156966b30dd"}	2025-10-02 13:39:25.064
719d81c7-8dfc-48bf-9d6b-f19f7360c072	097944c2-3582-4220-ade4-4a93ab404375	application.pipeline_move	{"toStatus": "REVIEWING", "fromStatus": "INTERVIEW", "positionId": "d45805c9-c04f-4f5a-8beb-5cc970888e66", "candidateId": "eae23c72-b092-4718-b36a-dad5469b2075", "applicationId": "9283f861-6ff5-4690-bd8f-eecdb75ba4f8"}	2025-10-02 13:39:25.088
c92aef80-d0b1-43f0-897d-bd020ee4e382	097944c2-3582-4220-ade4-4a93ab404375	application.pipeline_move	{"toStatus": "REVIEWING", "fromStatus": "INTERVIEW", "positionId": "d45805c9-c04f-4f5a-8beb-5cc970888e66", "candidateId": "49318ac1-ce7e-435b-ac88-06a97a69641e", "applicationId": "86788d61-bbff-4d42-9d79-b979aacac013"}	2025-10-02 13:39:25.23
f4fa578b-9854-4973-99bf-9f57e369da45	097944c2-3582-4220-ade4-4a93ab404375	application.pipeline_move	{"toStatus": "INTERVIEW", "fromStatus": "APPLIED", "positionId": "d45805c9-c04f-4f5a-8beb-5cc970888e66", "candidateId": "2d5712cd-df92-406a-ada3-6a94e6978804", "applicationId": "9718e62c-3116-4d26-9301-4a9b16fbe9ff"}	2025-10-02 13:50:48.853
d220d30b-7e03-47bb-828f-854d0b1f2339	097944c2-3582-4220-ade4-4a93ab404375	application.pipeline_move	{"toStatus": "INTERVIEW", "fromStatus": "APPLIED", "positionId": "d45805c9-c04f-4f5a-8beb-5cc970888e66", "candidateId": "7ba7ad8b-afd2-4b5c-a760-5bead199f982", "applicationId": "c1ca635a-a23f-4c99-b35d-b22a709afa9e"}	2025-10-02 13:50:48.855
5f6d7a84-8400-482f-9c39-1406b46409ff	097944c2-3582-4220-ade4-4a93ab404375	application.pipeline_move	{"toStatus": "INTERVIEW", "fromStatus": "APPLIED", "positionId": "d45805c9-c04f-4f5a-8beb-5cc970888e66", "candidateId": "0939e3b5-36cb-44d9-9e9a-f70bbed5bd60", "applicationId": "555f4ac6-d0bd-4d21-8a33-fc245436684e"}	2025-10-02 13:50:48.857
49c0420f-f76a-4c23-852e-746e724f3dbe	097944c2-3582-4220-ade4-4a93ab404375	application.pipeline_move	{"toStatus": "INTERVIEW", "fromStatus": "APPLIED", "positionId": "d45805c9-c04f-4f5a-8beb-5cc970888e66", "candidateId": "b0d45dea-33da-4469-b881-1a407fd76a7c", "applicationId": "fcbad96d-f5e9-4ee3-bcfc-5216643979c3"}	2025-10-02 13:50:48.861
4e1cf528-4ff7-42f7-ad2b-e0890fb7c22b	097944c2-3582-4220-ade4-4a93ab404375	application.pipeline_move	{"toStatus": "INTERVIEW", "fromStatus": "APPLIED", "positionId": "d45805c9-c04f-4f5a-8beb-5cc970888e66", "candidateId": "5034a509-ce95-478e-aa32-50d488824d43", "applicationId": "e491bdb6-10c4-46e5-92ed-0952e58462b3"}	2025-10-02 13:50:48.862
7e3e46a2-7420-4ea3-ad6d-550a398876c9	097944c2-3582-4220-ade4-4a93ab404375	application.pipeline_move	{"toStatus": "INTERVIEW", "fromStatus": "APPLIED", "positionId": "d45805c9-c04f-4f5a-8beb-5cc970888e66", "candidateId": "4d2e4083-1c8a-4cb4-9059-684f4261022f", "applicationId": "9e9124d8-513a-4f81-963e-9648e3dbb161"}	2025-10-02 13:50:48.863
e9946fa4-ee06-428a-9740-1222a69a6108	097944c2-3582-4220-ade4-4a93ab404375	application.pipeline_move	{"toStatus": "INTERVIEW", "fromStatus": "APPLIED", "positionId": "d45805c9-c04f-4f5a-8beb-5cc970888e66", "candidateId": "8d74ab50-e54f-496a-bc68-0080dd6ca47b", "applicationId": "c5667006-1c6b-4243-b9af-3d077485d47c"}	2025-10-02 13:50:48.932
98c1b3e1-0daa-4f88-8d4c-82a38c7df362	097944c2-3582-4220-ade4-4a93ab404375	application.pipeline_move	{"toStatus": "INTERVIEW", "fromStatus": "APPLIED", "positionId": "d45805c9-c04f-4f5a-8beb-5cc970888e66", "candidateId": "2a83d7bd-e859-4f23-b8e5-3f558e644f88", "applicationId": "69ca57f6-9578-4a15-8884-27fde40aefab"}	2025-10-02 13:50:48.96
3274b7a5-f397-4fc3-ac10-bce06b719d94	097944c2-3582-4220-ade4-4a93ab404375	application.pipeline_move	{"toStatus": "INTERVIEW", "fromStatus": "APPLIED", "positionId": "d45805c9-c04f-4f5a-8beb-5cc970888e66", "candidateId": "2549315c-952f-4cbc-9c4a-e9ed3c895ade", "applicationId": "1d4e82c0-b3d3-4d3e-9861-488030a4cc4f"}	2025-10-02 13:50:48.966
f39036a8-9af5-4a53-8d88-48e8cb501790	097944c2-3582-4220-ade4-4a93ab404375	application.pipeline_move	{"toStatus": "INTERVIEW", "fromStatus": "APPLIED", "positionId": "d45805c9-c04f-4f5a-8beb-5cc970888e66", "candidateId": "8f5737c1-535d-4d86-b6f2-a27a8ce61e4f", "applicationId": "3b4fd339-165b-4956-89d9-dae587453eb7"}	2025-10-02 13:50:49.052
64285c3f-756d-4a03-9aa4-b3e792afc26e	097944c2-3582-4220-ade4-4a93ab404375	application.pipeline_move	{"toStatus": "INTERVIEW", "fromStatus": "APPLIED", "positionId": "d45805c9-c04f-4f5a-8beb-5cc970888e66", "candidateId": "22af8b6b-293b-4de6-926b-d8833f162af0", "applicationId": "975ceab1-6396-4811-b626-5db96dda02b4"}	2025-10-02 13:50:49.064
935dbdd2-455c-47bb-94de-ee0dc4eb7d1d	097944c2-3582-4220-ade4-4a93ab404375	application.pipeline_move	{"toStatus": "INTERVIEW", "fromStatus": "APPLIED", "positionId": "d45805c9-c04f-4f5a-8beb-5cc970888e66", "candidateId": "db3dd493-17a1-4d47-855c-d4f83070a9d6", "applicationId": "3f67831f-8f2d-4cc5-b904-bbc7aff8b972"}	2025-10-02 13:50:49.068
417fde59-7ae2-4128-b64d-7cfcefa228c0	097944c2-3582-4220-ade4-4a93ab404375	application.pipeline_move	{"toStatus": "INTERVIEW", "fromStatus": "APPLIED", "positionId": "d45805c9-c04f-4f5a-8beb-5cc970888e66", "candidateId": "ea28e31f-a7c4-4183-beee-41b0f8487f2b", "applicationId": "35ecee04-4083-4886-91eb-cf937d6091aa"}	2025-10-02 13:50:49.078
ca06085f-653a-447c-82d4-28d29f2d42c0	097944c2-3582-4220-ade4-4a93ab404375	application.pipeline_move	{"toStatus": "INTERVIEW", "fromStatus": "APPLIED", "positionId": "d45805c9-c04f-4f5a-8beb-5cc970888e66", "candidateId": "a6750810-2200-4f04-82a4-d09fb400bc31", "applicationId": "377fd2d7-bdc6-466c-badb-1ea670ebfac6"}	2025-10-02 13:50:49.08
c87c86a8-5784-41cb-afa6-1d2a97e97911	097944c2-3582-4220-ade4-4a93ab404375	application.pipeline_move	{"toStatus": "INTERVIEW", "fromStatus": "APPLIED", "positionId": "d45805c9-c04f-4f5a-8beb-5cc970888e66", "candidateId": "8ced66b9-598d-4c38-a296-6d8afbc2fc21", "applicationId": "51b62cdc-f8e7-4b98-b1af-18da51307fac"}	2025-10-02 13:50:49.124
7b0fda56-f637-4fcd-b659-af4e7b439c3e	097944c2-3582-4220-ade4-4a93ab404375	application.pipeline_move	{"toStatus": "INTERVIEW", "fromStatus": "APPLIED", "positionId": "d45805c9-c04f-4f5a-8beb-5cc970888e66", "candidateId": "cd7f124b-4b13-4fd1-8928-8de30a912b1c", "applicationId": "53c40e32-ab63-4eba-b812-316dc46ee11b"}	2025-10-02 13:50:49.15
4c06f183-ee86-417c-816f-61b806c6dccb	097944c2-3582-4220-ade4-4a93ab404375	application.pipeline_move	{"toStatus": "INTERVIEW", "fromStatus": "APPLIED", "positionId": "d45805c9-c04f-4f5a-8beb-5cc970888e66", "candidateId": "ffa1f54c-0b64-4d46-89c7-c571ae6e6a7e", "applicationId": "ef81886c-45a3-4a8b-a002-480e0b2da804"}	2025-10-02 13:50:49.206
8170a138-3b59-43b2-aac7-480239f94b38	097944c2-3582-4220-ade4-4a93ab404375	application.pipeline_move	{"toStatus": "INTERVIEW", "fromStatus": "APPLIED", "positionId": "d45805c9-c04f-4f5a-8beb-5cc970888e66", "candidateId": "47408cd2-3d60-4568-beac-3bedc2f9e43c", "applicationId": "dcd56a3b-3cbc-40e1-9a2d-71dfc8aeb97b"}	2025-10-02 13:50:49.206
4a58d47f-3b20-47c2-ad4c-8284dc959297	097944c2-3582-4220-ade4-4a93ab404375	application.pipeline_move	{"toStatus": "INTERVIEW", "fromStatus": "APPLIED", "positionId": "d45805c9-c04f-4f5a-8beb-5cc970888e66", "candidateId": "218a39e0-c983-4d8b-89d2-6f5c4430ab4b", "applicationId": "b8738524-2e9c-46cc-ae1c-6cd5ff453cb2"}	2025-10-02 13:50:49.227
413c2610-786c-4f82-9831-e88f217c5696	097944c2-3582-4220-ade4-4a93ab404375	application.pipeline_move	{"toStatus": "INTERVIEW", "fromStatus": "APPLIED", "positionId": "d45805c9-c04f-4f5a-8beb-5cc970888e66", "candidateId": "a732da56-b4b8-4aa4-b89c-caeaa0d92950", "applicationId": "6ac6e946-337d-4553-8ea6-8bece7f77bc9"}	2025-10-02 13:50:49.229
cb7a576c-5753-4e74-b943-b57c9ec79f6a	097944c2-3582-4220-ade4-4a93ab404375	application.pipeline_move	{"toStatus": "INTERVIEW", "fromStatus": "APPLIED", "positionId": "d45805c9-c04f-4f5a-8beb-5cc970888e66", "candidateId": "da246a6f-5068-45c4-ac68-858f9604b3b0", "applicationId": "08ea3bb4-fb4f-471e-ba22-bbc054aa7285"}	2025-10-02 13:50:49.24
4ccf24ad-cb56-49e2-a540-a2e3751bc3a6	097944c2-3582-4220-ade4-4a93ab404375	application.pipeline_move	{"toStatus": "INTERVIEW", "fromStatus": "APPLIED", "positionId": "d45805c9-c04f-4f5a-8beb-5cc970888e66", "candidateId": "cda69bf4-a37e-4762-9359-ff195a119d1b", "applicationId": "647565e1-646d-4253-a894-730770b28ca5"}	2025-10-02 13:50:49.342
2947493d-b8bb-46df-b321-141ec50e2e4d	097944c2-3582-4220-ade4-4a93ab404375	application.pipeline_move	{"toStatus": "INTERVIEW", "fromStatus": "APPLIED", "positionId": "d45805c9-c04f-4f5a-8beb-5cc970888e66", "candidateId": "3861d479-8b19-40f9-a919-02b2e362ad92", "applicationId": "58850754-1669-48be-9c12-ab242cacc599"}	2025-10-02 13:50:49.345
83ec6df9-2488-4d4f-b5a7-585e45d25c2d	097944c2-3582-4220-ade4-4a93ab404375	application.pipeline_move	{"toStatus": "INTERVIEW", "fromStatus": "APPLIED", "positionId": "d45805c9-c04f-4f5a-8beb-5cc970888e66", "candidateId": "abb6fc07-327d-4590-a795-774429dbe67e", "applicationId": "1b4c6ed1-44ba-40a8-8055-e524d415cec3"}	2025-10-02 13:50:49.406
e41b9808-6c3d-4f09-8458-efd291a2a390	097944c2-3582-4220-ade4-4a93ab404375	application.pipeline_move	{"toStatus": "INTERVIEW", "fromStatus": "APPLIED", "positionId": "d45805c9-c04f-4f5a-8beb-5cc970888e66", "candidateId": "fb31c79f-9b91-47f9-af77-e6830d4e6dd3", "applicationId": "d56c1809-b64a-4434-ad0c-66b88ec781e9"}	2025-10-02 13:50:49.421
ec624b42-a290-470e-966f-4df6d999fdef	097944c2-3582-4220-ade4-4a93ab404375	application.pipeline_move	{"toStatus": "INTERVIEW", "fromStatus": "APPLIED", "positionId": "d45805c9-c04f-4f5a-8beb-5cc970888e66", "candidateId": "069e67a5-3f39-4b92-aca3-ce394a24a76c", "applicationId": "d7a2c3d6-c8ee-4add-a208-05d2c769e25e"}	2025-10-02 13:50:49.521
00ddadee-9bbc-42e7-bd17-b7c8f76cd2c1	097944c2-3582-4220-ade4-4a93ab404375	application.pipeline_move	{"toStatus": "INTERVIEW", "fromStatus": "APPLIED", "positionId": "d45805c9-c04f-4f5a-8beb-5cc970888e66", "candidateId": "4ffe1be4-77d1-4b27-9714-fffc0e2492c5", "applicationId": "66d3a7b3-f10a-4a71-9755-eecda5865f2c"}	2025-10-02 13:50:49.533
088eeea2-ae3c-4626-9875-1a19b99e316e	097944c2-3582-4220-ade4-4a93ab404375	application.pipeline_move	{"toStatus": "INTERVIEW", "fromStatus": "APPLIED", "positionId": "d45805c9-c04f-4f5a-8beb-5cc970888e66", "candidateId": "3db0ab0f-8290-4770-ac5c-c48ef0132e65", "applicationId": "749b688e-02c5-4c11-9c49-d2eb778fed40"}	2025-10-02 13:50:49.544
e17e6076-c946-4dfd-9606-501ad3a7127a	097944c2-3582-4220-ade4-4a93ab404375	application.pipeline_move	{"toStatus": "INTERVIEW", "fromStatus": "APPLIED", "positionId": "d45805c9-c04f-4f5a-8beb-5cc970888e66", "candidateId": "00576537-9d89-47cf-b826-4851a02098d9", "applicationId": "2efa1885-a188-4e8b-a704-500828b90fe1"}	2025-10-02 13:50:49.701
b61fb551-a28b-4a25-ad45-2641d9b0a68c	097944c2-3582-4220-ade4-4a93ab404375	application.pipeline_move	{"toStatus": "INTERVIEW", "fromStatus": "APPLIED", "positionId": "d45805c9-c04f-4f5a-8beb-5cc970888e66", "candidateId": "5d0382d0-3b14-4d4b-90da-081462adef0a", "applicationId": "a49743c8-9b3f-4dab-bc2d-fb9df48692b6"}	2025-10-02 13:50:49.722
bdfb5728-ca32-4490-a1c2-7c11ef0c3b65	097944c2-3582-4220-ade4-4a93ab404375	application.pipeline_move	{"toStatus": "INTERVIEW", "fromStatus": "APPLIED", "positionId": "d45805c9-c04f-4f5a-8beb-5cc970888e66", "candidateId": "e039118f-1ef1-41f2-860b-9b1482b925ae", "applicationId": "c1490f2c-9f31-4e16-8632-cd61bbc9e230"}	2025-10-02 13:50:49.741
b5330e05-5f1b-4e08-86db-aeaf6d66da94	097944c2-3582-4220-ade4-4a93ab404375	application.pipeline_move	{"toStatus": "INTERVIEW", "fromStatus": "APPLIED", "positionId": "d45805c9-c04f-4f5a-8beb-5cc970888e66", "candidateId": "370f44d2-5777-4a62-91e8-f8673b10e320", "applicationId": "8bcd7335-350e-4246-8670-bda034b7d967"}	2025-10-02 13:50:49.852
5359b509-1a37-474c-ab20-bfef73419ee0	097944c2-3582-4220-ade4-4a93ab404375	application.pipeline_move	{"toStatus": "INTERVIEW", "fromStatus": "APPLIED", "positionId": "d45805c9-c04f-4f5a-8beb-5cc970888e66", "candidateId": "037aa7ce-c47e-4cd1-97ba-5a905197aa06", "applicationId": "dc3ce1e6-374c-4e6e-bc34-fc731056a7c1"}	2025-10-02 13:50:49.921
e34b7d89-32a7-42e5-bdb6-fac602b88bd0	097944c2-3582-4220-ade4-4a93ab404375	application.pipeline_move	{"toStatus": "INTERVIEW", "fromStatus": "APPLIED", "positionId": "d45805c9-c04f-4f5a-8beb-5cc970888e66", "candidateId": "be0be8e4-eae8-49cb-897f-e3d5d955affa", "applicationId": "106ffe7d-c067-4b9f-9fdb-59f4473396c5"}	2025-10-02 13:50:49.956
c4225968-99a3-42e4-a598-63987dac074d	097944c2-3582-4220-ade4-4a93ab404375	application.pipeline_move	{"toStatus": "INTERVIEW", "fromStatus": "APPLIED", "positionId": "d45805c9-c04f-4f5a-8beb-5cc970888e66", "candidateId": "afafa09c-54e7-4fb5-b93d-72567ce63e7e", "applicationId": "95c02c47-055f-4ef8-947e-006d7624bfbd"}	2025-10-02 13:50:49.289
3dccdee7-60c6-4d74-8973-66de39c6d66f	097944c2-3582-4220-ade4-4a93ab404375	application.pipeline_move	{"toStatus": "INTERVIEW", "fromStatus": "APPLIED", "positionId": "d45805c9-c04f-4f5a-8beb-5cc970888e66", "candidateId": "140ff36d-5a36-4f7d-8155-c1a0159ffe61", "applicationId": "d84b0eb2-103d-4464-98a0-028071f51173"}	2025-10-02 13:50:49.342
a2a04a80-96d7-426d-82e6-36520688f616	097944c2-3582-4220-ade4-4a93ab404375	application.pipeline_move	{"toStatus": "INTERVIEW", "fromStatus": "APPLIED", "positionId": "d45805c9-c04f-4f5a-8beb-5cc970888e66", "candidateId": "2ad8bd28-9b3b-496e-a212-fa8cba963cbf", "applicationId": "1308a78f-f947-4b1c-90fc-0e0d3bc2c6c4"}	2025-10-02 13:50:49.463
1cbe1cb2-cc0a-4011-8c76-e619a5a93e9d	097944c2-3582-4220-ade4-4a93ab404375	application.pipeline_move	{"toStatus": "INTERVIEW", "fromStatus": "APPLIED", "positionId": "d45805c9-c04f-4f5a-8beb-5cc970888e66", "candidateId": "ad1f53dd-30de-4a4a-8f5b-4c4976e39ce6", "applicationId": "0bbaa9ed-170b-42aa-9ccf-10196ce355be"}	2025-10-02 13:50:49.562
10e52064-531c-403c-89f5-3f232595f24f	097944c2-3582-4220-ade4-4a93ab404375	application.pipeline_move	{"toStatus": "INTERVIEW", "fromStatus": "APPLIED", "positionId": "d45805c9-c04f-4f5a-8beb-5cc970888e66", "candidateId": "b21156f9-1188-4ab4-9edb-429db0b08623", "applicationId": "e8982ca6-098b-4eab-baca-d01c9ca34ed8"}	2025-10-02 13:50:49.6
a248becf-b1b6-498e-b8bd-0dcab1974ec8	097944c2-3582-4220-ade4-4a93ab404375	application.pipeline_move	{"toStatus": "INTERVIEW", "fromStatus": "APPLIED", "positionId": "d45805c9-c04f-4f5a-8beb-5cc970888e66", "candidateId": "b379ad58-2704-454a-83eb-d6453048d11e", "applicationId": "c77d98b8-7d8a-46c4-bc2b-00b51e0c23bb"}	2025-10-02 13:50:49.807
4f334279-c940-4b94-b28b-93b428100b95	097944c2-3582-4220-ade4-4a93ab404375	application.pipeline_move	{"toStatus": "INTERVIEW", "fromStatus": "APPLIED", "positionId": "d45805c9-c04f-4f5a-8beb-5cc970888e66", "candidateId": "35cce8d5-2a33-498f-ad9d-dee7c29828fa", "applicationId": "33fb7439-ac68-4cbf-b731-a9016dcfdda2"}	2025-10-02 13:50:49.818
777150c3-d982-4374-be58-98e9c10c6b0a	097944c2-3582-4220-ade4-4a93ab404375	application.pipeline_move	{"toStatus": "INTERVIEW", "fromStatus": "APPLIED", "positionId": "d45805c9-c04f-4f5a-8beb-5cc970888e66", "candidateId": "bd61f5a5-dff7-474d-9cab-8075c10c9534", "applicationId": "a95db103-db69-43b1-b815-362c593774e5"}	2025-10-02 13:50:49.865
43475283-d2c8-4fa1-8fe4-1d6b03bce821	097944c2-3582-4220-ade4-4a93ab404375	application.pipeline_move	{"toStatus": "INTERVIEW", "fromStatus": "APPLIED", "positionId": "d45805c9-c04f-4f5a-8beb-5cc970888e66", "candidateId": "cbfc7be2-ce15-40d0-8ebc-a3d83e306072", "applicationId": "97ea77cd-84dc-4ec9-832f-e488c239ee7a"}	2025-10-02 13:50:49.954
bedff391-2823-4997-b0c7-40f3334390d9	097944c2-3582-4220-ade4-4a93ab404375	application.pipeline_move	{"toStatus": "INTERVIEW", "fromStatus": "APPLIED", "positionId": "d45805c9-c04f-4f5a-8beb-5cc970888e66", "candidateId": "cfb8bc9f-2834-4b01-a5f2-6296abfd69ca", "applicationId": "677d85ed-7793-451a-92a3-284071dd70c0"}	2025-10-02 13:50:49.316
b56c60b6-cd90-48cc-830e-6668067af5ef	097944c2-3582-4220-ade4-4a93ab404375	application.pipeline_move	{"toStatus": "INTERVIEW", "fromStatus": "APPLIED", "positionId": "d45805c9-c04f-4f5a-8beb-5cc970888e66", "candidateId": "7e378343-ca34-4a3a-be9a-2089c3961248", "applicationId": "20cdacda-b0e9-4281-9d0e-daf0f8896230"}	2025-10-02 13:50:49.364
673ffb50-a520-4dee-ac15-c4043946ec27	097944c2-3582-4220-ade4-4a93ab404375	application.pipeline_move	{"toStatus": "INTERVIEW", "fromStatus": "APPLIED", "positionId": "d45805c9-c04f-4f5a-8beb-5cc970888e66", "candidateId": "d68c44c7-ce1d-4fc7-ad19-b5ad6299b3be", "applicationId": "27229312-0f93-4d0a-b883-e694f53051ba"}	2025-10-02 13:50:49.436
80b38ec9-e45d-4b8e-b132-c6528556d224	097944c2-3582-4220-ade4-4a93ab404375	application.pipeline_move	{"toStatus": "INTERVIEW", "fromStatus": "APPLIED", "positionId": "d45805c9-c04f-4f5a-8beb-5cc970888e66", "candidateId": "8824c579-23c5-4b4f-bd02-5f9c11056c2f", "applicationId": "0d2ac268-62b1-4828-a498-534ca65b089b"}	2025-10-02 13:50:49.438
08c00814-0b43-4d36-bf09-fb88e3887bb9	097944c2-3582-4220-ade4-4a93ab404375	application.pipeline_move	{"toStatus": "INTERVIEW", "fromStatus": "APPLIED", "positionId": "d45805c9-c04f-4f5a-8beb-5cc970888e66", "candidateId": "565c06d6-7f63-45d1-96b5-c84cef93ec0c", "applicationId": "d03424b7-b669-4518-bc35-c327717bc20c"}	2025-10-02 13:50:49.564
ca24afa4-2407-4e8c-ac67-546f8ca71f9f	097944c2-3582-4220-ade4-4a93ab404375	application.pipeline_move	{"toStatus": "INTERVIEW", "fromStatus": "APPLIED", "positionId": "d45805c9-c04f-4f5a-8beb-5cc970888e66", "candidateId": "f378363c-58cf-4842-b51f-8d2ab99ebab4", "applicationId": "89596bd5-ba09-4450-8b69-bf1ecc89cd5e"}	2025-10-02 13:50:49.607
ac22e37c-5077-43e6-930b-86c8f1c8c8da	097944c2-3582-4220-ade4-4a93ab404375	application.pipeline_move	{"toStatus": "INTERVIEW", "fromStatus": "APPLIED", "positionId": "d45805c9-c04f-4f5a-8beb-5cc970888e66", "candidateId": "7de22de4-6d30-422c-9ff2-fc09300373e3", "applicationId": "2bc7b061-2373-4d2e-baef-f02dfbd3162a"}	2025-10-02 13:50:49.681
1227bb57-5a0c-4d2f-a740-8eb57fcb777a	097944c2-3582-4220-ade4-4a93ab404375	application.pipeline_move	{"toStatus": "INTERVIEW", "fromStatus": "APPLIED", "positionId": "d45805c9-c04f-4f5a-8beb-5cc970888e66", "candidateId": "9f531627-be67-4193-8a9a-960a9400cd7a", "applicationId": "13188435-b8e8-4cc8-a4a6-912bc03f5be7"}	2025-10-02 13:50:49.689
5198c00b-eef8-482a-9a73-4fe3ae7e6bb6	097944c2-3582-4220-ade4-4a93ab404375	application.pipeline_move	{"toStatus": "INTERVIEW", "fromStatus": "APPLIED", "positionId": "d45805c9-c04f-4f5a-8beb-5cc970888e66", "candidateId": "a7b250f8-63ed-48d8-8d9d-f3838b389cea", "applicationId": "f609540e-88a3-449d-b448-aa5803e5aad4"}	2025-10-02 13:50:49.725
51edaced-9815-439a-a8b1-20c1359695ed	097944c2-3582-4220-ade4-4a93ab404375	application.pipeline_move	{"toStatus": "INTERVIEW", "fromStatus": "APPLIED", "positionId": "d45805c9-c04f-4f5a-8beb-5cc970888e66", "candidateId": "fb331e48-8cc8-4365-8056-28757c252c21", "applicationId": "0e737c4a-cc3c-4999-bdb3-c7ee41534f97"}	2025-10-02 13:50:49.728
5e8dc0bd-5a70-4e8b-ac8c-8bdf1e66d17f	097944c2-3582-4220-ade4-4a93ab404375	application.pipeline_move	{"toStatus": "INTERVIEW", "fromStatus": "APPLIED", "positionId": "d45805c9-c04f-4f5a-8beb-5cc970888e66", "candidateId": "3549d64e-a3fc-4e5a-91a5-9d8246c6390f", "applicationId": "46498ff7-3856-49d9-99fc-984be828a10c"}	2025-10-02 13:50:49.825
512989af-5f5b-4be3-8598-4aa8d6fc7ab2	097944c2-3582-4220-ade4-4a93ab404375	application.pipeline_move	{"toStatus": "INTERVIEW", "fromStatus": "APPLIED", "positionId": "d45805c9-c04f-4f5a-8beb-5cc970888e66", "candidateId": "66e6b376-35c3-45d7-95de-ae597f2ccd61", "applicationId": "7a0c0e72-c55e-479b-ba70-2056a2505179"}	2025-10-02 13:50:49.852
e7edd612-cce6-43d6-8a32-eacccbf7151d	097944c2-3582-4220-ade4-4a93ab404375	application.pipeline_move	{"toStatus": "INTERVIEW", "fromStatus": "APPLIED", "positionId": "d45805c9-c04f-4f5a-8beb-5cc970888e66", "candidateId": "606cb6f5-6dc9-4198-b686-c31957f7f164", "applicationId": "059b6c1d-3234-41b1-81ad-236c70e1ffe9"}	2025-10-02 13:50:49.855
8d530d05-266a-453b-bb6b-257669a394fd	097944c2-3582-4220-ade4-4a93ab404375	application.pipeline_move	{"toStatus": "INTERVIEW", "fromStatus": "APPLIED", "positionId": "d45805c9-c04f-4f5a-8beb-5cc970888e66", "candidateId": "d17cc2d0-0a44-40e0-a7e4-82f3c2238a56", "applicationId": "754b1d3d-af20-42c1-a389-c87824473ba6"}	2025-10-02 13:50:49.921
38769a90-b2e9-407c-8daf-238357fe92cf	097944c2-3582-4220-ade4-4a93ab404375	application.pipeline_move	{"toStatus": "INTERVIEW", "fromStatus": "APPLIED", "positionId": "d45805c9-c04f-4f5a-8beb-5cc970888e66", "candidateId": "9d569083-7e3b-42a9-b9ed-a10a12641f8c", "applicationId": "c4cd1cc9-1c2d-4199-ab4f-752d6a28dec5"}	2025-10-02 13:50:49.448
5788e746-2831-482d-8ae3-4cda72f6b2eb	097944c2-3582-4220-ade4-4a93ab404375	application.pipeline_move	{"toStatus": "INTERVIEW", "fromStatus": "APPLIED", "positionId": "d45805c9-c04f-4f5a-8beb-5cc970888e66", "candidateId": "72b1817c-33f5-44c4-9ad7-637f321d51e6", "applicationId": "82afe996-d4a5-462f-9c03-dc3320fb8f69"}	2025-10-02 13:50:49.94
6f503dda-081a-4e8e-bbc3-ef96952c730c	097944c2-3582-4220-ade4-4a93ab404375	application.pipeline_move	{"toStatus": "INTERVIEW", "fromStatus": "APPLIED", "positionId": "d45805c9-c04f-4f5a-8beb-5cc970888e66", "candidateId": "fade4d92-513f-4eec-adeb-3199390d0b44", "applicationId": "90899029-5857-48bc-8645-c5288fffbbef"}	2025-10-02 13:50:49.966
b5037c27-8e58-49fc-8623-d1bd89984b81	097944c2-3582-4220-ade4-4a93ab404375	application.pipeline_move	{"toStatus": "INTERVIEW", "fromStatus": "APPLIED", "positionId": "d45805c9-c04f-4f5a-8beb-5cc970888e66", "candidateId": "a711d191-564e-478d-b9a7-73d4d50b427b", "applicationId": "82536a41-d957-4820-a42e-7bb74d98a1bf"}	2025-10-02 13:50:50.003
6b184c79-e264-465b-94e8-a1e274406003	097944c2-3582-4220-ade4-4a93ab404375	application.pipeline_move	{"toStatus": "INTERVIEW", "fromStatus": "APPLIED", "positionId": "d45805c9-c04f-4f5a-8beb-5cc970888e66", "candidateId": "f35b79b3-a43a-4aef-aa00-a855e625b689", "applicationId": "8375a874-285a-48d0-b0f7-8bbec4311d35"}	2025-10-02 13:50:49.968
33d505ad-bdd2-4a91-9344-2f15a89ed483	097944c2-3582-4220-ade4-4a93ab404375	application.pipeline_move	{"toStatus": "INTERVIEW", "fromStatus": "APPLIED", "positionId": "d45805c9-c04f-4f5a-8beb-5cc970888e66", "candidateId": "10ef0a89-f235-4380-b1e3-b788ea0485c8", "applicationId": "45a61c3c-1575-4b9c-bdaf-7c89c76558c1"}	2025-10-02 13:50:50.003
d6a0a845-b2bb-4b0f-a5d8-0ef7700fd14f	097944c2-3582-4220-ade4-4a93ab404375	application.pipeline_move	{"toStatus": "INTERVIEW", "fromStatus": "APPLIED", "positionId": "d45805c9-c04f-4f5a-8beb-5cc970888e66", "candidateId": "243d4130-0256-4a3e-89f5-c99888237c0f", "applicationId": "e20ead25-4eef-4800-94cd-bd139aa8d1ff"}	2025-10-02 13:50:50.007
a2df8ed2-68e0-457b-a537-028c7003694f	097944c2-3582-4220-ade4-4a93ab404375	application.pipeline_move	{"toStatus": "APPLIED", "fromStatus": "INTERVIEW", "positionId": "d45805c9-c04f-4f5a-8beb-5cc970888e66", "candidateId": "5034a509-ce95-478e-aa32-50d488824d43", "applicationId": "e491bdb6-10c4-46e5-92ed-0952e58462b3"}	2025-10-02 13:50:55.186
7ca52ec0-ee93-47af-b73e-01b70997b4ab	097944c2-3582-4220-ade4-4a93ab404375	application.pipeline_move	{"toStatus": "APPLIED", "fromStatus": "INTERVIEW", "positionId": "d45805c9-c04f-4f5a-8beb-5cc970888e66", "candidateId": "4d2e4083-1c8a-4cb4-9059-684f4261022f", "applicationId": "9e9124d8-513a-4f81-963e-9648e3dbb161"}	2025-10-02 13:51:01.719
0e47bfc0-d87f-48a8-931f-2262a07a2081	097944c2-3582-4220-ade4-4a93ab404375	application.pipeline_move	{"toStatus": "APPLIED", "fromStatus": "INTERVIEW", "positionId": "d45805c9-c04f-4f5a-8beb-5cc970888e66", "candidateId": "8d74ab50-e54f-496a-bc68-0080dd6ca47b", "applicationId": "c5667006-1c6b-4243-b9af-3d077485d47c"}	2025-10-02 13:51:01.777
1b8ebcc4-f277-4669-8b9d-bb9b2a02a753	097944c2-3582-4220-ade4-4a93ab404375	application.pipeline_move	{"toStatus": "APPLIED", "fromStatus": "INTERVIEW", "positionId": "d45805c9-c04f-4f5a-8beb-5cc970888e66", "candidateId": "7ba7ad8b-afd2-4b5c-a760-5bead199f982", "applicationId": "c1ca635a-a23f-4c99-b35d-b22a709afa9e"}	2025-10-02 13:51:01.782
678d4775-54c8-4ac6-a2dc-79a3dd7ad6bd	097944c2-3582-4220-ade4-4a93ab404375	application.pipeline_move	{"toStatus": "APPLIED", "fromStatus": "INTERVIEW", "positionId": "d45805c9-c04f-4f5a-8beb-5cc970888e66", "candidateId": "2a83d7bd-e859-4f23-b8e5-3f558e644f88", "applicationId": "69ca57f6-9578-4a15-8884-27fde40aefab"}	2025-10-02 13:51:01.806
e62d0788-e00e-4670-9003-9322a1228608	097944c2-3582-4220-ade4-4a93ab404375	application.pipeline_move	{"toStatus": "APPLIED", "fromStatus": "INTERVIEW", "positionId": "d45805c9-c04f-4f5a-8beb-5cc970888e66", "candidateId": "2d5712cd-df92-406a-ada3-6a94e6978804", "applicationId": "9718e62c-3116-4d26-9301-4a9b16fbe9ff"}	2025-10-02 13:51:01.827
a49d6291-c7af-424e-8276-c5fc4c140362	097944c2-3582-4220-ade4-4a93ab404375	application.pipeline_move	{"toStatus": "APPLIED", "fromStatus": "INTERVIEW", "positionId": "d45805c9-c04f-4f5a-8beb-5cc970888e66", "candidateId": "b0d45dea-33da-4469-b881-1a407fd76a7c", "applicationId": "fcbad96d-f5e9-4ee3-bcfc-5216643979c3"}	2025-10-02 13:51:01.834
b534482f-378d-485c-aa07-67c3f4f59436	097944c2-3582-4220-ade4-4a93ab404375	application.pipeline_move	{"toStatus": "APPLIED", "fromStatus": "INTERVIEW", "positionId": "d45805c9-c04f-4f5a-8beb-5cc970888e66", "candidateId": "0939e3b5-36cb-44d9-9e9a-f70bbed5bd60", "applicationId": "555f4ac6-d0bd-4d21-8a33-fc245436684e"}	2025-10-02 13:51:01.842
42fed8e5-3d14-4028-ab01-4a4a160a64c5	097944c2-3582-4220-ade4-4a93ab404375	application.pipeline_move	{"toStatus": "APPLIED", "fromStatus": "INTERVIEW", "positionId": "d45805c9-c04f-4f5a-8beb-5cc970888e66", "candidateId": "8f5737c1-535d-4d86-b6f2-a27a8ce61e4f", "applicationId": "3b4fd339-165b-4956-89d9-dae587453eb7"}	2025-10-02 13:51:01.843
771cb465-0ea4-483d-8ff0-4e5caffcd71e	097944c2-3582-4220-ade4-4a93ab404375	application.pipeline_move	{"toStatus": "APPLIED", "fromStatus": "INTERVIEW", "positionId": "d45805c9-c04f-4f5a-8beb-5cc970888e66", "candidateId": "cd7f124b-4b13-4fd1-8928-8de30a912b1c", "applicationId": "53c40e32-ab63-4eba-b812-316dc46ee11b"}	2025-10-02 13:51:01.852
9f3700e7-3d2e-4b75-b67c-5ce9d962adb2	097944c2-3582-4220-ade4-4a93ab404375	application.pipeline_move	{"toStatus": "APPLIED", "fromStatus": "INTERVIEW", "positionId": "d45805c9-c04f-4f5a-8beb-5cc970888e66", "candidateId": "cda69bf4-a37e-4762-9359-ff195a119d1b", "applicationId": "647565e1-646d-4253-a894-730770b28ca5"}	2025-10-02 13:51:01.871
0d7136db-4649-4be6-a745-8f5bd81052d2	097944c2-3582-4220-ade4-4a93ab404375	application.pipeline_move	{"toStatus": "APPLIED", "fromStatus": "INTERVIEW", "positionId": "d45805c9-c04f-4f5a-8beb-5cc970888e66", "candidateId": "22af8b6b-293b-4de6-926b-d8833f162af0", "applicationId": "975ceab1-6396-4811-b626-5db96dda02b4"}	2025-10-02 13:51:01.966
a4000846-f9f8-4314-9c9d-d2c9169f0937	097944c2-3582-4220-ade4-4a93ab404375	application.pipeline_move	{"toStatus": "APPLIED", "fromStatus": "INTERVIEW", "positionId": "d45805c9-c04f-4f5a-8beb-5cc970888e66", "candidateId": "db3dd493-17a1-4d47-855c-d4f83070a9d6", "applicationId": "3f67831f-8f2d-4cc5-b904-bbc7aff8b972"}	2025-10-02 13:51:01.966
76c37774-05ea-4917-bd97-d31eb26e007a	097944c2-3582-4220-ade4-4a93ab404375	application.pipeline_move	{"toStatus": "APPLIED", "fromStatus": "INTERVIEW", "positionId": "d45805c9-c04f-4f5a-8beb-5cc970888e66", "candidateId": "ea28e31f-a7c4-4183-beee-41b0f8487f2b", "applicationId": "35ecee04-4083-4886-91eb-cf937d6091aa"}	2025-10-02 13:51:01.979
30a20d48-a9aa-484c-a19a-556f5126a9ac	097944c2-3582-4220-ade4-4a93ab404375	application.pipeline_move	{"toStatus": "APPLIED", "fromStatus": "INTERVIEW", "positionId": "d45805c9-c04f-4f5a-8beb-5cc970888e66", "candidateId": "a6750810-2200-4f04-82a4-d09fb400bc31", "applicationId": "377fd2d7-bdc6-466c-badb-1ea670ebfac6"}	2025-10-02 13:51:01.987
28a0d5de-0c54-4c32-9849-9da4c3d4ad3d	097944c2-3582-4220-ade4-4a93ab404375	application.pipeline_move	{"toStatus": "APPLIED", "fromStatus": "INTERVIEW", "positionId": "d45805c9-c04f-4f5a-8beb-5cc970888e66", "candidateId": "8ced66b9-598d-4c38-a296-6d8afbc2fc21", "applicationId": "51b62cdc-f8e7-4b98-b1af-18da51307fac"}	2025-10-02 13:51:01.993
2af90f32-1e1e-4382-8dcc-fcec235dc1d3	097944c2-3582-4220-ade4-4a93ab404375	application.pipeline_move	{"toStatus": "APPLIED", "fromStatus": "INTERVIEW", "positionId": "d45805c9-c04f-4f5a-8beb-5cc970888e66", "candidateId": "2549315c-952f-4cbc-9c4a-e9ed3c895ade", "applicationId": "1d4e82c0-b3d3-4d3e-9861-488030a4cc4f"}	2025-10-02 13:51:02.028
bc554ace-7f61-41be-b699-dcde2f94f799	097944c2-3582-4220-ade4-4a93ab404375	application.pipeline_move	{"toStatus": "APPLIED", "fromStatus": "INTERVIEW", "positionId": "d45805c9-c04f-4f5a-8beb-5cc970888e66", "candidateId": "ffa1f54c-0b64-4d46-89c7-c571ae6e6a7e", "applicationId": "ef81886c-45a3-4a8b-a002-480e0b2da804"}	2025-10-02 13:51:02.03
8b5096b7-13cd-4542-813b-d5df48945075	097944c2-3582-4220-ade4-4a93ab404375	application.pipeline_move	{"toStatus": "APPLIED", "fromStatus": "INTERVIEW", "positionId": "d45805c9-c04f-4f5a-8beb-5cc970888e66", "candidateId": "47408cd2-3d60-4568-beac-3bedc2f9e43c", "applicationId": "dcd56a3b-3cbc-40e1-9a2d-71dfc8aeb97b"}	2025-10-02 13:51:02.096
730c1ad8-e8d1-40a4-b73a-4641ed42f2a8	097944c2-3582-4220-ade4-4a93ab404375	application.pipeline_move	{"toStatus": "APPLIED", "fromStatus": "INTERVIEW", "positionId": "d45805c9-c04f-4f5a-8beb-5cc970888e66", "candidateId": "218a39e0-c983-4d8b-89d2-6f5c4430ab4b", "applicationId": "b8738524-2e9c-46cc-ae1c-6cd5ff453cb2"}	2025-10-02 13:51:02.099
e76fe2a0-20bd-4194-8a73-d75508f8a0cb	097944c2-3582-4220-ade4-4a93ab404375	application.pipeline_move	{"toStatus": "APPLIED", "fromStatus": "INTERVIEW", "positionId": "d45805c9-c04f-4f5a-8beb-5cc970888e66", "candidateId": "cfb8bc9f-2834-4b01-a5f2-6296abfd69ca", "applicationId": "677d85ed-7793-451a-92a3-284071dd70c0"}	2025-10-02 13:51:02.147
6a6e0603-7937-4b6c-ad24-d0e83407c407	097944c2-3582-4220-ade4-4a93ab404375	application.pipeline_move	{"toStatus": "APPLIED", "fromStatus": "INTERVIEW", "positionId": "d45805c9-c04f-4f5a-8beb-5cc970888e66", "candidateId": "d68c44c7-ce1d-4fc7-ad19-b5ad6299b3be", "applicationId": "27229312-0f93-4d0a-b883-e694f53051ba"}	2025-10-02 13:51:02.221
81d31ecf-ef34-4bfa-a67e-a72fc599e407	097944c2-3582-4220-ade4-4a93ab404375	application.pipeline_move	{"toStatus": "APPLIED", "fromStatus": "INTERVIEW", "positionId": "d45805c9-c04f-4f5a-8beb-5cc970888e66", "candidateId": "9d569083-7e3b-42a9-b9ed-a10a12641f8c", "applicationId": "c4cd1cc9-1c2d-4199-ab4f-752d6a28dec5"}	2025-10-02 13:51:02.265
1237cb0e-b598-45ea-be84-b322c336e881	097944c2-3582-4220-ade4-4a93ab404375	application.pipeline_move	{"toStatus": "APPLIED", "fromStatus": "INTERVIEW", "positionId": "d45805c9-c04f-4f5a-8beb-5cc970888e66", "candidateId": "565c06d6-7f63-45d1-96b5-c84cef93ec0c", "applicationId": "d03424b7-b669-4518-bc35-c327717bc20c"}	2025-10-02 13:51:02.358
3a07dd78-61c3-4a8b-9307-e3234e2c202f	097944c2-3582-4220-ade4-4a93ab404375	application.pipeline_move	{"toStatus": "APPLIED", "fromStatus": "INTERVIEW", "positionId": "d45805c9-c04f-4f5a-8beb-5cc970888e66", "candidateId": "f378363c-58cf-4842-b51f-8d2ab99ebab4", "applicationId": "89596bd5-ba09-4450-8b69-bf1ecc89cd5e"}	2025-10-02 13:51:02.378
191bdec4-a188-4219-8b77-6734e47ecca7	097944c2-3582-4220-ade4-4a93ab404375	application.pipeline_move	{"toStatus": "APPLIED", "fromStatus": "INTERVIEW", "positionId": "d45805c9-c04f-4f5a-8beb-5cc970888e66", "candidateId": "7de22de4-6d30-422c-9ff2-fc09300373e3", "applicationId": "2bc7b061-2373-4d2e-baef-f02dfbd3162a"}	2025-10-02 13:51:02.381
597596c4-a5cd-4aea-a775-8c7fb78b104b	097944c2-3582-4220-ade4-4a93ab404375	application.pipeline_move	{"toStatus": "APPLIED", "fromStatus": "INTERVIEW", "positionId": "d45805c9-c04f-4f5a-8beb-5cc970888e66", "candidateId": "bd61f5a5-dff7-474d-9cab-8075c10c9534", "applicationId": "a95db103-db69-43b1-b815-362c593774e5"}	2025-10-02 13:51:02.575
e826d0a2-f004-4c06-8ea7-889a99e76a0c	097944c2-3582-4220-ade4-4a93ab404375	application.pipeline_move	{"toStatus": "APPLIED", "fromStatus": "INTERVIEW", "positionId": "d45805c9-c04f-4f5a-8beb-5cc970888e66", "candidateId": "d17cc2d0-0a44-40e0-a7e4-82f3c2238a56", "applicationId": "754b1d3d-af20-42c1-a389-c87824473ba6"}	2025-10-02 13:51:02.582
5d1341e9-c123-43d2-ae8a-c44589cfc2bf	097944c2-3582-4220-ade4-4a93ab404375	application.pipeline_move	{"toStatus": "APPLIED", "fromStatus": "INTERVIEW", "positionId": "d45805c9-c04f-4f5a-8beb-5cc970888e66", "candidateId": "037aa7ce-c47e-4cd1-97ba-5a905197aa06", "applicationId": "dc3ce1e6-374c-4e6e-bc34-fc731056a7c1"}	2025-10-02 13:51:02.594
2bee646b-47e1-46e3-af09-c135949e7812	097944c2-3582-4220-ade4-4a93ab404375	application.pipeline_move	{"toStatus": "APPLIED", "fromStatus": "INTERVIEW", "positionId": "d45805c9-c04f-4f5a-8beb-5cc970888e66", "candidateId": "72b1817c-33f5-44c4-9ad7-637f321d51e6", "applicationId": "82afe996-d4a5-462f-9c03-dc3320fb8f69"}	2025-10-02 13:51:02.645
c4f8e7c9-d103-4e14-9df8-134a9ba13b35	097944c2-3582-4220-ade4-4a93ab404375	application.pipeline_move	{"toStatus": "APPLIED", "fromStatus": "INTERVIEW", "positionId": "d45805c9-c04f-4f5a-8beb-5cc970888e66", "candidateId": "cbfc7be2-ce15-40d0-8ebc-a3d83e306072", "applicationId": "97ea77cd-84dc-4ec9-832f-e488c239ee7a"}	2025-10-02 13:51:02.659
baa80ef3-f689-4bd3-9a25-ce5bd620de0f	097944c2-3582-4220-ade4-4a93ab404375	application.pipeline_move	{"toStatus": "APPLIED", "fromStatus": "INTERVIEW", "positionId": "d45805c9-c04f-4f5a-8beb-5cc970888e66", "candidateId": "be0be8e4-eae8-49cb-897f-e3d5d955affa", "applicationId": "106ffe7d-c067-4b9f-9fdb-59f4473396c5"}	2025-10-02 13:51:02.661
6c3b3109-30c9-4eb0-8003-44f169ab57c2	097944c2-3582-4220-ade4-4a93ab404375	application.pipeline_move	{"toStatus": "APPLIED", "fromStatus": "INTERVIEW", "positionId": "d45805c9-c04f-4f5a-8beb-5cc970888e66", "candidateId": "a711d191-564e-478d-b9a7-73d4d50b427b", "applicationId": "82536a41-d957-4820-a42e-7bb74d98a1bf"}	2025-10-02 13:51:02.688
107458bf-34fb-4cd7-beef-364d85e0d7c9	097944c2-3582-4220-ade4-4a93ab404375	application.pipeline_move	{"toStatus": "APPLIED", "fromStatus": "INTERVIEW", "positionId": "d45805c9-c04f-4f5a-8beb-5cc970888e66", "candidateId": "a732da56-b4b8-4aa4-b89c-caeaa0d92950", "applicationId": "6ac6e946-337d-4553-8ea6-8bece7f77bc9"}	2025-10-02 13:51:02.105
bddb6577-0ccd-4955-bcf7-c8a2ce127be2	097944c2-3582-4220-ade4-4a93ab404375	application.pipeline_move	{"toStatus": "APPLIED", "fromStatus": "INTERVIEW", "positionId": "d45805c9-c04f-4f5a-8beb-5cc970888e66", "candidateId": "140ff36d-5a36-4f7d-8155-c1a0159ffe61", "applicationId": "d84b0eb2-103d-4464-98a0-028071f51173"}	2025-10-02 13:51:02.178
d651a03d-b791-48e5-872f-68e5536cb08e	097944c2-3582-4220-ade4-4a93ab404375	application.pipeline_move	{"toStatus": "APPLIED", "fromStatus": "INTERVIEW", "positionId": "d45805c9-c04f-4f5a-8beb-5cc970888e66", "candidateId": "abb6fc07-327d-4590-a795-774429dbe67e", "applicationId": "1b4c6ed1-44ba-40a8-8055-e524d415cec3"}	2025-10-02 13:51:02.202
d4197978-ccb8-4dc3-906b-a90ff22c03c2	097944c2-3582-4220-ade4-4a93ab404375	application.pipeline_move	{"toStatus": "APPLIED", "fromStatus": "INTERVIEW", "positionId": "d45805c9-c04f-4f5a-8beb-5cc970888e66", "candidateId": "2ad8bd28-9b3b-496e-a212-fa8cba963cbf", "applicationId": "1308a78f-f947-4b1c-90fc-0e0d3bc2c6c4"}	2025-10-02 13:51:02.278
02e79487-f29e-40aa-8920-c043f4f12fbd	097944c2-3582-4220-ade4-4a93ab404375	application.pipeline_move	{"toStatus": "APPLIED", "fromStatus": "INTERVIEW", "positionId": "d45805c9-c04f-4f5a-8beb-5cc970888e66", "candidateId": "ad1f53dd-30de-4a4a-8f5b-4c4976e39ce6", "applicationId": "0bbaa9ed-170b-42aa-9ccf-10196ce355be"}	2025-10-02 13:51:02.356
8ccb226a-d214-4f4a-9b22-6a4b4265cfbb	097944c2-3582-4220-ade4-4a93ab404375	application.pipeline_move	{"toStatus": "APPLIED", "fromStatus": "INTERVIEW", "positionId": "d45805c9-c04f-4f5a-8beb-5cc970888e66", "candidateId": "5d0382d0-3b14-4d4b-90da-081462adef0a", "applicationId": "a49743c8-9b3f-4dab-bc2d-fb9df48692b6"}	2025-10-02 13:51:02.449
4deea782-addb-4301-9427-efafcffbf528	097944c2-3582-4220-ade4-4a93ab404375	application.pipeline_move	{"toStatus": "APPLIED", "fromStatus": "INTERVIEW", "positionId": "d45805c9-c04f-4f5a-8beb-5cc970888e66", "candidateId": "a7b250f8-63ed-48d8-8d9d-f3838b389cea", "applicationId": "f609540e-88a3-449d-b448-aa5803e5aad4"}	2025-10-02 13:51:02.462
33722163-3e6c-414b-be2e-8e2cf548b511	097944c2-3582-4220-ade4-4a93ab404375	application.pipeline_move	{"toStatus": "APPLIED", "fromStatus": "INTERVIEW", "positionId": "d45805c9-c04f-4f5a-8beb-5cc970888e66", "candidateId": "b379ad58-2704-454a-83eb-d6453048d11e", "applicationId": "c77d98b8-7d8a-46c4-bc2b-00b51e0c23bb"}	2025-10-02 13:51:02.482
b6d3e751-6013-4a10-993d-216a09c48dbd	097944c2-3582-4220-ade4-4a93ab404375	application.pipeline_move	{"toStatus": "APPLIED", "fromStatus": "INTERVIEW", "positionId": "d45805c9-c04f-4f5a-8beb-5cc970888e66", "candidateId": "da246a6f-5068-45c4-ac68-858f9604b3b0", "applicationId": "08ea3bb4-fb4f-471e-ba22-bbc054aa7285"}	2025-10-02 13:51:02.109
55349fe7-7da3-47df-badf-f515f7302bfa	097944c2-3582-4220-ade4-4a93ab404375	application.pipeline_move	{"toStatus": "APPLIED", "fromStatus": "INTERVIEW", "positionId": "d45805c9-c04f-4f5a-8beb-5cc970888e66", "candidateId": "afafa09c-54e7-4fb5-b93d-72567ce63e7e", "applicationId": "95c02c47-055f-4ef8-947e-006d7624bfbd"}	2025-10-02 13:51:02.121
021b750c-89d2-4511-9352-37cc96146899	097944c2-3582-4220-ade4-4a93ab404375	application.pipeline_move	{"toStatus": "APPLIED", "fromStatus": "INTERVIEW", "positionId": "d45805c9-c04f-4f5a-8beb-5cc970888e66", "candidateId": "3861d479-8b19-40f9-a919-02b2e362ad92", "applicationId": "58850754-1669-48be-9c12-ab242cacc599"}	2025-10-02 13:51:02.198
f2fe644a-c6f0-4731-9c57-0fdef6363ca1	097944c2-3582-4220-ade4-4a93ab404375	application.pipeline_move	{"toStatus": "APPLIED", "fromStatus": "INTERVIEW", "positionId": "d45805c9-c04f-4f5a-8beb-5cc970888e66", "candidateId": "7e378343-ca34-4a3a-be9a-2089c3961248", "applicationId": "20cdacda-b0e9-4281-9d0e-daf0f8896230"}	2025-10-02 13:51:02.2
849d06d0-e07d-49d6-9f6b-9e33b9aefe7d	097944c2-3582-4220-ade4-4a93ab404375	application.pipeline_move	{"toStatus": "APPLIED", "fromStatus": "INTERVIEW", "positionId": "d45805c9-c04f-4f5a-8beb-5cc970888e66", "candidateId": "8824c579-23c5-4b4f-bd02-5f9c11056c2f", "applicationId": "0d2ac268-62b1-4828-a498-534ca65b089b"}	2025-10-02 13:51:02.264
8d0d8697-3af2-4f5d-9c6b-26852509e2da	097944c2-3582-4220-ade4-4a93ab404375	application.pipeline_move	{"toStatus": "APPLIED", "fromStatus": "INTERVIEW", "positionId": "d45805c9-c04f-4f5a-8beb-5cc970888e66", "candidateId": "069e67a5-3f39-4b92-aca3-ce394a24a76c", "applicationId": "d7a2c3d6-c8ee-4add-a208-05d2c769e25e"}	2025-10-02 13:51:02.285
2ca50b4e-f968-445d-81c0-ba1f2a340002	097944c2-3582-4220-ade4-4a93ab404375	application.pipeline_move	{"toStatus": "APPLIED", "fromStatus": "INTERVIEW", "positionId": "d45805c9-c04f-4f5a-8beb-5cc970888e66", "candidateId": "4ffe1be4-77d1-4b27-9714-fffc0e2492c5", "applicationId": "66d3a7b3-f10a-4a71-9755-eecda5865f2c"}	2025-10-02 13:51:02.298
e9ba07e2-5349-437a-93a2-544b4683daab	097944c2-3582-4220-ade4-4a93ab404375	application.pipeline_move	{"toStatus": "APPLIED", "fromStatus": "INTERVIEW", "positionId": "d45805c9-c04f-4f5a-8beb-5cc970888e66", "candidateId": "3db0ab0f-8290-4770-ac5c-c48ef0132e65", "applicationId": "749b688e-02c5-4c11-9c49-d2eb778fed40"}	2025-10-02 13:51:02.331
e5cfd84b-45d7-4ee0-9f40-afc5c8adc97a	097944c2-3582-4220-ade4-4a93ab404375	application.pipeline_move	{"toStatus": "APPLIED", "fromStatus": "INTERVIEW", "positionId": "d45805c9-c04f-4f5a-8beb-5cc970888e66", "candidateId": "e039118f-1ef1-41f2-860b-9b1482b925ae", "applicationId": "c1490f2c-9f31-4e16-8632-cd61bbc9e230"}	2025-10-02 13:51:02.481
2e2c095d-43a4-4bd0-a692-5d5f91848531	097944c2-3582-4220-ade4-4a93ab404375	application.pipeline_move	{"toStatus": "APPLIED", "fromStatus": "INTERVIEW", "positionId": "d45805c9-c04f-4f5a-8beb-5cc970888e66", "candidateId": "35cce8d5-2a33-498f-ad9d-dee7c29828fa", "applicationId": "33fb7439-ac68-4cbf-b731-a9016dcfdda2"}	2025-10-02 13:51:02.49
1b22e079-7f19-4c8e-b469-cb5fa0962af6	097944c2-3582-4220-ade4-4a93ab404375	application.pipeline_move	{"toStatus": "APPLIED", "fromStatus": "INTERVIEW", "positionId": "d45805c9-c04f-4f5a-8beb-5cc970888e66", "candidateId": "3549d64e-a3fc-4e5a-91a5-9d8246c6390f", "applicationId": "46498ff7-3856-49d9-99fc-984be828a10c"}	2025-10-02 13:51:02.548
aa6f1d15-4f64-40a4-bcb1-15f15dd07681	097944c2-3582-4220-ade4-4a93ab404375	application.pipeline_move	{"toStatus": "APPLIED", "fromStatus": "INTERVIEW", "positionId": "d45805c9-c04f-4f5a-8beb-5cc970888e66", "candidateId": "370f44d2-5777-4a62-91e8-f8673b10e320", "applicationId": "8bcd7335-350e-4246-8670-bda034b7d967"}	2025-10-02 13:51:02.558
0d560751-2dd0-44a3-aa5d-05b8d4eb3b97	097944c2-3582-4220-ade4-4a93ab404375	application.pipeline_move	{"toStatus": "APPLIED", "fromStatus": "INTERVIEW", "positionId": "d45805c9-c04f-4f5a-8beb-5cc970888e66", "candidateId": "10ef0a89-f235-4380-b1e3-b788ea0485c8", "applicationId": "45a61c3c-1575-4b9c-bdaf-7c89c76558c1"}	2025-10-02 13:51:02.7
3bdf1742-443b-49c0-821a-446792084693	097944c2-3582-4220-ade4-4a93ab404375	application.pipeline_move	{"toStatus": "APPLIED", "fromStatus": "INTERVIEW", "positionId": "d45805c9-c04f-4f5a-8beb-5cc970888e66", "candidateId": "243d4130-0256-4a3e-89f5-c99888237c0f", "applicationId": "e20ead25-4eef-4800-94cd-bd139aa8d1ff"}	2025-10-02 13:51:02.717
71267dc2-e3eb-4625-97dd-e13ee550da30	097944c2-3582-4220-ade4-4a93ab404375	application.pipeline_move	{"toStatus": "APPLIED", "fromStatus": "INTERVIEW", "positionId": "d45805c9-c04f-4f5a-8beb-5cc970888e66", "candidateId": "fb31c79f-9b91-47f9-af77-e6830d4e6dd3", "applicationId": "d56c1809-b64a-4434-ad0c-66b88ec781e9"}	2025-10-02 13:51:02.205
a6c07033-53c4-4ee2-938a-1743de8f993a	097944c2-3582-4220-ade4-4a93ab404375	application.pipeline_move	{"toStatus": "APPLIED", "fromStatus": "INTERVIEW", "positionId": "d45805c9-c04f-4f5a-8beb-5cc970888e66", "candidateId": "b21156f9-1188-4ab4-9edb-429db0b08623", "applicationId": "e8982ca6-098b-4eab-baca-d01c9ca34ed8"}	2025-10-02 13:51:02.364
aa3ac28d-ae83-4f1e-9965-e23b86807090	097944c2-3582-4220-ade4-4a93ab404375	application.pipeline_move	{"toStatus": "APPLIED", "fromStatus": "INTERVIEW", "positionId": "d45805c9-c04f-4f5a-8beb-5cc970888e66", "candidateId": "9f531627-be67-4193-8a9a-960a9400cd7a", "applicationId": "13188435-b8e8-4cc8-a4a6-912bc03f5be7"}	2025-10-02 13:51:02.392
d44a459a-9270-4f8f-96e5-62a4fa144dab	097944c2-3582-4220-ade4-4a93ab404375	application.pipeline_move	{"toStatus": "APPLIED", "fromStatus": "INTERVIEW", "positionId": "d45805c9-c04f-4f5a-8beb-5cc970888e66", "candidateId": "00576537-9d89-47cf-b826-4851a02098d9", "applicationId": "2efa1885-a188-4e8b-a704-500828b90fe1"}	2025-10-02 13:51:02.434
a99f86f4-edc1-4e13-8139-8c46c4365fb9	097944c2-3582-4220-ade4-4a93ab404375	application.pipeline_move	{"toStatus": "APPLIED", "fromStatus": "INTERVIEW", "positionId": "d45805c9-c04f-4f5a-8beb-5cc970888e66", "candidateId": "fb331e48-8cc8-4365-8056-28757c252c21", "applicationId": "0e737c4a-cc3c-4999-bdb3-c7ee41534f97"}	2025-10-02 13:51:02.466
3476bd94-1018-4a26-8e95-44e400e92efe	097944c2-3582-4220-ade4-4a93ab404375	application.pipeline_move	{"toStatus": "APPLIED", "fromStatus": "INTERVIEW", "positionId": "d45805c9-c04f-4f5a-8beb-5cc970888e66", "candidateId": "66e6b376-35c3-45d7-95de-ae597f2ccd61", "applicationId": "7a0c0e72-c55e-479b-ba70-2056a2505179"}	2025-10-02 13:51:02.555
d9cc5e93-334a-4855-9452-933ec297a5ab	097944c2-3582-4220-ade4-4a93ab404375	application.pipeline_move	{"toStatus": "APPLIED", "fromStatus": "INTERVIEW", "positionId": "d45805c9-c04f-4f5a-8beb-5cc970888e66", "candidateId": "606cb6f5-6dc9-4198-b686-c31957f7f164", "applicationId": "059b6c1d-3234-41b1-81ad-236c70e1ffe9"}	2025-10-02 13:51:02.562
e9945987-45ff-4f47-9c1a-4428127d7baa	097944c2-3582-4220-ade4-4a93ab404375	application.pipeline_move	{"toStatus": "APPLIED", "fromStatus": "INTERVIEW", "positionId": "d45805c9-c04f-4f5a-8beb-5cc970888e66", "candidateId": "fade4d92-513f-4eec-adeb-3199390d0b44", "applicationId": "90899029-5857-48bc-8645-c5288fffbbef"}	2025-10-02 13:51:02.669
42c57054-11ec-44e4-bc65-8c928f6578d7	097944c2-3582-4220-ade4-4a93ab404375	application.pipeline_move	{"toStatus": "APPLIED", "fromStatus": "INTERVIEW", "positionId": "d45805c9-c04f-4f5a-8beb-5cc970888e66", "candidateId": "f35b79b3-a43a-4aef-aa00-a855e625b689", "applicationId": "8375a874-285a-48d0-b0f7-8bbec4311d35"}	2025-10-02 13:51:02.688
dbf5872c-b14d-4d50-a50c-3b372804d195	097944c2-3582-4220-ade4-4a93ab404375	application.pipeline_move	{"toStatus": "INTERVIEW", "fromStatus": "REVIEWING", "positionId": "d45805c9-c04f-4f5a-8beb-5cc970888e66", "candidateId": "2d0d8c79-ec1a-40a4-83c1-e1e8e84c1eb0", "applicationId": "0e58ab20-9174-4199-b4a9-bc4ca7511c8c"}	2025-10-02 13:55:51.806
89a05077-c7b9-4d99-8db9-26e863418d1e	097944c2-3582-4220-ade4-4a93ab404375	application.pipeline_move	{"toStatus": "INTERVIEW", "fromStatus": "REVIEWING", "positionId": "d45805c9-c04f-4f5a-8beb-5cc970888e66", "candidateId": "739f040f-8998-430a-9a14-06ba7f7bd3bf", "applicationId": "0a7e1751-b59e-455c-b408-4156966b30dd"}	2025-10-02 14:22:05.307
8a2ebdaa-beb5-47de-9678-5aff8ced8404	097944c2-3582-4220-ade4-4a93ab404375	application.pipeline_move	{"toStatus": "OFFER", "fromStatus": "INTERVIEW", "positionId": "d45805c9-c04f-4f5a-8beb-5cc970888e66", "candidateId": "2d0d8c79-ec1a-40a4-83c1-e1e8e84c1eb0", "applicationId": "0e58ab20-9174-4199-b4a9-bc4ca7511c8c"}	2025-10-02 16:43:52.64
793223ec-4de4-4a01-85f0-96cd668f7cb1	097944c2-3582-4220-ade4-4a93ab404375	application.pipeline_move	{"toStatus": "INTERVIEW", "fromStatus": "APPLIED", "positionId": "d45805c9-c04f-4f5a-8beb-5cc970888e66", "candidateId": "243d4130-0256-4a3e-89f5-c99888237c0f", "applicationId": "e20ead25-4eef-4800-94cd-bd139aa8d1ff"}	2025-10-02 16:54:26.016
5f83590d-4564-4af4-bee8-845d86839a10	097944c2-3582-4220-ade4-4a93ab404375	application.pipeline_move	{"toStatus": "REVIEWING", "fromStatus": "INTERVIEW", "positionId": "d45805c9-c04f-4f5a-8beb-5cc970888e66", "candidateId": "243d4130-0256-4a3e-89f5-c99888237c0f", "applicationId": "e20ead25-4eef-4800-94cd-bd139aa8d1ff"}	2025-10-02 16:54:56.386
f29fabfe-314a-466b-975d-72b7bc912aff	097944c2-3582-4220-ade4-4a93ab404375	application.pipeline_move	{"toStatus": "INTERVIEW", "fromStatus": "APPLIED", "positionId": "d45805c9-c04f-4f5a-8beb-5cc970888e66", "candidateId": "2549315c-952f-4cbc-9c4a-e9ed3c895ade", "applicationId": "1d4e82c0-b3d3-4d3e-9861-488030a4cc4f"}	2025-10-02 17:08:49.476
87d704b8-b780-4f5b-aa93-dd8c3bf3054f	097944c2-3582-4220-ade4-4a93ab404375	application.pipeline_move	{"toStatus": "REJECTED", "fromStatus": "OFFER", "positionId": "d45805c9-c04f-4f5a-8beb-5cc970888e66", "candidateId": "d2dd0df9-419c-4b63-b812-498dbef1c504", "applicationId": "1f02516a-fc33-4ca9-847b-f93b32c8f141"}	2025-10-02 17:10:33.087
65b879f3-60aa-4bf1-86ab-7c4a077eb1d2	097944c2-3582-4220-ade4-4a93ab404375	application.pipeline_move	{"toStatus": "OFFER", "fromStatus": "REJECTED", "positionId": "d45805c9-c04f-4f5a-8beb-5cc970888e66", "candidateId": "d2dd0df9-419c-4b63-b812-498dbef1c504", "applicationId": "1f02516a-fc33-4ca9-847b-f93b32c8f141"}	2025-10-02 17:10:37.012
f5d8039f-8014-4958-a143-2b2c638d997d	097944c2-3582-4220-ade4-4a93ab404375	application.pipeline_move	{"toStatus": "REJECTED", "fromStatus": "INTERVIEW", "positionId": "d45805c9-c04f-4f5a-8beb-5cc970888e66", "candidateId": "739f040f-8998-430a-9a14-06ba7f7bd3bf", "applicationId": "0a7e1751-b59e-455c-b408-4156966b30dd"}	2025-10-02 17:10:41.969
465e2757-b8cd-4c77-8cbb-97ec398e3008	097944c2-3582-4220-ade4-4a93ab404375	application.pipeline_move	{"toStatus": "OFFER", "fromStatus": "INTERVIEW", "positionId": "d45805c9-c04f-4f5a-8beb-5cc970888e66", "candidateId": "2549315c-952f-4cbc-9c4a-e9ed3c895ade", "applicationId": "1d4e82c0-b3d3-4d3e-9861-488030a4cc4f"}	2025-10-02 17:21:11.048
48a234c7-f37d-4582-8992-31fbcd8514b6	097944c2-3582-4220-ade4-4a93ab404375	application.pipeline_move	{"toStatus": "INTERVIEW", "fromStatus": "APPLIED", "positionId": "d45805c9-c04f-4f5a-8beb-5cc970888e66", "candidateId": "cda69bf4-a37e-4762-9359-ff195a119d1b", "applicationId": "647565e1-646d-4253-a894-730770b28ca5"}	2025-10-02 17:21:29.093
61b8dc3e-9f48-4567-91d9-9d0b7bf11e15	097944c2-3582-4220-ade4-4a93ab404375	application.pipeline_move	{"toStatus": "INTERVIEW", "fromStatus": "REVIEWING", "positionId": "d45805c9-c04f-4f5a-8beb-5cc970888e66", "candidateId": "243d4130-0256-4a3e-89f5-c99888237c0f", "applicationId": "e20ead25-4eef-4800-94cd-bd139aa8d1ff"}	2025-10-02 17:21:45.591
b6262760-2e98-496d-8ee8-8a9f2271c009	097944c2-3582-4220-ade4-4a93ab404375	application.pipeline_move	{"toStatus": "REVIEWING", "fromStatus": "INTERVIEW", "positionId": "d45805c9-c04f-4f5a-8beb-5cc970888e66", "candidateId": "cda69bf4-a37e-4762-9359-ff195a119d1b", "applicationId": "647565e1-646d-4253-a894-730770b28ca5"}	2025-10-02 17:21:57.24
f39efea2-2589-49d0-bd5d-b3617e851903	097944c2-3582-4220-ade4-4a93ab404375	application.pipeline_move	{"toStatus": "INTERVIEW", "fromStatus": "REVIEWING", "positionId": "d45805c9-c04f-4f5a-8beb-5cc970888e66", "candidateId": "cda69bf4-a37e-4762-9359-ff195a119d1b", "applicationId": "647565e1-646d-4253-a894-730770b28ca5"}	2025-10-02 17:28:57.36
e399db84-e455-4057-bcac-924ef96a0228	097944c2-3582-4220-ade4-4a93ab404375	application.pipeline_move	{"toStatus": "REVIEWING", "fromStatus": "INTERVIEW", "positionId": "d45805c9-c04f-4f5a-8beb-5cc970888e66", "candidateId": "243d4130-0256-4a3e-89f5-c99888237c0f", "applicationId": "e20ead25-4eef-4800-94cd-bd139aa8d1ff"}	2025-10-02 17:30:06.635
4b18af8b-ccf9-4256-8ba6-5141519562ab	097944c2-3582-4220-ade4-4a93ab404375	application.pipeline_move	{"toStatus": "INTERVIEW", "fromStatus": "APPLIED", "positionId": "d45805c9-c04f-4f5a-8beb-5cc970888e66", "candidateId": "7ba7ad8b-afd2-4b5c-a760-5bead199f982", "applicationId": "c1ca635a-a23f-4c99-b35d-b22a709afa9e"}	2025-10-02 18:12:46.822
36ed118c-92d6-4945-aa1b-d43d06c55e93	097944c2-3582-4220-ade4-4a93ab404375	application.pipeline_move	{"toStatus": "INTERVIEW", "fromStatus": "APPLIED", "positionId": "d45805c9-c04f-4f5a-8beb-5cc970888e66", "candidateId": "8d74ab50-e54f-496a-bc68-0080dd6ca47b", "applicationId": "c5667006-1c6b-4243-b9af-3d077485d47c"}	2025-10-02 18:12:56.932
9a9b9f43-369d-46bf-b28c-a6c3e8c31351	097944c2-3582-4220-ade4-4a93ab404375	application.pipeline_move	{"toStatus": "REVIEWING", "fromStatus": "INTERVIEW", "positionId": "d45805c9-c04f-4f5a-8beb-5cc970888e66", "candidateId": "8d74ab50-e54f-496a-bc68-0080dd6ca47b", "applicationId": "c5667006-1c6b-4243-b9af-3d077485d47c"}	2025-10-02 18:13:15.14
b0e1c2d3-1475-4215-807b-8f6fa7d3f913	097944c2-3582-4220-ade4-4a93ab404375	application.pipeline_move	{"toStatus": "INTERVIEW", "fromStatus": "OFFER", "positionId": "d45805c9-c04f-4f5a-8beb-5cc970888e66", "candidateId": "2d0d8c79-ec1a-40a4-83c1-e1e8e84c1eb0", "applicationId": "0e58ab20-9174-4199-b4a9-bc4ca7511c8c"}	2025-10-02 18:34:08.963
9f486f80-eeb5-4e2d-8a10-65e23a6b4042	097944c2-3582-4220-ade4-4a93ab404375	application.pipeline_move	{"toStatus": "REVIEWING", "fromStatus": "APPLIED", "positionId": "d45805c9-c04f-4f5a-8beb-5cc970888e66", "candidateId": "cfb8bc9f-2834-4b01-a5f2-6296abfd69ca", "applicationId": "677d85ed-7793-451a-92a3-284071dd70c0"}	2025-10-02 18:42:33.631
18e28cc7-00cd-408b-b34c-3d93a9f2229f	097944c2-3582-4220-ade4-4a93ab404375	application.pipeline_move	{"toStatus": "REVIEWING", "fromStatus": "INTERVIEW", "positionId": "d45805c9-c04f-4f5a-8beb-5cc970888e66", "candidateId": "cda69bf4-a37e-4762-9359-ff195a119d1b", "applicationId": "647565e1-646d-4253-a894-730770b28ca5"}	2025-10-02 18:52:42.245
11f193a4-3783-4169-8c9b-dc2a4ae4d3ac	097944c2-3582-4220-ade4-4a93ab404375	application.pipeline_move	{"toStatus": "OFFER", "fromStatus": "INTERVIEW", "positionId": "d45805c9-c04f-4f5a-8beb-5cc970888e66", "candidateId": "7ba7ad8b-afd2-4b5c-a760-5bead199f982", "applicationId": "c1ca635a-a23f-4c99-b35d-b22a709afa9e"}	2025-10-02 18:57:38.11
81852182-2f25-4fe3-90fe-a077afb4ce5a	097944c2-3582-4220-ade4-4a93ab404375	application.pipeline_move	{"toStatus": "INTERVIEW", "fromStatus": "REJECTED", "positionId": "d45805c9-c04f-4f5a-8beb-5cc970888e66", "candidateId": "7973ab07-d51f-4f2f-91d5-e7e1e6aec3af", "applicationId": "43715ef3-e605-479f-a686-1735aa2cd8a5"}	2025-10-02 18:57:44.283
fece6300-c02c-45ab-b7bb-c80d5e83fa39	097944c2-3582-4220-ade4-4a93ab404375	application.pipeline_move	{"toStatus": "INTERVIEW", "fromStatus": "REVIEWING", "positionId": "d45805c9-c04f-4f5a-8beb-5cc970888e66", "candidateId": "243d4130-0256-4a3e-89f5-c99888237c0f", "applicationId": "e20ead25-4eef-4800-94cd-bd139aa8d1ff"}	2025-10-02 18:57:55.989
6d6a1d6e-a75f-4dfb-889a-33e0e193f5b0	097944c2-3582-4220-ade4-4a93ab404375	application.pipeline_move	{"toStatus": "INTERVIEW", "fromStatus": "REVIEWING", "positionId": "d45805c9-c04f-4f5a-8beb-5cc970888e66", "candidateId": "cda69bf4-a37e-4762-9359-ff195a119d1b", "applicationId": "647565e1-646d-4253-a894-730770b28ca5"}	2025-10-02 18:58:52.76
995c4dbb-bdb5-4896-bd0c-53f0c1609f2c	097944c2-3582-4220-ade4-4a93ab404375	application.pipeline_move	{"toStatus": "INTERVIEW", "fromStatus": "REVIEWING", "positionId": "d45805c9-c04f-4f5a-8beb-5cc970888e66", "candidateId": "49318ac1-ce7e-435b-ac88-06a97a69641e", "applicationId": "86788d61-bbff-4d42-9d79-b979aacac013"}	2025-10-02 18:58:52.767
8f20c82e-97fa-4b5f-808a-7ae2a7e4e1ff	097944c2-3582-4220-ade4-4a93ab404375	application.pipeline_move	{"toStatus": "INTERVIEW", "fromStatus": "REVIEWING", "positionId": "d45805c9-c04f-4f5a-8beb-5cc970888e66", "candidateId": "8d74ab50-e54f-496a-bc68-0080dd6ca47b", "applicationId": "c5667006-1c6b-4243-b9af-3d077485d47c"}	2025-10-02 18:58:53.004
3c2b282b-431b-4331-86f5-84f6abca1cc7	097944c2-3582-4220-ade4-4a93ab404375	application.pipeline_move	{"toStatus": "INTERVIEW", "fromStatus": "REVIEWING", "positionId": "d45805c9-c04f-4f5a-8beb-5cc970888e66", "candidateId": "eae23c72-b092-4718-b36a-dad5469b2075", "applicationId": "9283f861-6ff5-4690-bd8f-eecdb75ba4f8"}	2025-10-02 18:58:53.01
3000b813-c80d-4c30-a339-0a456b2c6726	097944c2-3582-4220-ade4-4a93ab404375	application.pipeline_move	{"toStatus": "INTERVIEW", "fromStatus": "REVIEWING", "positionId": "d45805c9-c04f-4f5a-8beb-5cc970888e66", "candidateId": "cfb8bc9f-2834-4b01-a5f2-6296abfd69ca", "applicationId": "677d85ed-7793-451a-92a3-284071dd70c0"}	2025-10-02 18:58:53.036
27704f46-f009-459a-870c-b7f5167c4fd6	097944c2-3582-4220-ade4-4a93ab404375	application.pipeline_move	{"toStatus": "REVIEWING", "fromStatus": "INTERVIEW", "positionId": "d45805c9-c04f-4f5a-8beb-5cc970888e66", "candidateId": "2d0d8c79-ec1a-40a4-83c1-e1e8e84c1eb0", "applicationId": "0e58ab20-9174-4199-b4a9-bc4ca7511c8c"}	2025-10-02 19:02:01.424
c25faa98-647c-4772-b16b-46b5c1558b38	097944c2-3582-4220-ade4-4a93ab404375	application.pipeline_move	{"toStatus": "REVIEWING", "fromStatus": "INTERVIEW", "positionId": "d45805c9-c04f-4f5a-8beb-5cc970888e66", "candidateId": "7973ab07-d51f-4f2f-91d5-e7e1e6aec3af", "applicationId": "43715ef3-e605-479f-a686-1735aa2cd8a5"}	2025-10-02 19:02:10.952
c16303a3-b63a-4cac-afec-df58ed10e25d	097944c2-3582-4220-ade4-4a93ab404375	application.pipeline_move	{"toStatus": "INTERVIEW", "fromStatus": "APPLIED", "positionId": "d45805c9-c04f-4f5a-8beb-5cc970888e66", "candidateId": "218a39e0-c983-4d8b-89d2-6f5c4430ab4b", "applicationId": "b8738524-2e9c-46cc-ae1c-6cd5ff453cb2"}	2025-10-02 19:06:02.548
1d5f3f52-9093-4247-ba99-612305bcfc9e	097944c2-3582-4220-ade4-4a93ab404375	application.pipeline_move	{"toStatus": "REJECTED", "fromStatus": "REVIEWING", "positionId": "d45805c9-c04f-4f5a-8beb-5cc970888e66", "candidateId": "2d0d8c79-ec1a-40a4-83c1-e1e8e84c1eb0", "applicationId": "0e58ab20-9174-4199-b4a9-bc4ca7511c8c"}	2025-10-03 13:23:53.898
c3c85c27-cfb6-4284-a50e-6c57eb27e376	097944c2-3582-4220-ade4-4a93ab404375	application.pipeline_move	{"toStatus": "REVIEWING", "fromStatus": "APPLIED", "positionId": "d45805c9-c04f-4f5a-8beb-5cc970888e66", "candidateId": "5034a509-ce95-478e-aa32-50d488824d43", "applicationId": "e491bdb6-10c4-46e5-92ed-0952e58462b3"}	2025-10-03 13:24:02.591
977ebf51-0305-48d5-aff5-b3d5721b1543	097944c2-3582-4220-ade4-4a93ab404375	application.pipeline_move	{"toStatus": "REVIEWING", "fromStatus": "APPLIED", "positionId": "d45805c9-c04f-4f5a-8beb-5cc970888e66", "candidateId": "4d2e4083-1c8a-4cb4-9059-684f4261022f", "applicationId": "9e9124d8-513a-4f81-963e-9648e3dbb161"}	2025-10-03 13:44:23.557
9b322ef5-f5b4-4340-9a24-364b59789bb8	097944c2-3582-4220-ade4-4a93ab404375	application.pipeline_move	{"toStatus": "APPLIED", "fromStatus": "REVIEWING", "positionId": "d45805c9-c04f-4f5a-8beb-5cc970888e66", "candidateId": "4d2e4083-1c8a-4cb4-9059-684f4261022f", "applicationId": "9e9124d8-513a-4f81-963e-9648e3dbb161"}	2025-10-03 13:44:26.324
33088bc9-5beb-4abc-a87d-5a28c298c221	097944c2-3582-4220-ade4-4a93ab404375	application.pipeline_move	{"toStatus": "REVIEWING", "fromStatus": "APPLIED", "positionId": "d45805c9-c04f-4f5a-8beb-5cc970888e66", "candidateId": "4d2e4083-1c8a-4cb4-9059-684f4261022f", "applicationId": "9e9124d8-513a-4f81-963e-9648e3dbb161"}	2025-10-03 13:44:26.919
b6655864-4587-4527-a4c7-721c4c817b99	097944c2-3582-4220-ade4-4a93ab404375	application.pipeline_move	{"toStatus": "REVIEWING", "fromStatus": "APPLIED", "positionId": "d45805c9-c04f-4f5a-8beb-5cc970888e66", "candidateId": "2a83d7bd-e859-4f23-b8e5-3f558e644f88", "applicationId": "69ca57f6-9578-4a15-8884-27fde40aefab"}	2025-10-03 14:00:10.414
bf85ea84-b96a-4a1c-b44c-8a8e14803187	097944c2-3582-4220-ade4-4a93ab404375	application.pipeline_move	{"toStatus": "REVIEWING", "fromStatus": "OFFER", "positionId": "d45805c9-c04f-4f5a-8beb-5cc970888e66", "candidateId": "d2dd0df9-419c-4b63-b812-498dbef1c504", "applicationId": "1f02516a-fc33-4ca9-847b-f93b32c8f141"}	2025-10-03 14:00:10.424
63e025ba-9c8d-4654-a75a-ed671fd5c2d6	097944c2-3582-4220-ade4-4a93ab404375	application.pipeline_move	{"toStatus": "REVIEWING", "fromStatus": "INTERVIEW", "positionId": "d45805c9-c04f-4f5a-8beb-5cc970888e66", "candidateId": "eae23c72-b092-4718-b36a-dad5469b2075", "applicationId": "9283f861-6ff5-4690-bd8f-eecdb75ba4f8"}	2025-10-03 14:00:10.434
f8045ee0-8c64-434d-ace1-c128e8c6c162	097944c2-3582-4220-ade4-4a93ab404375	application.pipeline_move	{"toStatus": "REVIEWING", "fromStatus": "APPLIED", "positionId": "d45805c9-c04f-4f5a-8beb-5cc970888e66", "candidateId": "cd7f124b-4b13-4fd1-8928-8de30a912b1c", "applicationId": "53c40e32-ab63-4eba-b812-316dc46ee11b"}	2025-10-03 14:01:09.969
56570e44-4720-4a92-aced-97bf61ba38fc	097944c2-3582-4220-ade4-4a93ab404375	application.pipeline_move	{"toStatus": "INTERVIEW", "fromStatus": "REVIEWING", "positionId": "d45805c9-c04f-4f5a-8beb-5cc970888e66", "candidateId": "7973ab07-d51f-4f2f-91d5-e7e1e6aec3af", "applicationId": "43715ef3-e605-479f-a686-1735aa2cd8a5"}	2025-10-03 14:01:17.604
b487c870-09d9-4091-b2af-bdc6df175d89	097944c2-3582-4220-ade4-4a93ab404375	application.pipeline_move	{"toStatus": "INTERVIEW", "fromStatus": "REVIEWING", "positionId": "d45805c9-c04f-4f5a-8beb-5cc970888e66", "candidateId": "eae23c72-b092-4718-b36a-dad5469b2075", "applicationId": "9283f861-6ff5-4690-bd8f-eecdb75ba4f8"}	2025-10-03 14:47:26.116
4817eae6-d879-40ea-849b-550f1c229740	097944c2-3582-4220-ade4-4a93ab404375	application.pipeline_move	{"toStatus": "REVIEWING", "fromStatus": "INTERVIEW", "positionId": "d45805c9-c04f-4f5a-8beb-5cc970888e66", "candidateId": "eae23c72-b092-4718-b36a-dad5469b2075", "applicationId": "9283f861-6ff5-4690-bd8f-eecdb75ba4f8"}	2025-10-03 14:47:27.242
d364223b-dc76-4722-82c8-a0525b2d5930	097944c2-3582-4220-ade4-4a93ab404375	application.pipeline_move	{"toStatus": "INTERVIEW", "fromStatus": "REVIEWING", "positionId": "d45805c9-c04f-4f5a-8beb-5cc970888e66", "candidateId": "eae23c72-b092-4718-b36a-dad5469b2075", "applicationId": "9283f861-6ff5-4690-bd8f-eecdb75ba4f8"}	2025-10-03 14:47:28.23
bb8d8eae-40a9-4d0e-a939-3236552c2a9b	097944c2-3582-4220-ade4-4a93ab404375	application.pipeline_move	{"toStatus": "REVIEWING", "fromStatus": "INTERVIEW", "positionId": "d45805c9-c04f-4f5a-8beb-5cc970888e66", "candidateId": "eae23c72-b092-4718-b36a-dad5469b2075", "applicationId": "9283f861-6ff5-4690-bd8f-eecdb75ba4f8"}	2025-10-03 14:47:34.53
7868a1c5-a88a-4ddc-9db7-1e9b2aaab320	097944c2-3582-4220-ade4-4a93ab404375	application.pipeline_move	{"toStatus": "REVIEWING", "fromStatus": "APPLIED", "positionId": "d45805c9-c04f-4f5a-8beb-5cc970888e66", "candidateId": "0939e3b5-36cb-44d9-9e9a-f70bbed5bd60", "applicationId": "555f4ac6-d0bd-4d21-8a33-fc245436684e"}	2025-10-03 14:49:13.038
38028e19-a7db-4748-902e-b5eafc67f0f6	097944c2-3582-4220-ade4-4a93ab404375	application.pipeline_move	{"toStatus": "INTERVIEW", "fromStatus": "REVIEWING", "positionId": "d45805c9-c04f-4f5a-8beb-5cc970888e66", "candidateId": "0939e3b5-36cb-44d9-9e9a-f70bbed5bd60", "applicationId": "555f4ac6-d0bd-4d21-8a33-fc245436684e"}	2025-10-03 14:49:17.745
9b10a1c3-ad88-4664-988d-52bcff8da841	097944c2-3582-4220-ade4-4a93ab404375	application.pipeline_move	{"toStatus": "OFFER", "fromStatus": "INTERVIEW", "positionId": "d45805c9-c04f-4f5a-8beb-5cc970888e66", "candidateId": "0939e3b5-36cb-44d9-9e9a-f70bbed5bd60", "applicationId": "555f4ac6-d0bd-4d21-8a33-fc245436684e"}	2025-10-03 14:49:18.589
148a689b-b82f-4898-bf16-d4ea6241edf7	097944c2-3582-4220-ade4-4a93ab404375	application.pipeline_move	{"toStatus": "OFFER", "fromStatus": "APPLIED", "positionId": "d45805c9-c04f-4f5a-8beb-5cc970888e66", "candidateId": "2d5712cd-df92-406a-ada3-6a94e6978804", "applicationId": "9718e62c-3116-4d26-9301-4a9b16fbe9ff"}	2025-10-03 14:49:18.595
40a1af05-c538-41bf-81d7-7d6737fea5b8	097944c2-3582-4220-ade4-4a93ab404375	application.pipeline_move	{"toStatus": "REJECTED", "fromStatus": "OFFER", "positionId": "d45805c9-c04f-4f5a-8beb-5cc970888e66", "candidateId": "0939e3b5-36cb-44d9-9e9a-f70bbed5bd60", "applicationId": "555f4ac6-d0bd-4d21-8a33-fc245436684e"}	2025-10-03 14:49:19.656
55b3f468-a7da-4092-bf7c-21d82f873c3d	097944c2-3582-4220-ade4-4a93ab404375	application.pipeline_move	{"toStatus": "REJECTED", "fromStatus": "OFFER", "positionId": "d45805c9-c04f-4f5a-8beb-5cc970888e66", "candidateId": "2d5712cd-df92-406a-ada3-6a94e6978804", "applicationId": "9718e62c-3116-4d26-9301-4a9b16fbe9ff"}	2025-10-03 14:49:19.657
f3b646f6-2b0d-46b4-bf6b-fba3d92fbf3d	097944c2-3582-4220-ade4-4a93ab404375	application.pipeline_move	{"toStatus": "OFFER", "fromStatus": "REJECTED", "positionId": "d45805c9-c04f-4f5a-8beb-5cc970888e66", "candidateId": "0939e3b5-36cb-44d9-9e9a-f70bbed5bd60", "applicationId": "555f4ac6-d0bd-4d21-8a33-fc245436684e"}	2025-10-03 14:49:22.29
1da3fcc4-cbed-42ed-bef9-ee438adfd106	097944c2-3582-4220-ade4-4a93ab404375	application.pipeline_move	{"toStatus": "OFFER", "fromStatus": "REJECTED", "positionId": "d45805c9-c04f-4f5a-8beb-5cc970888e66", "candidateId": "2d5712cd-df92-406a-ada3-6a94e6978804", "applicationId": "9718e62c-3116-4d26-9301-4a9b16fbe9ff"}	2025-10-03 14:49:22.297
830965cb-cfac-4cf8-8858-00cf342e0c9c	097944c2-3582-4220-ade4-4a93ab404375	application.pipeline_move	{"toStatus": "INTERVIEW", "fromStatus": "OFFER", "positionId": "d45805c9-c04f-4f5a-8beb-5cc970888e66", "candidateId": "0939e3b5-36cb-44d9-9e9a-f70bbed5bd60", "applicationId": "555f4ac6-d0bd-4d21-8a33-fc245436684e"}	2025-10-03 14:49:24.969
8e345c9b-80d5-4de7-a8c3-21a6341ec599	097944c2-3582-4220-ade4-4a93ab404375	application.pipeline_move	{"toStatus": "INTERVIEW", "fromStatus": "OFFER", "positionId": "d45805c9-c04f-4f5a-8beb-5cc970888e66", "candidateId": "2d5712cd-df92-406a-ada3-6a94e6978804", "applicationId": "9718e62c-3116-4d26-9301-4a9b16fbe9ff"}	2025-10-03 14:49:24.974
8de1effb-9775-44ba-b6a2-9d68a6b917bd	097944c2-3582-4220-ade4-4a93ab404375	application.delete	{"positionId": "d45805c9-c04f-4f5a-8beb-5cc970888e66", "candidateId": "2d5712cd-df92-406a-ada3-6a94e6978804", "applicationId": "9718e62c-3116-4d26-9301-4a9b16fbe9ff"}	2025-10-03 15:12:28.219
163815bd-6d08-4609-8f46-ca31fcb59347	097944c2-3582-4220-ade4-4a93ab404375	application.pipeline_move	{"toStatus": "REVIEWING", "fromStatus": "APPLIED", "positionId": "d45805c9-c04f-4f5a-8beb-5cc970888e66", "candidateId": "b0d45dea-33da-4469-b881-1a407fd76a7c", "applicationId": "fcbad96d-f5e9-4ee3-bcfc-5216643979c3"}	2025-10-03 15:13:47.727
069f95de-6cfb-414e-bf5e-5d0261f3a151	097944c2-3582-4220-ade4-4a93ab404375	application.pipeline_move	{"toStatus": "INTERVIEW", "fromStatus": "REVIEWING", "positionId": "d45805c9-c04f-4f5a-8beb-5cc970888e66", "candidateId": "b0d45dea-33da-4469-b881-1a407fd76a7c", "applicationId": "fcbad96d-f5e9-4ee3-bcfc-5216643979c3"}	2025-10-03 15:13:51.98
1e7a6337-7a48-4957-ad9a-b7364123d05c	097944c2-3582-4220-ade4-4a93ab404375	application.pipeline_move	{"toStatus": "REVIEWING", "fromStatus": "INTERVIEW", "positionId": "d45805c9-c04f-4f5a-8beb-5cc970888e66", "candidateId": "b0d45dea-33da-4469-b881-1a407fd76a7c", "applicationId": "fcbad96d-f5e9-4ee3-bcfc-5216643979c3"}	2025-10-03 15:13:53.143
00405045-c58c-4357-9e96-4a9ddd3c85e0	097944c2-3582-4220-ade4-4a93ab404375	application.pipeline_move	{"toStatus": "REVIEWING", "fromStatus": "APPLIED", "positionId": "d45805c9-c04f-4f5a-8beb-5cc970888e66", "candidateId": "8f5737c1-535d-4d86-b6f2-a27a8ce61e4f", "applicationId": "3b4fd339-165b-4956-89d9-dae587453eb7"}	2025-10-03 15:14:31.987
ba64387b-6749-41d3-bcb6-83014744729b	097944c2-3582-4220-ade4-4a93ab404375	application.pipeline_move	{"toStatus": "REVIEWING", "fromStatus": "APPLIED", "positionId": "d45805c9-c04f-4f5a-8beb-5cc970888e66", "candidateId": "22af8b6b-293b-4de6-926b-d8833f162af0", "applicationId": "975ceab1-6396-4811-b626-5db96dda02b4"}	2025-10-03 22:39:08.681
ada75888-7699-4b94-86d1-c627d0314c9e	097944c2-3582-4220-ade4-4a93ab404375	application.pipeline_move	{"toStatus": "APPLIED", "fromStatus": "REVIEWING", "positionId": "d45805c9-c04f-4f5a-8beb-5cc970888e66", "candidateId": "22af8b6b-293b-4de6-926b-d8833f162af0", "applicationId": "975ceab1-6396-4811-b626-5db96dda02b4"}	2025-10-03 22:39:10.666
2d654fd6-2180-4812-95bb-9e0dca157091	097944c2-3582-4220-ade4-4a93ab404375	application.pipeline_move	{"toStatus": "REVIEWING", "fromStatus": "APPLIED", "positionId": "d45805c9-c04f-4f5a-8beb-5cc970888e66", "candidateId": "22af8b6b-293b-4de6-926b-d8833f162af0", "applicationId": "975ceab1-6396-4811-b626-5db96dda02b4"}	2025-10-03 22:39:11.346
7a9bd817-9bc3-414e-a6fb-222b3a8330c3	097944c2-3582-4220-ade4-4a93ab404375	application.pipeline_move	{"toStatus": "INTERVIEW", "fromStatus": "REVIEWING", "positionId": "d45805c9-c04f-4f5a-8beb-5cc970888e66", "candidateId": "22af8b6b-293b-4de6-926b-d8833f162af0", "applicationId": "975ceab1-6396-4811-b626-5db96dda02b4"}	2025-10-03 22:39:11.869
918615d2-fa54-435d-83d9-7dbfd49a7aa8	097944c2-3582-4220-ade4-4a93ab404375	application.pipeline_move	{"toStatus": "REVIEWING", "fromStatus": "INTERVIEW", "positionId": "d45805c9-c04f-4f5a-8beb-5cc970888e66", "candidateId": "22af8b6b-293b-4de6-926b-d8833f162af0", "applicationId": "975ceab1-6396-4811-b626-5db96dda02b4"}	2025-10-03 22:39:12.612
bb0de9f4-2916-421f-9dab-8d85ebd89f2a	097944c2-3582-4220-ade4-4a93ab404375	application.pipeline_move	{"toStatus": "APPLIED", "fromStatus": "REVIEWING", "positionId": "d45805c9-c04f-4f5a-8beb-5cc970888e66", "candidateId": "22af8b6b-293b-4de6-926b-d8833f162af0", "applicationId": "975ceab1-6396-4811-b626-5db96dda02b4"}	2025-10-03 22:39:12.897
bfc09a96-5b48-4081-bc3d-fb811ddcae50	097944c2-3582-4220-ade4-4a93ab404375	application.pipeline_move	{"toStatus": "REVIEWING", "fromStatus": "APPLIED", "positionId": "d45805c9-c04f-4f5a-8beb-5cc970888e66", "candidateId": "22af8b6b-293b-4de6-926b-d8833f162af0", "applicationId": "975ceab1-6396-4811-b626-5db96dda02b4"}	2025-10-03 22:39:23.477
908b1f77-6dd9-4dae-876c-0c453769d90a	097944c2-3582-4220-ade4-4a93ab404375	application.pipeline_move	{"toStatus": "REVIEWING", "fromStatus": "APPLIED", "positionId": "d45805c9-c04f-4f5a-8beb-5cc970888e66", "candidateId": "db3dd493-17a1-4d47-855c-d4f83070a9d6", "applicationId": "3f67831f-8f2d-4cc5-b904-bbc7aff8b972"}	2025-10-03 22:39:23.619
27b10b18-dcce-450f-a261-7931e5d604d9	097944c2-3582-4220-ade4-4a93ab404375	application.pipeline_move	{"toStatus": "APPLIED", "fromStatus": "REVIEWING", "positionId": "d45805c9-c04f-4f5a-8beb-5cc970888e66", "candidateId": "22af8b6b-293b-4de6-926b-d8833f162af0", "applicationId": "975ceab1-6396-4811-b626-5db96dda02b4"}	2025-10-03 22:39:23.933
6c79e651-f019-44af-8c15-95e993750fb7	097944c2-3582-4220-ade4-4a93ab404375	application.pipeline_move	{"toStatus": "APPLIED", "fromStatus": "REVIEWING", "positionId": "d45805c9-c04f-4f5a-8beb-5cc970888e66", "candidateId": "db3dd493-17a1-4d47-855c-d4f83070a9d6", "applicationId": "3f67831f-8f2d-4cc5-b904-bbc7aff8b972"}	2025-10-03 22:39:23.94
27373b5b-4449-4f06-b835-fec6a7a68df4	097944c2-3582-4220-ade4-4a93ab404375	application.pipeline_move	{"toStatus": "INTERVIEW", "fromStatus": "REVIEWING", "positionId": "d45805c9-c04f-4f5a-8beb-5cc970888e66", "candidateId": "eae23c72-b092-4718-b36a-dad5469b2075", "applicationId": "9283f861-6ff5-4690-bd8f-eecdb75ba4f8"}	2025-10-04 00:04:24.845
0c1b7bba-2d90-4fcd-9f44-1934d2d426b6	097944c2-3582-4220-ade4-4a93ab404375	application.pipeline_move	{"toStatus": "REVIEWING", "fromStatus": "INTERVIEW", "positionId": "d45805c9-c04f-4f5a-8beb-5cc970888e66", "candidateId": "0939e3b5-36cb-44d9-9e9a-f70bbed5bd60", "applicationId": "555f4ac6-d0bd-4d21-8a33-fc245436684e"}	2025-10-04 00:04:32.851
6882dcc2-6cc6-418c-92fc-d6122eb0fb5a	097944c2-3582-4220-ade4-4a93ab404375	application.pipeline_move	{"toStatus": "OFFER", "fromStatus": "INTERVIEW", "positionId": "d45805c9-c04f-4f5a-8beb-5cc970888e66", "candidateId": "243d4130-0256-4a3e-89f5-c99888237c0f", "applicationId": "e20ead25-4eef-4800-94cd-bd139aa8d1ff"}	2025-10-04 00:05:01.258
b2c1d893-db68-47c3-9bf3-0feb3419f7f8	097944c2-3582-4220-ade4-4a93ab404375	application.pipeline_move	{"toStatus": "INTERVIEW", "fromStatus": "REVIEWING", "positionId": "d45805c9-c04f-4f5a-8beb-5cc970888e66", "candidateId": "d2dd0df9-419c-4b63-b812-498dbef1c504", "applicationId": "1f02516a-fc33-4ca9-847b-f93b32c8f141"}	2025-10-04 01:27:22.903
37f2f5f7-8e1e-49d3-842d-d9acea532981	097944c2-3582-4220-ade4-4a93ab404375	application.pipeline_move	{"toStatus": "REVIEWING", "fromStatus": "INTERVIEW", "positionId": "d45805c9-c04f-4f5a-8beb-5cc970888e66", "candidateId": "d2dd0df9-419c-4b63-b812-498dbef1c504", "applicationId": "1f02516a-fc33-4ca9-847b-f93b32c8f141"}	2025-10-04 01:27:26.975
7fcc0323-86d9-44d8-9157-11e58bd3a2e9	097944c2-3582-4220-ade4-4a93ab404375	application.pipeline_move	{"toStatus": "INTERVIEW", "fromStatus": "REVIEWING", "positionId": "d45805c9-c04f-4f5a-8beb-5cc970888e66", "candidateId": "d2dd0df9-419c-4b63-b812-498dbef1c504", "applicationId": "1f02516a-fc33-4ca9-847b-f93b32c8f141"}	2025-10-04 01:27:39.827
6c1e7de4-59e3-41ff-9d10-70a2ef70712e	097944c2-3582-4220-ade4-4a93ab404375	application.pipeline_move	{"toStatus": "INTERVIEW", "fromStatus": "REVIEWING", "positionId": "d45805c9-c04f-4f5a-8beb-5cc970888e66", "candidateId": "5034a509-ce95-478e-aa32-50d488824d43", "applicationId": "e491bdb6-10c4-46e5-92ed-0952e58462b3"}	2025-10-04 01:27:44.084
c0967a8d-d1b8-4c0e-9e16-61fdb0235cb7	097944c2-3582-4220-ade4-4a93ab404375	application.pipeline_move	{"toStatus": "REVIEWING", "fromStatus": "INTERVIEW", "positionId": "d45805c9-c04f-4f5a-8beb-5cc970888e66", "candidateId": "5034a509-ce95-478e-aa32-50d488824d43", "applicationId": "e491bdb6-10c4-46e5-92ed-0952e58462b3"}	2025-10-04 01:27:48.138
8b0576c1-01b8-4abe-9e9d-69e105bee5a6	097944c2-3582-4220-ade4-4a93ab404375	application.pipeline_move	{"toStatus": "REVIEWING", "fromStatus": "INTERVIEW", "positionId": "d45805c9-c04f-4f5a-8beb-5cc970888e66", "candidateId": "7973ab07-d51f-4f2f-91d5-e7e1e6aec3af", "applicationId": "43715ef3-e605-479f-a686-1735aa2cd8a5"}	2025-10-04 01:28:16.269
a536d6af-3f6d-46d8-b5ee-d16bd875e974	097944c2-3582-4220-ade4-4a93ab404375	application.pipeline_move	{"toStatus": "INTERVIEW", "fromStatus": "REVIEWING", "positionId": "d45805c9-c04f-4f5a-8beb-5cc970888e66", "candidateId": "7973ab07-d51f-4f2f-91d5-e7e1e6aec3af", "applicationId": "43715ef3-e605-479f-a686-1735aa2cd8a5"}	2025-10-04 01:28:20.009
f6ab99ab-feab-4513-bbf8-c2bb1f6061c1	097944c2-3582-4220-ade4-4a93ab404375	application.pipeline_move	{"toStatus": "REVIEWING", "fromStatus": "INTERVIEW", "positionId": "d45805c9-c04f-4f5a-8beb-5cc970888e66", "candidateId": "eae23c72-b092-4718-b36a-dad5469b2075", "applicationId": "9283f861-6ff5-4690-bd8f-eecdb75ba4f8"}	2025-10-04 01:28:57.578
11590399-332b-4eca-a699-998ae524b614	097944c2-3582-4220-ade4-4a93ab404375	application.pipeline_move	{"toStatus": "INTERVIEW", "fromStatus": "REVIEWING", "positionId": "d45805c9-c04f-4f5a-8beb-5cc970888e66", "candidateId": "eae23c72-b092-4718-b36a-dad5469b2075", "applicationId": "9283f861-6ff5-4690-bd8f-eecdb75ba4f8"}	2025-10-04 01:28:59.637
c168f9d6-816c-45e5-956d-022f579ff4bb	097944c2-3582-4220-ade4-4a93ab404375	application.pipeline_move	{"toStatus": "REVIEWING", "fromStatus": "INTERVIEW", "positionId": "d45805c9-c04f-4f5a-8beb-5cc970888e66", "candidateId": "7973ab07-d51f-4f2f-91d5-e7e1e6aec3af", "applicationId": "43715ef3-e605-479f-a686-1735aa2cd8a5"}	2025-10-04 01:29:28.709
518c35cc-2e3f-4dac-952d-0f273a0a6257	097944c2-3582-4220-ade4-4a93ab404375	application.pipeline_move	{"toStatus": "INTERVIEW", "fromStatus": "REVIEWING", "positionId": "d45805c9-c04f-4f5a-8beb-5cc970888e66", "candidateId": "7973ab07-d51f-4f2f-91d5-e7e1e6aec3af", "applicationId": "43715ef3-e605-479f-a686-1735aa2cd8a5"}	2025-10-04 01:29:32.003
9082cb45-ff1b-46eb-a248-3b7976cc536f	097944c2-3582-4220-ade4-4a93ab404375	application.pipeline_move	{"toStatus": "REVIEWING", "fromStatus": "INTERVIEW", "positionId": "d45805c9-c04f-4f5a-8beb-5cc970888e66", "candidateId": "7973ab07-d51f-4f2f-91d5-e7e1e6aec3af", "applicationId": "43715ef3-e605-479f-a686-1735aa2cd8a5"}	2025-10-04 01:42:31
47e45982-c0f7-436d-8017-514483d77670	097944c2-3582-4220-ade4-4a93ab404375	application.pipeline_move	{"toStatus": "INTERVIEW", "fromStatus": "REVIEWING", "positionId": "d45805c9-c04f-4f5a-8beb-5cc970888e66", "candidateId": "7973ab07-d51f-4f2f-91d5-e7e1e6aec3af", "applicationId": "43715ef3-e605-479f-a686-1735aa2cd8a5"}	2025-10-04 01:42:34.421
ffce9be4-80ee-43a9-a969-f6a263b2613f	097944c2-3582-4220-ade4-4a93ab404375	application.pipeline_move	{"toStatus": "REVIEWING", "fromStatus": "INTERVIEW", "positionId": "d45805c9-c04f-4f5a-8beb-5cc970888e66", "candidateId": "7973ab07-d51f-4f2f-91d5-e7e1e6aec3af", "applicationId": "43715ef3-e605-479f-a686-1735aa2cd8a5"}	2025-10-04 01:42:36.349
8dfb4298-39ff-4096-9d33-9347fae95e5a	097944c2-3582-4220-ade4-4a93ab404375	application.pipeline_move	{"toStatus": "INTERVIEW", "fromStatus": "REVIEWING", "positionId": "d45805c9-c04f-4f5a-8beb-5cc970888e66", "candidateId": "7973ab07-d51f-4f2f-91d5-e7e1e6aec3af", "applicationId": "43715ef3-e605-479f-a686-1735aa2cd8a5"}	2025-10-04 01:42:37.464
6f2344db-8945-4187-9cbd-c78a9d1e1afd	097944c2-3582-4220-ade4-4a93ab404375	application.pipeline_move	{"toStatus": "REVIEWING", "fromStatus": "INTERVIEW", "positionId": "d45805c9-c04f-4f5a-8beb-5cc970888e66", "candidateId": "7973ab07-d51f-4f2f-91d5-e7e1e6aec3af", "applicationId": "43715ef3-e605-479f-a686-1735aa2cd8a5"}	2025-10-04 01:42:38.466
0f9816d9-2967-4d4e-8475-4e25149a7788	097944c2-3582-4220-ade4-4a93ab404375	application.pipeline_move	{"toStatus": "INTERVIEW", "fromStatus": "REVIEWING", "positionId": "d45805c9-c04f-4f5a-8beb-5cc970888e66", "candidateId": "7973ab07-d51f-4f2f-91d5-e7e1e6aec3af", "applicationId": "43715ef3-e605-479f-a686-1735aa2cd8a5"}	2025-10-04 01:42:39.891
4e27ef65-cd06-4635-a171-71b9c2b10794	097944c2-3582-4220-ade4-4a93ab404375	application.pipeline_move	{"toStatus": "OFFER", "fromStatus": "INTERVIEW", "positionId": "d45805c9-c04f-4f5a-8beb-5cc970888e66", "candidateId": "7973ab07-d51f-4f2f-91d5-e7e1e6aec3af", "applicationId": "43715ef3-e605-479f-a686-1735aa2cd8a5"}	2025-10-04 01:42:52.73
6c11bf02-fd98-4110-ab21-0cc61aec4813	097944c2-3582-4220-ade4-4a93ab404375	application.pipeline_move	{"toStatus": "INTERVIEW", "fromStatus": "OFFER", "positionId": "d45805c9-c04f-4f5a-8beb-5cc970888e66", "candidateId": "7973ab07-d51f-4f2f-91d5-e7e1e6aec3af", "applicationId": "43715ef3-e605-479f-a686-1735aa2cd8a5"}	2025-10-04 01:42:55.461
e8d850e3-6da7-499d-a350-87e8c6c25d0b	097944c2-3582-4220-ade4-4a93ab404375	application.pipeline_move	{"toStatus": "OFFER", "fromStatus": "INTERVIEW", "positionId": "d45805c9-c04f-4f5a-8beb-5cc970888e66", "candidateId": "7973ab07-d51f-4f2f-91d5-e7e1e6aec3af", "applicationId": "43715ef3-e605-479f-a686-1735aa2cd8a5"}	2025-10-04 01:43:02.548
b8a80f2f-2e75-49da-b633-40d082a9abf0	097944c2-3582-4220-ade4-4a93ab404375	application.pipeline_move	{"toStatus": "REVIEWING", "fromStatus": "INTERVIEW", "positionId": "d45805c9-c04f-4f5a-8beb-5cc970888e66", "candidateId": "8d74ab50-e54f-496a-bc68-0080dd6ca47b", "applicationId": "c5667006-1c6b-4243-b9af-3d077485d47c"}	2025-10-04 01:43:12.937
5ed47cc4-954d-4d57-84e8-d034671d0e24	097944c2-3582-4220-ade4-4a93ab404375	application.pipeline_move	{"toStatus": "INTERVIEW", "fromStatus": "OFFER", "positionId": "d45805c9-c04f-4f5a-8beb-5cc970888e66", "candidateId": "243d4130-0256-4a3e-89f5-c99888237c0f", "applicationId": "e20ead25-4eef-4800-94cd-bd139aa8d1ff"}	2025-10-04 01:43:52.007
51755650-1461-45c2-9617-1e565e2a4605	097944c2-3582-4220-ade4-4a93ab404375	application.pipeline_move	{"toStatus": "REVIEWING", "fromStatus": "INTERVIEW", "positionId": "d45805c9-c04f-4f5a-8beb-5cc970888e66", "candidateId": "eae23c72-b092-4718-b36a-dad5469b2075", "applicationId": "9283f861-6ff5-4690-bd8f-eecdb75ba4f8"}	2025-10-04 02:08:54.852
3866483d-357b-4ecd-a585-f36a7fcfd58b	097944c2-3582-4220-ade4-4a93ab404375	application.pipeline_move	{"toStatus": "REVIEWING", "fromStatus": "INTERVIEW", "positionId": "d45805c9-c04f-4f5a-8beb-5cc970888e66", "candidateId": "d2dd0df9-419c-4b63-b812-498dbef1c504", "applicationId": "1f02516a-fc33-4ca9-847b-f93b32c8f141"}	2025-10-04 02:11:37.812
696c14c4-8450-4322-b14f-56f85e95be1e	097944c2-3582-4220-ade4-4a93ab404375	application.pipeline_move	{"toStatus": "INTERVIEW", "fromStatus": "REVIEWING", "positionId": "d45805c9-c04f-4f5a-8beb-5cc970888e66", "candidateId": "d2dd0df9-419c-4b63-b812-498dbef1c504", "applicationId": "1f02516a-fc33-4ca9-847b-f93b32c8f141"}	2025-10-04 02:11:41.784
9efb20fb-7d06-4538-bd52-8edc27a91b29	097944c2-3582-4220-ade4-4a93ab404375	application.pipeline_move	{"toStatus": "REVIEWING", "fromStatus": "INTERVIEW", "positionId": "d45805c9-c04f-4f5a-8beb-5cc970888e66", "candidateId": "d2dd0df9-419c-4b63-b812-498dbef1c504", "applicationId": "1f02516a-fc33-4ca9-847b-f93b32c8f141"}	2025-10-04 02:11:43.617
9b867e0c-d99e-4499-bb81-b491068510c4	097944c2-3582-4220-ade4-4a93ab404375	application.pipeline_move	{"toStatus": "OFFER", "fromStatus": "INTERVIEW", "positionId": "d45805c9-c04f-4f5a-8beb-5cc970888e66", "candidateId": "243d4130-0256-4a3e-89f5-c99888237c0f", "applicationId": "e20ead25-4eef-4800-94cd-bd139aa8d1ff"}	2025-10-04 02:12:10.318
6196719e-cc98-4466-b0f1-c3182095912f	097944c2-3582-4220-ade4-4a93ab404375	application.delete	{"positionId": "d45805c9-c04f-4f5a-8beb-5cc970888e66", "candidateId": "8ced66b9-598d-4c38-a296-6d8afbc2fc21", "applicationId": "51b62cdc-f8e7-4b98-b1af-18da51307fac"}	2025-10-04 02:24:05.944
b2d0ac30-7ef9-44cf-9202-ddde0f2bae7d	097944c2-3582-4220-ade4-4a93ab404375	application.delete	{"positionId": "d45805c9-c04f-4f5a-8beb-5cc970888e66", "candidateId": "eae23c72-b092-4718-b36a-dad5469b2075", "applicationId": "9283f861-6ff5-4690-bd8f-eecdb75ba4f8"}	2025-10-04 02:34:39.005
22e12f0f-b2b6-4c56-90fd-2fe83d0c417f	097944c2-3582-4220-ade4-4a93ab404375	application.pipeline_move	{"toStatus": "OFFER", "fromStatus": "REVIEWING", "positionId": "d45805c9-c04f-4f5a-8beb-5cc970888e66", "candidateId": "5034a509-ce95-478e-aa32-50d488824d43", "applicationId": "e491bdb6-10c4-46e5-92ed-0952e58462b3"}	2025-10-04 02:35:11.913
852ef39d-dca5-4681-8e3f-18581b9423bb	097944c2-3582-4220-ade4-4a93ab404375	application.pipeline_move	{"toStatus": "REVIEWING", "fromStatus": "OFFER", "positionId": "d45805c9-c04f-4f5a-8beb-5cc970888e66", "candidateId": "5034a509-ce95-478e-aa32-50d488824d43", "applicationId": "e491bdb6-10c4-46e5-92ed-0952e58462b3"}	2025-10-04 02:35:13.74
0e518dea-0712-4b6c-80d1-9a24e245e99c	097944c2-3582-4220-ade4-4a93ab404375	application.pipeline_move	{"toStatus": "OFFER", "fromStatus": "REVIEWING", "positionId": "d45805c9-c04f-4f5a-8beb-5cc970888e66", "candidateId": "5034a509-ce95-478e-aa32-50d488824d43", "applicationId": "e491bdb6-10c4-46e5-92ed-0952e58462b3"}	2025-10-04 02:35:15.468
4f1d040c-192f-408c-8be2-fbc2db321d5a	097944c2-3582-4220-ade4-4a93ab404375	application.pipeline_move	{"toStatus": "REVIEWING", "fromStatus": "APPLIED", "positionId": "d45805c9-c04f-4f5a-8beb-5cc970888e66", "candidateId": "22af8b6b-293b-4de6-926b-d8833f162af0", "applicationId": "975ceab1-6396-4811-b626-5db96dda02b4"}	2025-10-04 02:39:25.17
e288155e-346e-48c4-a886-611306201886	097944c2-3582-4220-ade4-4a93ab404375	application.pipeline_move	{"toStatus": "REVIEWING", "fromStatus": "APPLIED", "positionId": "d45805c9-c04f-4f5a-8beb-5cc970888e66", "candidateId": "db3dd493-17a1-4d47-855c-d4f83070a9d6", "applicationId": "3f67831f-8f2d-4cc5-b904-bbc7aff8b972"}	2025-10-04 02:45:36.241
3c221e96-b4f7-4fa2-a0d0-ab43dfa13f0d	097944c2-3582-4220-ade4-4a93ab404375	application.pipeline_move	{"toStatus": "APPLIED", "fromStatus": "REVIEWING", "positionId": "d45805c9-c04f-4f5a-8beb-5cc970888e66", "candidateId": "d2dd0df9-419c-4b63-b812-498dbef1c504", "applicationId": "1f02516a-fc33-4ca9-847b-f93b32c8f141"}	2025-10-04 02:48:12.787
42442985-07e3-4bd6-b97b-23a62f975508	097944c2-3582-4220-ade4-4a93ab404375	application.pipeline_move	{"toStatus": "REJECTED", "fromStatus": "APPLIED", "positionId": "d45805c9-c04f-4f5a-8beb-5cc970888e66", "candidateId": "d2dd0df9-419c-4b63-b812-498dbef1c504", "applicationId": "1f02516a-fc33-4ca9-847b-f93b32c8f141"}	2025-10-04 02:49:19.506
7663fad3-aaf0-4b90-9034-1a70f3aa92f1	097944c2-3582-4220-ade4-4a93ab404375	application.pipeline_move	{"toStatus": "OFFER", "fromStatus": "APPLIED", "positionId": "d45805c9-c04f-4f5a-8beb-5cc970888e66", "candidateId": "ea28e31f-a7c4-4183-beee-41b0f8487f2b", "applicationId": "35ecee04-4083-4886-91eb-cf937d6091aa"}	2025-10-04 02:50:18.37
f7b73ed0-522f-4ad3-b3a2-b2cb3131fe7f	24561236-b941-4ff8-ad41-b9b71adcafdd	user.login	\N	2025-10-04 03:31:52.248
05edc8c5-0527-4eb8-b22f-910f54640bc8	097944c2-3582-4220-ade4-4a93ab404375	user.login	\N	2025-10-04 03:54:34.253
7be10309-f73e-447e-bd4f-60b6e5e7cc48	24561236-b941-4ff8-ad41-b9b71adcafdd	user.login	\N	2025-10-04 04:00:16.305
f3766658-f825-469a-8608-930861661ed1	24561236-b941-4ff8-ad41-b9b71adcafdd	user.login	\N	2025-10-04 04:15:25.408
651b6a43-f72e-44b6-8b14-8563a2721c9c	24561236-b941-4ff8-ad41-b9b71adcafdd	user.login	\N	2025-10-04 04:18:49.534
a5837c77-b2ec-46e1-a856-6a11bc146c2c	5900ca1a-625c-4a14-8331-ee286900ad73	user.login	\N	2025-10-04 04:21:05.527
\.


--
-- Data for Name: Industry; Type: TABLE DATA; Schema: public; Owner: -
--

COPY public."Industry" (id, name, "createdAt", "isHeading", "order", "updatedAt") FROM stdin;
528	Finance & Professional Services	2025-09-24 11:30:22.985	t	1	2025-09-24 11:30:22.985
529	Accounting	2025-09-24 11:30:22.985	f	2	2025-09-24 11:30:22.985
530	Auditing	2025-09-24 11:30:22.985	f	3	2025-09-24 11:30:22.985
531	Banking	2025-09-24 11:30:22.985	f	4	2025-09-24 11:30:22.985
532	Financial Services	2025-09-24 11:30:22.985	f	5	2025-09-24 11:30:22.985
533	Insurance	2025-09-24 11:30:22.985	f	6	2025-09-24 11:30:22.985
534	Legal	2025-09-24 11:30:22.985	f	7	2025-09-24 11:30:22.985
535	Venture Capital	2025-09-24 11:30:22.985	f	8	2025-09-24 11:30:22.985
536	Investment	2025-09-24 11:30:22.985	f	9	2025-09-24 11:30:22.985
537	Business & Management	2025-09-24 11:30:22.985	t	10	2025-09-24 11:30:22.985
538	Consulting	2025-09-24 11:30:22.985	f	11	2025-09-24 11:30:22.985
539	Business Strategy	2025-09-24 11:30:22.985	f	12	2025-09-24 11:30:22.985
540	Management	2025-09-24 11:30:22.985	f	13	2025-09-24 11:30:22.985
541	Human Resources	2025-09-24 11:30:22.985	f	14	2025-09-24 11:30:22.985
542	Recruitment	2025-09-24 11:30:22.985	f	15	2025-09-24 11:30:22.985
543	Marketing	2025-09-24 11:30:22.985	f	16	2025-09-24 11:30:22.985
544	Public Relations	2025-09-24 11:30:22.985	f	17	2025-09-24 11:30:22.985
545	Advertising	2025-09-24 11:30:22.985	f	18	2025-09-24 11:30:22.985
546	Media	2025-09-24 11:30:22.985	f	19	2025-09-24 11:30:22.985
547	Communications	2025-09-24 11:30:22.985	f	20	2025-09-24 11:30:22.985
548	Research	2025-09-24 11:30:22.985	f	21	2025-09-24 11:30:22.985
549	Development	2025-09-24 11:30:22.985	f	22	2025-09-24 11:30:22.985
550	Technology & Digital	2025-09-24 11:30:22.985	t	23	2025-09-24 11:30:22.985
551	ICT	2025-09-24 11:30:22.985	f	24	2025-09-24 11:30:22.985
552	Software	2025-09-24 11:30:22.985	f	25	2025-09-24 11:30:22.985
553	Technology	2025-09-24 11:30:22.985	f	26	2025-09-24 11:30:22.985
554	Telecommunications	2025-09-24 11:30:22.985	f	27	2025-09-24 11:30:22.985
555	Cybersecurity	2025-09-24 11:30:22.985	f	28	2025-09-24 11:30:22.985
556	Data	2025-09-24 11:30:22.985	f	29	2025-09-24 11:30:22.985
557	Analytics	2025-09-24 11:30:22.985	f	30	2025-09-24 11:30:22.985
558	E-Commerce	2025-09-24 11:30:22.985	f	31	2025-09-24 11:30:22.985
559	Gaming	2025-09-24 11:30:22.985	f	32	2025-09-24 11:30:22.985
560	Entertainment Tech	2025-09-24 11:30:22.985	f	33	2025-09-24 11:30:22.985
561	FinTech	2025-09-24 11:30:22.985	f	34	2025-09-24 11:30:22.985
562	Education	2025-09-24 11:30:22.985	t	35	2025-09-24 11:30:22.985
563	Teaching	2025-09-24 11:30:22.985	f	36	2025-09-24 11:30:22.985
564	Training	2025-09-24 11:30:22.985	f	37	2025-09-24 11:30:22.985
565	E-Learning	2025-09-24 11:30:22.985	f	38	2025-09-24 11:30:22.985
566	EdTech	2025-09-24 11:30:22.985	f	39	2025-09-24 11:30:22.985
567	Capacity Building	2025-09-24 11:30:22.985	f	40	2025-09-24 11:30:22.985
568	Healthcare	2025-09-24 11:30:22.985	t	41	2025-09-24 11:30:22.985
569	Medical Services	2025-09-24 11:30:22.985	f	42	2025-09-24 11:30:22.985
570	Hospitals	2025-09-24 11:30:22.985	f	43	2025-09-24 11:30:22.985
571	Clinics	2025-09-24 11:30:22.985	f	44	2025-09-24 11:30:22.985
572	Pharmaceutical	2025-09-24 11:30:22.985	f	45	2025-09-24 11:30:22.985
573	Biotechnology	2025-09-24 11:30:22.985	f	46	2025-09-24 11:30:22.985
574	Public Health	2025-09-24 11:30:22.985	f	47	2025-09-24 11:30:22.985
575	Fitness	2025-09-24 11:30:22.985	f	48	2025-09-24 11:30:22.985
576	Wellness	2025-09-24 11:30:22.985	f	49	2025-09-24 11:30:22.985
577	Agriculture & Food	2025-09-24 11:30:22.985	t	50	2025-09-24 11:30:22.985
578	Agriculture	2025-09-24 11:30:22.985	f	51	2025-09-24 11:30:22.985
579	Agro-Allied	2025-09-24 11:30:22.985	f	52	2025-09-24 11:30:22.985
580	Fisheries	2025-09-24 11:30:22.985	f	53	2025-09-24 11:30:22.985
581	Aquaculture	2025-09-24 11:30:22.985	f	54	2025-09-24 11:30:22.985
582	Forestry	2025-09-24 11:30:22.985	f	55	2025-09-24 11:30:22.985
583	Food Processing	2025-09-24 11:30:22.985	f	56	2025-09-24 11:30:22.985
584	Retail	2025-09-24 11:30:22.985	f	57	2025-09-24 11:30:22.985
585	FMCG	2025-09-24 11:30:22.985	f	58	2025-09-24 11:30:22.985
586	Energy & Natural Resources	2025-09-24 11:30:22.985	t	59	2025-09-24 11:30:22.985
587	Oil & Gas	2025-09-24 11:30:22.985	f	60	2025-09-24 11:30:22.985
588	Energy	2025-09-24 11:30:22.985	f	61	2025-09-24 11:30:22.985
589	Power	2025-09-24 11:30:22.985	f	62	2025-09-24 11:30:22.985
590	Utilities	2025-09-24 11:30:22.985	f	63	2025-09-24 11:30:22.985
591	Renewable Energy	2025-09-24 11:30:22.985	f	64	2025-09-24 11:30:22.985
592	Mining	2025-09-24 11:30:22.985	f	65	2025-09-24 11:30:22.985
593	Extraction	2025-09-24 11:30:22.985	f	66	2025-09-24 11:30:22.985
594	Engineering & Manufacturing	2025-09-24 11:30:22.985	t	67	2025-09-24 11:30:22.985
595	Engineering	2025-09-24 11:30:22.985	f	68	2025-09-24 11:30:22.985
596	Technical Services	2025-09-24 11:30:22.985	f	69	2025-09-24 11:30:22.985
597	Construction	2025-09-24 11:30:22.985	f	70	2025-09-24 11:30:22.985
598	Real Estate	2025-09-24 11:30:22.985	f	71	2025-09-24 11:30:22.985
599	Architecture	2025-09-24 11:30:22.985	f	72	2025-09-24 11:30:22.985
600	Design	2025-09-24 11:30:22.985	f	73	2025-09-24 11:30:22.985
601	Manufacturing	2025-09-24 11:30:22.985	f	74	2025-09-24 11:30:22.985
602	Production	2025-09-24 11:30:22.985	f	75	2025-09-24 11:30:22.985
603	Industrial Automation	2025-09-24 11:30:22.985	f	76	2025-09-24 11:30:22.985
604	Transport & Logistics	2025-09-24 11:30:22.985	t	77	2025-09-24 11:30:22.985
605	Logistics	2025-09-24 11:30:22.985	f	78	2025-09-24 11:30:22.985
606	Supply Chain	2025-09-24 11:30:22.985	f	79	2025-09-24 11:30:22.985
607	Aviation	2025-09-24 11:30:22.985	f	80	2025-09-24 11:30:22.985
608	Aerospace	2025-09-24 11:30:22.985	f	81	2025-09-24 11:30:22.985
609	Maritime	2025-09-24 11:30:22.985	f	82	2025-09-24 11:30:22.985
610	Shipping	2025-09-24 11:30:22.985	f	83	2025-09-24 11:30:22.985
611	Rail Transport	2025-09-24 11:30:22.985	f	84	2025-09-24 11:30:22.985
612	Road Transport	2025-09-24 11:30:22.985	f	85	2025-09-24 11:30:22.985
613	Ride-hailing	2025-09-24 11:30:22.985	f	86	2025-09-24 11:30:22.985
614	Delivery Services	2025-09-24 11:30:22.985	f	87	2025-09-24 11:30:22.985
615	Government & Public Sector	2025-09-24 11:30:22.985	t	88	2025-09-24 11:30:22.985
616	Government	2025-09-24 11:30:22.985	f	89	2025-09-24 11:30:22.985
617	Public Service	2025-09-24 11:30:22.985	f	90	2025-09-24 11:30:22.985
618	NGO	2025-09-24 11:30:22.985	f	91	2025-09-24 11:30:22.985
619	Non-Profit	2025-09-24 11:30:22.985	f	92	2025-09-24 11:30:22.985
620	International Organizations	2025-09-24 11:30:22.985	f	93	2025-09-24 11:30:22.985
621	Security Services	2025-09-24 11:30:22.985	f	94	2025-09-24 11:30:22.985
622	Military	2025-09-24 11:30:22.985	f	95	2025-09-24 11:30:22.985
623	Defense	2025-09-24 11:30:22.985	f	96	2025-09-24 11:30:22.985
624	Creative & Lifestyle	2025-09-24 11:30:22.985	t	97	2025-09-24 11:30:22.985
625	Arts	2025-09-24 11:30:22.985	f	98	2025-09-24 11:30:22.985
626	Culture	2025-09-24 11:30:22.985	f	99	2025-09-24 11:30:22.985
627	Hospitality	2025-09-24 11:30:22.985	f	100	2025-09-24 11:30:22.985
628	Tourism	2025-09-24 11:30:22.985	f	101	2025-09-24 11:30:22.985
629	Events Management	2025-09-24 11:30:22.985	f	102	2025-09-24 11:30:22.985
630	Fashion	2025-09-24 11:30:22.985	f	103	2025-09-24 11:30:22.985
631	Beauty	2025-09-24 11:30:22.985	f	104	2025-09-24 11:30:22.985
632	Sports	2025-09-24 11:30:22.985	f	105	2025-09-24 11:30:22.985
633	Recreation	2025-09-24 11:30:22.985	f	106	2025-09-24 11:30:22.985
634	Entertainment	2025-09-24 11:30:22.985	f	107	2025-09-24 11:30:22.985
635	Music	2025-09-24 11:30:22.985	f	108	2025-09-24 11:30:22.985
636	Film	2025-09-24 11:30:22.985	f	109	2025-09-24 11:30:22.985
\.


--
-- Data for Name: Agency; Type: TABLE DATA; Schema: public; Owner: -
--

COPY public."Agency" (id, "ownerUserId", name, "rcNumber", "industryId", website, "sizeRange", "domainVerified", "cacVerified", "logoKey", "headquartersStateId", "lgaId", "createdAt", domain, "hasCompletedOnboarding") FROM stdin;
51db5cda-dfb1-4134-937d-69fcbe0f1e37	4b31bf65-d740-47e8-8859-a15590755d93	Avon HMO Solutions	RC385168	570	https://hefty-flu.com/	200+	f	t	logo_Jbg07e.png	91	1885	2025-09-29 08:55:00.27	worthwhile-disconnection.biz	t
ab2f1dfc-6306-47f8-bc30-096989f8b279	cc70f20b-3f94-4fc9-9add-364f60b2792f	Total Health Trust Group	RC302914	574	https://equatorial-turret.biz	11-50	f	t	logo_eeOQFf.png	89	1832	2025-09-29 08:55:00.287	gracious-excess.name	t
e31f6eb0-7921-4810-a4f6-d4508c5aa5d1	a7e1e3a9-e037-456e-9285-78cdcce320bc	IrokoTV Careers Ltd.	RC007958	625	https://jam-packed-ravioli.info	1-10	t	f	logo_soCwq8.png	77	1616	2025-09-29 08:55:00.293	grizzled-hydrolyse.org	t
0c0a5430-beba-4121-9c6c-393cf7536857	05eb46b4-79a7-4778-ae7b-f689066f9d88	PrepClass NG Partners	RC610208	564	https://staid-glider.com	1-10	f	f	logo_NRLGur.png	107	2250	2025-09-29 08:55:00.305	pitiful-blossom.com	t
a81285ab-2621-498b-8800-5b0c28820357	56c4fda1-9a4a-496b-beb7-f4980c391c82	Paradigm Initiative Solutions	RC976570	616	https://early-solvency.info	1-10	t	f	logo_SdpsJZ.png	78	1622	2025-09-29 08:55:00.315	biodegradable-league.biz	t
aa67a3a2-ac93-46f6-a9fa-cbd63c437999	31466026-d17c-4c0d-975d-f4918cb1b0be	Babban Gona Solutions	RC981820	582	https://decisive-tune-up.name/	11-50	f	f	logo_V4bKKI.png	98	2050	2025-09-29 08:55:00.321	electric-abacus.net	t
1ef98b18-cb41-4dac-9f09-57ddcef53a25	4369747b-83f1-474b-a677-5e845e76493b	Helium Health Partners	RC331235	575	https://energetic-sundae.net	1-10	f	f	logo_m0qtSz.png	85	1767	2025-09-29 08:55:00.328	better-outrun.name	t
e0a7c3ad-56e8-4930-9880-c5f8a2314882	cb280ea7-bc43-4778-a3c7-11d2ee2d9133	Deloitte Nigeria Solutions	RC177929	536	https://uncommon-sand.org	1-10	f	t	logo_gKIJ9Z.png	80	1663	2025-09-29 08:55:00.334	exhausted-cricket.com	t
60556015-1b46-456e-bcfc-0f05cf103297	03658c72-c355-4347-a9e2-4411f40b1eab	Black Pen Recruitment Ltd.	RC502149	545	https://delirious-developing.com/	11-50	t	f	logo_uQyOYA.png	87	1797	2025-09-29 08:55:00.34	unlawful-swath.com	t
90c57833-e1a7-4d17-9215-dbe5c120bf39	d76450b4-bd2c-4188-817e-90ea4a886386	Releaf Partners	RC295906	579	https://fluffy-hepatitis.org	51-200	f	t	logo_ojoEjz.png	84	1742	2025-09-29 08:55:00.349	repentant-tectonics.name	t
043fafe1-0483-4d29-add4-7148a81cfefe	b8bdbda9-d1a0-4aeb-923f-a2ba60fad2f9	EbonyLife TV Ltd.	RC883498	629	https://potable-feather.biz	51-200	f	f	logo_tvtBYt.png	98	2059	2025-09-29 08:55:00.36	pleasing-extent.com	t
827ca625-7e7b-4327-a75b-a87e8b815f5a	75bec94b-83cd-442f-927c-5d2f4e2eea24	Teach For Nigeria Group	RC325019	564	https://usable-priesthood.com/	1-10	t	t	logo_Vgj2CU.png	83	1734	2025-09-29 08:55:00.366	illustrious-travel.biz	t
aae1ca54-ac85-4949-b9bc-f1cddfb23cae	d0c7eac5-2bef-4e12-ba5d-a76eb7c602f3	BudgIT Solutions	RC788864	623	https://responsible-loyalty.org/	51-200	f	t	logo_nu5PFU.png	105	2223	2025-09-29 08:55:00.374	impassioned-flood.biz	t
14b1bf21-76d6-443e-8a48-1f03e5d877c2	81222db7-faf1-4ec1-bd27-dbfded7e6a79	Seplat Energy Group	RC305060	590	https://charming-comestible.name/	200+	t	t	logo_fWWRpO.png	106	2226	2025-09-29 08:55:00.381	yearly-monasticism.com	t
3cfa8299-0cac-4a7a-a379-8a01abc31e0d	74d4bde0-2639-4a8d-a314-8b15f4a00b3e	Helium Health Group	RC230328	575	https://ugly-rim.name/	1-10	t	f	logo_y7pLVh.png	109	2288	2025-09-29 08:55:00.389	serpentine-publication.org	t
4a41610f-6a31-472a-b64a-cafeec5d90f5	7e881a52-b3fb-47e2-9c3a-df16445b6085	Chocolate City Group Group	RC934686	628	https://dreary-rosemary.name	51-200	t	f	logo_8vnwUK.png	78	1619	2025-09-29 08:55:00.397	trusty-permafrost.org	t
92d6b1cf-a8fe-4bf2-bcb4-ad867bf2701a	b7e76145-612d-4c45-8c48-48d21a58067a	Julius Berger Nigeria Group	RC015550	596	https://determined-horst.info/	11-50	t	t	logo_fERIFJ.png	97	2041	2025-09-29 08:55:00.403	sudden-baritone.net	t
0caf6288-f2bf-417f-9fa1-929762d741e5	94811dd0-d41a-4434-97f7-35e27f407c6c	Jumia Careers Group	RC238321	629	https://oily-countess.name	11-50	t	t	logo_otgyE6.png	93	1949	2025-09-29 08:55:00.414	wise-farmer.com	t
f73f34d9-66ad-4b7c-a7c7-822583028ff4	9e409948-53fa-4d48-aba2-72940e28b743	mDoc Partners	RC056183	570	https://aggravating-climb.net/	200+	f	t	logo_QFloF8.png	81	1670	2025-09-29 08:55:00.42	probable-diversity.biz	t
a13ae602-c8f9-44c4-9206-1302d4f422f9	a2591e96-2257-40ab-9915-50d5e1ac83a0	Sterling Bank HR Partners	RC069434	536	https://instructive-secrecy.name	200+	t	f	logo_7qsmBe.png	95	2001	2025-09-29 08:55:00.427	dental-casement.org	t
f94b834b-45e8-4aa9-be96-c0286960a7f9	c9874400-2756-448c-802b-f6c416a77070	Mavin Records Partners	RC068613	625	https://worldly-petticoat.com/	11-50	f	f	logo_jMnHfa.png	102	2141	2025-09-29 08:55:00.433	far-off-duffel.com	t
2d389394-7f00-44f3-b4db-68673c45b297	3530c7f4-650a-4754-bcc0-e0968d226714	mDoc Group	RC564914	569	https://private-tusk.net	51-200	t	t	logo_X8idRD.png	106	2239	2025-09-29 08:55:00.439	giving-mantua.info	t
dc80c527-5450-4320-b1c2-0a355ef09a55	ff7c3f0c-fb5b-412a-8084-6aabdc26ab30	Helium Health Ltd.	RC881713	573	https://insecure-hundred.biz	11-50	t	t	logo_1ZNNCQ.png	85	1767	2025-09-29 08:55:00.448	timely-unit.com	t
ea5376d0-5dc8-4583-bdc2-b5086e036245	ea3c38d7-d5bb-4275-a3e0-28a4075fe407	Softcom Partners	RC331135	558	https://colorless-dwell.name	11-50	f	t	logo_pV5D1Z.png	79	1641	2025-09-29 08:55:00.459	webbed-tenement.net	t
7b63f0d4-ae27-46f4-8e3b-cabb88daa3d8	c1cfe44e-a176-474b-bf35-48398dca09c9	OhGiveThanks	\N	\N	\N	\N	t	t	\N	\N	\N	2025-09-17 20:07:32.599	tedunjaiyeseun@gmail.com	f
5235e8cc-eb48-4d8f-ac9e-45aea967b396	52293288-aad8-496b-9864-98cc9bb40fef	ACE Charity Partners	RC068708	563	https://second-decision.com/	1-10	f	f	logo_g7jX5v.png	77	1597	2025-09-29 08:55:00.467	blushing-hyena.biz	t
52e4e5c6-0515-4bc2-9ea2-5a1ffd52500b	26c24c90-cd7a-47df-91d0-07ab140c1f5c	Nigerian Breweries Group	RC048206	601	https://complete-plain.name	11-50	f	f	logo_ocFTIr.png	79	1654	2025-09-29 08:55:00.476	rigid-jump.org	t
f7460f3b-5e72-4600-b948-e01fec4f77f3	1ec52357-d576-4b4a-a50c-833fa7e908a3	Kimberly Ryan Group	RC362786	540	https://tragic-switchboard.info/	200+	f	f	logo_MPOLg2.png	86	1780	2025-09-29 08:55:00.486	well-documented-mozzarella.name	t
c72a1fbb-2770-4cb9-baee-48f7c79971c4	cebd04d7-f2de-4d41-abbd-b4cff0e786d4	Softcom Solutions	RC768342	560	https://sure-footed-knight.biz/	200+	t	f	logo_YKcPtA.png	109	2291	2025-09-29 08:55:00.495	deserted-monasticism.name	t
7183c757-b499-4d2c-a88e-432e7e1d241c	b6104a41-9644-48e1-a30b-8a9afc20900c	Oando PLC Ltd.	RC072954	591	https://nautical-deed.biz/	11-50	f	f	logo_UnnjXW.png	82	1702	2025-09-29 08:55:00.505	impure-inspection.biz	t
2c6b83e5-0324-4559-88a2-25893689d1aa	bd6bc51d-4298-4359-a40f-2932deb64a61	Zikoko Careers Partners	RC197903	558	https://easy-gloom.biz	11-50	f	t	logo_gjRXVY.png	80	1663	2025-09-29 08:55:00.514	thick-cross-contamination.info	t
3792dc13-c924-400a-99f1-ca618b8e4ac0	a7fc4d94-3a0a-4789-b7be-d9f047aa66c6	Workforce Group Ltd.	RC201265	549	https://annual-yarmulke.info	11-50	t	f	logo_OWeLDP.png	79	1650	2025-09-29 08:55:00.52	unlined-sandbar.info	t
bf3222f7-3668-4dd3-ad8c-90581e761b2c	0b9c33f0-7c11-436e-a620-3c1bfd1be7e0	Decagon Ltd.	RC483491	557	https://authorized-knickers.info	200+	t	t	logo_thglGv.png	76	1566	2025-09-29 08:55:00.528	miserable-tuxedo.net	t
f7472be1-137d-42c4-b74a-9217988bd932	097944c2-3582-4220-ade4-4a93ab404375	AdinKems Inc.	56765432	553	https://www.adinkems.com	30-40	t	t	\N	111	\N	2025-09-05 08:06:38.204	\N	t
87ee41d4-2bc2-4018-bcb4-4cf7b3a0be03	4c4d35c3-7f65-435d-81da-5196ae3b75b8	Deloitte Nigeria Solutions	RC450211	532	https://helpless-sport.name	51-200	t	t	logo_G4TgJg.png	90	1848	2025-09-29 08:55:00.537	quiet-circumference.net	t
80dc4aa3-8e47-4f1d-b105-5a4fb509b89d	aeda88c0-a50e-416d-a165-e5a850096b20	GTBank Careers Ltd.	RC868611	534	https://limited-making.info/	51-200	f	f	logo_C8jpJa.png	105	2217	2025-09-29 08:55:00.557	willing-descendant.com	t
f1e49dce-9ee4-444e-8b23-b366524cae09	a48f5b1a-6691-43a0-905d-193d79a9a7d1	TotalEnergies Nigeria Ltd.	RC323864	592	https://separate-intervention.biz	11-50	f	t	logo_9vV7bU.png	93	1949	2025-09-29 08:55:00.566	tender-hope.org	t
28f3187f-6722-42bb-9bf8-182e11a81e62	9c599cad-f68f-411f-bb85-cb0e26eb1aec	TalentQL Group	RC447574	551	https://optimistic-cuckoo.com	200+	f	f	logo_dwpbEl.png	92	1906	2025-09-29 08:55:00.575	oval-hexagon.com	t
b00f9331-d570-48df-858a-8eeb45e768f4	c3749af0-3b0a-4332-a663-4788a4ab3432	Mavin Records Partners	RC933896	635	https://specific-guacamole.name/	200+	f	f	logo_aD3FxN.png	86	1781	2025-09-29 08:55:00.581	well-to-do-scratch.net	t
1dc7fd41-3b3e-4d89-871b-54210e474fd4	8221aa1d-6b5a-47f1-8912-47ed599916de	Deloitte Nigeria Solutions	RC805031	535	https://noxious-haversack.info	11-50	f	f	logo_yWjYVX.png	79	1645	2025-09-29 08:55:00.587	illiterate-brook.com	t
36d4211d-eb68-44b8-a28e-9f494e4b3aed	6da24137-3da4-4b01-970a-2edbe0e161c8	Gokada Group	RC189105	610	https://informal-atrium.name/	200+	t	f	logo_DaqRv7.png	105	2218	2025-09-29 08:55:00.599	sorrowful-following.net	t
862591e3-925f-443e-bc92-7f989be678c0	c29a2a4b-311e-40a3-aa48-6dfaa04ba000	Red Star Express Solutions	RC696774	608	https://tragic-cleaner.net	51-200	f	f	logo_HLd1fd.png	103	2165	2025-09-29 08:55:00.611	potable-hexagon.org	t
2bed8e29-07db-429e-b445-5385b97aea62	88c80450-bd4a-4f00-a17f-6b65a00d029a	Linda Ikeji Blog Group	RC463513	632	https://spotless-teammate.name/	51-200	t	f	logo_4NUr1N.png	83	1723	2025-09-29 08:55:00.617	unsung-coliseum.name	t
d2c5c062-534d-4470-8425-7f8552b0bb66	957eec21-1a6c-4373-8f50-767b5d036d76	Total Health Trust Ltd.	RC557351	569	https://limp-invite.biz	51-200	f	f	logo_lTDAza.png	107	2264	2025-09-29 08:55:00.626	phony-onset.org	t
1e69bc28-d3f9-4a5b-af5f-a8900fcc8c4f	665658bf-02c4-4889-b044-58dabcfec590	Flying Doctors Nigeria Ltd.	RC857978	573	https://compassionate-freight.com/	200+	t	f	logo_ywGa0N.png	94	1959	2025-09-29 08:55:00.634	hefty-underneath.com	t
327e99ab-21e9-4d07-a37c-b020ed59fa63	d2430214-64e0-47a5-bc8c-d17b264d34b3	KPMG Nigeria Partners	RC948392	532	https://instructive-eggplant.org/	51-200	t	f	logo_zpFyul.png	86	1773	2025-09-29 08:55:00.643	apt-railway.net	t
046e049c-e521-4265-a0fb-cf272c5d8431	4f534778-d938-420f-8f23-1eea16dbbae5	Dangote Group Solutions	RC502172	595	https://parched-midwife.org	200+	t	f	logo_gVOzzi.png	92	1894	2025-09-29 08:55:00.653	animated-affiliate.net	t
24fe1ee8-870e-4aed-8fe7-1fb8daf935c8	abf812bb-b7f7-4606-8d45-9a3742292bbb	UPS Nigeria Solutions	RC524001	608	https://wilted-typewriter.com/	200+	f	t	logo_xLI1pP.png	80	1661	2025-09-29 08:55:00.664	impish-thorn.org	t
6eb10105-6e41-4931-9b38-3af8f4de4543	52cad2fe-08a1-4a65-a06e-e32d2e680af8	Dragnet Solutions Partners	RC290432	540	https://utilized-follower.org	51-200	f	t	logo_ltjqh5.png	75	1565	2025-09-29 08:55:00.672	better-wriggler.org	t
354e3f8e-1d80-480c-8996-815a4d01a23e	3974e36c-7ccb-449f-800c-6199b5f8778f	Guinness Nigeria Partners	RC809518	598	https://cooperative-thorn.net	51-200	t	t	logo_KszMCn.png	109	2302	2025-09-29 08:55:00.683	young-netsuke.org	t
69da5679-921f-462a-9f44-92f7c02bec43	10e05252-0aad-4088-89a3-225c5ec5ad9b	Shell Nigeria Partners	RC569713	592	https://prestigious-phrase.name/	11-50	f	f	logo_Vq3OEK.png	99	2068	2025-09-29 08:55:00.692	defensive-graffiti.com	t
676ec23b-472d-42c2-a9f8-4a1436c372a8	5739421f-3d7c-4af9-b05c-b165801525f4	Workforce Group Partners	RC960557	540	https://self-reliant-massage.com	200+	f	f	logo_z9i7nm.png	80	1661	2025-09-29 08:55:00.702	chubby-roundabout.com	t
\.


--
-- Data for Name: AgencyMember; Type: TABLE DATA; Schema: public; Owner: -
--

COPY public."AgencyMember" (id, "agencyId", "userId", role) FROM stdin;
8b66dfd6-9086-403b-b948-8c61bb7cff79	f7472be1-137d-42c4-b74a-9217988bd932	097944c2-3582-4220-ade4-4a93ab404375	OWNER
f2a37fec-899b-4fa7-83e5-3d091370ba41	7b63f0d4-ae27-46f4-8e3b-cabb88daa3d8	c1cfe44e-a176-474b-bf35-48398dca09c9	OWNER
\.


--
-- Data for Name: SubscriptionPlan; Type: TABLE DATA; Schema: public; Owner: -
--

COPY public."SubscriptionPlan" (id, name, description, price, currency, features, "stripePriceId", "jobPostLimit", "memberLimit") FROM stdin;
18b6484d-cd07-4fb5-b724-c5907049c251	Pro	Ideal for growing teams with continuous hiring needs.	10000	NGN	["Post up to 20 jobs", "Advanced search filters (skills - GPA - etc.)", "Shortlist up to 100 candidates", "Branded agency profile page", "Domain & email verification", "Add up to 3 recruiter accounts", "Job & applicant analytics"]	price_1S7cM5IGb6x0f4048axxqDh9	20	3
0b46b7e7-e867-43ce-a0ef-6be760d58cc2	Basic	Perfect for getting started and finding initial talent.	0	NGN	["Post 2 jobs at a time", "Limited search filters (location, role)", "Basic agency listing (unverified)", "1 agency member account", "Standard support"]	price_1S7citIGb6x0f4045UK1S7G4	2	1
307e72e7-163a-438f-a22e-44f43e0e2a17	Enterprise	For large organizations with dedicated hiring teams.	25000	NGN	["Unlimited job posts & shortlists", "AI-powered candidate recommendations", "Saved searches & new candidate alerts", "Full CAC verification badge", "Featured 'Top Employer' listing", "Unlimited recruiter accounts", "Advanced demographic & skills analytics"]	price_1S7cpkIGb6x0f404VFAaVjFK	-1	-1
\.


--
-- Data for Name: AgencySubscription; Type: TABLE DATA; Schema: public; Owner: -
--

COPY public."AgencySubscription" (id, "agencyId", "planId", "endDate", status, "stripeCurrentPeriodEnd", "stripeCustomerId", "stripeSubscriptionId", "createdAt") FROM stdin;
ac2a9a7a-c2e6-4d3c-b058-7fa8bca1ade5	f7472be1-137d-42c4-b74a-9217988bd932	307e72e7-163a-438f-a22e-44f43e0e2a17	\N	ACTIVE	2025-10-19 01:40:00	cus_T53Pt00dPoqCgP	sub_1S8tItIGb6x0f404uGKe17Hh	2025-09-19 01:40:06.085
\.


--
-- Data for Name: CandidateProfile; Type: TABLE DATA; Schema: public; Owner: -
--

COPY public."CandidateProfile" (id, "userId", "firstName", "lastName", phone, dob, gender, "nyscNumber", "nyscBatch", "nyscStream", "callupHash", "stateCode", "primaryStateId", "lgaId", "disabilityInfo", "isVerified", "verificationLevel", "isRemote", "isOpenToReloc", "salaryMin", "salaryMax", availability, "workAuth", summary, linkedin, portfolio, "graduationYear", "gpaBand", "cvFileKey", "nyscFileKey", "hasCompletedOnboarding") FROM stdin;
49318ac1-ce7e-435b-ac88-06a97a69641e	fcd910ed-f411-4524-bdb1-23de83a9e4d1	Ezemuah	Tajudeen	\N	\N	\N	\N	\N	\N	\N	\N	\N	\N	\N	f	UNVERIFIED	f	f	\N	\N	\N	\N	\N	\N	\N	\N	\N	\N	\N	f
243d4130-0256-4a3e-89f5-c99888237c0f	5900ca1a-625c-4a14-8331-ee286900ad73	Matthew	Tedunjaiye	07046015410	2001-05-09 00:00:00	\N	\N	Batch B	Stream 2	\N	\N	111	\N	\N	t	NYSC_VERIFIED	t	t	250000	\N	\N	\N	Oludasile PPALink	\N	\N	2024	\N	users/5900ca1a-625c-4a14-8331-ee286900ad73/cv/0f5e9afc-1552-4fe0-8dca-34cccf978e5a.pdf	users/5900ca1a-625c-4a14-8331-ee286900ad73/nysc_document/a9ebcbfb-0671-484d-849a-a734979f73f7.pdf	t
10ef0a89-f235-4380-b1e3-b788ea0485c8	24561236-b941-4ff8-ad41-b9b71adcafdd	PPALink	Support	\N	\N	\N	\N	\N	\N	\N	\N	\N	\N	\N	f	UNVERIFIED	f	f	\N	\N	\N	\N	\N	\N	\N	\N	\N	\N	\N	f
8f5737c1-535d-4d86-b6f2-a27a8ce61e4f	2c7b8f56-b70e-46b2-8582-e67ba1915a45	Ruth	Reed	+2348034059115	2003-04-03 01:59:18.758	Male	NYSC/U3BFMN	B	I	sRyf4MW3NGow	PACLNZ	78	1623	Amor velut alii brevis advenio quis pecus tonsor.	t	EMAIL_VERIFIED	f	f	159102	233368	2026-02-13 04:04:04.083	Nigerian Citizen	A results-driven Social Media Manager with over 3 years of experience in developing and executing successful online marketing campaigns. Specializes in Data Analysis and leveraging data analytics to optimize performance and drive growth. Adept at managing budgets and leading marketing initiatives.	https://linkedin.com/in/ruth-reed	https://dependent-newsstand.net/	2020	First Class	cv_tXKs59Qa.pdf	nysc_gZdzmyrB.pdf	t
cd7f124b-4b13-4fd1-8928-8de30a912b1c	7d71cea1-1b4e-4882-bce9-b9190f2227dc	Babatunde	Lawal	+2348006181721	2001-04-18 01:07:25.477	Male	NYSC/9D8DKT	C	II	n3MYiYRZpJgN	3WQMDE	105	2211	\N	f	ID_VERIFIED	f	t	113857	224309	2026-06-09 05:46:55.225	Nigerian Citizen	A creative and detail-oriented Frontend Developer with 3 years of experience building responsive and user-friendly web applications. Expertise in Software Development and a strong passion for creating seamless user experiences. Proven ability to collaborate with designers and backend teams.	https://linkedin.com/in/babatunde-lawal	https://excellent-plain.net	2015	Third Class	cv_HC7ozQUW.pdf	nysc_tbAHBeuf.pdf	t
26720e5f-a1cb-4154-9232-15d9a7006457	72c207be-10c6-4e75-873f-11bf63c81f06	Phoebe	Garba	+2348087692304	2002-03-11 21:23:57.488	Female	NYSC/9TR0FE	B	I	DMhokmuEEW2B	JHGTZO	77	1596	Contego cervus adnuo ait cui totidem comptus defendo.	t	ID_VERIFIED	t	f	191707	287908	2026-07-10 19:29:33.905	Nigerian Citizen	A certified Product Manager (PMP) with 2 years of success leading cross-functional teams to deliver projects on time and within budget. A strong leader with expertise in Customer Service, risk management, and stakeholder communication. Dedicated to driving efficiency and achieving strategic goals.	https://linkedin.com/in/phoebe-garba	https://trustworthy-pigpen.net/	2018	Second Class Lower	cv_uB2CaYtd.pdf	nysc_aDzIVmbP.pdf	t
ba46db17-c4cd-42b5-b15b-eb26846310be	a63136a3-af6b-458a-8b10-88def8863644	Funmilayo	Carter	+2348077886829	1994-10-01 18:49:02.07	Female	NYSC/QCB3AQ	A	II	yWMcaoITynxI	IJNPJ5	107	2264	\N	f	CERTS_VERIFIED	t	f	224935	317227	2026-09-22 04:41:16.858	Nigerian Citizen	A highly skilled and motivated Java Developer with 2 years of experience in designing, developing, and deploying robust software solutions. Proficient in Project Management and modern development methodologies. Eager to contribute to a challenging and innovative team.	https://linkedin.com/in/funmilayo-carter	https://insistent-clavicle.info/	2017	First Class	cv_iCFPUVhA.pdf	nysc_kSnihqto.pdf	t
d17cc2d0-0a44-40e0-a7e4-82f3c2238a56	08b480fa-cac7-446c-8904-b8104fee506b	Toluwani	Ibori	+2348086016508	1995-03-14 05:43:59.732	Female	NYSC/CFTXBM	B	II	AmwaeVCJzBN9	US2MD4	90	1839	\N	f	ID_VERIFIED	f	t	92329	146607	2025-11-04 15:59:16.604	Nigerian Citizen	A creative and detail-oriented Frontend Developer with 2 years of experience building responsive and user-friendly web applications. Expertise in Frontend Development and a strong passion for creating seamless user experiences. Proven ability to collaborate with designers and backend teams.	https://linkedin.com/in/toluwani-ibori	https://comfortable-boyfriend.name/	2023	First Class	cv_Eztxc6LG.pdf	nysc_NVxb7i0I.pdf	t
bd61f5a5-dff7-474d-9cab-8075c10c9534	7918b34f-91a8-4bfa-b5cf-98e2bc54811e	Lydia	Roberts	+2348043478641	2001-07-15 03:39:18.884	Female	NYSC/M4K0IY	C	I	iNtOvvmX1P34	3GXWCQ	84	1749	Alioqui caput adipisci tabesco textilis succedo depereo credo ara.	f	ID_VERIFIED	f	f	162263	257905	2025-11-13 05:57:30.382	Nigerian Citizen	An analytical and detail-oriented Business Intelligence Analyst with 1 years of experience in interpreting complex datasets and generating actionable insights. Proficient in SQL, Python, and visualization tools like Tableau. Specializes in Database Management (SQL/NoSQL) to help businesses make data-driven decisions.	https://linkedin.com/in/lydia-roberts	https://prudent-jump.biz/	2019	Second Class Upper	cv_S5A6twHG.pdf	nysc_TIyMJwcb.pdf	t
b21156f9-1188-4ab4-9edb-429db0b08623	4cabb14d-215a-4da3-a71d-317c58c1327a	Oghenekaro	Balogun	+2348018784946	1995-04-21 21:24:23.182	Male	NYSC/BFKDGE	B	II	0rtLIAgIdkhy	6BV2J3	95	2010	\N	f	EMAIL_VERIFIED	f	t	177506	282099	2025-11-05 21:44:06.218	Nigerian Citizen	A results-driven Social Media Manager with over 1 years of experience in developing and executing successful online marketing campaigns. Specializes in Sales and leveraging data analytics to optimize performance and drive growth. Adept at managing budgets and leading marketing initiatives.	https://linkedin.com/in/oghenekaro-balogun	https://annual-siege.org	2019	Second Class Lower	cv_6JcAxxJC.pdf	nysc_wJy91MPk.pdf	t
7e378343-ca34-4a3a-be9a-2089c3961248	60c145af-4537-4db5-b287-a0dda8b6dd14	Oluwapelumi	Carter	+2348005664629	2000-01-04 11:18:58.469	Male	NYSC/Z8O52A	C	I	K7AP7foV6CuE	PYZHGD	91	1868	Corona consectetur aegre nobis sequi comminor creator socius libero.	t	CERTS_VERIFIED	t	t	203377	288608	2026-05-26 19:40:46.969	Nigerian Citizen	A creative and detail-oriented Frontend Developer with 3 years of experience building responsive and user-friendly web applications. Expertise in Software Development and a strong passion for creating seamless user experiences. Proven ability to collaborate with designers and backend teams.	https://linkedin.com/in/oluwapelumi-carter	https://dutiful-hornet.biz	2018	Second Class Lower	cv_PBUR87HE.pdf	nysc_ym1wd6Ji.pdf	t
3931b3ec-a236-455a-b936-246c9364cb17	0da4c334-4356-4280-a550-119331019d8a	Mustapha	Abiola	+2348018343186	1995-02-17 21:10:48.358	Female	NYSC/KJ5X9N	B	II	2SeW2MiBJwdc	IPTLTW	98	2048	Beneficium triduana comparo accommodo argumentum paulatim vel comprehendo apostolus alo.	f	UNVERIFIED	t	f	218426	332711	2026-05-23 01:21:59.962	Nigerian Citizen	A creative and detail-oriented Frontend Developer with 2 years of experience building responsive and user-friendly web applications. Expertise in UI/UX Design and a strong passion for creating seamless user experiences. Proven ability to collaborate with designers and backend teams.	https://linkedin.com/in/mustapha-abiola	https://possible-piglet.org/	2021	Second Class Lower	cv_OuKCVov3.pdf	nysc_FVtsF8v7.pdf	t
ea28e31f-a7c4-4183-beee-41b0f8487f2b	068335b5-50a0-4b33-93a0-1372ea9a1bc8	Rachel	Osagie	+2348009521065	2002-04-12 18:07:27.424	Male	NYSC/EYHMK7	B	II	mGuN8vYeqE5f	U8KDT4	76	1584	\N	t	UNVERIFIED	f	t	107112	161889	2026-01-04 00:28:26.777	Nigerian Citizen	An analytical and detail-oriented Data Scientist with 2 years of experience in interpreting complex datasets and generating actionable insights. Proficient in SQL, Python, and visualization tools like Tableau. Specializes in Data Analysis to help businesses make data-driven decisions.	https://linkedin.com/in/rachel-osagie	https://golden-emergent.name/	2015	First Class	cv_5Xbr5QuJ.pdf	nysc_Ut4m57Vn.pdf	t
e039118f-1ef1-41f2-860b-9b1482b925ae	afdef59d-262b-4e21-8cf3-56442de28508	Luke	Garba	+2348014858742	1997-09-07 08:51:26.891	Female	NYSC/09VRSN	B	I	xkRMnWcETpfE	FAE9R4	92	1891	\N	f	UNVERIFIED	f	t	196858	270563	2025-10-17 04:23:13.62	Nigerian Citizen	A certified IT Project Coordinator (PMP) with 2 years of success leading cross-functional teams to deliver projects on time and within budget. A strong leader with expertise in Customer Service, risk management, and stakeholder communication. Dedicated to driving efficiency and achieving strategic goals.	https://linkedin.com/in/luke-garba	https://afraid-porter.org	2021	First Class	cv_2rGPNjDp.pdf	nysc_pk4ZuGSa.pdf	t
4d2e4083-1c8a-4cb4-9059-684f4261022f	4da5aec9-ef39-4733-bfe4-cdda89636cf3	Funmilayo	Lewis	+2348030109007	1996-05-03 08:35:16.162	Male	NYSC/M66ISJ	A	I	iqpHcUWZ4u7h	22OBI7	100	2089	\N	t	NYSC_VERIFIED	t	f	213539	274846	2026-03-19 16:31:25.145	Nigerian Citizen	A certified Product Manager (PMP) with 1 years of success leading cross-functional teams to deliver projects on time and within budget. A strong leader with expertise in Business Analysis, risk management, and stakeholder communication. Dedicated to driving efficiency and achieving strategic goals.	https://linkedin.com/in/funmilayo-lewis	https://somber-ribbon.org/	2022	Third Class	cv_K4h53U7K.pdf	nysc_uNKYjduQ.pdf	t
abb6fc07-327d-4590-a795-774429dbe67e	9bd12dc0-af10-4693-baea-d6c06844add7	Oghenekaro	Anyanwu	+2348037394346	1995-03-15 05:37:16.881	Male	NYSC/HF3SRF	C	II	cUFMTpUBqUjQ	L0KOQX	76	1583	Denego balbus minus eaque taedium vos ago asper cernuus.	f	CERTS_VERIFIED	f	f	160402	241066	2026-03-21 22:02:01.649	Nigerian Citizen	A highly skilled and motivated Software Engineer with 1 years of experience in designing, developing, and deploying robust software solutions. Proficient in Software Development and modern development methodologies. Eager to contribute to a challenging and innovative team.	https://linkedin.com/in/oghenekaro-anyanwu	https://meaty-resource.org	2022	Second Class Lower	cv_YG9H3YnB.pdf	nysc_FLtMbclU.pdf	t
61f3966b-88e0-4cf2-a5a9-563230f6ef91	da92bd55-d551-4e59-bb2f-22587b6c0e4d	Adesuwa	Akinwale	+2348030336659	1998-04-16 02:41:16.528	Female	NYSC/O7IT97	A	II	cwsl81TXu9z7	GIXP2V	83	1731	Quia charisma arbor exercitationem aptus alter iure.	f	EMAIL_VERIFIED	f	f	185028	243028	2025-11-05 19:19:23.775	Nigerian Citizen	An analytical and detail-oriented Data Analyst with 3 years of experience in interpreting complex datasets and generating actionable insights. Proficient in SQL, Python, and visualization tools like Tableau. Specializes in Software Development to help businesses make data-driven decisions.	https://linkedin.com/in/adesuwa-akinwale	https://definitive-fibre.biz/	2019	First Class	cv_gm4xvyeX.pdf	nysc_BbhGJjJK.pdf	t
db3dd493-17a1-4d47-855c-d4f83070a9d6	d81c7da1-07d3-4b21-8230-d5e04aa6e862	Ayobami	Collins	+2348001551557	1997-04-12 21:14:08.138	Female	NYSC/KCRV5N	A	II	j46emYjBLsEx	4IZ6TX	111	2322	Non cribro ager.	t	UNVERIFIED	t	f	171109	233784	2025-10-23 20:41:50.753	Nigerian Citizen	A creative and detail-oriented Web Developer with 1 years of experience building responsive and user-friendly web applications. Expertise in Frontend Development and a strong passion for creating seamless user experiences. Proven ability to collaborate with designers and backend teams.	https://linkedin.com/in/ayobami-collins	https://proud-clamp.org	2016	First Class	cv_tplGeygz.pdf	nysc_UIRBiPsK.pdf	t
5ac36618-0f3b-44aa-812d-801f86fef18b	9ba46ed5-4329-4cc2-a225-d810a2b0496f	Oluwafemi	Abiodun	+2348033002969	2001-03-19 00:33:45.243	Male	NYSC/BNV3TD	C	I	jQxVpjn3cOwc	VXSNAZ	76	1573	Votum vel aestas.	t	ID_VERIFIED	f	t	103313	171892	2026-08-30 13:14:39.495	Nigerian Citizen	A highly skilled and motivated Backend Developer with 5 years of experience in designing, developing, and deploying robust software solutions. Proficient in Data Analysis and modern development methodologies. Eager to contribute to a challenging and innovative team.	https://linkedin.com/in/oluwafemi-abiodun	https://our-merit.biz	2016	Second Class Lower	cv_y8NdpdQ1.pdf	nysc_6wv33Zjr.pdf	t
12f6b2e0-b91a-48ad-9331-b34d3ccca82a	02f73fc6-d96d-40aa-9a85-53c926f9abc7	Thomas	Ajayi	+2348076126382	1996-02-25 20:28:06.172	Female	NYSC/BMAPUR	B	I	YgFYq4B1jdNG	0LUTV5	75	1558	Talio claudeo tripudio eum studio spargo demo.	t	UNVERIFIED	f	f	142966	290725	2026-05-07 15:10:39.274	Nigerian Citizen	A creative and detail-oriented UI Engineer with 1 years of experience building responsive and user-friendly web applications. Expertise in UI/UX Design and a strong passion for creating seamless user experiences. Proven ability to collaborate with designers and backend teams.	https://linkedin.com/in/thomas-ajayi	https://secondary-midwife.biz	2019	Second Class Upper	cv_xabbse1L.pdf	nysc_il9F6rSP.pdf	t
7ba7ad8b-afd2-4b5c-a760-5bead199f982	d5f954f3-2270-44fb-9d5f-1400cf5f6456	Simon	Anyanwu	+2348024925661	1998-06-03 10:10:11.137	Male	NYSC/EACUI7	B	II	Qrz9y0P2g8Dh	52KCBQ	78	1618	Trucido calculus creta vitiosus barba.	t	NYSC_VERIFIED	f	t	213750	359072	2025-11-01 01:29:04.004	Nigerian Citizen	A meticulous and certified Auditor with 2 years of comprehensive experience in financial reporting, auditing, and compliance. Proficient in Data Analysis and various accounting software. Possesses strong analytical skills and a commitment to accuracy and integrity.	https://linkedin.com/in/simon-anyanwu	https://carefree-slide.org/	2015	Second Class Lower	cv_LGRDqSYU.pdf	nysc_pkH61pRG.pdf	t
8ced66b9-598d-4c38-a296-6d8afbc2fc21	8c89c899-04ca-42ed-9d77-a724a5b1ca03	Sadiq	Omotayo	+2348074117859	2000-05-21 05:58:31.956	Female	NYSC/JXVLDC	A	II	E8QuhHDCqURX	NMRMSM	81	1682	\N	f	EMAIL_VERIFIED	f	f	202308	347011	2026-01-04 12:51:10.78	Nigerian Citizen	An analytical and detail-oriented Quantitative Analyst with 4 years of experience in interpreting complex datasets and generating actionable insights. Proficient in SQL, Python, and visualization tools like Tableau. Specializes in Software Development to help businesses make data-driven decisions.	https://linkedin.com/in/sadiq-omotayo	https://gullible-electronics.info/	2016	Second Class Upper	cv_HKz557w9.pdf	nysc_2dk4u318.pdf	t
037aa7ce-c47e-4cd1-97ba-5a905197aa06	55752549-d17d-4d0e-9bcc-8e23ec61e230	Isaac	Walker	+2348073484279	1996-02-07 13:50:18.056	Female	NYSC/V52XK6	C	I	Cy9b5u3mLVWB	ZPAWKJ	100	2100	Utilis certe veniam civis bis.	f	UNVERIFIED	f	f	161844	311352	2026-02-14 23:41:22.714	Nigerian Citizen	An empathetic and professional HR Business Partner with 3 years of experience in talent management, employee relations, and HR operations. Expertise in Project Management and developing strategies to foster a positive and productive work environment. Excellent communication and interpersonal skills.	https://linkedin.com/in/isaac-walker	https://perfumed-ignorance.org	2022	First Class	cv_j1c8bSBP.pdf	nysc_fb5SgAhY.pdf	t
7973ab07-d51f-4f2f-91d5-e7e1e6aec3af	bee8aed0-04de-4d9b-9c8e-8e5a1bd37bca	Omolara	Clark	+2348024142764	2001-06-06 00:06:01.777	Female	NYSC/QIKD4I	C	II	65Um9lhwHd77	ZINI1H	105	2223	\N	f	CERTS_VERIFIED	t	f	117917	225509	2026-07-15 00:17:00.721	Nigerian Citizen	A certified Product Manager (PMP) with 5 years of success leading cross-functional teams to deliver projects on time and within budget. A strong leader with expertise in Business Analysis, risk management, and stakeholder communication. Dedicated to driving efficiency and achieving strategic goals.	https://linkedin.com/in/omolara-clark	https://long-cork.info	2021	First Class	cv_1OMlO9cd.pdf	nysc_6ax16Rcl.pdf	t
8824c579-23c5-4b4f-bd02-5f9c11056c2f	b4821854-815f-4703-8253-9eedea306958	Philip	Smith	+2348086225093	2000-03-26 20:24:08.782	Male	NYSC/5QBTG2	C	II	JbdI6Qf25obj	ZCSRS3	89	1829	Teneo id sit strues amicitia bestia vociferor esse tempora ipsum.	t	EMAIL_VERIFIED	f	f	208028	261539	2026-03-06 22:51:45.615	Nigerian Citizen	A results-driven Content Marketing Manager with over 5 years of experience in developing and executing successful online marketing campaigns. Specializes in Project Management and leveraging data analytics to optimize performance and drive growth. Adept at managing budgets and leading marketing initiatives.	https://linkedin.com/in/philip-smith	https://knotty-archaeology.net	2015	Second Class Upper	cv_pmI28g5j.pdf	nysc_oSrTLDWY.pdf	t
fd38bd3f-d7e1-400e-97bb-14dde429a4cd	e2fc668c-d607-4f09-8691-05ab91c03604	Grace	Oyinlola	+2348045296993	1995-11-29 11:10:11.491	Female	NYSC/AM95VL	A	I	CIg426KHeVnO	5FAG9H	111	2322	\N	t	EMAIL_VERIFIED	t	t	235506	369422	2026-01-27 18:43:20.673	Nigerian Citizen	A certified Scrum Master (PMP) with 2 years of success leading cross-functional teams to deliver projects on time and within budget. A strong leader with expertise in Project Management, risk management, and stakeholder communication. Dedicated to driving efficiency and achieving strategic goals.	https://linkedin.com/in/grace-oyinlola	https://scared-diagram.name/	2018	First Class	cv_W5syfyxh.pdf	nysc_gPtKWgrF.pdf	t
50cbf93e-f94e-4493-8d36-74e6584cdd02	a90ced28-6539-473b-8c74-aadaf635a307	Ebube	Suleiman	+2348081691579	2002-01-30 20:44:05.196	Female	NYSC/LGHZNG	C	II	cBXSkBMW7ijS	2IQFBO	99	2074	Cerno odio via compono.	f	CERTS_VERIFIED	t	f	225612	360686	2025-11-11 18:02:26.214	Nigerian Citizen	A creative and detail-oriented React Developer with 4 years of experience building responsive and user-friendly web applications. Expertise in Frontend Development and a strong passion for creating seamless user experiences. Proven ability to collaborate with designers and backend teams.	https://linkedin.com/in/ebube-suleiman	https://able-catalyst.name/	2016	Second Class Upper	cv_22ivXpgn.pdf	nysc_sxcPAqc9.pdf	t
33aba176-cfe9-48b8-8f62-ebec41805c98	876c68da-9971-48f9-a917-ecd45a340ba7	Chisom	Olawale	+2348051476183	1995-09-04 05:55:51.69	Male	NYSC/MF0BZW	C	I	uqeKCdd4oaTM	9CQD9N	75	1557	Vulnero cruciamentum consuasor vomito.	t	ID_VERIFIED	t	t	190082	268311	2026-09-06 21:00:13.435	Nigerian Citizen	A highly skilled and motivated Full Stack Engineer with 1 years of experience in designing, developing, and deploying robust software solutions. Proficient in Software Development and modern development methodologies. Eager to contribute to a challenging and innovative team.	https://linkedin.com/in/chisom-olawale	https://proper-orchid.com/	2021	Third Class	cv_7FU4364P.pdf	nysc_ImW1z1Zt.pdf	t
35cce8d5-2a33-498f-ad9d-dee7c29828fa	d2308404-eed4-4901-b241-2fc7c30b22cd	Lydia	Edwards	+2348066055538	2002-02-19 10:35:06.164	Female	NYSC/JPGYPV	C	II	Zjkk310DjDQE	9S5J4L	81	1687	\N	t	EMAIL_VERIFIED	f	f	188280	256794	2025-11-06 15:13:38.029	Nigerian Citizen	An analytical and detail-oriented Quantitative Analyst with 3 years of experience in interpreting complex datasets and generating actionable insights. Proficient in SQL, Python, and visualization tools like Tableau. Specializes in Business Analysis to help businesses make data-driven decisions.	https://linkedin.com/in/lydia-edwards	https://difficult-government.org	2020	First Class	cv_mbAmuQ9R.pdf	nysc_z2Adkkgx.pdf	t
6c82ea2f-22f0-4dde-8447-944275fafc0c	4ddba960-b3ee-45ff-9d12-ab41b7f5f2ef	Sarah	Anyanwu	+2348016841639	1996-11-22 11:22:42.215	Male	NYSC/BT5DSK	C	II	TB9rQYZkrWHk	VTJBQF	96	2020	\N	t	UNVERIFIED	f	t	222806	338081	2026-04-29 03:44:42.503	Nigerian Citizen	An analytical and detail-oriented Quantitative Analyst with 2 years of experience in interpreting complex datasets and generating actionable insights. Proficient in SQL, Python, and visualization tools like Tableau. Specializes in Database Management (SQL/NoSQL) to help businesses make data-driven decisions.	https://linkedin.com/in/sarah-anyanwu	https://plump-chiffonier.biz/	2018	Second Class Upper	cv_1Monxu8G.pdf	nysc_voIksNyb.pdf	t
fb331e48-8cc8-4365-8056-28757c252c21	d2769180-ee3a-4803-94c7-9e6cf6436bc9	Andrew	King	+2348034163276	2003-01-02 20:31:08.489	Male	NYSC/TGBJ3V	C	I	VUQcS6v3foKp	F4RMKP	79	1639	\N	t	CERTS_VERIFIED	f	t	161728	211895	2026-07-06 01:57:04.818	Nigerian Citizen	An empathetic and professional Talent Acquisition Manager with 1 years of experience in talent management, employee relations, and HR operations. Expertise in Human Resources and developing strategies to foster a positive and productive work environment. Excellent communication and interpersonal skills.	https://linkedin.com/in/andrew-king	https://musty-peninsula.com/	2021	First Class	cv_CGC4xB2L.pdf	nysc_pOiEsDBD.pdf	t
d8b4a64d-9f67-4f6b-9303-1a266a1e5c9b	ee8cc5a4-3548-4e3d-8ff2-bdc88483357e	Yusuf	Okojie	+2348098663893	1999-03-17 21:15:37.311	Female	NYSC/RLF8T0	A	I	liBS2PIxWaWQ	HQUS1X	79	1651	\N	f	NYSC_VERIFIED	f	t	195242	309953	2026-01-17 17:07:51.576	Nigerian Citizen	A highly skilled and motivated Full Stack Engineer with 3 years of experience in designing, developing, and deploying robust software solutions. Proficient in Project Management and modern development methodologies. Eager to contribute to a challenging and innovative team.	https://linkedin.com/in/yusuf-okojie	https://great-wheel.com/	2021	Third Class	cv_m9XX0Dha.pdf	nysc_u9NBppG6.pdf	t
f378363c-58cf-4842-b51f-8d2ab99ebab4	bdb2789d-27bf-463c-bf9b-ba2be0eb4eae	Thomas	Scott	+2348089523268	1999-06-28 18:39:56.756	Female	NYSC/MWVUVP	C	I	2EO5LyLBrbKg	LMGHPO	100	2094	\N	f	EMAIL_VERIFIED	f	t	230981	309421	2026-05-15 17:43:20.025	Nigerian Citizen	An analytical and detail-oriented Data Analyst with 2 years of experience in interpreting complex datasets and generating actionable insights. Proficient in SQL, Python, and visualization tools like Tableau. Specializes in Business Analysis to help businesses make data-driven decisions.	https://linkedin.com/in/thomas-scott	https://glossy-tributary.com/	2020	Second Class Lower	cv_iRZU5WJI.pdf	nysc_9zmjWxIw.pdf	t
cfb8bc9f-2834-4b01-a5f2-6296abfd69ca	7a916544-7d14-4263-84df-3856194b180d	Ikenna	Okorie	+2348033670336	1995-08-26 05:02:28.591	Female	NYSC/K2TUZI	C	I	2sixeaSTLgiM	PTBSBB	84	1754	\N	t	NYSC_VERIFIED	t	t	82053	151776	2026-05-20 05:51:32.197	Nigerian Citizen	A creative and detail-oriented UI Engineer with 1 years of experience building responsive and user-friendly web applications. Expertise in Software Development and a strong passion for creating seamless user experiences. Proven ability to collaborate with designers and backend teams.	https://linkedin.com/in/ikenna-okorie	https://useless-marksman.name	2018	Second Class Upper	cv_uXN0GZU4.pdf	nysc_izjOrY1h.pdf	t
4de3b358-e488-442b-80e2-0e729327086a	2fdf9996-6d38-4924-8266-f8f4e1e183de	Kehinde	Morris	+2348046855489	1999-05-06 08:59:29.193	Male	NYSC/LUX1UG	A	I	RHpyoKn5p9jn	EX5RSC	106	2241	Adnuo creptio crur defero.	t	NYSC_VERIFIED	f	t	240720	312952	2026-02-26 16:33:15.691	Nigerian Citizen	A certified Project Manager (PMP) with 5 years of success leading cross-functional teams to deliver projects on time and within budget. A strong leader with expertise in Product Management, risk management, and stakeholder communication. Dedicated to driving efficiency and achieving strategic goals.	https://linkedin.com/in/kehinde-morris	https://black-and-white-skyscraper.net/	2022	Second Class Lower	cv_4eXIAVVh.pdf	nysc_jNdCYTFS.pdf	t
200cd096-627a-44b6-9a8c-7ac2ac59d5f1	5a4e6f08-3b16-41aa-b10b-850175575ea8	Luke	Bello	+2348003517910	1995-09-28 12:58:24.863	Female	NYSC/Q1LUCU	C	I	lh4YKGZteq8p	CTRY1O	107	2263	\N	t	UNVERIFIED	f	t	189410	285761	2026-03-23 13:33:03.341	Nigerian Citizen	A creative and detail-oriented Frontend Developer with 3 years of experience building responsive and user-friendly web applications. Expertise in Frontend Development and a strong passion for creating seamless user experiences. Proven ability to collaborate with designers and backend teams.	https://linkedin.com/in/luke-bello	https://ajar-climb.name/	2023	Third Class	cv_HydBR17E.pdf	nysc_ROF4mV65.pdf	t
fdd6fd23-af28-472a-a1e3-1c65fd8cf6df	32acc6da-da1c-4507-8304-270e36e5c5de	Halima	Cooper	+2348044896849	1994-10-27 01:15:46.695	Female	NYSC/HGSCYS	A	II	iwwxxDWMLmf9	GDLWRH	97	2043	Triduana auditor angelus stipes abutor abbas confugo culpa tabgo.	t	ID_VERIFIED	t	t	117256	208241	2026-05-21 23:11:41.366	Nigerian Citizen	An analytical and detail-oriented Data Scientist with 1 years of experience in interpreting complex datasets and generating actionable insights. Proficient in SQL, Python, and visualization tools like Tableau. Specializes in Business Analysis to help businesses make data-driven decisions.	https://linkedin.com/in/halima-cooper	https://practical-babushka.biz	2022	Second Class Lower	cv_L7sRAOZb.pdf	nysc_wyi6ZtCW.pdf	t
6f2fc918-ba6d-4910-88b9-a8812658dd76	2d20c841-09da-4bc2-81ad-42431562f573	Ngozi	Nnamani	+2348025951556	2002-08-03 10:04:49.132	Male	NYSC/FNA8FQ	C	I	ovt1L2AYl1A8	P657BL	76	1577	Odio deleniti curis voluptatibus valeo solus adeptio delectatio coerceo.	t	NYSC_VERIFIED	t	f	194890	307966	2026-09-10 21:16:57.442	Nigerian Citizen	A results-driven Social Media Manager with over 2 years of experience in developing and executing successful online marketing campaigns. Specializes in Project Management and leveraging data analytics to optimize performance and drive growth. Adept at managing budgets and leading marketing initiatives.	https://linkedin.com/in/ngozi-nnamani	https://monthly-shoulder.biz	2018	First Class	cv_dWtY6Cli.pdf	nysc_UeY4asTV.pdf	t
3549d64e-a3fc-4e5a-91a5-9d8246c6390f	bccf78ae-6acd-48b3-9e73-3d3755ebf627	Nnenna	Collins	+2348068273703	1997-04-05 04:48:16.977	Female	NYSC/AZ2IDZ	A	I	MYzF181VMCIm	0TAETO	104	2197	Cerno atavus molestiae.	f	CERTS_VERIFIED	f	t	195719	304577	2026-01-25 11:47:46.932	Nigerian Citizen	An analytical and detail-oriented Data Scientist with 3 years of experience in interpreting complex datasets and generating actionable insights. Proficient in SQL, Python, and visualization tools like Tableau. Specializes in Software Development to help businesses make data-driven decisions.	https://linkedin.com/in/nnenna-collins	https://good-freckle.org/	2017	Second Class Lower	cv_BQI9fxMi.pdf	nysc_FpFwaye1.pdf	t
9d569083-7e3b-42a9-b9ed-a10a12641f8c	3fb6fa38-3983-414e-b7e0-3c73f078df43	Elizabeth	Okonkwo	+2348044819674	1999-05-26 20:57:58.677	Female	NYSC/PDBS46	B	I	pwy0yPaFOoPA	ZK4P4E	77	1596	Corpus ulterius depraedor aqua.	f	UNVERIFIED	t	f	92195	182313	2026-02-09 16:18:52.32	Nigerian Citizen	An analytical and detail-oriented Business Intelligence Analyst with 1 years of experience in interpreting complex datasets and generating actionable insights. Proficient in SQL, Python, and visualization tools like Tableau. Specializes in Database Management (SQL/NoSQL) to help businesses make data-driven decisions.	https://linkedin.com/in/elizabeth-okonkwo	https://hateful-encouragement.net	2021	Third Class	cv_dYdcjrOK.pdf	nysc_8rX4yWvg.pdf	t
3861d479-8b19-40f9-a919-02b2e362ad92	57b1f2e6-58f2-4326-9582-92107dd94723	David	Oluwaseun	+2348012505394	1999-05-26 07:35:02.06	Male	NYSC/SY620Q	A	II	GyUmjCRIAlFm	MIK7CJ	89	1828	Articulus adhuc auxilium supplanto vulgus labore.	t	NYSC_VERIFIED	t	t	181724	264791	2026-06-16 08:49:17.846	Nigerian Citizen	A results-driven Content Marketing Manager with over 2 years of experience in developing and executing successful online marketing campaigns. Specializes in Sales and leveraging data analytics to optimize performance and drive growth. Adept at managing budgets and leading marketing initiatives.	https://linkedin.com/in/david-oluwaseun	https://yummy-petal.net	2019	Second Class Upper	cv_9EhHzEBq.pdf	nysc_4n6Mtb27.pdf	t
ce67e3bb-70ce-41c1-84d0-db2132fec30f	bd39fc8a-c846-47bc-a3a9-448c134f2128	Ikenna	Hayes	+2348085206845	1999-09-30 02:31:41.738	Female	NYSC/TTBMH6	B	II	mW3Sd1JuekRi	TAWAUS	94	1962	\N	f	CERTS_VERIFIED	t	f	184797	244593	2026-06-10 04:50:55.637	Nigerian Citizen	A results-driven Content Marketing Manager with over 1 years of experience in developing and executing successful online marketing campaigns. Specializes in Project Management and leveraging data analytics to optimize performance and drive growth. Adept at managing budgets and leading marketing initiatives.	https://linkedin.com/in/ikenna-hayes	https://official-ice-cream.com/	2018	Second Class Upper	cv_MUp5MNFj.pdf	nysc_x1Z89Msr.pdf	t
2549315c-952f-4cbc-9c4a-e9ed3c895ade	94e0c8b4-d15f-4367-b9fe-0f073ac85fd5	Andrew	Walker	+2348003549426	1997-06-22 05:55:18.952	Male	NYSC/Z5MSXQ	C	I	x9tGpvacZhHX	QQ68KF	80	1665	\N	f	EMAIL_VERIFIED	f	f	236373	299765	2026-02-02 01:57:50.019	Nigerian Citizen	A highly skilled and motivated Full Stack Engineer with 2 years of experience in designing, developing, and deploying robust software solutions. Proficient in Data Analysis and modern development methodologies. Eager to contribute to a challenging and innovative team.	https://linkedin.com/in/andrew-walker	https://unfinished-bookend.name/	2023	Second Class Upper	cv_5l1ssuOD.pdf	nysc_A0bTLXLF.pdf	t
47408cd2-3d60-4568-beac-3bedc2f9e43c	f6a5bbaa-2765-4e90-a4f5-86435cdde620	Anna	Allen	+2348005073182	2002-05-01 01:11:38.336	Male	NYSC/6Z6M7D	A	I	B18oOqNV9cTD	JAQTAX	111	2318	Caritas aspernatur vobis tripudio.	f	ID_VERIFIED	t	t	107437	194679	2025-11-11 22:07:43.881	Nigerian Citizen	A creative and detail-oriented Web Developer with 3 years of experience building responsive and user-friendly web applications. Expertise in Software Development and a strong passion for creating seamless user experiences. Proven ability to collaborate with designers and backend teams.	https://linkedin.com/in/anna-allen	https://polite-mozzarella.com	2022	Second Class Upper	cv_k2CtNpHE.pdf	nysc_ha2DIZvo.pdf	t
a6750810-2200-4f04-82a4-d09fb400bc31	6253d356-215d-4f68-98f6-2b07902c4ed2	Phoebe	Mitchell	+2348053423112	2000-11-01 16:40:12.428	Male	NYSC/8Y6ALX	B	I	Bhg4Axcjqost	IP43DK	76	1579	\N	f	CERTS_VERIFIED	f	f	104458	199472	2025-12-30 16:22:22.131	Nigerian Citizen	An analytical and detail-oriented Data Analyst with 3 years of experience in interpreting complex datasets and generating actionable insights. Proficient in SQL, Python, and visualization tools like Tableau. Specializes in Data Analysis to help businesses make data-driven decisions.	https://linkedin.com/in/phoebe-mitchell	https://pitiful-opera.net/	2018	Second Class Lower	cv_gwnVd9ww.pdf	nysc_UaIDfIDC.pdf	t
218a39e0-c983-4d8b-89d2-6f5c4430ab4b	a0f27975-0a58-4c6d-8d28-40d140d0b596	Naomi	Ogunleye	+2348042225236	1994-11-21 14:31:46.777	Male	NYSC/ADKZTD	A	I	cCOvjkUWNyWi	3BISJQ	111	2319	Vito conservo alveus succedo stella.	f	UNVERIFIED	f	t	200414	304404	2026-04-03 07:29:51.054	Nigerian Citizen	A creative and detail-oriented UI Engineer with 2 years of experience building responsive and user-friendly web applications. Expertise in Project Management and a strong passion for creating seamless user experiences. Proven ability to collaborate with designers and backend teams.	https://linkedin.com/in/naomi-ogunleye	https://imaginative-swine.net	2022	First Class	cv_MoXK9wuz.pdf	nysc_0wOLHSOx.pdf	t
1cfd85fd-1297-4222-814c-47d52c447ae8	98b37483-b1fc-4999-84e1-25b80ffcddb3	Ireti	Allen	+2348002687156	2003-07-07 22:20:20.003	Female	NYSC/RIPIV2	A	II	yvEYnoH8xDJH	BHSXLH	80	1660	\N	t	EMAIL_VERIFIED	f	t	231687	287782	2025-11-20 15:36:58.2	Nigerian Citizen	An empathetic and professional HR Business Partner with 2 years of experience in talent management, employee relations, and HR operations. Expertise in Customer Service and developing strategies to foster a positive and productive work environment. Excellent communication and interpersonal skills.	https://linkedin.com/in/ireti-allen	https://exotic-meatloaf.org/	2020	First Class	cv_czn0cqKr.pdf	nysc_SFEDGwb6.pdf	t
cbfc7be2-ce15-40d0-8ebc-a3d83e306072	7ed6ae66-cf9f-4da1-847b-f9aef9cd47c0	Adesuwa	Yakubu	+2348088992885	1998-11-15 06:36:00.099	Female	NYSC/YAUIWD	A	I	fW3JtxQ4Gk6p	RBRHVI	89	1834	Territo strues aequitas maxime terga nobis ars at.	t	EMAIL_VERIFIED	f	f	199837	311441	2026-08-22 05:31:22.674	Nigerian Citizen	A results-driven Content Marketing Manager with over 3 years of experience in developing and executing successful online marketing campaigns. Specializes in Search Engine Optimization (SEO) and leveraging data analytics to optimize performance and drive growth. Adept at managing budgets and leading marketing initiatives.	https://linkedin.com/in/adesuwa-yakubu	https://direct-adrenalin.biz	2022	Third Class	cv_Lminsw2c.pdf	nysc_OKxfbF1J.pdf	t
140ff36d-5a36-4f7d-8155-c1a0159ffe61	42c16dcf-ff62-4ca5-9040-0cc029ccc39c	Daniel	Danladi	+2348096756594	1995-02-23 12:22:22.474	Female	NYSC/YAWOAL	B	II	38DK10hbfScq	BICEPH	108	2284	Vinculum cohaero angelus aspernatur surgo dapifer crepusculum conatus.	f	UNVERIFIED	t	t	93509	225815	2026-02-26 23:08:42.589	Nigerian Citizen	A results-driven Content Marketing Manager with over 1 years of experience in developing and executing successful online marketing campaigns. Specializes in Data Analysis and leveraging data analytics to optimize performance and drive growth. Adept at managing budgets and leading marketing initiatives.	https://linkedin.com/in/daniel-danladi	https://legal-best-seller.info	2017	Third Class	cv_ophuoKPs.pdf	nysc_CeFp8DFw.pdf	t
fade4d92-513f-4eec-adeb-3199390d0b44	4941221a-9de5-42d7-a3b4-bbfe831e9412	Opeyemi	Lewis	+2348012620443	1996-05-01 00:28:11.471	Male	NYSC/MZ3DVK	A	I	Ayh00Rq6XIGC	ONAFZ5	92	1889	Amiculum cariosus carpo volup adhaero artificiose.	f	ID_VERIFIED	t	f	133100	266457	2026-06-08 04:55:49.142	Nigerian Citizen	A certified Product Manager (PMP) with 1 years of success leading cross-functional teams to deliver projects on time and within budget. A strong leader with expertise in Project Management, risk management, and stakeholder communication. Dedicated to driving efficiency and achieving strategic goals.	https://linkedin.com/in/opeyemi-lewis	https://creative-captain.name	2021	Second Class Lower	cv_NBOQje3C.pdf	nysc_5rnGsDIR.pdf	t
0ea35560-5e85-478b-8880-0c8db2b97c38	70763a35-6617-4268-86d6-52ac1db82b35	Temitope	Abiola	+2348011939517	2002-11-20 07:26:33.562	Male	NYSC/TV0SPE	B	II	IeKjLgUTRAtp	LEQWRG	86	1788	\N	t	NYSC_VERIFIED	f	f	239185	289407	2026-08-25 01:29:05.168	Nigerian Citizen	An analytical and detail-oriented Data Analyst with 2 years of experience in interpreting complex datasets and generating actionable insights. Proficient in SQL, Python, and visualization tools like Tableau. Specializes in Database Management (SQL/NoSQL) to help businesses make data-driven decisions.	https://linkedin.com/in/temitope-abiola	https://svelte-drug.org	2016	Third Class	cv_SFjnILhw.pdf	nysc_WFa1cWku.pdf	t
2d0d8c79-ec1a-40a4-83c1-e1e8e84c1eb0	780e5562-5ea8-40b0-acd0-d21abccef8a4	Oluwafemi	Okorie	+2348067900096	2003-09-09 16:31:20.081	Male	NYSC/YJTPYU	C	I	ODxgaGQZeElD	CM696Y	92	1911	\N	f	EMAIL_VERIFIED	f	t	83118	225561	2025-11-22 13:27:30.717	Nigerian Citizen	A highly skilled and motivated Java Developer with 3 years of experience in designing, developing, and deploying robust software solutions. Proficient in Data Analysis and modern development methodologies. Eager to contribute to a challenging and innovative team.	https://linkedin.com/in/oluwafemi-okorie	https://hefty-cow.net/	2019	Third Class	cv_ufJG9NMl.pdf	nysc_3G6qS1sh.pdf	t
72b1817c-33f5-44c4-9ad7-637f321d51e6	bc6e014a-2556-4ca8-b4d4-efcc74ec249d	Simon	Abiola	+2348079704254	1999-02-19 11:15:59.33	Male	NYSC/FXGJPO	C	II	OwRbrxgJx0ec	NN8EPR	100	2104	\N	t	CERTS_VERIFIED	t	f	96843	178773	2026-07-15 03:43:09.747	Nigerian Citizen	A meticulous and certified Finance Officer with 9 years of comprehensive experience in financial reporting, auditing, and compliance. Proficient in Accounting and various accounting software. Possesses strong analytical skills and a commitment to accuracy and integrity.	https://linkedin.com/in/simon-abiola	https://chilly-effector.biz	2022	Third Class	cv_rO9zbs1Y.pdf	nysc_a3KMC08w.pdf	t
c10aa4f4-53ec-46f7-9367-a8cdc9002ba5	640d5916-2b9c-4ef4-8ce2-4cc9fadcd6e6	Grace	Aliyu	+2348092916225	1998-10-26 00:30:36.97	Female	NYSC/SIK8Q5	C	I	4gcjcc0G1JKh	USDUMS	83	1734	\N	f	ID_VERIFIED	t	t	114613	235455	2026-01-18 02:05:06.35	Nigerian Citizen	A certified Scrum Master (PMP) with 3 years of success leading cross-functional teams to deliver projects on time and within budget. A strong leader with expertise in Customer Service, risk management, and stakeholder communication. Dedicated to driving efficiency and achieving strategic goals.	https://linkedin.com/in/grace-aliyu	https://burly-innovation.com/	2017	Third Class	cv_rSIw1TCv.pdf	nysc_etBPPMa2.pdf	t
afafa09c-54e7-4fb5-b93d-72567ce63e7e	6503ef96-878a-4e54-b979-b97d8f4836ab	Adesuwa	Onyekachi	+2348058791587	2002-09-05 18:44:30.179	Male	NYSC/FTVTAA	C	II	OSiRH9rAsSe4	ZQUMEO	99	2080	\N	f	UNVERIFIED	t	f	215994	304241	2026-08-19 01:04:50.866	Nigerian Citizen	An empathetic and professional Recruitment Specialist with 2 years of experience in talent management, employee relations, and HR operations. Expertise in Project Management and developing strategies to foster a positive and productive work environment. Excellent communication and interpersonal skills.	https://linkedin.com/in/adesuwa-onyekachi	https://exalted-issue.info	2019	Second Class Lower	cv_brcy4jmE.pdf	nysc_5x24ao0s.pdf	t
eae23c72-b092-4718-b36a-dad5469b2075	8d7f108e-3f5d-42c8-a47e-a8b5a1cf9038	David	Reed	+2348005930898	1995-04-15 09:09:54.033	Female	NYSC/YKRFCI	B	I	N1DXGUSgivI8	004MG2	79	1645	\N	f	UNVERIFIED	f	t	233554	321944	2026-03-03 18:59:18.439	Nigerian Citizen	A certified Scrum Master (PMP) with 1 years of success leading cross-functional teams to deliver projects on time and within budget. A strong leader with expertise in Product Management, risk management, and stakeholder communication. Dedicated to driving efficiency and achieving strategic goals.	https://linkedin.com/in/david-reed	https://defensive-fireplace.name/	2018	Second Class Lower	cv_T1KHiPUD.pdf	nysc_zXwOC8o9.pdf	t
b379ad58-2704-454a-83eb-d6453048d11e	4dee619d-80cb-4b86-87bf-fe16af412b09	Deborah	Carter	+2348079731971	2002-10-28 06:19:04.589	Female	NYSC/9NCNZ3	A	II	BRaaGSqTbzLc	RMX2VS	96	2029	Civis eligendi suffragium adversus audeo agnosco commemoro teneo speculum.	t	EMAIL_VERIFIED	t	t	82550	141297	2026-06-26 04:46:39.891	Nigerian Citizen	A creative and detail-oriented React Developer with 4 years of experience building responsive and user-friendly web applications. Expertise in Software Development and a strong passion for creating seamless user experiences. Proven ability to collaborate with designers and backend teams.	https://linkedin.com/in/deborah-carter	https://nice-illusion.net/	2015	Third Class	cv_Xs475XAq.pdf	nysc_bIiBlkid.pdf	t
0939e3b5-36cb-44d9-9e9a-f70bbed5bd60	dcd66d79-19fe-45a6-aa0f-e026e77db98b	Oluwaseun	Johnson	+2348076944051	2000-10-31 12:50:51.728	Male	NYSC/WW3NL0	C	I	DlZyjEQtbnsE	X4PLVH	101	2123	Subvenio taceo ver thesaurus accusantium.	f	ID_VERIFIED	f	f	213392	278005	2025-10-09 04:11:19.577	Nigerian Citizen	A highly skilled and motivated Java Developer with 2 years of experience in designing, developing, and deploying robust software solutions. Proficient in Software Development and modern development methodologies. Eager to contribute to a challenging and innovative team.	https://linkedin.com/in/oluwaseun-johnson	https://natural-pronoun.com/	2023	Third Class	cv_xXJfcM6e.pdf	nysc_05WERhfe.pdf	t
22af8b6b-293b-4de6-926b-d8833f162af0	c3cdf968-d2d6-465f-8841-ef2643669279	Philip	Edwards	+2348026890956	2002-03-28 17:04:26.7	Female	NYSC/J7VDDP	A	I	bfoTftxFNxed	P2F5SI	75	1553	\N	t	ID_VERIFIED	f	f	174530	293145	2025-12-09 03:24:21.082	Nigerian Citizen	A creative and detail-oriented React Developer with 2 years of experience building responsive and user-friendly web applications. Expertise in Frontend Development and a strong passion for creating seamless user experiences. Proven ability to collaborate with designers and backend teams.	https://linkedin.com/in/philip-edwards	https://lawful-godfather.com	2017	Second Class Upper	cv_ZZunr05u.pdf	nysc_HfidhQEK.pdf	t
069e67a5-3f39-4b92-aca3-ce394a24a76c	0ab8953b-a153-4679-ae9c-ce0cd2f8bce8	Caleb	Danladi	+2348018386527	1999-03-06 23:58:02.849	Female	NYSC/NV2RN5	C	I	gWOgzGYvi200	LHZLML	89	1834	\N	t	NYSC_VERIFIED	t	t	146580	250974	2026-04-12 23:12:03.931	Nigerian Citizen	A highly skilled and motivated Backend Developer with 2 years of experience in designing, developing, and deploying robust software solutions. Proficient in Frontend Development and modern development methodologies. Eager to contribute to a challenging and innovative team.	https://linkedin.com/in/caleb-danladi	https://clueless-straw.info	2023	Second Class Upper	cv_ff7EEUjb.pdf	nysc_WNVShS9x.pdf	t
4ffe1be4-77d1-4b27-9714-fffc0e2492c5	e335252e-fc7a-49f6-b306-6fdcf7139acd	Chisom	Turner	+2348022119793	1995-05-24 03:13:40.465	Female	NYSC/A0KA11	C	I	5oHGn2ZPyPvt	DJEK1A	98	2060	\N	f	ID_VERIFIED	t	t	216208	292609	2026-04-23 06:14:22.373	Nigerian Citizen	A creative and detail-oriented Frontend Developer with 1 years of experience building responsive and user-friendly web applications. Expertise in UI/UX Design and a strong passion for creating seamless user experiences. Proven ability to collaborate with designers and backend teams.	https://linkedin.com/in/chisom-turner	https://unfit-wear.org	2016	Second Class Upper	cv_T4VHHxCq.pdf	nysc_TYbuEnXo.pdf	t
565c06d6-7f63-45d1-96b5-c84cef93ec0c	d25b103e-4ec4-42eb-b03f-886eeac3f4d9	Chika	Ibori	+2348035661714	1998-08-19 00:42:27.608	Female	NYSC/KHQGI5	B	I	DFpM5VOhd6m7	NBWJ7J	86	1776	\N	t	CERTS_VERIFIED	f	f	167972	298308	2026-02-06 05:07:16.429	Nigerian Citizen	An analytical and detail-oriented Business Intelligence Analyst with 3 years of experience in interpreting complex datasets and generating actionable insights. Proficient in SQL, Python, and visualization tools like Tableau. Specializes in Database Management (SQL/NoSQL) to help businesses make data-driven decisions.	https://linkedin.com/in/chika-ibori	https://unrealistic-passport.net	2015	First Class	cv_xdWwkhbz.pdf	nysc_ut3D8acS.pdf	t
370f44d2-5777-4a62-91e8-f8673b10e320	c2aca1f2-26e0-499a-9c30-c1c6ff5f5b69	Chinonso	Ogedengbe	+2348092635974	1999-10-10 16:28:20.56	Female	NYSC/1WXHYU	C	I	hKf93C8GileP	BV38EX	78	1624	Credo bardus odit ullam concido cervus accommodo uxor derideo artificiose.	f	CERTS_VERIFIED	f	t	145197	207976	2026-05-26 22:30:40.421	Nigerian Citizen	An analytical and detail-oriented Business Intelligence Analyst with 2 years of experience in interpreting complex datasets and generating actionable insights. Proficient in SQL, Python, and visualization tools like Tableau. Specializes in Database Management (SQL/NoSQL) to help businesses make data-driven decisions.	https://linkedin.com/in/chinonso-ogedengbe	https://sweet-chapel.com	2018	Third Class	cv_9PKl5dPn.pdf	nysc_rvAC4KUp.pdf	t
f35b79b3-a43a-4aef-aa00-a855e625b689	8211e7fe-59ff-4571-baec-726d4eb3efae	Isaac	Ogunleye	+2348029125350	2000-02-13 16:16:11.55	Female	NYSC/QSII3F	A	I	Ci89ApqlVl9O	JPKINQ	78	1630	\N	t	ID_VERIFIED	f	t	115297	233198	2026-05-11 16:01:35.925	Nigerian Citizen	A meticulous and certified Accountant with 2 years of comprehensive experience in financial reporting, auditing, and compliance. Proficient in Business Analysis and various accounting software. Possesses strong analytical skills and a commitment to accuracy and integrity.	https://linkedin.com/in/isaac-ogunleye	https://blank-alliance.name	2019	First Class	cv_TDpgIDIH.pdf	nysc_0XMLP9PW.pdf	t
b0d45dea-33da-4469-b881-1a407fd76a7c	f7090392-b215-425e-9f15-917152b12e5f	Silas	Aliyu	+2348070944012	1995-11-01 14:35:10.268	Male	NYSC/75Y1UL	C	I	LdvV0RVHBo5F	Q8QR9M	110	2315	\N	f	ID_VERIFIED	t	f	127545	185000	2026-02-13 21:33:00.378	Nigerian Citizen	A creative and detail-oriented Web Developer with 2 years of experience building responsive and user-friendly web applications. Expertise in Project Management and a strong passion for creating seamless user experiences. Proven ability to collaborate with designers and backend teams.	https://linkedin.com/in/silas-aliyu	https://deserted-gray.name/	2020	First Class	cv_oWs3NK9u.pdf	nysc_rabtAWxO.pdf	t
00576537-9d89-47cf-b826-4851a02098d9	c08ef9b4-5f77-4b76-8c8b-3e5dc1f8270b	Sarah	Ekwueme	+2348022975609	1998-06-11 05:21:45.982	Female	NYSC/RIRMMC	C	I	dfOYX82z9w6J	OP5YEA	91	1863	\N	t	NYSC_VERIFIED	f	f	216825	292175	2026-06-12 22:12:06.272	Nigerian Citizen	A meticulous and certified Finance Officer with 6 years of comprehensive experience in financial reporting, auditing, and compliance. Proficient in Financial Analysis and various accounting software. Possesses strong analytical skills and a commitment to accuracy and integrity.	https://linkedin.com/in/sarah-ekwueme	https://unwritten-tenant.name/	2023	First Class	cv_i02yOFCo.pdf	nysc_k5ymxrVX.pdf	t
5034a509-ce95-478e-aa32-50d488824d43	e27fd743-87e6-4c9f-a1e7-12b1b789fac7	Ifeanyi	Danladi	+2348051457499	1998-07-18 04:32:50.347	Male	NYSC/NQZBDV	A	II	9cBD95tRV1BD	XN306A	92	1910	\N	f	ID_VERIFIED	t	f	227084	335374	2026-06-23 05:23:16.921	Nigerian Citizen	An analytical and detail-oriented Data Scientist with 4 years of experience in interpreting complex datasets and generating actionable insights. Proficient in SQL, Python, and visualization tools like Tableau. Specializes in Software Development to help businesses make data-driven decisions.	https://linkedin.com/in/ifeanyi-danladi	https://cultivated-mechanic.name/	2023	First Class	cv_dZuq13P5.pdf	nysc_AYjupSG1.pdf	t
5d0382d0-3b14-4d4b-90da-081462adef0a	bffec629-379d-4dbe-88d5-cf274e95d5d8	Anna	Walker	+2348088830215	1996-03-02 21:38:39.037	Male	NYSC/RWISVW	A	II	o0EiP4s4aWvE	ZC5MXT	96	2016	Vita soluta valeo vociferor accusator aegrotatio.	f	NYSC_VERIFIED	f	t	195591	272877	2026-05-20 06:51:40.183	Nigerian Citizen	An analytical and detail-oriented Data Analyst with 2 years of experience in interpreting complex datasets and generating actionable insights. Proficient in SQL, Python, and visualization tools like Tableau. Specializes in Data Analysis to help businesses make data-driven decisions.	https://linkedin.com/in/anna-walker	https://soggy-tinderbox.org	2016	Second Class Lower	cv_8eTFLxYZ.pdf	nysc_YIJpEddc.pdf	t
fb31c79f-9b91-47f9-af77-e6830d4e6dd3	f75560d9-3d44-4e44-8b23-f4b22b0ea8fe	Stephen	Green	+2348033359928	1996-06-14 05:11:01.35	Male	NYSC/PAKLX6	C	I	mKhDL1FrI3Po	4KVZMZ	98	2061	\N	t	NYSC_VERIFIED	t	t	205081	295866	2026-01-05 04:13:55.993	Nigerian Citizen	A creative and detail-oriented Web Developer with 2 years of experience building responsive and user-friendly web applications. Expertise in Project Management and a strong passion for creating seamless user experiences. Proven ability to collaborate with designers and backend teams.	https://linkedin.com/in/stephen-green	https://dental-repeat.biz/	2015	First Class	cv_0ab6wkpj.pdf	nysc_nSJesF4e.pdf	t
66e6b376-35c3-45d7-95de-ae597f2ccd61	a429ff92-345e-4c02-8b22-c45ae78cf125	Ngochukwu	Yakubu	+2348078470718	1996-03-31 07:31:29.758	Male	NYSC/W3WP4Y	B	II	rQkHccoXWP7Y	ZVKNL3	98	2050	\N	f	EMAIL_VERIFIED	t	t	196287	309076	2026-08-13 14:41:13.366	Nigerian Citizen	A results-driven Digital Marketing Specialist with over 4 years of experience in developing and executing successful online marketing campaigns. Specializes in Project Management and leveraging data analytics to optimize performance and drive growth. Adept at managing budgets and leading marketing initiatives.	https://linkedin.com/in/ngochukwu-yakubu	https://best-rule.org	2023	Second Class Upper	cv_5EF5hX3x.pdf	nysc_SBVt4M9L.pdf	t
2ad8bd28-9b3b-496e-a212-fa8cba963cbf	90fbe72c-253a-4b1b-a014-e8044b7e9aa6	Ebube	Balogun	+2348092336440	1999-03-20 22:36:17.429	Male	NYSC/YJT3V3	C	I	9QhNvPvJigkB	P2YPTK	81	1667	\N	f	UNVERIFIED	t	f	101827	174881	2025-11-12 19:05:33.778	Nigerian Citizen	A results-driven Digital Marketing Specialist with over 1 years of experience in developing and executing successful online marketing campaigns. Specializes in Data Analysis and leveraging data analytics to optimize performance and drive growth. Adept at managing budgets and leading marketing initiatives.	https://linkedin.com/in/ebube-balogun	https://informal-underneath.net/	2017	Second Class Lower	cv_CRAnYAqN.pdf	nysc_N7V62wSb.pdf	t
be0be8e4-eae8-49cb-897f-e3d5d955affa	de9b72a7-460d-4dd4-8be5-b40c0479dc6c	Nnenna	Bell	+2348036647491	1999-09-08 20:21:34.303	Male	NYSC/4IZNXF	C	II	ir9ZVqviWXez	GQLQCQ	94	1979	\N	t	UNVERIFIED	t	t	132118	202084	2025-10-06 06:09:03.396	Nigerian Citizen	A certified IT Project Coordinator (PMP) with 3 years of success leading cross-functional teams to deliver projects on time and within budget. A strong leader with expertise in Product Management, risk management, and stakeholder communication. Dedicated to driving efficiency and achieving strategic goals.	https://linkedin.com/in/nnenna-bell	https://vague-goodwill.info/	2020	First Class	cv_f4nGngzJ.pdf	nysc_BJgoZFun.pdf	t
024f974f-775d-4c89-aa92-1cbe2bdc5b7d	1ea44cab-c267-40d6-9bf7-bb1ce6271530	Mary	Young	+2348036356607	1996-10-05 00:17:26.337	Female	NYSC/ESREDG	A	I	qC6XUFAn65u9	KXWHI4	87	1793	Infit carpo tandem vulgivagus deleniti accommodo.	t	ID_VERIFIED	t	f	100525	188687	2026-03-14 15:02:34.052	Nigerian Citizen	An empathetic and professional Talent Acquisition Manager with 2 years of experience in talent management, employee relations, and HR operations. Expertise in Recruitment and developing strategies to foster a positive and productive work environment. Excellent communication and interpersonal skills.	https://linkedin.com/in/mary-young	https://angelic-t-shirt.name	2015	Third Class	cv_P54rVMzQ.pdf	nysc_7rXVz5sy.pdf	t
a732da56-b4b8-4aa4-b89c-caeaa0d92950	3f72b7ad-cc38-45fb-b9cd-5ec4861cf6cf	Ezinne	Anyanwu	+2348007953741	1998-05-27 06:28:50.584	Female	NYSC/HBUQAC	A	II	L2f41tkUxtvi	U9FOVE	102	2139	\N	t	ID_VERIFIED	t	t	235601	362380	2026-01-25 07:04:24.362	Nigerian Citizen	A highly skilled and motivated Backend Developer with 3 years of experience in designing, developing, and deploying robust software solutions. Proficient in Frontend Development and modern development methodologies. Eager to contribute to a challenging and innovative team.	https://linkedin.com/in/ezinne-anyanwu	https://thorough-surface.biz/	2019	Second Class Upper	cv_M3atnblX.pdf	nysc_CZPc7SL4.pdf	t
a9b688f2-43a4-4ee2-a97f-edec8391bdc2	f6262827-3c0a-4a75-b295-a3cf72bfec50	Ruth	Mohammed	+2348027109196	2000-01-19 04:15:27.782	Male	NYSC/N83Y6F	C	I	mA0etRGQglFn	VWUBVF	90	1838	Umquam officiis confugo pecus demum aggero tandem crinis acer.	t	UNVERIFIED	f	f	137294	231424	2025-11-29 09:47:43.426	Nigerian Citizen	A highly skilled and motivated Software Engineer with 2 years of experience in designing, developing, and deploying robust software solutions. Proficient in Frontend Development and modern development methodologies. Eager to contribute to a challenging and innovative team.	https://linkedin.com/in/ruth-mohammed	https://infamous-thorn.net	2018	Second Class Lower	cv_rTf501Ix.pdf	nysc_Wuwd7vgA.pdf	t
e7b79ecd-57a5-4078-a643-082b700e8c31	136f9f53-ac5f-4052-bde9-31745ff22ec2	Nnenna	Morris	+2348018383834	1995-06-12 05:28:40.095	Male	NYSC/2T6HHM	C	II	IAjbAlK1AGOA	SW7HWX	98	2059	Sophismata comitatus sumptus ascisco deporto alo ancilla ter animus.	f	NYSC_VERIFIED	t	t	113738	244470	2026-06-09 06:07:44.09	Nigerian Citizen	A highly skilled and motivated Backend Developer with 1 years of experience in designing, developing, and deploying robust software solutions. Proficient in Software Development and modern development methodologies. Eager to contribute to a challenging and innovative team.	https://linkedin.com/in/nnenna-morris	https://grubby-sticker.biz/	2022	First Class	cv_vXK41Jap.pdf	nysc_hFAN0qsR.pdf	t
7d71a3c4-47c8-485c-be4f-528bd4474313	3a8cea16-993f-4b94-8842-dc7941731956	Hannah	Collins	+2348020617677	1997-09-28 13:46:55.757	Male	NYSC/RYLKTA	C	II	DNghmckw2GRw	NU1HHI	105	2209	Sonitus concedo patrocinor crastinus cum conculco aliqua ademptio cohibeo.	t	ID_VERIFIED	t	f	89592	165165	2026-05-18 15:42:12.871	Nigerian Citizen	A results-driven Social Media Manager with over 1 years of experience in developing and executing successful online marketing campaigns. Specializes in Digital Marketing and leveraging data analytics to optimize performance and drive growth. Adept at managing budgets and leading marketing initiatives.	https://linkedin.com/in/hannah-collins	https://dirty-ectoderm.net/	2022	Second Class Upper	cv_W5iNzquV.pdf	nysc_V7Z3zRRm.pdf	t
a7b250f8-63ed-48d8-8d9d-f3838b389cea	1f2ae5fc-05fd-4ee1-9579-5b97e1942f33	Anna	Aliyu	+2348072762246	1997-12-27 09:44:16.781	Female	NYSC/89EXPQ	B	I	xQcMTVnuF00r	KDZB8V	81	1669	Aestas curto vorax comparo vetus.	f	ID_VERIFIED	f	f	87753	216785	2026-07-05 05:46:16.716	Nigerian Citizen	A meticulous and certified Auditor with 1 years of comprehensive experience in financial reporting, auditing, and compliance. Proficient in Data Analysis and various accounting software. Possesses strong analytical skills and a commitment to accuracy and integrity.	https://linkedin.com/in/anna-aliyu	https://curly-going.info/	2017	Second Class Upper	cv_yWABJS0g.pdf	nysc_vd8wSTTA.pdf	t
7404c0e6-9a55-4553-8c78-6bf862612af9	df70df51-2c7f-4712-bf3b-fd66130a231f	Toluwani	Olorunsola	+2348041586929	2002-07-06 00:24:02.491	Female	NYSC/XJBMKH	C	II	zDOIN9T85sQP	VEMGQW	96	2014	Neque claustrum dapifer conqueror coma tres.	t	ID_VERIFIED	f	f	186048	279878	2026-05-07 14:17:09.238	Nigerian Citizen	A results-driven Social Media Manager with over 1 years of experience in developing and executing successful online marketing campaigns. Specializes in Data Analysis and leveraging data analytics to optimize performance and drive growth. Adept at managing budgets and leading marketing initiatives.	https://linkedin.com/in/toluwani-olorunsola	https://sorrowful-transparency.com	2023	Second Class Lower	cv_CBbFQQEa.pdf	nysc_f7uJgtZd.pdf	t
cda69bf4-a37e-4762-9359-ff195a119d1b	3f8b55fc-2435-443d-81d0-e24e30eccedf	Adebimpe	Olorunsola	+2348080701483	1995-12-16 17:44:13.903	Male	NYSC/SDXABR	A	I	RslBr2FYl6Cd	5CGZD7	76	1575	Crux eaque carus tubineus depopulo repudiandae recusandae assumenda complectus caelum.	t	NYSC_VERIFIED	f	t	171552	243843	2026-06-19 04:44:39.942	Nigerian Citizen	An empathetic and professional Human Resources Generalist with 1 years of experience in talent management, employee relations, and HR operations. Expertise in Recruitment and developing strategies to foster a positive and productive work environment. Excellent communication and interpersonal skills.	https://linkedin.com/in/adebimpe-olorunsola	https://complete-tuxedo.name/	2018	First Class	cv_598YPxXW.pdf	nysc_6bLe4fqj.pdf	t
3a886ccd-91c2-4bf2-8151-6b61ea17351c	76260181-51ba-4db5-bdac-b43883d82d0d	Amarachi	Brown	+2348042287273	2001-06-04 11:48:20.806	Male	NYSC/DMKW03	A	II	OnvrDzSQjoXf	Z5H5R5	88	1808	\N	t	UNVERIFIED	t	f	126929	264487	2026-02-16 03:03:57.632	Nigerian Citizen	An analytical and detail-oriented Data Scientist with 1 years of experience in interpreting complex datasets and generating actionable insights. Proficient in SQL, Python, and visualization tools like Tableau. Specializes in Business Analysis to help businesses make data-driven decisions.	https://linkedin.com/in/amarachi-brown	https://frightened-tenant.com	2022	First Class	cv_RwqqWOgW.pdf	nysc_w9KY120E.pdf	t
d2dd0df9-419c-4b63-b812-498dbef1c504	d5ee26a9-7269-4745-9ee9-3a44846dfde8	Simon	Okon	+2348082282279	2000-09-24 01:15:02.561	Male	NYSC/2XT0CP	B	I	AsNY2xvKTg3k	MJPPMR	109	2292	Amet eligendi consectetur bardus.	f	ID_VERIFIED	f	t	155608	228782	2026-06-08 20:10:02.122	Nigerian Citizen	A creative and detail-oriented Frontend Developer with 1 years of experience building responsive and user-friendly web applications. Expertise in Frontend Development and a strong passion for creating seamless user experiences. Proven ability to collaborate with designers and backend teams.	https://linkedin.com/in/simon-okon	https://yellow-swing.info	2021	Third Class	cv_lsT1VwxH.pdf	nysc_JeT0lAPU.pdf	t
2d5712cd-df92-406a-ada3-6a94e6978804	63261167-7606-4a90-ab8e-fb2688efd8d6	Chukwuemeka	Young	+2348043573701	2001-08-17 02:28:02.185	Male	NYSC/1SCTX0	A	I	o0uuh1XYQDQC	XDLNKO	97	2032	\N	t	NYSC_VERIFIED	f	f	227080	353935	2026-06-07 05:10:40.428	Nigerian Citizen	A certified Scrum Master (PMP) with 2 years of success leading cross-functional teams to deliver projects on time and within budget. A strong leader with expertise in Project Management, risk management, and stakeholder communication. Dedicated to driving efficiency and achieving strategic goals.	https://linkedin.com/in/chukwuemeka-young	https://skeletal-brush.net/	2017	Second Class Lower	cv_1IXVwwqd.pdf	nysc_EE4xzBzv.pdf	t
57d3fb2a-81b7-4fdb-afe2-b35631f713dc	efaa6339-0fae-4442-b94d-52aba84b5421	Toluwani	Oyinlola	+2348060528993	2002-03-12 23:23:51.152	Female	NYSC/GDQEQO	A	II	etpdHnU1Fwr8	3GUJM7	75	1552	\N	t	NYSC_VERIFIED	t	t	246048	339836	2026-01-05 11:12:56.199	Nigerian Citizen	A meticulous and certified Finance Officer with 2 years of comprehensive experience in financial reporting, auditing, and compliance. Proficient in Business Analysis and various accounting software. Possesses strong analytical skills and a commitment to accuracy and integrity.	https://linkedin.com/in/toluwani-oyinlola	https://definitive-negotiation.info	2021	Second Class Lower	cv_08oUILCG.pdf	nysc_gBFwV4BN.pdf	t
2a83d7bd-e859-4f23-b8e5-3f558e644f88	3be7f8be-2216-4edc-8921-130978b0d6a8	Anna	Suleiman	+2348009857363	1997-03-16 09:56:29.764	Female	NYSC/VCHRTI	A	II	M2DAG7Px6m48	HOGECI	82	1696	\N	f	UNVERIFIED	t	t	228626	356214	2026-04-16 22:42:16.611	Nigerian Citizen	An empathetic and professional Human Resources Generalist with 1 years of experience in talent management, employee relations, and HR operations. Expertise in Customer Service and developing strategies to foster a positive and productive work environment. Excellent communication and interpersonal skills.	https://linkedin.com/in/anna-suleiman	https://liquid-ad.biz/	2018	First Class	cv_bmtHbijx.pdf	nysc_RPisrC2s.pdf	t
a711d191-564e-478d-b9a7-73d4d50b427b	1c81907f-7240-4ec0-90ae-e8d3b9b6d77c	Priscilla	Ajayi	+2348048203405	1995-09-23 05:35:49.416	Female	NYSC/ZPODHQ	A	I	iw5aNDVddlpf	V41NHA	93	1915	\N	f	CERTS_VERIFIED	f	t	245411	310556	2026-08-04 02:20:42.633	Nigerian Citizen	An analytical and detail-oriented Data Scientist with 2 years of experience in interpreting complex datasets and generating actionable insights. Proficient in SQL, Python, and visualization tools like Tableau. Specializes in Software Development to help businesses make data-driven decisions.	https://linkedin.com/in/priscilla-ajayi	https://smart-valley.info	2019	Third Class	cv_BXfQRgmL.pdf	nysc_9lxiMDjA.pdf	t
ad1f53dd-30de-4a4a-8f5b-4c4976e39ce6	839fc63a-6ffa-4236-b6e7-e02f9dcff5c7	Obinna	Bamidele	+2348084335676	2001-04-19 12:57:08.184	Female	NYSC/Q9YSME	C	II	DF7BNZtjj8GY	OWVOMT	110	2316	Odio odit consequuntur amet colo vulariter canis repudiandae creta supplanto.	t	NYSC_VERIFIED	t	t	169394	220086	2025-11-02 22:42:06.963	Nigerian Citizen	A creative and detail-oriented UI Engineer with 2 years of experience building responsive and user-friendly web applications. Expertise in Frontend Development and a strong passion for creating seamless user experiences. Proven ability to collaborate with designers and backend teams.	https://linkedin.com/in/obinna-bamidele	https://unique-forgery.net/	2016	Second Class Upper	cv_bcbh2EIj.pdf	nysc_h3ySDPHt.pdf	t
ffa1f54c-0b64-4d46-89c7-c571ae6e6a7e	9838c30d-85d2-4927-9dcc-9d54a6c27c0b	Ebube	King	+2348087746063	1995-06-07 17:58:39.543	Female	NYSC/CEQQHU	A	II	IhM7q8Q42yOo	VEMTDX	75	1554	\N	f	ID_VERIFIED	t	t	192765	325841	2026-04-10 15:43:48.196	Nigerian Citizen	An empathetic and professional Talent Acquisition Manager with 2 years of experience in talent management, employee relations, and HR operations. Expertise in Project Management and developing strategies to foster a positive and productive work environment. Excellent communication and interpersonal skills.	https://linkedin.com/in/ebube-king	https://brave-representation.com	2017	Second Class Lower	cv_tNreVIag.pdf	nysc_ioFr8mj6.pdf	t
fda28d57-fb2a-4d9a-9c9c-d43fbc005b39	fd4b9d5d-1889-4fd9-b5c8-665ca99ceee9	Silas	Abdullahi	+2348034992474	1999-03-22 09:19:35.63	Male	NYSC/6RCOQ1	C	II	FtmaVV5Qladx	MDKELK	93	1921	Ocer curia stultus validus bellum aggero degenero.	f	CERTS_VERIFIED	f	t	183729	266978	2026-01-22 16:29:41.83	Nigerian Citizen	An analytical and detail-oriented Data Scientist with 3 years of experience in interpreting complex datasets and generating actionable insights. Proficient in SQL, Python, and visualization tools like Tableau. Specializes in Software Development to help businesses make data-driven decisions.	https://linkedin.com/in/silas-abdullahi	https://willing-ceramic.com	2020	First Class	cv_pZsfGl1o.pdf	nysc_jDPhijhG.pdf	t
7de22de4-6d30-422c-9ff2-fc09300373e3	a29cf064-62b5-4d37-8d5e-11f2fd11c92d	Mark	Smith	+2348067905536	1998-04-15 02:04:05.682	Male	NYSC/J4VNYI	C	II	fPWnhySxtMZS	URXKS8	109	2295	\N	t	EMAIL_VERIFIED	t	t	186391	257342	2025-12-09 17:45:07.178	Nigerian Citizen	A certified Project Manager (PMP) with 3 years of success leading cross-functional teams to deliver projects on time and within budget. A strong leader with expertise in Customer Service, risk management, and stakeholder communication. Dedicated to driving efficiency and achieving strategic goals.	https://linkedin.com/in/mark-smith	https://acidic-outrun.name	2021	First Class	cv_FIUPpngP.pdf	nysc_EhiIZFZN.pdf	t
9f531627-be67-4193-8a9a-960a9400cd7a	3e85ec31-3299-4e42-9579-5b1f9bfd4f97	Chukwuemeka	Rogers	+2348010380432	1999-07-31 06:18:34.196	Male	NYSC/BXP6LS	C	I	k0LOt9BxJeRF	MF4YSD	101	2108	\N	f	UNVERIFIED	f	f	132399	187180	2025-12-02 09:05:07.653	Nigerian Citizen	A meticulous and certified Financial Analyst with 1 years of comprehensive experience in financial reporting, auditing, and compliance. Proficient in Accounting and various accounting software. Possesses strong analytical skills and a commitment to accuracy and integrity.	https://linkedin.com/in/chukwuemeka-rogers	https://nutritious-trash.com/	2019	First Class	cv_xI307iFt.pdf	nysc_rqNCOxFY.pdf	t
739f040f-8998-430a-9a14-06ba7f7bd3bf	b747941a-b6d0-4b65-aed7-a916a1612b36	Amarachi	Suleiman	+2348074521350	2002-11-12 07:41:53.627	Male	NYSC/9RTG77	A	I	eNwEjDsWjUxE	URI7NW	93	1953	Fugiat quasi tamen velit atque decipio undique sodalitas.	t	NYSC_VERIFIED	f	f	237684	381848	2026-04-27 11:23:49.98	Nigerian Citizen	An analytical and detail-oriented Quantitative Analyst with 3 years of experience in interpreting complex datasets and generating actionable insights. Proficient in SQL, Python, and visualization tools like Tableau. Specializes in Business Analysis to help businesses make data-driven decisions.	https://linkedin.com/in/amarachi-suleiman	https://severe-cleaner.org/	2020	Second Class Lower	cv_eT3pMNph.pdf	nysc_RGiUSSMA.pdf	t
606cb6f5-6dc9-4198-b686-c31957f7f164	b099adfc-257f-4f17-8951-eeb39b0e5cc4	Oluwafemi	Cooper	+2348063339595	2001-01-15 11:27:31.187	Female	NYSC/GGEGHT	A	II	T7y4rBnlgJdN	NTKWIC	97	2043	\N	t	UNVERIFIED	f	t	88111	204167	2026-05-21 06:22:04.956	Nigerian Citizen	An empathetic and professional HR Business Partner with 2 years of experience in talent management, employee relations, and HR operations. Expertise in Customer Service and developing strategies to foster a positive and productive work environment. Excellent communication and interpersonal skills.	https://linkedin.com/in/oluwafemi-cooper	https://soggy-electronics.org/	2019	Second Class Lower	cv_MpFwQoAS.pdf	nysc_a5vnV2MJ.pdf	t
a990dcc7-34ac-433a-9772-c7fce2888e71	45b9f89a-9cbf-488c-a138-44a599ef27f0	Benjamin	Ajayi	+2348043076206	1996-11-17 10:15:04.502	Male	NYSC/OAYRAY	B	I	GuDmIm72lQrX	CQCOTC	86	1781	Alioqui advoco cicuta depereo conturbo concido amplitudo absconditus.	f	CERTS_VERIFIED	t	t	232364	380628	2025-12-22 19:25:45.655	Nigerian Citizen	An empathetic and professional Human Resources Generalist with 1 years of experience in talent management, employee relations, and HR operations. Expertise in Customer Service and developing strategies to foster a positive and productive work environment. Excellent communication and interpersonal skills.	https://linkedin.com/in/benjamin-ajayi	https://secret-collaboration.com/	2015	Third Class	cv_gDUKYNdG.pdf	nysc_WjKVgllR.pdf	t
2040e577-ffa2-4768-93a8-ea4568e4d50c	b2f22081-f331-43aa-aec4-c9cb7ad05263	Aderonke	Young	+2348084523778	2001-10-09 17:18:58.75	Male	NYSC/AWPXGW	B	I	MLeXCp4smhWF	ADTRFY	79	1640	Suus testimonium tremo decor caveo ascit baiulus amiculum.	t	EMAIL_VERIFIED	f	t	184949	300933	2026-08-04 03:24:46.793	Nigerian Citizen	An analytical and detail-oriented Data Analyst with 2 years of experience in interpreting complex datasets and generating actionable insights. Proficient in SQL, Python, and visualization tools like Tableau. Specializes in Software Development to help businesses make data-driven decisions.	https://linkedin.com/in/aderonke-young	https://general-mousse.name	2015	First Class	cv_CEiDhl7T.pdf	nysc_luZrsDKd.pdf	t
bc053c09-9d91-49f7-beb7-36ae23613ca0	bfe95407-8370-4465-92c0-367e719e1815	Paul	Idowu	+2348020066073	1998-10-03 21:03:02.41	Female	NYSC/QXDVHS	B	II	So8wSCxZaa2U	6YL18D	103	2148	Arca cubo delinquo atqui ulterius verto turpis.	f	UNVERIFIED	t	t	157330	266964	2026-03-07 11:44:04.095	Nigerian Citizen	A highly skilled and motivated Java Developer with 4 years of experience in designing, developing, and deploying robust software solutions. Proficient in Backend Development and modern development methodologies. Eager to contribute to a challenging and innovative team.	https://linkedin.com/in/paul-idowu	https://scared-story.name/	2021	Second Class Lower	cv_Q5MfBfvQ.pdf	nysc_OmPBQcjA.pdf	t
8d74ab50-e54f-496a-bc68-0080dd6ca47b	47cb455b-24a9-4e06-ba77-564c26fea2a1	Chimamanda	Mohammed	+2348022267770	2000-02-05 13:57:36.397	Male	NYSC/UIDAA2	B	II	lRuqhk2KE0qo	19JIAD	111	2317	\N	f	EMAIL_VERIFIED	f	f	243512	325929	2026-01-17 21:22:59.767	Nigerian Citizen	A meticulous and certified Accountant with 1 years of comprehensive experience in financial reporting, auditing, and compliance. Proficient in Financial Analysis and various accounting software. Possesses strong analytical skills and a commitment to accuracy and integrity.	https://linkedin.com/in/chimamanda-mohammed	https://timely-midwife.net/	2021	Second Class Lower	cv_63KvEgz0.pdf	nysc_bYQdKYVY.pdf	t
da246a6f-5068-45c4-ac68-858f9604b3b0	3df93b75-b32f-474e-8c9c-220dd5fcd316	Caleb	Ibrahim	+2348091416185	1996-08-30 08:10:38.238	Male	NYSC/EBFYHM	B	II	OkDqZCQio2AY	UT8A12	89	1834	\N	t	ID_VERIFIED	t	f	106428	245842	2026-01-09 22:44:58.733	Nigerian Citizen	A certified Product Manager (PMP) with 3 years of success leading cross-functional teams to deliver projects on time and within budget. A strong leader with expertise in Product Management, risk management, and stakeholder communication. Dedicated to driving efficiency and achieving strategic goals.	https://linkedin.com/in/caleb-ibrahim	https://new-knickers.biz	2023	Second Class Lower	cv_hQFmeIEd.pdf	nysc_n2UD8IkG.pdf	t
4dd5d1ab-9d7c-440e-963b-e4233837cc08	168bf6dc-4a55-4264-bdd6-cd5c5bbc9c59	Chika	Smith	+2348067053679	1996-06-04 13:54:37.821	Female	NYSC/NZRYCG	B	I	HR4zDJjQZzT9	GHPOVN	111	2317	\N	t	CERTS_VERIFIED	f	t	117659	257837	2026-07-10 08:08:37.595	Nigerian Citizen	An analytical and detail-oriented Data Analyst with 1 years of experience in interpreting complex datasets and generating actionable insights. Proficient in SQL, Python, and visualization tools like Tableau. Specializes in Database Management (SQL/NoSQL) to help businesses make data-driven decisions.	https://linkedin.com/in/chika-smith	https://great-maestro.com/	2022	Third Class	cv_LgZQQzdU.pdf	nysc_BIfyUNaT.pdf	t
d68c44c7-ce1d-4fc7-ad19-b5ad6299b3be	f0edf50d-f822-4d47-83a3-dfefb4e5ee58	Deborah	Ibori	+2348040564132	1996-11-04 03:30:16.91	Female	NYSC/MZQG5P	C	I	EElY43bzIm6u	ASNQ0H	81	1678	\N	f	EMAIL_VERIFIED	t	t	105876	192750	2026-01-16 00:23:09.187	Nigerian Citizen	A certified Scrum Master (PMP) with 2 years of success leading cross-functional teams to deliver projects on time and within budget. A strong leader with expertise in Customer Service, risk management, and stakeholder communication. Dedicated to driving efficiency and achieving strategic goals.	https://linkedin.com/in/deborah-ibori	https://cruel-advancement.biz/	2019	First Class	cv_qW729Chi.pdf	nysc_Ycpwfhyc.pdf	t
2f0761ce-2629-45f6-8255-8fd1bc2885e5	33c8b9f8-d621-4735-a556-bfaf9be56264	Hannah	Odili	+2348059178014	1995-08-08 07:12:49.405	Male	NYSC/XA4RDQ	C	I	E808BVkYQDcY	XLPX0T	94	1962	\N	t	NYSC_VERIFIED	t	t	248270	312482	2025-12-17 10:46:34.05	Nigerian Citizen	A creative and detail-oriented Web Developer with 2 years of experience building responsive and user-friendly web applications. Expertise in Software Development and a strong passion for creating seamless user experiences. Proven ability to collaborate with designers and backend teams.	https://linkedin.com/in/hannah-odili	https://steel-armoire.info/	2019	First Class	cv_o1MJ5AwZ.pdf	nysc_g39fqIl8.pdf	t
8f25c12b-e42a-4d28-8848-f2274bcee4c4	1c5422a2-454d-47b1-92a4-6f0d8ab3e443	Oluwaseun	Danladi	+2348013932712	2000-04-16 04:02:20.17	Female	NYSC/WCSFYL	B	II	s3rE6K9dlxXz	NBQ7KC	99	2079	Iste soluta altus volubilis autus cultellus eius.	f	UNVERIFIED	f	t	245008	360468	2025-12-03 20:44:42.958	Nigerian Citizen	A results-driven Social Media Manager with over 1 years of experience in developing and executing successful online marketing campaigns. Specializes in Search Engine Optimization (SEO) and leveraging data analytics to optimize performance and drive growth. Adept at managing budgets and leading marketing initiatives.	https://linkedin.com/in/oluwaseun-danladi	https://earnest-venom.net	2019	Third Class	cv_0GiCk3h3.pdf	nysc_eAaDmLJA.pdf	t
3db0ab0f-8290-4770-ac5c-c48ef0132e65	7bd1a9e3-a9e0-45fb-80f1-5618fb58442a	Oluwatobi	Clark	+2348024530726	1998-07-19 23:35:20.421	Male	NYSC/VIRDLI	C	I	TIyzTreAFasK	LY8OMO	87	1793	\N	f	NYSC_VERIFIED	f	f	145177	275951	2026-02-23 08:36:23.747	Nigerian Citizen	An empathetic and professional HR Business Partner with 4 years of experience in talent management, employee relations, and HR operations. Expertise in Customer Service and developing strategies to foster a positive and productive work environment. Excellent communication and interpersonal skills.	https://linkedin.com/in/oluwatobi-clark	https://long-term-certification.name	2016	First Class	cv_Rip8oNzU.pdf	nysc_3fscni1o.pdf	t
\.


--
-- Data for Name: Position; Type: TABLE DATA; Schema: public; Owner: -
--

COPY public."Position" (id, "agencyId", title, description, "employmentType", "isRemote", "stateId", "lgaId", "minSalary", "maxSalary", "skillsReq", visibility, status, "createdAt", "updatedAt") FROM stdin;
d45805c9-c04f-4f5a-8beb-5cc970888e66	f7472be1-137d-42c4-b74a-9217988bd932	Frontend React Developer	We are seeking a skilled Frontend React Developer to join our growing team. You will be responsible for building user-friendly web interfaces, optimizing application performance, and collaborating with backend engineers to deliver scalable solutions. Strong experience with React, Tailwind CSS, and REST APIs is required.\n	FULLTIME	t	24	510	250000	450000	null	PUBLIC	OPEN	2025-09-07 01:32:10.152	2025-09-23 09:03:24.95
c32de97d-1bac-49d5-b026-5e77283e572c	7b63f0d4-ae27-46f4-8e3b-cabb88daa3d8	Software Tester	As a Software Tester, you will be responsible for evaluating and ensuring the quality, functionality, and reliability of software applications before they reach end users. You will design, execute, and maintain test cases, identify and document defects, and collaborate closely with developers and product teams to resolve issues. Your role requires a keen eye for detail, strong analytical skills, and a methodical approach to uncover potential problems, ensuring that software meets both functional and performance standards. You will also contribute to continuous improvement by suggesting enhancements to testing processes and participating in the development of automated testing where applicable.	FULLTIME	f	37	774	650000	719995	null	PUBLIC	OPEN	2025-09-17 20:10:37.758	2025-09-24 20:59:33.639
398a7e52-08df-48a7-9ca2-7b50f91e3600	51db5cda-dfb1-4134-937d-69fcbe0f1e37	Investor Marketing Liaison	Crastinus aptus spiculum aedificium. Sapiente certe at. Somniculosus utrimque sordeo.\nColor defetiscor arma ulterius defungo. Uberrime reiciendis circumvenio video cursus conventus vitium. Carmen territo vado curo alienus uterque colo.\nVicinus utique pariatur voveo conitor adduco paens subseco blandior. Voluntarius trucido crudelis terror viduo coadunatio. Alo creta concido deprecator volo.	CONTRACT	t	91	1885	114720	264051	\N	PUBLIC	OPEN	2025-09-29 08:55:00.276	2025-09-29 08:55:00.276
678b52a6-8075-497d-952f-f1f9fcee4b06	51db5cda-dfb1-4134-937d-69fcbe0f1e37	Regional Research Manager	Certe cresco derelinquo. Adstringo contigo turpis pax umquam cras. Caelum volubilis totam appello circumvenio denuncio.\nSumptus cras sollers demens validus desparatus cras. Tabernus similique volaticus adipisci eum excepturi valens titulus. Talio charisma colo cur vorax tamdiu tantillus coniecto creo considero.\nAccusamus somniculosus summopere repudiandae curiositas incidunt vinculum. Iusto tenax aduro. Speculum curatio cauda earum vacuus.	PARTTIME	f	91	1885	130185	195576	\N	PUBLIC	OPEN	2025-09-29 08:55:00.28	2025-09-29 08:55:00.28
beb3d1b0-6417-44fc-a692-264af3c52178	51db5cda-dfb1-4134-937d-69fcbe0f1e37	Future Directives Administrator	Viridis turpis tumultus aut traho quis aggredior pecus baiulus. Perferendis undique adinventitias. Caelum civitas crapula repellendus pecco arca.\nTurba alias apostolus celebrer coma statim succurro terga statua repellendus. Fugit ante vulariter vespillo desolo iure temptatio damno ascisco vester. Cenaculum consequatur apparatus ambulo voluptas armarium cribro cariosus amet.\nVulnus apud curis arbitro subvenio dens paulatim desparatus velut temporibus. Voluptatem utrum solutio fuga crebro cultellus. Demoror depereo venustas.	NYSC	f	91	1885	95723	160336	\N	PUBLIC	OPEN	2025-09-29 08:55:00.282	2025-09-29 08:55:00.282
94406242-63da-4e3f-a3b7-022522e97c8e	ab2f1dfc-6306-47f8-bc30-096989f8b279	Human Accounts Director	Auctor depraedor ipsa solitudo tribuo adeo. Corrigo nemo soleo depereo claro utilis cuppedia. Animi repellendus corporis sulum damnatio.\nAdimpleo ustilo defaeco solvo nemo. Talis dolore cervus apto adimpleo corrupti commodo aeger. Ante annus angulus approbo.\nProvident combibo viriliter vestrum stipes bellicus ipsam fugit cognatus explicabo. Vicinus victoria articulus depono cubitum consequuntur ullus doloribus terminatio. Clarus cupiditas adicio conforto alveus copia molestiae amor aperte.	INTERN	t	89	1832	113598	208601	\N	PUBLIC	OPEN	2025-09-29 08:55:00.289	2025-09-29 08:55:00.289
e911e8f4-a337-4481-8285-31d3e36ab0ef	e31f6eb0-7921-4810-a4f6-d4508c5aa5d1	Dynamic Assurance Manager	Communis speciosus tenuis aptus tracto maiores repellat infit adfero omnis. Quos solvo argentum crux textus adflicto tandem vociferor. Tres articulus suggero arceo harum.\nVorax est adiuvo denego tantillus curtus. Vulgo id comminor. Testimonium currus cribro ver tonsor curso.\nAccusator libero comis carus id. Decor sit sit inventore antea statua acies appono cum adipiscor. Apto patria celer ara solitudo templum.	CONTRACT	t	77	1616	84001	351767	\N	PUBLIC	OPEN	2025-09-29 08:55:00.296	2025-09-29 08:55:00.296
21338acc-5169-4edf-a115-9693245a4c2e	e31f6eb0-7921-4810-a4f6-d4508c5aa5d1	Corporate Accountability Designer	Vester attollo tabernus. Peccatus vesica aestivus terebro accommodo. Virtus triduana colo sapiente officiis adversus.\nAmor circumvenio assumenda curtus vulgo pectus expedita tristis. Curiositas arto necessitatibus quasi tibi vere. Distinctio vos ipsa adsuesco aggero sollers tamquam desipio arto.\nAdinventitias supellex charisma rem. At caecus dignissimos spiculum tergeo maxime id. Aetas deduco conculco deprecator cribro tendo ulterius demum alioqui.	PARTTIME	t	77	1616	133411	291284	\N	PUBLIC	OPEN	2025-09-29 08:55:00.298	2025-09-29 08:55:00.298
65a5c890-f9d0-4d73-807a-7ff85573448f	e31f6eb0-7921-4810-a4f6-d4508c5aa5d1	National Markets Developer	Admiratio minima cubitum. Atrox distinctio ascit solium. Deprimo vix cohors centum autem.\nCorona natus corpus tendo velit. Neque vergo synagoga concedo canis. Amet tabernus nihil eligendi officiis.\nArs coma solium crepusculum animi caritas toties eos tempora validus. Sopor thymum voluptas coniecto corona labore altus carmen vindico. Tonsor vitium dens usitas dolorem accusator tabella conicio ustilo fugit.	INTERN	f	77	1616	94589	247978	\N	PUBLIC	OPEN	2025-09-29 08:55:00.301	2025-09-29 08:55:00.301
b5084c1c-af9b-4989-aee4-83f906a53f64	0c0a5430-beba-4121-9c6c-393cf7536857	District Marketing Facilitator	Victoria comminor adeo. Apto sursum curatio substantia auxilium soluta demitto. Vinculum victoria delectus ulterius beatus volubilis theca.\nTamquam conqueror qui thesaurus deduco vita cur sub ceno adsuesco. Beatus titulus capto tutis. Voluntarius reprehenderit deporto sto sordeo contego cras adfectus.\nIpsam quod arbustum. Ipsa civis cupiditate canis solum adflicto via mollitia. Aedificium suadeo adamo valeo sumo.	PARTTIME	f	107	2250	92534	279106	\N	PUBLIC	OPEN	2025-09-29 08:55:00.308	2025-09-29 08:55:00.308
36ca77ff-0e28-4b2c-bdd4-752ea85144e5	0c0a5430-beba-4121-9c6c-393cf7536857	Forward Metrics Consultant	Paulatim viriliter versus dolorem clarus vox stella acceptus. Dapifer arcus cenaculum cibo valeo traho dignissimos. Trucido quidem inflammatio a.\nAger patruus carmen defungo amet. Vesco praesentium absque. Delectatio compello deinde circumvenio libero.\nCreptio delectatio voco terreo paulatim autus damnatio. Curiositas aetas crinis. Benevolentia voluptate ocer speciosus acceptus demoror soluta conduco tergiversatio.	FULLTIME	f	107	2250	131315	248289	\N	PUBLIC	OPEN	2025-09-29 08:55:00.31	2025-09-29 08:55:00.31
88b5f9c3-0498-495a-8896-22f46858e370	a81285ab-2621-498b-8800-5b0c28820357	Corporate Metrics Administrator	Thymbra terga arbitro venia virga votum provident tempore. Porro harum volo aeger adiuvo. Chirographum tonsor aperte repudiandae defendo iste sit usus.\nAdeo non eligendi toties aetas clementia. Pecus angelus baiulus celebrer victoria xiphias aggredior tergiversatio. Vel acerbitas ulciscor demonstro.\nSoleo cognomen quas. Urbs aperio illo territo canto subiungo. Argumentum caelestis vesper cibus voluptatum vehemens eveniet praesentium quia attero.	NYSC	f	78	1622	88997	205006	\N	PUBLIC	OPEN	2025-09-29 08:55:00.317	2025-09-29 08:55:00.317
6fe7f20f-80f1-49a1-bc6e-d5cc971dafb3	aa67a3a2-ac93-46f6-a9fa-cbd63c437999	Lead Integration Facilitator	Dens absum aegrus. Tactus amoveo officiis. Asporto minus trucido.\nComburo civis arbustum. Basium sonitus vicinus constans. Combibo cena vulgo accommodo substantia advenio ultra.\nTimidus vado consuasor adflicto taceo unde admiratio careo. Quia pecus tricesimus alii. Decumbo quaerat curriculum charisma sum demulceo chirographum accusantium conscendo magni.	PARTTIME	f	98	2050	87908	329992	\N	PUBLIC	OPEN	2025-09-29 08:55:00.324	2025-09-29 08:55:00.324
36e39f42-edb4-48f2-928c-b6b224e629d7	1ef98b18-cb41-4dac-9f09-57ddcef53a25	Chief Group Technician	Decerno certe alii tutamen creber terreo. Tyrannus allatus accendo suadeo tempora cultellus infit. Adipisci deprimo maiores.\nAger amplus coniuratio admiratio rem territo. Corrigo vitae numquam crudelis. Comitatus somniculosus cuppedia aliquid coadunatio iure aestivus absque canto vis.\nDolore tempore maiores textilis arcesso cotidie denique utrimque spiculum conventus. Denuo quam vicissitudo sursum sapiente. Quibusdam denuncio volup eos terra considero vulgaris cultura blanditiis.	FULLTIME	t	85	1767	140226	265625	\N	PUBLIC	OPEN	2025-09-29 08:55:00.33	2025-09-29 08:55:00.33
87314a06-2ccf-4e0e-b5c4-b6173ad65a04	e0a7c3ad-56e8-4930-9880-c5f8a2314882	Chief Interactions Designer	Averto volva sordeo pectus tamquam beneficium conqueror adduco nulla. Deludo cognomen crux addo. Defendo crux bellicus compono acidus calculus adfero spiritus.\nVolo repellendus ipsum. Terreo non tero cupio tripudio venio delego comminor totam. Tego stipes curiositas ascisco arx comptus video coniuratio accedo.\nArca distinctio sequi vitae autem adsuesco. Aro cuppedia colo copiose argumentum videlicet approbo. Commemoro beatae varius culpo.	INTERN	t	80	1663	141004	366657	\N	PUBLIC	OPEN	2025-09-29 08:55:00.336	2025-09-29 08:55:00.336
af07aba2-d037-46d5-bdca-77dc4f35854f	60556015-1b46-456e-bcfc-0f05cf103297	Forward Paradigm Developer	Sperno villa suppono curriculum. Nemo eum admiratio. Antiquus carus vester stultus sperno.\nSubnecto varius clam pecus. Collum vespillo suggero voro. Bonus subito caste.\nCunctatio decipio pecco. Denuncio agnitio ars perspiciatis canto. Asper voluptates sustineo.	CONTRACT	f	87	1797	120010	345048	\N	PUBLIC	OPEN	2025-09-29 08:55:00.343	2025-09-29 08:55:00.343
3b009c38-d0a2-48d7-80c9-6f7933b31aeb	60556015-1b46-456e-bcfc-0f05cf103297	Legacy Marketing Analyst	Video pax truculenter. Caelum vaco sto basium defaeco. Voluntarius corpus uberrime vergo apto vitae conqueror thermae stipes.\nCallide spiculum turba vacuus utroque carpo. Tabernus admoveo apud aegre capto adulatio titulus vestrum. Capto eum delicate barba dolorem alienus laborum aqua audentia succedo.\nAdulatio adeptio caelestis alius amitto tempora arcus asperiores thema amor. Quod vis suffoco. Subnecto officia cubitum comitatus.	FULLTIME	t	87	1797	90945	223335	\N	PUBLIC	OPEN	2025-09-29 08:55:00.345	2025-09-29 08:55:00.345
d9602cea-7cc1-4cd9-99ac-5c2ceeb5806a	90c57833-e1a7-4d17-9215-dbe5c120bf39	Dynamic Assurance Orchestrator	Usitas spiculum volup vesica. Amo degusto tabesco alo veritatis praesentium succedo culpa. Accusantium curis cuius adduco solus aperio caute adaugeo qui statim.\nIncidunt cognomen cuius crur conspergo aurum architecto tego nulla suffragium. Carmen ipsa solum verbum carmen iusto vae aegrus. Aperte substantia supplanto conforto abduco corrumpo corrigo aetas usus.\nAdduco antepono voluptatibus communis delinquo. Talis patior terga. Consuasor omnis custodia voluntarius aegrotatio arcus sui via bene.	INTERN	f	84	1742	122957	174324	\N	PUBLIC	OPEN	2025-09-29 08:55:00.351	2025-09-29 08:55:00.351
1aaa195f-2b61-4ab2-985b-7a80ef09f71e	90c57833-e1a7-4d17-9215-dbe5c120bf39	Dynamic Applications Facilitator	Viriliter aspernatur clementia. Conitor crudelis audeo utroque. Vis degenero quos suscipio coaegresco consuasor velum.\nTum acervus vulgivagus commodo facilis credo cohibeo. Antiquus defleo aegrotatio varius ago curriculum. Quisquam desino contabesco decerno curo correptius casso.\nAppello textilis trepide canto thema deputo cinis carpo. Adstringo caste summa terga aetas vito cogo defetiscor. Vos aro conicio arca concedo benigne utor.	PARTTIME	t	84	1742	92295	321315	\N	PUBLIC	OPEN	2025-09-29 08:55:00.353	2025-09-29 08:55:00.353
01231b7c-602f-4744-ae0e-d0699a6ec705	90c57833-e1a7-4d17-9215-dbe5c120bf39	Regional Quality Agent	Vociferor verecundia quae ultio iste ceno sono. Cogito commemoro crebro accusator alias peccatus surculus velum. Capillus paens tametsi cetera denique talio deserunt degusto acquiro conculco.\nMaxime beatus pel cuius tenetur universe cum ex certe crudelis. Triduana urbs audeo amplus spiculum vitium condico. Iusto tersus supra adimpleo dicta timor surculus vinco qui.\nVerumtamen comminor delego inventore pariatur terebro. Versus apud utroque vorago. Incidunt aveho tergiversatio.	FULLTIME	t	84	1742	90072	170382	\N	PUBLIC	OPEN	2025-09-29 08:55:00.356	2025-09-29 08:55:00.356
4bb0dc10-4515-4902-817c-44d3ba87c547	043fafe1-0483-4d29-add4-7148a81cfefe	National Tactics Liaison	Basium assumenda vivo adfectus circumvenio. Conqueror derelinquo amiculum arbustum. Tenax conqueror ultio.\nContra vomica pecto denuo super utpote convoco vapulus tego vobis. Annus recusandae comitatus. Taceo bene crebro verbera sint.\nConscendo viduo atrocitas spectaculum peccatus collum absum ustilo facilis. Ex vetus tabesco terra sui vos placeat vulgo. Virgo nam consequatur vereor conventus summa omnis tempus ait addo.	INTERN	t	98	2059	120837	277314	\N	PUBLIC	OPEN	2025-09-29 08:55:00.362	2025-09-29 08:55:00.362
fc7bb99a-b209-4e9e-a86c-149680917d29	827ca625-7e7b-4327-a75b-a87e8b815f5a	Corporate Integration Designer	Ducimus unde derelinquo sono depromo cur beneficium valens aeternus. Eligendi sonitus apud sperno subseco quis. Fugit esse impedit avarus aetas centum vulgo.\nVobis aureus solium agnitio suppono. Cogito coma caste deprecator desolo defungo. Cohibeo claro certe voveo viscus.\nOptio tot barba crudelis. Contra beneficium doloribus. Vacuus cultellus baiulus.	INTERN	t	83	1734	99116	186205	\N	PUBLIC	OPEN	2025-09-29 08:55:00.368	2025-09-29 08:55:00.368
34aea7c0-2f58-46a5-959f-5b9c4ae49b49	827ca625-7e7b-4327-a75b-a87e8b815f5a	Lead Implementation Manager	Ancilla dapifer demens peior ambitus tunc derideo. Depono suppellex amissio vae caecus cursus apparatus dedico. Tactus inflammatio ver sulum desino iste.\nVenia abduco temporibus modi adicio deleniti denuo cursim. Ab compello traho tricesimus. Adinventitias error vestigium cotidie cedo.\nVae subito vulnus deficio adsidue occaecati. Temporibus thermae texo sumo thema appono atrox earum voluntarius. Repudiandae aperiam solvo creptio corroboro validus adfero terminatio corpus.	NYSC	t	83	1734	80547	184155	\N	PUBLIC	OPEN	2025-09-29 08:55:00.37	2025-09-29 08:55:00.37
68304010-7968-4b61-9453-1201dc1b0e8c	aae1ca54-ac85-4949-b9bc-f1cddfb23cae	Internal Data Manager	Adipiscor vulgus vulariter vociferor consuasor. Avarus desparatus crinis acerbitas. Stabilis error spero auditor quasi vespillo eum aduro.\nDedico sponte adduco facilis aequitas. Vero qui vero ver. Titulus aestus veniam sordeo conservo adulescens minus delinquo.\nCredo amicitia amplus unde vomito timidus cupiditas cado abeo. Alias tenuis aliquid utroque cervus umbra trepide cornu cognomen denique. Optio timidus canto.	FULLTIME	t	105	2223	100741	377757	\N	PUBLIC	OPEN	2025-09-29 08:55:00.377	2025-09-29 08:55:00.377
206c4b13-d49a-448a-9c03-2f668687217b	14b1bf21-76d6-443e-8a48-1f03e5d877c2	Future Research Designer	Timor cenaculum antea ventito caste basium denuncio aiunt. Turbo ter demitto avarus crebro aggero thema adulescens. Tremo ulterius subseco cognatus.\nSursum arcesso thesis dolorem arcus solum laboriosam verumtamen voluptates sublime. Copiose repudiandae antiquus commodi vilicus curtus thymum contego. Adsuesco abutor aegrotatio adinventitias colo caries.\nAcceptus beatae beneficium adficio administratio debitis vos. Solutio tabula traho vox adflicto arbustum ademptio abstergo advoco. Atrocitas provident tabernus ara tergeo terra nobis sed talus.	FULLTIME	f	106	2226	106323	204510	\N	PUBLIC	OPEN	2025-09-29 08:55:00.383	2025-09-29 08:55:00.383
a71ff1ac-030a-41ab-aed9-4fa1193e3234	14b1bf21-76d6-443e-8a48-1f03e5d877c2	District Marketing Coordinator	Capillus templum ago cunctatio doloribus. Conventus demitto aliquam approbo suffragium consectetur. Conscendo ventosus coerceo volubilis cedo angustus spiritus canis avaritia.\nDeripio inventore depereo. Spargo una advenio celer pax vulpes validus. Verecundia pel ancilla cenaculum.\nAdmoneo caelum casus credo deludo tepesco. Thymum valde amissio tutis collum clamo deputo ratione sollers. Aggredior cogito tergo quod deleniti derideo callide suus labore molestias.	FULLTIME	t	106	2226	105990	343703	\N	PUBLIC	OPEN	2025-09-29 08:55:00.385	2025-09-29 08:55:00.385
2c0ca659-c8d1-46ce-9d82-1db8f4e83688	3cfa8299-0cac-4a7a-a379-8a01abc31e0d	Central Implementation Officer	Tantillus uredo talis tyrannus repellat cubicularis thymbra confido cilicium spero. Casso spero supra creo theatrum volutabrum vulgaris cometes. Corroboro denique audacia stillicidium curso thermae cotidie usus pauci vapulus.\nAmaritudo sumptus argentum corona conturbo conspergo alii cotidie. Ocer curatio ait ultio nihil carmen acsi abduco corrigo. Aequitas sint usus vae sollicito cinis.\nVindico cursim est totam aedificium decet. Caries bellum curso valens complectus defleo copia thymum trepide. Civis absconditus utilis.	INTERN	t	109	2288	121515	261760	\N	PUBLIC	OPEN	2025-09-29 08:55:00.391	2025-09-29 08:55:00.391
8bf85d0a-4a57-4d1a-b9e1-fcbee9d04757	3cfa8299-0cac-4a7a-a379-8a01abc31e0d	Corporate Optimization Administrator	Crinis atrox defendo claudeo arbor amoveo vesco brevis aedificium turpis. Terebro adicio apud. Debitis comis sunt videlicet ea sperno delego.\nVinum voveo decumbo. Laudantium stella vos ulciscor nobis aggredior adipiscor cibo amita templum. Quo terga officia accedo supra adfero arbitro.\nAliquid quisquam vapulus. Artificiose caries victoria celo sordeo. Eius capitulus centum deleo adinventitias.	INTERN	f	109	2288	137248	302469	\N	PUBLIC	OPEN	2025-09-29 08:55:00.393	2025-09-29 08:55:00.393
96c7ad5e-dc1f-45bf-95d7-12e8dedb1368	4a41610f-6a31-472a-b64a-cafeec5d90f5	Senior Response Developer	Temeritas tollo desipio ex arceo tempus auctor dicta. Pecus carcer adopto atque terreo asperiores amplitudo amissio vir. Deprecator ab comes tot praesentium vorax taceo exercitationem somniculosus.\nTraho depromo corrupti commodi delinquo denique conatus succurro. Accusator ancilla pariatur clibanus turba usus. Asperiores virga suadeo absconditus tempora cariosus cognomen absorbeo appello vinco.\nAdiuvo atrocitas quibusdam mollitia. Aeternus unus bardus degusto defetiscor careo at. Et varius amiculum vester venia repellat cilicium caries.	FULLTIME	f	78	1619	83468	198527	\N	PUBLIC	OPEN	2025-09-29 08:55:00.399	2025-09-29 08:55:00.399
8373450c-793e-45fb-866f-2707beaee196	92d6b1cf-a8fe-4bf2-bcb4-ad867bf2701a	Human Communications Developer	Decor aqua approbo versus. Urbanus comitatus aureus. Perspiciatis vos peccatus creo.\nAmplitudo solvo solio. Cui anser creptio curis capio fugiat coaegresco enim ara spargo. Contigo impedit recusandae altus caries depraedor assentator verecundia ex.\nCibo summisse tantillus decet explicabo una. Magni centum dolorum adeptio certus eum. Odio occaecati beatus eius vere altus vitae aurum.	PARTTIME	f	97	2041	85397	305544	\N	PUBLIC	OPEN	2025-09-29 08:55:00.406	2025-09-29 08:55:00.406
084b3095-124f-40d0-a79e-c1e10a11ca83	92d6b1cf-a8fe-4bf2-bcb4-ad867bf2701a	Principal Markets Director	Sapiente defungo beatus derideo auctor. Cauda sono maxime utpote sursum cupressus dapifer decor. Culpa urbs demulceo carpo tum.\nDelinquo ab arca tolero arcesso censura. Synagoga ea thorax cunabula correptius usus atavus demum astrum. Earum aequitas corroboro.\nCoaegresco ultra pax demo depraedor advenio ara virgo versus. Tergiversatio arma agnosco quis eum. Candidus astrum torrens somniculosus vomito suppellex sperno cogito.	CONTRACT	f	97	2041	89433	229960	\N	PUBLIC	OPEN	2025-09-29 08:55:00.408	2025-09-29 08:55:00.408
6240d7f4-fb0e-49f0-b452-c671184250f6	92d6b1cf-a8fe-4bf2-bcb4-ad867bf2701a	Internal Identity Manager	Vinitor cattus stips avarus baiulus testimonium adflicto. Ara arbitro thema stipes comis adflicto surgo corpus aliquid. Asper spiculum ubi angulus dens comis suffoco natus attonbitus volaticus.\nTactus aegre cernuus degenero. Angulus subito vitiosus neque summopere balbus cariosus taedium defero. Capillus conduco corrigo infit patior.\nPel adfero nihil curo certus. Tyrannus soleo capto amaritudo vere concedo decimus. Cicuta bis desidero argumentum confero volubilis vociferor.	FULLTIME	f	97	2041	123124	212747	\N	PUBLIC	OPEN	2025-09-29 08:55:00.41	2025-09-29 08:55:00.41
6c7cf1d6-ec55-49da-913f-44ccca08066b	0caf6288-f2bf-417f-9fa1-929762d741e5	Central Paradigm Engineer	Audio demoror audeo crapula delibero. Tumultus volaticus acer atqui triduana aer temeritas spoliatio tabella traho. Conservo repellendus cogito.\nSunt corrigo talis sperno nemo tremo vigilo terminatio. Cura demoror tutis auctus vilicus adsidue custodia temperantia. Crux apud spiritus comptus vomica.\nUbi careo tactus. Torqueo compello vicissitudo. Thermae tot voco approbo adnuo valens valde aqua.	PARTTIME	f	93	1949	89474	294055	\N	PUBLIC	OPEN	2025-09-29 08:55:00.416	2025-09-29 08:55:00.416
295ce2a0-b4a8-4448-a749-643422182957	f73f34d9-66ad-4b7c-a7c7-822583028ff4	Global Integration Agent	Careo ater summisse capto adinventitias ulciscor utique arx. Tenetur deduco textilis voluptatibus qui vae. Laboriosam ater defaeco in caute confugo ullus amet.\nContego atrocitas tabula cunabula adaugeo pecco cunctatio solio. Id turbo ascit comitatus curto aqua vulariter atqui attonbitus arto. Cicuta labore abundans talis.\nSuggero tot defetiscor tabernus conscendo maxime distinctio. Aegrus abstergo bestia. Soleo infit tondeo valeo spiculum sequi creta.	CONTRACT	t	81	1670	87600	386499	\N	PUBLIC	OPEN	2025-09-29 08:55:00.423	2025-09-29 08:55:00.423
0f8926a9-c40b-4aa6-bea4-c7e112e169a2	a13ae602-c8f9-44c4-9206-1302d4f422f9	Legacy Metrics Strategist	Iste natus turpis degenero appono. Vigilo synagoga venustas aqua. Nulla suppono solus hic.\nAbsorbeo ea stultus color quam. Vulnus acervus defluo cuius caelestis ad vulgo. Id desino esse carmen tandem tremo.\nAmiculum acceptus succedo aperiam sopor catena degero assentator. Officiis barba ante dolore ventus verus avaritia decerno adiuvo facere. Architecto debilito demergo.	NYSC	t	95	2001	102053	214882	\N	PUBLIC	OPEN	2025-09-29 08:55:00.429	2025-09-29 08:55:00.429
50905987-b425-44d0-bdf2-4d280016b2b0	f94b834b-45e8-4aa9-be96-c0286960a7f9	Dynamic Metrics Director	Carcer beatae sto solus vicissitudo curo ars via. Corpus error inflammatio. Decimus quis quaerat porro arcesso desino crebro textilis unde.\nRem audentia curatio. Adflicto tabula vindico sustineo crepusculum candidus sufficio. Auctus aperio advoco.\nVesica cimentarius tubineus uberrime carmen varietas vitium claro. Cras coadunatio cuppedia auctor adfectus spes. Coniecto admoneo apostolus aegrus aperio cupressus carmen sordeo aspicio.	PARTTIME	t	102	2141	104904	308555	\N	PUBLIC	OPEN	2025-09-29 08:55:00.435	2025-09-29 08:55:00.435
a6fd5e19-ec15-4d0c-a6e3-737d7a1d7ec6	2d389394-7f00-44f3-b4db-68673c45b297	National Division Coordinator	Coadunatio delicate patrocinor conqueror vix. Cur capto dicta toties ustulo vespillo. Canis carpo tamquam tenetur bardus arto voluptate quidem.\nCaute quas astrum crustulum defetiscor sodalitas. Uterque sonitus demonstro bellum valetudo celo conduco vorax aegre. Turbo corroboro constans libero pax.\nCur ut cribro caste perspiciatis chirographum adipiscor. Stipes arbitro voluptate vehemens sit earum aggredior. Ullus trucido non volaticus adflicto usitas.	FULLTIME	t	106	2239	145615	264796	\N	PUBLIC	OPEN	2025-09-29 08:55:00.441	2025-09-29 08:55:00.441
1e6edc2c-44bd-469c-8a8b-2ca3c3c101b8	2d389394-7f00-44f3-b4db-68673c45b297	Investor Accounts Engineer	Reprehenderit capto crudelis sustineo praesentium. Strues volutabrum supra charisma callide. Depraedor vel cenaculum corona tenus chirographum admitto.\nVoluptatibus adiuvo ait sublime rem apparatus curvo occaecati id verumtamen. Explicabo rerum vereor. Tergum adeo vesper consectetur deporto.\nVero aspicio sursum. Cauda vallum tergeo caterva pel. Aveho cumque repellendus cui nam tibi.	INTERN	f	106	2239	104955	326781	\N	PUBLIC	OPEN	2025-09-29 08:55:00.444	2025-09-29 08:55:00.444
923eebd6-0e94-448f-b69f-939b0463d2b1	dc80c527-5450-4320-b1c2-0a355ef09a55	District Group Administrator	Apostolus spiculum odio ullam modi vis demitto coniecto. Acer crinis carbo paulatim. Antiquus titulus alienus cruentus neque provident.\nAverto verus spoliatio venustas derideo ipsam vesper. Curriculum conitor succurro utilis commodo unus. Cauda trepide urbs stabilis facere supellex aequus quibusdam.\nUmerus spiculum coadunatio nisi nihil amplexus. Speculum sub suadeo praesentium vinum dicta suspendo pauci. Accusamus officiis vester tonsor.	FULLTIME	t	85	1767	85006	365707	\N	PUBLIC	OPEN	2025-09-29 08:55:00.45	2025-09-29 08:55:00.45
3341f6dd-711f-4ee6-b17a-c1619e9db412	dc80c527-5450-4320-b1c2-0a355ef09a55	Lead Metrics Liaison	Uter depromo exercitationem creator defleo cuppedia videlicet perferendis. Incidunt amo balbus considero creator compello derelinquo aurum. Incidunt acidus beatus auditor sto quas nulla consequatur.\nIpsum admiratio quasi summopere tepesco. Distinctio vivo caries stips cernuus ait cado adsuesco utique ea. Calco aestas ultra maxime nihil tremo infit.\nVorago minus compono. Comptus abscido inventore adhaero speciosus admitto derelinquo barba vulticulus asper. Audacia thermae tergiversatio triduana angustus vis cibus sulum adflicto.	NYSC	t	85	1767	115101	239247	\N	PUBLIC	OPEN	2025-09-29 08:55:00.452	2025-09-29 08:55:00.452
4bddd5ae-0922-4a5f-9bed-2f7eed4098ec	dc80c527-5450-4320-b1c2-0a355ef09a55	Investor Paradigm Strategist	Delibero patria suggero cilicium sumo crux addo contabesco deficio. Et aequitas tabesco titulus stabilis voro excepturi degusto stultus. Spargo quisquam volo.\nAbundans fugit labore concedo aptus. Verto aqua clam auditor amiculum canis tabella assentator. Cimentarius reiciendis coadunatio temporibus dens aestus.\nAggredior capillus velut adsuesco solium celo alii. Ventus consequatur abeo titulus tamisium. Aestas tutis cernuus administratio.	FULLTIME	f	85	1767	148772	227761	\N	PUBLIC	OPEN	2025-09-29 08:55:00.455	2025-09-29 08:55:00.455
189aefbe-e262-423c-a68a-18aec1cb4285	d2c5c062-534d-4470-8425-7f8552b0bb66	International Division Agent	Tribuo bellum addo. Comedo cursim adeptio vaco infit deputo. Quo vulgaris adsidue argumentum ventosus exercitationem.\nIpsum venustas creber pariatur paens. Caterva timor soluta testimonium caveo denique carpo culpa. Magni absens argumentum spiculum coniuratio.\nPauci alveus curiositas corroboro celebrer benevolentia. Calco cicuta utilis. Tamisium aetas administratio vir nemo aegrotatio terreo taedium.	PARTTIME	t	107	2264	140176	285179	\N	PUBLIC	OPEN	2025-09-29 08:55:00.63	2025-09-29 08:55:00.63
f9869719-8a4a-4579-b120-1a6f783a1d70	ea5376d0-5dc8-4583-bdc2-b5086e036245	Future Factors Director	Suasoria decerno bibo cupiditas. Virgo ater adiuvo eius celebrer sequi cerno porro. Cunae in corpus desidero libero amet varius colligo.\nDesparatus demulceo crapula eos calculus uberrime solvo terra timidus. Conicio adiuvo comptus aliquam deripio quidem canto volutabrum. Culpa desipio combibo tenuis.\nHic bellum vestigium centum aggredior. Crur coma coadunatio xiphias absum communis subito. Amaritudo fugiat vis termes civitas sulum ducimus conatus.	NYSC	f	79	1641	108106	388555	\N	PUBLIC	OPEN	2025-09-29 08:55:00.461	2025-09-29 08:55:00.461
3473a067-40cc-431a-bd18-a95b02f2e15a	ea5376d0-5dc8-4583-bdc2-b5086e036245	Internal Response Associate	Torrens ex pax id aufero angelus argumentum ambulo abscido. Voluptatem temeritas versus. Cerno somnus aestas accusantium.\nAd canis clam corporis cariosus curto adiuvo. Timidus quod aestas blandior basium caecus reprehenderit vito vaco. Calcar depromo undique volup vae vilicus.\nSulum adhuc vulgus. Coniecto reiciendis contra sol aliquid impedit vulpes arca. Tametsi cerno modi capillus.	CONTRACT	t	79	1641	85347	385253	\N	PUBLIC	OPEN	2025-09-29 08:55:00.463	2025-09-29 08:55:00.463
54bf3ca7-cd0f-4ba4-907a-a88472828bf1	5235e8cc-eb48-4d8f-ac9e-45aea967b396	Future Marketing Producer	Sophismata auctor vespillo absque vilitas aggredior comptus cimentarius. Alter verecundia combibo id vulnus. Ventosus bellum solutio.\nUberrime ara aegrotatio aperte caterva tersus. Sonitus optio vae assentator quidem cenaculum inflammatio tertius atque vos. Tot compello thalassinus tonsor.\nCreta solium sol attollo thymbra attollo. Subseco coruscus calculus vado velum solium traho. Acidus triduana cuius arbitro conitor tot sit tristis.	NYSC	t	77	1597	93160	183031	\N	PUBLIC	OPEN	2025-09-29 08:55:00.469	2025-09-29 08:55:00.469
fb0adcc0-a4c1-4828-ad7e-9b7577005d49	5235e8cc-eb48-4d8f-ac9e-45aea967b396	Global Configuration Liaison	A quo tergeo. Atqui abbas solitudo taedium cogito repellat solutio adimpleo omnis. Ascisco caput sumo tepidus stella.\nQuo tepesco usque. Suspendo exercitationem aiunt contra. Dicta voro arbitro unus appello coerceo degero perspiciatis impedit.\nAra consuasor ambitus vox apostolus ustilo. Bonus deludo peior velut velum vir aspernatur villa dolores. Validus vitium decerno teneo campana aestivus aperio coruscus suffoco.	PARTTIME	t	77	1597	86797	318870	\N	PUBLIC	OPEN	2025-09-29 08:55:00.472	2025-09-29 08:55:00.472
e4e50067-4b8d-4266-a121-e2244f78875d	52e4e5c6-0515-4bc2-9ea2-5a1ffd52500b	Central Paradigm Officer	Deorsum urbanus adhuc. Sponte eligendi absens. Approbo amoveo quam pecus voluptates earum advenio cupio.\nCavus viduo amo caput voluptates atavus coma crinis aurum. Maiores cetera cupiditate desolo depono. Tricesimus patria amiculum iste socius terra stips pecto abeo trans.\nBenigne stella viscus ancilla delectus. Qui argumentum vita. Sollers adiuvo clamo.	PARTTIME	t	79	1654	94185	318567	\N	PUBLIC	OPEN	2025-09-29 08:55:00.478	2025-09-29 08:55:00.478
4e27eaf3-68dd-4958-90cd-28948a5fe345	52e4e5c6-0515-4bc2-9ea2-5a1ffd52500b	National Directives Manager	Deduco bibo solium aspicio aegrotatio. Accusamus numquam perspiciatis tubineus tabesco aestas toties. Assumenda victus magnam charisma.\nTrucido vallum ante calamitas suscipit verus tenuis recusandae. Territo verus adsuesco cribro vigilo clam fuga tepesco tersus xiphias. Demum cernuus tepesco vix totam velum avarus vix soleo.\nAegre delectus dolorum. Ocer ceno tamdiu. Aqua undique libero volo.	CONTRACT	f	79	1654	93069	250697	\N	PUBLIC	OPEN	2025-09-29 08:55:00.48	2025-09-29 08:55:00.48
41e7c08c-4065-40bf-bfe8-46fc1f6e4ca2	52e4e5c6-0515-4bc2-9ea2-5a1ffd52500b	Internal Optimization Analyst	Audeo talus adeptio possimus fugiat. Assentator consuasor brevis arx color labore. Consectetur facilis possimus depromo asporto audacia carpo pauci apto.\nTenus credo asper via. Ascisco pax cicuta itaque sint eum cunctatio solutio cohors. Cursus amplus denuo tubineus.\nCarpo celo tollo aestas. Aveho coruscus debitis beatae casso. Utroque demonstro acsi.	FULLTIME	t	79	1654	86361	188769	\N	PUBLIC	OPEN	2025-09-29 08:55:00.482	2025-09-29 08:55:00.482
14c2e14d-d275-418d-900b-1e75dc8dba54	f7460f3b-5e72-4600-b948-e01fec4f77f3	Lead Metrics Orchestrator	Vitae cupiditas torqueo. Nulla textilis libero officia crudelis tumultus strenuus. Denuo apud conspergo repellendus.\nSub cerno est theatrum ambulo ago. Voluptates tum amor incidunt acquiro eius quasi conscendo. Canonicus absens voluptates charisma caute denego.\nTendo cuppedia caries. Vomica vigor derelinquo cohaero sub demo cura cogito tollo vereor. Vulgus clamo acer xiphias sumo demonstro curis certe.	FULLTIME	t	86	1780	137214	392340	\N	PUBLIC	OPEN	2025-09-29 08:55:00.489	2025-09-29 08:55:00.489
07104b70-357e-4a26-b00b-764c95fc9b18	f7460f3b-5e72-4600-b948-e01fec4f77f3	Corporate Configuration Architect	Bellum coadunatio canto tepidus solus facere. Tribuo cursus traho sto tersus absque sortitus vespillo sumo. Tergo victoria voluptatibus peccatus nemo aggredior molestias cena caste attonbitus.\nDecumbo tamisium accommodo crustulum. Averto conservo abutor voluntarius utor. Copiose hic patria ventosus currus placeat aequus debitis subnecto.\nSpes vulnus spoliatio. Amitto curia voluptate conitor aspernatur curriculum nisi una. Copiose cura unde sperno umbra fugit ascit.	FULLTIME	t	86	1780	102014	271547	\N	PUBLIC	OPEN	2025-09-29 08:55:00.491	2025-09-29 08:55:00.491
d7d876ea-8ea4-45cb-852b-0675fee1705d	c72a1fbb-2770-4cb9-baee-48f7c79971c4	Senior Quality Producer	Tumultus cubo ascisco asper. Capillus doloribus torqueo sortitus degenero rem caveo. Copiose creptio amplus harum titulus itaque.\nCrepusculum utor cogo similique adversus amplitudo sono comprehendo harum. Depromo supplanto supplanto stella verbera degenero claro vinum dens. Ullam angelus acervus cognomen sortitus.\nTemperantia stultus contra reiciendis aer speciosus claro damno. Adimpleo corrumpo fugit aperiam. Patria praesentium truculenter teres velociter sponte verbum talio patria ager.	NYSC	f	109	2291	111189	164271	\N	PUBLIC	OPEN	2025-09-29 08:55:00.497	2025-09-29 08:55:00.497
8830a3cc-2f5a-4c44-a4a1-25dcf2dc654e	c72a1fbb-2770-4cb9-baee-48f7c79971c4	District Implementation Facilitator	Caecus tamquam quos derelinquo condico. Hic adhaero viduo soluta succedo valens ocer. Aperte suspendo adnuo aveho acies.\nCogo tantum turba currus defungo triumphus attero sponte cupio. Provident abutor sufficio praesentium volaticus valde approbo thalassinus sufficio. Adfectus vespillo deleo studio cubo delectus aufero.\nCrebro annus tergiversatio depulso quis crapula vulgivagus viriliter praesentium. Appono cunabula inventore atrox. Vinco desidero testimonium utilis crapula demo.	PARTTIME	t	109	2291	124877	218394	\N	PUBLIC	OPEN	2025-09-29 08:55:00.499	2025-09-29 08:55:00.499
b947033d-0759-4278-b8cc-49c4bb4ea5d8	c72a1fbb-2770-4cb9-baee-48f7c79971c4	Corporate Communications Architect	Demitto cito crur crepusculum. Conor omnis terreo. Thema repellat corona damnatio sono illum solum dignissimos angustus.\nPossimus vae abundans. Bardus alienus quidem cetera iusto. Temporibus cenaculum claudeo sono degenero iure sto totam aeger maiores.\nCircumvenio sordeo blandior vacuus surgo. Defluo altus amplus tubineus sortitus usitas ventosus absorbeo ex. Illum certus cattus totam iure taceo demum textus suffoco delinquo.	CONTRACT	t	109	2291	108273	176552	\N	PUBLIC	OPEN	2025-09-29 08:55:00.501	2025-09-29 08:55:00.501
6eed3fdd-a9a4-479e-b9bf-ad065399dd9e	7183c757-b499-4d2c-a88e-432e7e1d241c	Investor Data Liaison	Trado tener omnis denego iusto attonbitus iure turba tergeo aestivus. Tardus terror arto ciminatio thymum derideo coma suggero carmen capitulus. Trepide commemoro auctor debeo anser summopere curatio depromo corrupti doloremque.\nTheologus cedo adinventitias conventus aro substantia adhaero denuo. Clam coadunatio ultio. Decor cultura confido modi cornu corrigo absconditus claustrum.\nVulgus aveho aegrus crur stultus admoneo. Vorago autem tres adulescens. Barba verecundia bene depraedor cornu reprehenderit ulterius ver aut.	CONTRACT	t	82	1702	134766	384165	\N	PUBLIC	OPEN	2025-09-29 08:55:00.508	2025-09-29 08:55:00.508
d72a2040-f309-44e4-973b-7d5510ddffde	7183c757-b499-4d2c-a88e-432e7e1d241c	Forward Directives Director	Ciminatio coepi eligendi consuasor damno. Cribro fuga cibus. Acsi subito maxime tenus allatus ascisco ad decens suffragium amplus.\nQuibusdam tui consectetur nobis decet. Earum tantum comes dolor templum sordeo tonsor. Cogo admitto sint thorax turba tres colligo velut atavus.\nSumptus despecto velit cervus cauda. Damnatio abscido accusantium xiphias exercitationem cometes tunc vel deludo. Solum stillicidium certe carpo balbus vel denego tergum.	FULLTIME	f	82	1702	99275	219394	\N	PUBLIC	OPEN	2025-09-29 08:55:00.51	2025-09-29 08:55:00.51
5f65f31a-67ea-4455-adbb-3307fd0031b7	2c6b83e5-0324-4559-88a2-25893689d1aa	Senior Quality Orchestrator	Adstringo vulariter arbustum culpa adipiscor. Fuga curso quasi defluo assumenda vulariter currus. Conor colo ceno tego.\nEnim desolo tabesco admitto. Voluptate velit cerno vilicus spiritus molestias voluptas armarium umquam. Vesper minus valetudo.\nAurum via sodalitas convoco caterva volutabrum angulus. Adiuvo delectus aequus sequi vita varietas conservo cubicularis absens. Soluta iusto spectaculum combibo arma solvo vapulus triduana.	CONTRACT	t	80	1663	109468	328444	\N	PUBLIC	OPEN	2025-09-29 08:55:00.516	2025-09-29 08:55:00.516
ed2b3ffa-a19d-4ecb-bb36-3e97f938003e	3792dc13-c924-400a-99f1-ca618b8e4ac0	Human Implementation Supervisor	Bonus tui quibusdam accendo demergo. Enim sumptus iusto talus candidus adsidue sublime varietas. Aegrus avaritia aperte taceo pariatur decimus pecus vix.\nLaudantium ulterius varietas amita arceo adinventitias ante. Sophismata aliqua audentia. Vivo appositus debitis terebro quisquam.\nDepromo sophismata benevolentia addo cultellus deinde. Cur suffoco nisi. Timor casso campana decimus.	INTERN	f	79	1650	149072	199671	\N	PUBLIC	OPEN	2025-09-29 08:55:00.522	2025-09-29 08:55:00.522
668d82e8-0fd5-4461-b311-8bcaa8f52a64	3792dc13-c924-400a-99f1-ca618b8e4ac0	Forward Intranet Developer	Adflicto solum coepi tamisium quis sordeo collum. Textor cotidie reiciendis timidus vindico temptatio apud corroboro vado. Synagoga sufficio soluta desparatus voluptate.\nVeniam decet bonus arcus utpote tribuo appositus conduco arcus sublime. Cohaero usque texo congregatio truculenter sit demo numquam occaecati. Sursum commodo advenio paens curiositas conqueror vorax claudeo tribuo deripio.\nTheologus valde velum commodi curatio arbustum. Apud sum verto volva. Tenetur cresco adnuo pecco degenero umquam.	CONTRACT	f	79	1650	144476	376677	\N	PUBLIC	OPEN	2025-09-29 08:55:00.524	2025-09-29 08:55:00.524
d1501813-18fe-4644-9ae4-ad877aebfb74	bf3222f7-3668-4dd3-ad8c-90581e761b2c	Forward Metrics Specialist	Beatae adficio cogito perferendis cervus. Studio caries corporis victus ciminatio vehemens aer canto. Aufero ocer talis vociferor aedificium vir summisse curso.\nUrbs odio viriliter terebro usus. Adinventitias cogito spero cavus pel cruentus crastinus decipio caste. Ait campana triduana.\nCorreptius clarus volubilis assumenda curtus attollo. Campana currus ocer vomito angustus ver pauper aggero villa. Vorax apparatus conventus clamo temptatio dapifer communis alias.	CONTRACT	t	76	1566	135096	292533	\N	PUBLIC	OPEN	2025-09-29 08:55:00.531	2025-09-29 08:55:00.531
7e24f01c-fd18-4b7e-b0f0-91a42069d815	bf3222f7-3668-4dd3-ad8c-90581e761b2c	Corporate Markets Liaison	Cotidie temporibus audacia armarium utilis. Volubilis creator acidus talus stillicidium curtus. Deporto cogo vulticulus crebro ustulo absque ex.\nCognomen complectus conduco crepusculum pax altus. Unus centum aranea. Aestivus tui surculus.\nMaxime vester spargo demergo conduco certe adaugeo inventore aetas solitudo. Cado denique voluptas strues commemoro decens congregatio. Accendo amaritudo aperiam ea depono depopulo conicio magnam.	INTERN	t	76	1566	86869	267699	\N	PUBLIC	OPEN	2025-09-29 08:55:00.533	2025-09-29 08:55:00.533
7831fe36-b2f3-41c3-8e11-2e7b54174cee	87ee41d4-2bc2-4018-bcb4-4cf7b3a0be03	Lead Mobility Agent	Quod aeneus absens tempora ullus error creber. Cum uxor summa certe aptus coadunatio attero. Capto concedo virgo delectus traho.\nCircumvenio commemoro decor. Aptus coruscus tutis modi est ultra vae votum. Comes sui et convoco amo omnis baiulus.\nCupiditas carbo patruus audeo velit quae architecto appono decimus damno. Condico est ratione depraedor vociferor suscipit solus aeneus vicissitudo. Tempora cuppedia desino terreo tremo comparo accedo apparatus.	FULLTIME	t	90	1848	97257	278274	\N	PUBLIC	OPEN	2025-09-29 08:55:00.539	2025-09-29 08:55:00.539
f79f4dcc-e4f3-4590-a5e4-dfdee426cc80	87ee41d4-2bc2-4018-bcb4-4cf7b3a0be03	International Configuration Facilitator	Laudantium usitas approbo acer. Arma pecco cibo delibero conqueror thorax adimpleo sto depraedor. Caterva pecus beneficium.\nAb bis solium textor avaritia damno fuga condico subito tertius. Umquam amo agnitio tepidus sollers chirographum accedo utroque supplanto. Adicio tredecim conturbo vicinus carmen sustineo.\nCerte laudantium advenio ocer advoco. Adnuo aequus paulatim sperno thorax commodo defungo aufero arbor. Creo sed apud casso patruus.	PARTTIME	f	90	1848	126795	227486	\N	PUBLIC	OPEN	2025-09-29 08:55:00.541	2025-09-29 08:55:00.541
45e0bd8e-94e4-4955-82bd-15a176f6a7d6	80dc4aa3-8e47-4f1d-b105-5a4fb509b89d	Chief Response Designer	Auctus via vomer a ustilo peior teres aranea appositus. Curvo cur cedo utor vallum optio. Attonbitus qui umerus cohors sub.\nTremo tempora turbo bardus amor virtus una tempora voveo. Arcus crustulum abscido tenax laboriosam aveho turpis. Curriculum sol caste defendo vesper accendo crustulum.\nQuaerat creo cenaculum agnitio vomer vinitor denuncio. Modi defendo voluptatem. Aegre aegre templum.	CONTRACT	t	105	2217	135093	300895	\N	PUBLIC	OPEN	2025-09-29 08:55:00.56	2025-09-29 08:55:00.56
7fb8cfa4-7161-4175-bace-04711305abc0	80dc4aa3-8e47-4f1d-b105-5a4fb509b89d	Principal Usability Developer	Suffragium animi sustineo adeo admoveo usitas sum virtus. Cunae villa turpis. Adiuvo aveho adamo tumultus tenuis comis ulterius numquam talus valde.\nQuas tripudio solus adimpleo circumvenio. Vindico verbum appello molestias somnus architecto crustulum. Assumenda stultus audax comburo.\nCohaero perferendis amaritudo virga deporto argumentum coerceo candidus corporis deduco. Universe tepesco cilicium adduco pecco arbitro. Advenio dapifer odio.	CONTRACT	t	105	2217	132638	361784	\N	PUBLIC	OPEN	2025-09-29 08:55:00.562	2025-09-29 08:55:00.562
718c857b-38b1-4b65-a0c8-7619093baa0b	f1e49dce-9ee4-444e-8b23-b366524cae09	Senior Data Designer	Apparatus acer terreo beneficium velit tristis cimentarius aestivus conservo terebro. Defendo nulla cultellus adipisci vita universe. Terror solvo amor stella auctus careo spoliatio texo tersus atavus.\nTextor sum labore aufero. Pecus aggredior doloremque decerno cribro temeritas conitor cotidie vesper apto. Molestias auctus catena.\nVentito cursim damnatio. Quidem agnitio cornu antepono admoneo incidunt. Decipio condico asper patruus.	PARTTIME	f	93	1949	139543	190801	\N	PUBLIC	OPEN	2025-09-29 08:55:00.568	2025-09-29 08:55:00.568
bbe9b450-fc20-4322-97c8-765b08ce99e7	f1e49dce-9ee4-444e-8b23-b366524cae09	Senior Applications Strategist	Amplitudo degenero deputo carus anser utroque timidus. Subiungo conculco tego molestiae cohors comparo arbustum ipsa tertius umbra. Audio repellendus casus vel tergum tubineus cupio spiculum creo vir.\nFacilis ago animi sed timor. Accusantium cribro talus caries absque amet thermae uberrime aufero cribro. Avarus suggero talus.\nAlveus amoveo coaegresco ulterius dicta clarus blandior pariatur triduana voluptas. Damno vesica vereor vado auditor decipio. Viduo adsidue excepturi sumptus cariosus contabesco curiositas pecto stella terga.	CONTRACT	f	93	1949	145004	388627	\N	PUBLIC	OPEN	2025-09-29 08:55:00.57	2025-09-29 08:55:00.57
4d46726d-1099-4743-899f-0a102c5ba9d7	28f3187f-6722-42bb-9bf8-182e11a81e62	National Division Representative	Callide sufficio ipsum. Sollers nisi adeo tantum. Odit curiositas averto corpus currus virga hic.\nAtqui commemoro cuppedia vel uterque. Alveus cura decipio cunae vorago coadunatio surculus cohors uberrime aurum. Annus aliquam caute trans maxime aegrotatio aiunt thesaurus statua.\nAtrocitas aeger calco delego amoveo capto thalassinus trans. Congregatio sublime carmen delectus arx amaritudo. Audax terreo spargo cursim eaque vitium cibus arx.	NYSC	t	92	1906	117644	326151	\N	PUBLIC	OPEN	2025-09-29 08:55:00.577	2025-09-29 08:55:00.577
6c5a7621-8a29-41ac-85fd-b77a0259fbcc	b00f9331-d570-48df-858a-8eeb45e768f4	Global Accountability Associate	Amissio benigne aestas commemoro vulgivagus validus vulticulus pectus alioqui consectetur. Adipisci supplanto alter cariosus succedo cuppedia. Cunae cilicium ara stella aggredior corona sunt victoria.\nBellicus aeternus antiquus vitium civitas tabula. Trans adopto et valeo thermae itaque sponte. Nostrum triduana communis aveho.\nAtque pariatur degenero bellicus ademptio acies tribuo. Caelestis vindico quas astrum baiulus. Voveo avaritia alii vapulus ultra.	FULLTIME	f	86	1781	141251	398290	\N	PUBLIC	OPEN	2025-09-29 08:55:00.583	2025-09-29 08:55:00.583
2ecd4e24-400f-4338-9ee6-dac9c71c7fd1	1dc7fd41-3b3e-4d89-871b-54210e474fd4	District Factors Assistant	Sufficio caste tempora animi arca culpa sono. Reiciendis paens uter dignissimos audio. Clibanus utrum angustus vesica subnecto vinitor capto talis validus solio.\nTimidus statim sequi victoria centum eaque admiratio demoror cultellus sublime. Cimentarius vehemens thema curtus ullam barba. Denuncio deserunt spargo cubicularis comprehendo tergeo coadunatio atqui.\nVinum currus casus administratio. Tredecim sollicito quo. Voveo aufero quaerat subiungo tabgo cicuta.	CONTRACT	f	79	1645	109273	357845	\N	PUBLIC	OPEN	2025-09-29 08:55:00.59	2025-09-29 08:55:00.59
ff59a43a-33f1-44e4-8793-137bf4dd5db1	1dc7fd41-3b3e-4d89-871b-54210e474fd4	International Integration Facilitator	Ulciscor creptio conicio viridis defluo. Crustulum cubicularis decor nulla voluptates ut consequuntur ventosus. Cetera curatio subito ars cumque strues vallum vere.\nAggredior verecundia tergeo autem valens. Condico venia vestrum amissio in. Patrocinor tripudio temporibus stella adversus.\nVesica ait ex velociter vitiosus admoneo argentum. Custodia articulus aliqua coma occaecati amor. Coepi vergo deprecator comis cogo sint.	INTERN	f	79	1645	107584	254908	\N	PUBLIC	OPEN	2025-09-29 08:55:00.593	2025-09-29 08:55:00.593
7300db6d-1c80-4111-8836-d52778ac5c8f	1dc7fd41-3b3e-4d89-871b-54210e474fd4	Future Assurance Producer	Temeritas voco at tibi vilis aer. Id defessus una et concido cuius adflicto barba curso. Voluptatum odio decretum aequitas.\nCuris villa tutis amplus dicta abbas caries adhuc. Suspendo caste tenus tyrannus consuasor cupiditate aspicio ait corrigo timor. Vomito victoria usitas vulnero sophismata deputo viduo trado.\nOdit vinculum tot. Tui summisse vinum absum aggredior chirographum virtus callide cur tonsor. Cresco cattus adiuvo.	FULLTIME	t	79	1645	129354	202105	\N	PUBLIC	OPEN	2025-09-29 08:55:00.595	2025-09-29 08:55:00.595
1c18b10e-9a94-4c38-a4af-db8c8258036f	36d4211d-eb68-44b8-a28e-9f494e4b3aed	Internal Web Strategist	Accedo sumo conturbo crustulum volup aiunt acsi terebro bis. Vulnus suscipio caste desino. Uxor terga pecco voluptate appositus autus spero.\nArx cito modi subiungo comprehendo. Conventus claudeo mollitia aequus conservo aspicio demonstro. Collum caecus demonstro cohaero animadverto cariosus provident conservo aequus utroque.\nEsse theatrum undique suus celer venio caput vinco utroque vulnero. Tepesco cogo crustulum conservo sumo collum solum vesica civitas surgo. Theatrum stabilis cras assumenda arguo cupressus suffragium vociferor utpote certus.	CONTRACT	f	105	2218	85067	287502	\N	PUBLIC	OPEN	2025-09-29 08:55:00.601	2025-09-29 08:55:00.601
1bfec2fb-69ff-484a-b665-f9d6716e9f00	36d4211d-eb68-44b8-a28e-9f494e4b3aed	Customer Operations Assistant	Cuppedia trucido infit depromo similique vos ocer subiungo desipio animadverto. Desidero laborum absorbeo vulariter spes campana antea utique soleo acies. Aranea congregatio apto stillicidium advoco quisquam contigo adeptio odit autus.\nVitiosus nesciunt suscipio spargo arx caecus. Suus adopto arca concedo. Collum bos ab maiores adflicto ater qui arbitro magnam.\nDamno ea tantillus enim textilis truculenter averto patria. Ratione corporis thymbra odio ancilla. Tergiversatio quod correptius demens averto ter depromo talus altus.	INTERN	f	105	2218	123282	244564	\N	PUBLIC	OPEN	2025-09-29 08:55:00.604	2025-09-29 08:55:00.604
8d896471-ac23-4883-b2c7-161421d6fca8	36d4211d-eb68-44b8-a28e-9f494e4b3aed	Principal Metrics Orchestrator	Vox vir agnitio sulum vetus derideo. Statim patria error asper cauda adduco adipiscor. Quo defaeco arbustum arbitro.\nSequi solum sophismata maiores tamen valetudo. Terror toties nulla occaecati tollo alienus. Ars carmen decumbo conventus vorax cavus.\nCetera admoveo cetera nulla. Adduco theca solitudo auctus. Ante vigilo nihil utor amicitia apostolus timor maiores somnus.	CONTRACT	t	105	2218	88922	316326	\N	PUBLIC	OPEN	2025-09-29 08:55:00.607	2025-09-29 08:55:00.607
7966659d-70ed-482b-8b2b-7cbfc05bbc27	862591e3-925f-443e-bc92-7f989be678c0	Corporate Tactics Representative	Tantillus desino super adfero. Artificiose aequus a. Spectaculum voco derelinquo nobis.\nUrbs conscendo ab ab callide adulescens ventus fuga vae. Coma assentator aranea. Clibanus verecundia possimus deinde.\nBlanditiis tamisium utrimque eum vitium conduco ager. Celebrer sulum a vix distinctio abduco defessus utrimque. Aut combibo curatio.	INTERN	t	103	2165	105684	294324	\N	PUBLIC	OPEN	2025-09-29 08:55:00.613	2025-09-29 08:55:00.613
b354073a-990e-4d3f-8235-2529066c1b5c	2bed8e29-07db-429e-b445-5385b97aea62	Forward Functionality Producer	Iure agnosco ter aiunt velociter. Pauci vapulus atrox. Cultura exercitationem solvo comminor modi.\nCapio maxime centum sit dolore. Cicuta custodia uter accusator catena aliqua vallum iusto thymbra. Carcer argentum magni cultellus tutamen commodi synagoga temperantia.\nAestas abduco deinde corrumpo inventore antea conservo solus adicio curis. Tego suffoco unde corpus artificiose abbas. Celebrer candidus vulticulus suadeo tenax angelus debeo virga.	NYSC	t	83	1723	141361	373172	\N	PUBLIC	OPEN	2025-09-29 08:55:00.62	2025-09-29 08:55:00.62
53cb1dcc-ca9b-4776-acdb-e44c9120ba8a	2bed8e29-07db-429e-b445-5385b97aea62	Lead Implementation Director	Eaque vulnus solum conicio sopor congregatio ipsam utique. Tricesimus triumphus suus vomer civis custodia est. Texo capitulus dolorum utilis utrimque articulus.\nSolium placeat venia quasi aperio ad vilis. Cruentus cur deripio vomica. Thorax auditor depopulo optio theatrum.\nQui officiis tunc corpus. Quidem voluptatem fugiat tersus umquam. Atrox vesper stipes temporibus coadunatio.	PARTTIME	t	83	1723	96415	334489	\N	PUBLIC	OPEN	2025-09-29 08:55:00.622	2025-09-29 08:55:00.622
847aab66-a5ad-4a4f-9232-78a550853d5a	d2c5c062-534d-4470-8425-7f8552b0bb66	International Web Producer	Apostolus caelum cohors suadeo aliquid brevis cogo coepi sortitus quisquam. Cunctatio doloribus verto adopto. Suppellex thorax absum textor.\nA alias defero suscipit peccatus taceo alienus ambulo temeritas amissio. Sortitus acer celo audentia absque vos viriliter cometes adficio sordeo. Terror appositus adulescens appello deinde aiunt qui tepidus suggero natus.\nTriduana patior suus territo deduco. Quos tergum harum tempora tremo creator angustus rem decens demum. Clarus tertius voluptate decor thorax verus.	FULLTIME	f	107	2264	128394	200165	\N	PUBLIC	OPEN	2025-09-29 08:55:00.628	2025-09-29 08:55:00.628
54d8fc6d-1860-4873-89ed-0ba6e1aa3c88	1e69bc28-d3f9-4a5b-af5f-a8900fcc8c4f	Global Web Administrator	Antea culpa cito admitto denuo ante. Crebro maxime corroboro coepi. Ipsam capitulus dapifer summisse curriculum tremo dolor condico vilicus cunctatio.\nAntea volo stipes cimentarius certus suscipio. Corona vetus vado caecus. Valetudo aestivus amissio suggero.\nSocius audacia soleo dolor adulescens absum vorax toties vox volva. Basium illo cohibeo sumptus vulnus claudeo deripio. Conforto ter viduo ver.	NYSC	t	94	1959	93453	213746	\N	PUBLIC	OPEN	2025-09-29 08:55:00.636	2025-09-29 08:55:00.636
f8ee0a02-00a7-46b0-8973-8e6a3a3018ca	1e69bc28-d3f9-4a5b-af5f-a8900fcc8c4f	Lead Integration Architect	Caries cogito absque claro circumvenio mollitia ab amplexus ascit. Ara sustineo ullam vacuus aegrus undique adficio voco conqueror summopere. Volo administratio caute nulla clarus demens confugo tam comis.\nThermae auditor utrum admoneo censura. Ipsa careo cunae maxime adsum acceptus speciosus. Tabernus thema provident.\nCorrumpo perspiciatis dicta timidus alii pel tondeo. Addo contra tantillus vacuus tepesco degusto thymbra. Sodalitas substantia demo antepono viridis undique odio aestivus numquam.	NYSC	t	94	1959	137216	169252	\N	PUBLIC	OPEN	2025-09-29 08:55:00.639	2025-09-29 08:55:00.639
6a6eae1f-93d7-47f6-915f-54ac428c4a9f	327e99ab-21e9-4d07-a37c-b020ed59fa63	Direct Data Architect	Similique capillus claro eligendi autem villa trepide verbera acies. Consuasor tandem adduco turbo aegre cernuus trans terror. Supellex adduco urbanus cena bibo animus eaque tutamen universe ut.\nVictoria crinis talus desino magnam virga clibanus agnitio bibo. Verbera cupressus causa virgo consectetur vespillo. Officiis aro unde thesaurus bonus chirographum ipsa necessitatibus sperno.\nAlius tergeo error ambulo arbor. Accusamus totam arguo voveo. Adversus sumptus temptatio clementia causa.	FULLTIME	f	86	1773	109302	170857	\N	PUBLIC	OPEN	2025-09-29 08:55:00.645	2025-09-29 08:55:00.645
dd1b2c3a-76b0-48a4-86a7-d656fb9ab30f	327e99ab-21e9-4d07-a37c-b020ed59fa63	Internal Operations Designer	Timor conor unde. Conduco crapula tantum acidus optio sustineo excepturi a. Sopor maiores ait expedita.\nSubseco turpis coaegresco solium condico adduco delego acervus vere. Adopto cresco defungo vero adipisci viriliter dolore coadunatio decimus. Celo magni acquiro bestia aliqua adflicto cilicium collum patria vicinus.\nSomnus demens accusamus tutis creo eius crustulum. Canto quaerat vorago videlicet conitor centum tui comes ascisco. Coepi cuppedia cunae demum speculum vomica supellex suasoria atavus.	FULLTIME	f	86	1773	106222	319346	\N	PUBLIC	OPEN	2025-09-29 08:55:00.647	2025-09-29 08:55:00.647
97ba31da-209e-4450-9671-98ea33f6d827	327e99ab-21e9-4d07-a37c-b020ed59fa63	Senior Interactions Specialist	Volaticus aetas omnis aestivus aegrus qui. Cerno conatus suspendo deripio xiphias baiulus. Statua tracto asperiores administratio cunae amitto calculus currus vitium officiis.\nVoro delectatio sustineo civitas vociferor tactus abscido ambitus ultio. Tabella coepi decretum tonsor. Contra modi adhuc delego conspergo vulgivagus atqui tutis circumvenio sol.\nConfero cauda natus tepesco bardus corrupti blandior. Sui veritas adhaero damno colligo collum animi virgo. Clementia illum considero amplus adsuesco architecto amiculum.	FULLTIME	t	86	1773	105590	197254	\N	PUBLIC	OPEN	2025-09-29 08:55:00.649	2025-09-29 08:55:00.649
f82823ab-a5c8-4fd9-9ef8-6acf6cbb4664	046e049c-e521-4265-a0fb-cf272c5d8431	International Configuration Executive	Studio adfero talus comprehendo. Audio tempore aestivus magnam vigilo adinventitias arceo sursum censura. Audeo iure curiositas delicate fugiat auctus calculus.\nNulla chirographum conculco. Ter magnam cognomen deripio. Sollicito curia demoror sequi cognomen ab clam pecto cogo.\nCoepi acerbitas adulatio aliquam color. Tunc patrocinor quis placeat vomito aqua corrupti una. Deserunt molestiae solitudo cognomen.	PARTTIME	f	92	1894	149244	367200	\N	PUBLIC	OPEN	2025-09-29 08:55:00.656	2025-09-29 08:55:00.656
f924bc18-378f-4418-8a1e-b91c1313a0e9	046e049c-e521-4265-a0fb-cf272c5d8431	Direct Tactics Engineer	Terebro tristis cornu culpo quos compono paulatim. Comedo labore video caput consequuntur suffragium coaegresco vulticulus alveus adduco. Suus tametsi impedit texo sui harum vilicus dolores cauda.\nDedico numquam decretum venio aliqua decretum. Advoco brevis cornu temeritas atrocitas. Versus tredecim animi adsidue suffoco.\nVersus angelus curto urbanus nulla pel atqui tepidus clibanus. Xiphias sol theca commemoro avarus triduana. Tersus curso tamquam aro claudeo vesco depereo victoria caelum ventus.	NYSC	t	92	1894	87436	278618	\N	PUBLIC	OPEN	2025-09-29 08:55:00.658	2025-09-29 08:55:00.658
2926d0bb-abe7-4096-8ad6-918b7fce90df	046e049c-e521-4265-a0fb-cf272c5d8431	Global Web Executive	Accusamus cupiditas degusto damno excepturi. Quibusdam amplitudo curia curatio delectatio nemo caelum infit laudantium explicabo. Velociter sto tutis corporis suppellex commemoro.\nAlii amiculum tabella adfero. Baiulus conqueror sufficio adiuvo. Crebro doloremque eum ustilo numquam validus cumque abeo cibus alioqui.\nTrans alveus creator sursum coerceo spectaculum. Acquiro dicta rem crudelis denego templum timor sunt turba tondeo. Utique suffragium pectus attollo creo cunctatio cenaculum.	INTERN	f	92	1894	126811	342123	\N	PUBLIC	OPEN	2025-09-29 08:55:00.66	2025-09-29 08:55:00.66
aeaba2df-d901-4208-ab6d-05385c2ed354	24fe1ee8-870e-4aed-8fe7-1fb8daf935c8	Direct Markets Analyst	Totus crur tero desparatus aduro desolo vita. Audentia vergo delectatio clibanus cohors termes creber demens sed. Deinde adaugeo verbum velit animus demum.\nComes voluptas tersus cohibeo tactus ver celo inflammatio vetus communis. Atrocitas alias tactus. Necessitatibus adulescens animadverto ubi totidem caritas surgo amet.\nAccusamus circumvenio demens thesis supplanto civitas tabgo velit aggero. Suggero auctor suscipit stabilis blandior umbra quasi comedo velum. Tibi titulus crinis.	FULLTIME	f	80	1661	105355	307888	\N	PUBLIC	OPEN	2025-09-29 08:55:00.666	2025-09-29 08:55:00.666
5d9eb2a0-21f7-47f2-8c89-1deeb0ddae71	24fe1ee8-870e-4aed-8fe7-1fb8daf935c8	Dynamic Implementation Technician	Cunctatio tempus vinum harum tribuo claudeo thorax. Arbitro itaque adipiscor spiculum spiritus cibus. Quae cerno dedecor.\nCedo auxilium succedo cohaero praesentium defluo solitudo somnus defluo. Delibero deripio comitatus deludo vigilo. Succedo cito aspicio enim capillus coadunatio adulescens.\nCarbo torrens corona credo degenero itaque. Torrens spoliatio articulus ante abstergo odio. Theologus occaecati soleo ventito.	FULLTIME	t	80	1661	95331	349714	\N	PUBLIC	OPEN	2025-09-29 08:55:00.668	2025-09-29 08:55:00.668
4c2020a1-6e0a-4fb7-8638-b3cac4ac1f69	6eb10105-6e41-4931-9b38-3af8f4de4543	Corporate Functionality Designer	Veritas dolor repudiandae delinquo comedo color benevolentia. Cerno succurro stips clementia charisma tabula. Ater molestiae comis vesica calamitas celebrer depulso.\nAureus dapifer maxime venio tamen vesper. Asporto cotidie catena tabgo avaritia triduana vomer aliquam peior. Solum auctor cruentus inventore.\nCedo amplitudo canto. Voluptates vaco ars testimonium veritatis alioqui adfectus esse infit vomito. Adipisci argumentum cernuus debitis centum.	PARTTIME	t	75	1565	133847	304263	\N	PUBLIC	OPEN	2025-09-29 08:55:00.675	2025-09-29 08:55:00.675
2fb54f35-950d-49a9-b199-8df9ef41ea3c	6eb10105-6e41-4931-9b38-3af8f4de4543	Central Interactions Manager	Dapifer creo deserunt thesaurus tristis templum. Amplitudo absque tempora. Video asper substantia balbus tunc.\nSint terebro sursum aro paens. Apud amaritudo arma apud catena tubineus usus ducimus uxor. Animi placeat doloremque.\nIncidunt sperno tibi sortitus curso ciminatio acerbitas acerbitas vae tristis. Pectus paens denuo desidero ager conor curvo infit. Pel deinde avarus.	CONTRACT	f	75	1565	129242	393631	\N	PUBLIC	OPEN	2025-09-29 08:55:00.677	2025-09-29 08:55:00.677
ecb3cf11-7924-42d1-adce-68e8933216ed	6eb10105-6e41-4931-9b38-3af8f4de4543	Human Functionality Director	Certe vel reiciendis facere videlicet clarus clam. Vociferor quisquam cado eius in despecto acerbitas. Deprecator curo avarus copiose defessus vir.\nVulgaris cornu vulnero cultura vinum benevolentia rem nostrum ulterius. Strenuus arx molestias suggero sursum. Varietas peior admoneo texo conduco despecto pax aduro comburo ulciscor.\nUsus verumtamen tum tabgo usitas aestivus speculum summa capitulus tempus. Maxime vox civis voluptate aperte vetus caelum dolorem. Decretum alo solitudo careo curto.	NYSC	t	75	1565	80955	223178	\N	PUBLIC	OPEN	2025-09-29 08:55:00.679	2025-09-29 08:55:00.679
896525ca-918f-4884-8f9d-2544aa637571	354e3f8e-1d80-480c-8996-815a4d01a23e	Senior Assurance Administrator	Veritas ver convoco adulatio. Dolorem aegre odit distinctio vereor carpo. Comparo vae curo tempora addo tenax umquam.\nTurpis adipiscor inventore succurro conturbo labore delicate terebro vehemens audio. Animus audax molestiae conqueror absum. Pariatur crepusculum absum aut.\nCrux decor doloremque. Usitas caveo abundans. Tepidus taedium deludo viriliter suus sperno conor antepono tot.	CONTRACT	f	109	2302	137629	292121	\N	PUBLIC	OPEN	2025-09-29 08:55:00.685	2025-09-29 08:55:00.685
09ddbc1f-e1d9-47ce-892a-38ee2e7838d5	354e3f8e-1d80-480c-8996-815a4d01a23e	Legacy Paradigm Technician	Tyrannus custodia adimpleo admoveo suffragium cedo absum tibi. Barba arx valens. Stillicidium armarium crustulum quisquam demens validus curis facilis antepono.\nVinum spoliatio canonicus addo contigo accedo admitto artificiose aetas eligendi. Quos stultus trans tepesco vetus sodalitas. Dens temptatio adhaero vicissitudo dolor.\nQuaerat aequus mollitia. Adiuvo acer cunabula maxime tendo caste consectetur cursim sumptus pax. Incidunt curis animus verecundia socius.	NYSC	f	109	2302	110579	379411	\N	PUBLIC	OPEN	2025-09-29 08:55:00.688	2025-09-29 08:55:00.688
41713cd4-4da0-488a-b37f-84b968cb3c01	69da5679-921f-462a-9f44-92f7c02bec43	Global Configuration Manager	Ubi voro eos argumentum illum laudantium crapula deinde. Porro adstringo turbo truculenter suppellex spero. Asperiores vapulus tunc tubineus caritas cunabula vitium.\nCito tenax cupiditate acquiro stabilis velut. Vestrum aer cauda vilicus. Stabilis caute temperantia suasoria utpote omnis suppellex.\nColor universe advenio amor. Usque comis celer rerum adinventitias patruus minus. Tardus veritas copiose numquam.	INTERN	f	99	2068	131711	355140	\N	PUBLIC	OPEN	2025-09-29 08:55:00.694	2025-09-29 08:55:00.694
28e0c447-170b-4c33-9ebb-bd48dbf1797a	69da5679-921f-462a-9f44-92f7c02bec43	Corporate Program Agent	Aliquid suspendo apto. Caput aranea ratione sursum adhaero coruscus aptus facilis fugit. Ater ventosus adulatio cometes sublime damnatio cultellus error accedo thorax.\nEius aqua vetus rerum. Quam suppono adduco casus adflicto aperiam stabilis aperiam. Apud sulum aeternus terror defendo universe fuga.\nValetudo temptatio vilis. Amoveo ago temperantia curia. Vallum delego sonitus molestias explicabo claudeo carmen textor curvo.	FULLTIME	t	99	2068	125414	371684	\N	PUBLIC	OPEN	2025-09-29 08:55:00.696	2025-09-29 08:55:00.696
35efcc4f-b7ea-48bd-8b1a-fbcdcdaffef3	69da5679-921f-462a-9f44-92f7c02bec43	Legacy Web Strategist	Defleo arma inflammatio triduana censura. Candidus pecto termes amaritudo cogo. Constans solvo acer viridis facere conatus blanditiis decens considero.\nDesparatus ulterius ratione conculco creptio decor. Exercitationem tondeo conturbo. Bos dedico beneficium terga admoneo tracto sopor aurum.\nAdvenio tolero auctus earum timor velit apto adiuvo cresco supplanto. Quam alo spes quis aestivus defungo coniuratio substantia. Cinis ancilla valde cibo atrocitas copia cena pecus commodo.	FULLTIME	t	99	2068	109569	343639	\N	PUBLIC	OPEN	2025-09-29 08:55:00.698	2025-09-29 08:55:00.698
b0b1dfa4-71c5-49a2-a3d3-dd00194c5806	676ec23b-472d-42c2-a9f8-4a1436c372a8	Principal Paradigm Coordinator	Cui cattus ut adsum velum quia vindico dedecor consequatur. Vita ceno tardus. Tollo laboriosam conqueror angustus.\nVoco pauper supplanto thesaurus acsi sum vigilo tactus. Accedo dens demergo volo acsi bardus adeptio ventito. Aeneus placeat vivo alii thymum sum.\nVero patrocinor vestigium depraedor sordeo victus spectaculum paens aestivus. Peccatus deorsum undique thema pauci debitis. Beatus aliquid basium torqueo defaeco caecus.	INTERN	f	80	1661	81058	216494	\N	PUBLIC	OPEN	2025-09-29 08:55:00.705	2025-09-29 08:55:00.705
c1d9f91c-7e12-4771-ae99-3692f9181c38	676ec23b-472d-42c2-a9f8-4a1436c372a8	Senior Group Assistant	Mollitia nulla capio consuasor teneo cuius. Ambitus creber arbor acsi sperno tremo amplexus. Agnosco ventus valetudo timidus pectus caute demitto crux absconditus.\nDebeo depopulo arbor ascit tabula aspicio amplus paulatim adsidue. Amplus thorax ambulo. Pauci totus careo sapiente aedificium.\nVelociter cedo valeo. Victoria amoveo vicissitudo exercitationem tantillus defungo venia sumptus vorax depromo. Contego cunabula contigo.	FULLTIME	f	80	1661	139730	263770	\N	PUBLIC	OPEN	2025-09-29 08:55:00.707	2025-09-29 08:55:00.707
0842b12a-bbc9-4e90-913b-7b27c1c33e6b	676ec23b-472d-42c2-a9f8-4a1436c372a8	Internal Accountability Agent	Caritas quasi virgo tabernus totus tergo toties demonstro. Torrens vitiosus defero bardus theologus conturbo. Vigor viriliter theologus adipisci consuasor suggero sapiente avarus.\nTertius numquam corrumpo vomica venustas deripio collum vitiosus. Vulnero catena taedium arbitro speciosus venio ab vergo nesciunt. Vesco nemo curriculum cubo suffragium cado.\nAsporto vehemens demonstro. Crur vespillo decretum tabella uter thalassinus. Vulnero excepturi utique compello.	NYSC	t	80	1661	102475	363032	\N	PUBLIC	OPEN	2025-09-29 08:55:00.709	2025-09-29 08:55:00.709
\.


--
-- Data for Name: Application; Type: TABLE DATA; Schema: public; Owner: -
--

COPY public."Application" (id, "positionId", "candidateId", status, notes, "createdAt") FROM stdin;
c8849d9a-b562-43e5-a6f5-422ca612af6f	c32de97d-1bac-49d5-b026-5e77283e572c	243d4130-0256-4a3e-89f5-c99888237c0f	APPLIED	\N	2025-09-20 06:04:39.806
45a61c3c-1575-4b9c-bdaf-7c89c76558c1	d45805c9-c04f-4f5a-8beb-5cc970888e66	10ef0a89-f235-4380-b1e3-b788ea0485c8	APPLIED	\N	2025-09-29 08:49:14.587
1d4e82c0-b3d3-4d3e-9861-488030a4cc4f	d45805c9-c04f-4f5a-8beb-5cc970888e66	2549315c-952f-4cbc-9c4a-e9ed3c895ade	OFFER	\N	2025-09-29 08:55:00.856
647565e1-646d-4253-a894-730770b28ca5	d45805c9-c04f-4f5a-8beb-5cc970888e66	cda69bf4-a37e-4762-9359-ff195a119d1b	INTERVIEW	\N	2025-09-29 08:55:00.834
86788d61-bbff-4d42-9d79-b979aacac013	d45805c9-c04f-4f5a-8beb-5cc970888e66	49318ac1-ce7e-435b-ac88-06a97a69641e	INTERVIEW	\N	2025-09-07 01:55:36.786
e20ead25-4eef-4800-94cd-bd139aa8d1ff	d45805c9-c04f-4f5a-8beb-5cc970888e66	243d4130-0256-4a3e-89f5-c99888237c0f	OFFER	Let us hire him and give him a chance, you hear me ba?	2025-09-09 17:26:37.096
377fd2d7-bdc6-466c-badb-1ea670ebfac6	d45805c9-c04f-4f5a-8beb-5cc970888e66	a6750810-2200-4f04-82a4-d09fb400bc31	APPLIED	\N	2025-09-29 08:55:00.864
35ecee04-4083-4886-91eb-cf937d6091aa	d45805c9-c04f-4f5a-8beb-5cc970888e66	ea28e31f-a7c4-4183-beee-41b0f8487f2b	OFFER	\N	2025-09-29 08:55:00.867
ef81886c-45a3-4a8b-a002-480e0b2da804	d45805c9-c04f-4f5a-8beb-5cc970888e66	ffa1f54c-0b64-4d46-89c7-c571ae6e6a7e	APPLIED	\N	2025-09-29 08:55:00.853
dcd56a3b-3cbc-40e1-9a2d-71dfc8aeb97b	d45805c9-c04f-4f5a-8beb-5cc970888e66	47408cd2-3d60-4568-beac-3bedc2f9e43c	APPLIED	\N	2025-09-29 08:55:00.85
53c40e32-ab63-4eba-b812-316dc46ee11b	d45805c9-c04f-4f5a-8beb-5cc970888e66	cd7f124b-4b13-4fd1-8928-8de30a912b1c	REVIEWING	\N	2025-09-29 08:55:00.859
6ac6e946-337d-4553-8ea6-8bece7f77bc9	d45805c9-c04f-4f5a-8beb-5cc970888e66	a732da56-b4b8-4aa4-b89c-caeaa0d92950	APPLIED	\N	2025-09-29 08:55:00.845
08ea3bb4-fb4f-471e-ba22-bbc054aa7285	d45805c9-c04f-4f5a-8beb-5cc970888e66	da246a6f-5068-45c4-ac68-858f9604b3b0	APPLIED	\N	2025-09-29 08:55:00.842
95c02c47-055f-4ef8-947e-006d7624bfbd	d45805c9-c04f-4f5a-8beb-5cc970888e66	afafa09c-54e7-4fb5-b93d-72567ce63e7e	APPLIED	\N	2025-09-29 08:55:00.84
677d85ed-7793-451a-92a3-284071dd70c0	d45805c9-c04f-4f5a-8beb-5cc970888e66	cfb8bc9f-2834-4b01-a5f2-6296abfd69ca	INTERVIEW	\N	2025-09-29 08:55:00.837
d84b0eb2-103d-4464-98a0-028071f51173	d45805c9-c04f-4f5a-8beb-5cc970888e66	140ff36d-5a36-4f7d-8155-c1a0159ffe61	APPLIED	\N	2025-09-29 08:55:00.832
58850754-1669-48be-9c12-ab242cacc599	d45805c9-c04f-4f5a-8beb-5cc970888e66	3861d479-8b19-40f9-a919-02b2e362ad92	APPLIED	\N	2025-09-29 08:55:00.829
20cdacda-b0e9-4281-9d0e-daf0f8896230	d45805c9-c04f-4f5a-8beb-5cc970888e66	7e378343-ca34-4a3a-be9a-2089c3961248	APPLIED	\N	2025-09-29 08:55:00.827
1b4c6ed1-44ba-40a8-8055-e524d415cec3	d45805c9-c04f-4f5a-8beb-5cc970888e66	abb6fc07-327d-4590-a795-774429dbe67e	APPLIED	\N	2025-09-29 08:55:00.823
d56c1809-b64a-4434-ad0c-66b88ec781e9	d45805c9-c04f-4f5a-8beb-5cc970888e66	fb31c79f-9b91-47f9-af77-e6830d4e6dd3	APPLIED	\N	2025-09-29 08:55:00.82
27229312-0f93-4d0a-b883-e694f53051ba	d45805c9-c04f-4f5a-8beb-5cc970888e66	d68c44c7-ce1d-4fc7-ad19-b5ad6299b3be	APPLIED	\N	2025-09-29 08:55:00.818
0d2ac268-62b1-4828-a498-534ca65b089b	d45805c9-c04f-4f5a-8beb-5cc970888e66	8824c579-23c5-4b4f-bd02-5f9c11056c2f	APPLIED	\N	2025-09-29 08:55:00.815
1308a78f-f947-4b1c-90fc-0e0d3bc2c6c4	d45805c9-c04f-4f5a-8beb-5cc970888e66	2ad8bd28-9b3b-496e-a212-fa8cba963cbf	APPLIED	\N	2025-09-29 08:55:00.81
d7a2c3d6-c8ee-4add-a208-05d2c769e25e	d45805c9-c04f-4f5a-8beb-5cc970888e66	069e67a5-3f39-4b92-aca3-ce394a24a76c	APPLIED	\N	2025-09-29 08:55:00.807
66d3a7b3-f10a-4a71-9755-eecda5865f2c	d45805c9-c04f-4f5a-8beb-5cc970888e66	4ffe1be4-77d1-4b27-9714-fffc0e2492c5	APPLIED	\N	2025-09-29 08:55:00.805
749b688e-02c5-4c11-9c49-d2eb778fed40	d45805c9-c04f-4f5a-8beb-5cc970888e66	3db0ab0f-8290-4770-ac5c-c48ef0132e65	APPLIED	\N	2025-09-29 08:55:00.802
0bbaa9ed-170b-42aa-9ccf-10196ce355be	d45805c9-c04f-4f5a-8beb-5cc970888e66	ad1f53dd-30de-4a4a-8f5b-4c4976e39ce6	APPLIED	\N	2025-09-29 08:55:00.799
d03424b7-b669-4518-bc35-c327717bc20c	d45805c9-c04f-4f5a-8beb-5cc970888e66	565c06d6-7f63-45d1-96b5-c84cef93ec0c	APPLIED	\N	2025-09-29 08:55:00.796
e8982ca6-098b-4eab-baca-d01c9ca34ed8	d45805c9-c04f-4f5a-8beb-5cc970888e66	b21156f9-1188-4ab4-9edb-429db0b08623	APPLIED	\N	2025-09-29 08:55:00.793
89596bd5-ba09-4450-8b69-bf1ecc89cd5e	d45805c9-c04f-4f5a-8beb-5cc970888e66	f378363c-58cf-4842-b51f-8d2ab99ebab4	APPLIED	\N	2025-09-29 08:55:00.79
2bc7b061-2373-4d2e-baef-f02dfbd3162a	d45805c9-c04f-4f5a-8beb-5cc970888e66	7de22de4-6d30-422c-9ff2-fc09300373e3	APPLIED	\N	2025-09-29 08:55:00.787
13188435-b8e8-4cc8-a4a6-912bc03f5be7	d45805c9-c04f-4f5a-8beb-5cc970888e66	9f531627-be67-4193-8a9a-960a9400cd7a	APPLIED	\N	2025-09-29 08:55:00.784
2efa1885-a188-4e8b-a704-500828b90fe1	d45805c9-c04f-4f5a-8beb-5cc970888e66	00576537-9d89-47cf-b826-4851a02098d9	APPLIED	\N	2025-09-29 08:55:00.781
a49743c8-9b3f-4dab-bc2d-fb9df48692b6	d45805c9-c04f-4f5a-8beb-5cc970888e66	5d0382d0-3b14-4d4b-90da-081462adef0a	APPLIED	\N	2025-09-29 08:55:00.778
f609540e-88a3-449d-b448-aa5803e5aad4	d45805c9-c04f-4f5a-8beb-5cc970888e66	a7b250f8-63ed-48d8-8d9d-f3838b389cea	APPLIED	\N	2025-09-29 08:55:00.776
0e737c4a-cc3c-4999-bdb3-c7ee41534f97	d45805c9-c04f-4f5a-8beb-5cc970888e66	fb331e48-8cc8-4365-8056-28757c252c21	APPLIED	\N	2025-09-29 08:55:00.773
c1490f2c-9f31-4e16-8632-cd61bbc9e230	d45805c9-c04f-4f5a-8beb-5cc970888e66	e039118f-1ef1-41f2-860b-9b1482b925ae	APPLIED	\N	2025-09-29 08:55:00.77
c77d98b8-7d8a-46c4-bc2b-00b51e0c23bb	d45805c9-c04f-4f5a-8beb-5cc970888e66	b379ad58-2704-454a-83eb-d6453048d11e	APPLIED	\N	2025-09-29 08:55:00.767
33fb7439-ac68-4cbf-b731-a9016dcfdda2	d45805c9-c04f-4f5a-8beb-5cc970888e66	35cce8d5-2a33-498f-ad9d-dee7c29828fa	APPLIED	\N	2025-09-29 08:55:00.764
46498ff7-3856-49d9-99fc-984be828a10c	d45805c9-c04f-4f5a-8beb-5cc970888e66	3549d64e-a3fc-4e5a-91a5-9d8246c6390f	APPLIED	\N	2025-09-29 08:55:00.761
7a0c0e72-c55e-479b-ba70-2056a2505179	d45805c9-c04f-4f5a-8beb-5cc970888e66	66e6b376-35c3-45d7-95de-ae597f2ccd61	APPLIED	\N	2025-09-29 08:55:00.758
8bcd7335-350e-4246-8670-bda034b7d967	d45805c9-c04f-4f5a-8beb-5cc970888e66	370f44d2-5777-4a62-91e8-f8673b10e320	APPLIED	\N	2025-09-29 08:55:00.755
059b6c1d-3234-41b1-81ad-236c70e1ffe9	d45805c9-c04f-4f5a-8beb-5cc970888e66	606cb6f5-6dc9-4198-b686-c31957f7f164	APPLIED	\N	2025-09-29 08:55:00.752
a95db103-db69-43b1-b815-362c593774e5	d45805c9-c04f-4f5a-8beb-5cc970888e66	bd61f5a5-dff7-474d-9cab-8075c10c9534	APPLIED	\N	2025-09-29 08:55:00.749
754b1d3d-af20-42c1-a389-c87824473ba6	d45805c9-c04f-4f5a-8beb-5cc970888e66	d17cc2d0-0a44-40e0-a7e4-82f3c2238a56	APPLIED	\N	2025-09-29 08:55:00.746
dc3ce1e6-374c-4e6e-bc34-fc731056a7c1	d45805c9-c04f-4f5a-8beb-5cc970888e66	037aa7ce-c47e-4cd1-97ba-5a905197aa06	APPLIED	\N	2025-09-29 08:55:00.743
82afe996-d4a5-462f-9c03-dc3320fb8f69	d45805c9-c04f-4f5a-8beb-5cc970888e66	72b1817c-33f5-44c4-9ad7-637f321d51e6	APPLIED	\N	2025-09-29 08:55:00.74
97ea77cd-84dc-4ec9-832f-e488c239ee7a	d45805c9-c04f-4f5a-8beb-5cc970888e66	cbfc7be2-ce15-40d0-8ebc-a3d83e306072	APPLIED	\N	2025-09-29 08:55:00.737
106ffe7d-c067-4b9f-9fdb-59f4473396c5	d45805c9-c04f-4f5a-8beb-5cc970888e66	be0be8e4-eae8-49cb-897f-e3d5d955affa	APPLIED	\N	2025-09-29 08:55:00.733
90899029-5857-48bc-8645-c5288fffbbef	d45805c9-c04f-4f5a-8beb-5cc970888e66	fade4d92-513f-4eec-adeb-3199390d0b44	APPLIED	\N	2025-09-29 08:55:00.73
8375a874-285a-48d0-b0f7-8bbec4311d35	d45805c9-c04f-4f5a-8beb-5cc970888e66	f35b79b3-a43a-4aef-aa00-a855e625b689	APPLIED	\N	2025-09-29 08:55:00.725
82536a41-d957-4820-a42e-7bb74d98a1bf	d45805c9-c04f-4f5a-8beb-5cc970888e66	a711d191-564e-478d-b9a7-73d4d50b427b	APPLIED	\N	2025-09-29 08:55:00.72
b8738524-2e9c-46cc-ae1c-6cd5ff453cb2	d45805c9-c04f-4f5a-8beb-5cc970888e66	218a39e0-c983-4d8b-89d2-6f5c4430ab4b	INTERVIEW	\N	2025-09-29 08:55:00.847
c4cd1cc9-1c2d-4199-ab4f-752d6a28dec5	d45805c9-c04f-4f5a-8beb-5cc970888e66	9d569083-7e3b-42a9-b9ed-a10a12641f8c	APPLIED	\N	2025-09-29 08:55:00.812
3b4fd339-165b-4956-89d9-dae587453eb7	d45805c9-c04f-4f5a-8beb-5cc970888e66	8f5737c1-535d-4d86-b6f2-a27a8ce61e4f	REVIEWING	\N	2025-09-29 08:55:00.875
0e58ab20-9174-4199-b4a9-bc4ca7511c8c	d45805c9-c04f-4f5a-8beb-5cc970888e66	2d0d8c79-ec1a-40a4-83c1-e1e8e84c1eb0	REJECTED		2025-09-29 08:55:00.909
9e9124d8-513a-4f81-963e-9648e3dbb161	d45805c9-c04f-4f5a-8beb-5cc970888e66	4d2e4083-1c8a-4cb4-9059-684f4261022f	REVIEWING	\N	2025-09-29 08:55:00.893
555f4ac6-d0bd-4d21-8a33-fc245436684e	d45805c9-c04f-4f5a-8beb-5cc970888e66	0939e3b5-36cb-44d9-9e9a-f70bbed5bd60	REVIEWING	\N	2025-09-29 08:55:00.878
69ca57f6-9578-4a15-8884-27fde40aefab	d45805c9-c04f-4f5a-8beb-5cc970888e66	2a83d7bd-e859-4f23-b8e5-3f558e644f88	REVIEWING	\N	2025-09-29 08:55:00.885
43715ef3-e605-479f-a686-1735aa2cd8a5	d45805c9-c04f-4f5a-8beb-5cc970888e66	7973ab07-d51f-4f2f-91d5-e7e1e6aec3af	OFFER	\N	2025-09-29 08:55:00.906
c5667006-1c6b-4243-b9af-3d077485d47c	d45805c9-c04f-4f5a-8beb-5cc970888e66	8d74ab50-e54f-496a-bc68-0080dd6ca47b	REVIEWING	\N	2025-09-29 08:55:00.891
0a7e1751-b59e-455c-b408-4156966b30dd	d45805c9-c04f-4f5a-8beb-5cc970888e66	739f040f-8998-430a-9a14-06ba7f7bd3bf	REJECTED	\N	2025-09-29 08:55:00.901
e491bdb6-10c4-46e5-92ed-0952e58462b3	d45805c9-c04f-4f5a-8beb-5cc970888e66	5034a509-ce95-478e-aa32-50d488824d43	OFFER	\N	2025-09-29 08:55:00.896
975ceab1-6396-4811-b626-5db96dda02b4	d45805c9-c04f-4f5a-8beb-5cc970888e66	22af8b6b-293b-4de6-926b-d8833f162af0	REVIEWING	\N	2025-09-29 08:55:00.872
3f67831f-8f2d-4cc5-b904-bbc7aff8b972	d45805c9-c04f-4f5a-8beb-5cc970888e66	db3dd493-17a1-4d47-855c-d4f83070a9d6	REVIEWING	\N	2025-09-29 08:55:00.87
1f02516a-fc33-4ca9-847b-f93b32c8f141	d45805c9-c04f-4f5a-8beb-5cc970888e66	d2dd0df9-419c-4b63-b812-498dbef1c504	REJECTED	\N	2025-09-29 08:55:00.899
c1ca635a-a23f-4c99-b35d-b22a709afa9e	d45805c9-c04f-4f5a-8beb-5cc970888e66	7ba7ad8b-afd2-4b5c-a760-5bead199f982	OFFER	\N	2025-09-29 08:55:00.888
fcbad96d-f5e9-4ee3-bcfc-5216643979c3	d45805c9-c04f-4f5a-8beb-5cc970888e66	b0d45dea-33da-4469-b881-1a407fd76a7c	REVIEWING	\N	2025-09-29 08:55:00.88
\.


--
-- Data for Name: AuditLog; Type: TABLE DATA; Schema: public; Owner: -
--

COPY public."AuditLog" (id, "actorId", action, "createdAt", metadata, "targetId") FROM stdin;
ac5a7161-3fc7-4f7f-ba19-caca32b7bbbc	24561236-b941-4ff8-ad41-b9b71adcafdd	admin.user_impersonate	2025-09-24 21:44:17.371	{"targetUserEmail": "adinkems@gmail.com"}	097944c2-3582-4220-ade4-4a93ab404375
79960530-5620-47c6-969d-ffcb6d5227bb	24561236-b941-4ff8-ad41-b9b71adcafdd	plan.update	2025-09-24 21:46:47.214	{"changes": ["name", "description", "price", "features", "jobPostLimit", "memberLimit"]}	18b6484d-cd07-4fb5-b724-c5907049c251
6bc86dc0-9da2-40fb-9119-81781715bffc	24561236-b941-4ff8-ad41-b9b71adcafdd	plan.update	2025-09-24 21:47:05.449	{"changes": ["name", "description", "price", "features", "jobPostLimit", "memberLimit"]}	18b6484d-cd07-4fb5-b724-c5907049c251
b0b86f74-aff3-4e6f-b858-e5cc77477af6	24561236-b941-4ff8-ad41-b9b71adcafdd	verification.status.update	2025-09-24 21:52:33.866	{"newStatus": "APPROVED", "verificationId": "ddab4c76-595b-4b5f-a2a5-9f9da12ad723", "targetUserEmail": "adinkems@gmail.com", "verificationType": "CAC"}	097944c2-3582-4220-ade4-4a93ab404375
8cc5f090-dd6f-4c7b-9267-bcdb8fc72c46	24561236-b941-4ff8-ad41-b9b71adcafdd	plan.update	2025-09-24 21:57:14.84	{"changes": ["name", "description", "price", "features", "jobPostLimit", "memberLimit"], "planName": "Pro"}	18b6484d-cd07-4fb5-b724-c5907049c251
075b100e-5b2a-4094-be76-490c5873a22d	24561236-b941-4ff8-ad41-b9b71adcafdd	plan.update	2025-09-24 21:57:35.383	{"changes": ["name", "description", "price", "features", "jobPostLimit", "memberLimit"], "planName": "Prow"}	18b6484d-cd07-4fb5-b724-c5907049c251
329ce874-da76-4c25-bcfb-3cf009beab31	24561236-b941-4ff8-ad41-b9b71adcafdd	plan.update	2025-09-24 22:17:44.046	{"changes": ["name", "description", "price", "features", "jobPostLimit", "memberLimit"], "planName": "Pro"}	18b6484d-cd07-4fb5-b724-c5907049c251
d45eb4b6-139d-41a7-bff9-56f8edcc498a	24561236-b941-4ff8-ad41-b9b71adcafdd	user.status.update	2025-09-24 22:26:08.288	{"newStatus": "SUSPENDED", "previousStatus": "ACTIVE"}	9784c3ee-80e5-46ae-b62c-e48f3fbde58b
952434d9-11cd-40d9-9eb7-108003e84df3	24561236-b941-4ff8-ad41-b9b71adcafdd	plan.update	2025-09-24 23:16:58.738	{"after": {"name": "Pro", "price": 10000, "features": ["Post up to 20 jobs", "Advanced search filters (skills", "GPA", "etc.)", "Shortlist up to 100 candidates", "Branded agency profile page", "Domain & email verification", "Add up to 3 recruiter accounts", "Job & applicant analytics"], "description": "Ideal for growing teams with continuous hiring needs.", "memberLimit": 3, "jobPostLimit": 20}, "before": {"name": "Proq", "price": 10000, "features": ["Post up to 20 jobs", "Advanced search filters (skills", "GPA", "etc.)", "Shortlist up to 100 candidates", "Branded agency profile page", "Domain & email verification", "Add up to 3 recruiter accounts", "Job & applicant analytics"], "memberLimit": 3, "jobPostLimit": 20}, "planName": "Proq"}	18b6484d-cd07-4fb5-b724-c5907049c251
299c54aa-7ba5-4797-b54d-b08c29c9d209	24561236-b941-4ff8-ad41-b9b71adcafdd	user.status.update	2025-09-24 23:17:29.683	{"newStatus": "ACTIVE", "previousStatus": "SUSPENDED"}	9784c3ee-80e5-46ae-b62c-e48f3fbde58b
2a6e5162-f80e-4244-b46f-1171a3b574c4	24561236-b941-4ff8-ad41-b9b71adcafdd	user.status.update	2025-09-24 23:25:41.671	{"newStatus": "SUSPENDED", "previousStatus": "ACTIVE"}	9784c3ee-80e5-46ae-b62c-e48f3fbde58b
33613d92-9778-4895-80df-6311a43f9b3f	24561236-b941-4ff8-ad41-b9b71adcafdd	user.status.update	2025-09-24 23:29:01.94	{"newStatus": "ACTIVE", "previousStatus": "SUSPENDED", "targetUserEmail": "test.candidate@example.com"}	9784c3ee-80e5-46ae-b62c-e48f3fbde58b
4d637b5b-d262-45d4-b28f-4dd1636403c0	24561236-b941-4ff8-ad41-b9b71adcafdd	user.message.send	2025-09-24 23:35:50.516	{"messageExcerpt": "my boyyyy how far naaa", "recipientEmail": "tedunjaiyem@gmail.com"}	5900ca1a-625c-4a14-8331-ee286900ad73
0af62ca2-5f5d-4701-9882-18a84100db21	24561236-b941-4ff8-ad41-b9b71adcafdd	user.status.update	2025-09-25 00:16:47.71	{"newStatus": "SUSPENDED", "previousStatus": "ACTIVE", "targetUserEmail": "test.candidate@example.com"}	9784c3ee-80e5-46ae-b62c-e48f3fbde58b
ffd36ae7-c216-4839-b140-ad1d42058a80	24561236-b941-4ff8-ad41-b9b71adcafdd	user.status.update	2025-09-25 00:17:00.611	{"newStatus": "ACTIVE", "previousStatus": "SUSPENDED", "targetUserEmail": "test.candidate@example.com"}	9784c3ee-80e5-46ae-b62c-e48f3fbde58b
10aea2d8-fef6-4a96-97ea-a1dd94b4c998	24561236-b941-4ff8-ad41-b9b71adcafdd	plan.update	2025-09-25 01:00:57.292	{"after": {"name": "Pro", "price": 10000, "features": ["Post up to 20 jobs", "Advanced search filters (skills - GPA - etc.)", "Shortlist up to 100 candidates", "Branded agency profile page", "Domain & email verification", "Add up to 3 recruiter accounts", "Job & applicant analytics"], "description": "Ideal for growing teams with continuous hiring needs.", "memberLimit": 3, "jobPostLimit": 20}, "before": {"name": "Pro", "price": 10000, "features": ["Post up to 20 jobs", "Advanced search filters (skills", "GPA", "etc.)", "Shortlist up to 100 candidates", "Branded agency profile page", "Domain & email verification", "Add up to 3 recruiter accounts", "Job & applicant analytics"], "memberLimit": 3, "jobPostLimit": 20}, "planName": "Pro"}	18b6484d-cd07-4fb5-b724-c5907049c251
81159a20-0b48-4ff9-9480-5f73e35b717e	24561236-b941-4ff8-ad41-b9b71adcafdd	admin.create	2025-09-25 10:12:34.561	{"assignedRole": "ADMIN", "newAdminEmail": "admin@ppalink.com"}	c49cdcdd-8342-413f-9988-db0d8d738887
782424bc-1e78-47be-b3d1-07a33d3e7ff9	24561236-b941-4ff8-ad41-b9b71adcafdd	admin.delete	2025-09-25 11:59:31.199	{"deletedAdminRole": "ADMIN", "deletedAdminEmail": "admin@ppalink.com"}	c49cdcdd-8342-413f-9988-db0d8d738887
d3c67c54-5110-40dd-8d5b-0f5fb54c9907	24561236-b941-4ff8-ad41-b9b71adcafdd	admin.create	2025-09-25 11:59:58.773	{"assignedRole": "ADMIN", "newAdminEmail": "dunjaiye@yahoo.com"}	610a9ef4-b5b4-48f3-ac8d-3ee3a28f81b7
72051c0b-2526-42fa-8d33-380ae5814220	24561236-b941-4ff8-ad41-b9b71adcafdd	admin.delete	2025-09-25 12:01:34.002	{"deletedAdminRole": "ADMIN", "deletedAdminEmail": "dunjaiye@yahoo.com"}	610a9ef4-b5b4-48f3-ac8d-3ee3a28f81b7
b3834797-393c-4124-bea1-70672af8192f	24561236-b941-4ff8-ad41-b9b71adcafdd	admin.create	2025-09-25 12:01:39.995	{"assignedRole": "ADMIN", "newAdminEmail": "dunjaiye@yahoo.com"}	18fd3906-750b-4c1e-96d3-715335071839
567a0274-1678-4577-b879-cb936a76097d	24561236-b941-4ff8-ad41-b9b71adcafdd	admin.delete	2025-09-25 12:17:55.043	{"deletedAdminRole": "ADMIN", "deletedAdminEmail": "dunjaiye@yahoo.com"}	18fd3906-750b-4c1e-96d3-715335071839
0d62d11e-70ea-427a-8219-29dbe2c9d3ce	24561236-b941-4ff8-ad41-b9b71adcafdd	admin.create	2025-09-25 12:18:07.908	{"assignedRole": "ADMIN", "newAdminEmail": "dunjaiye@yahoo.com"}	5fbd79b0-fd2f-4fa7-8bcf-ba50e6eda655
9d20feff-8aa7-4804-a373-4e3344cecf8e	24561236-b941-4ff8-ad41-b9b71adcafdd	admin.delete	2025-09-25 12:20:53.724	{"deletedAdminRole": "ADMIN", "deletedAdminEmail": "dunjaiye@yahoo.com"}	5fbd79b0-fd2f-4fa7-8bcf-ba50e6eda655
bb4c2d04-9501-4d9a-882d-bc20e35686b2	24561236-b941-4ff8-ad41-b9b71adcafdd	admin.create	2025-09-25 12:24:49.056	{"assignedRole": "ADMIN", "newAdminEmail": "tedfunmzy9@gmail.com"}	f326592b-1be0-4647-a026-ecb46c97c150
5648dd83-4576-43b4-aea3-e5903f67a7a4	24561236-b941-4ff8-ad41-b9b71adcafdd	admin.delete	2025-09-25 12:30:48.632	{"deletedAdminRole": "ADMIN", "deletedAdminEmail": "tedfunmzy9@gmail.com"}	f326592b-1be0-4647-a026-ecb46c97c150
f6413830-d7aa-4aed-9d7f-3522e7aa7ac0	24561236-b941-4ff8-ad41-b9b71adcafdd	admin.create	2025-09-25 12:34:58.654	{"assignedRole": "ADMIN", "newAdminEmail": "tedfunmzy9@gmail.com"}	459295d9-9960-4a22-a8a3-8ad12c585f96
e2bc9af9-c1c1-4cee-b3d3-a75427d9a7b4	24561236-b941-4ff8-ad41-b9b71adcafdd	admin.role.update	2025-09-25 12:58:08.282	{"newRole": "SUPER_ADMIN", "previousRole": "ADMIN", "targetUserEmail": "tedfunmzy9@gmail.com"}	459295d9-9960-4a22-a8a3-8ad12c585f96
47596a23-4ef3-4813-aa20-e377558d558b	24561236-b941-4ff8-ad41-b9b71adcafdd	admin.role.update	2025-09-25 12:58:53.389	{"newRole": "ADMIN", "previousRole": "SUPER_ADMIN", "targetUserEmail": "tedfunmzy9@gmail.com"}	459295d9-9960-4a22-a8a3-8ad12c585f96
c0d3c4cc-c75b-4164-b977-bbf4b3875b69	24561236-b941-4ff8-ad41-b9b71adcafdd	admin.role.update	2025-09-26 09:00:57.245	{"newRole": "SUPER_ADMIN", "previousRole": "ADMIN", "targetUserEmail": "tedfunmzy9@gmail.com"}	459295d9-9960-4a22-a8a3-8ad12c585f96
4a6d183e-5292-4b73-a437-98bdc6d75c64	24561236-b941-4ff8-ad41-b9b71adcafdd	admin.role.update	2025-09-26 09:01:33.88	{"newRole": "ADMIN", "previousRole": "SUPER_ADMIN", "targetUserEmail": "tedfunmzy9@gmail.com"}	459295d9-9960-4a22-a8a3-8ad12c585f96
\.


--
-- Data for Name: CandidateCertificate; Type: TABLE DATA; Schema: public; Owner: -
--

COPY public."CandidateCertificate" (id, "candidateId", title, issuer, "issuedAt", "fileKey", "fileHash", verified, "verifierId") FROM stdin;
d6cac0c5-1388-4908-a8de-88c9b3397f8f	8f5737c1-535d-4d86-b6f2-a27a8ce61e4f	Data Analysis Certification	Weber and Sons	2024-12-23 11:03:13.983	sans.buffer	8LLXUZ9aTA2L	f	\N
6d6bef8c-267d-4378-b3bf-f290552cea30	26720e5f-a1cb-4154-9232-15d9a7006457	Customer Service Certification	Feest, Leuschke and Armstrong	2025-06-01 06:35:54.308	uh_huh_upright.mp2a	fpxurYUPF35A	f	\N
b29556a7-66ed-49bf-b9e5-998da9b6e2e4	d17cc2d0-0a44-40e0-a7e4-82f3c2238a56	Frontend Development Certification	Lueilwitz, Kessler and Towne	2025-02-06 00:37:05.364	blah_um.3gp	Sx6QYD124Pj1	t	\N
e3bc6e5f-0d02-48b9-914a-4c828d4fd997	bd61f5a5-dff7-474d-9cab-8075c10c9534	Database Management (SQL/NoSQL) Certification	Littel, Donnelly and Friesen	2024-11-23 16:13:24.302	ill.csh	6QauMt5OLpMB	t	\N
8dde04c0-de5f-4234-9433-eeebcb958830	b21156f9-1188-4ab4-9edb-429db0b08623	Sales Certification	Torp - Reynolds	2025-03-27 12:49:27.473	whereas_yesterday_upliftingly.mpeg	GxxRqY4LHH9M	f	\N
95d8838a-b094-4b81-aa95-5500a62690d9	b21156f9-1188-4ab4-9edb-429db0b08623	Sales Certification	Kerluke - Schmitt	2024-12-03 05:51:59.998	duh_before.dump	IbRO9OLwD2Xc	f	\N
7e2757a2-f3db-4d5b-8db4-ea6e646a2829	7e378343-ca34-4a3a-be9a-2089c3961248	Software Development Certification	Kulas LLC	2025-03-24 02:35:40.004	clamor_availability.php	XZDlSQwx1jlv	f	\N
bd176997-b64d-4e19-a991-3823d4840b5c	7e378343-ca34-4a3a-be9a-2089c3961248	Software Development Certification	Gleason - Schimmel	2025-07-28 09:37:40.714	tenant_gallery_psst.pps	cwUJ4WaktZGI	f	\N
484ba443-e23a-4784-83f0-e66224738879	ea28e31f-a7c4-4183-beee-41b0f8487f2b	Data Analysis Certification	Goldner - Brown	2025-06-06 21:29:27.986	inside_rationale_reel.xlsx	gqZQbaaISdZd	t	\N
55bf8d40-61f5-4982-8c8e-02ed4d88ba45	e039118f-1ef1-41f2-860b-9b1482b925ae	Customer Service Certification	Barton - Shanahan	2024-11-02 14:09:46.268	ick_taxicab.list	mAnWK0CFTKJ9	t	\N
d271ae1f-d2d2-49b1-b4b5-1f49482079d0	4d2e4083-1c8a-4cb4-9059-684f4261022f	Business Analysis Certification	Wiegand, Ortiz and Kunze	2025-09-28 22:31:25.608	honestly_while_cow.php	XzT79PMp521V	t	\N
3edfe01d-1f60-46b5-bd08-ee4cf94290ee	4d2e4083-1c8a-4cb4-9059-684f4261022f	Business Analysis Certification	Purdy LLC	2025-07-31 17:24:33.949	brave_queasily_if.map	oTGmIngWS09s	f	\N
ab4164f9-5bca-4156-be17-63f0d16ba74a	abb6fc07-327d-4590-a795-774429dbe67e	Software Development Certification	Mann and Sons	2025-03-02 19:27:56.57	wicked_ick.pdf	ZD1JWMOnuoTQ	t	\N
522d59e0-5eae-455a-8c79-205bbe4d4dbe	abb6fc07-327d-4590-a795-774429dbe67e	Software Development Certification	Ryan - Halvorson	2024-12-23 16:42:50.263	although_waterspout.mpg4	nr435A84eEOO	f	\N
ce14aaee-7496-452b-8005-aeb62345874b	12f6b2e0-b91a-48ad-9331-b34d3ccca82a	UI/UX Design Certification	Sipes LLC	2025-04-23 02:33:36.093	huzzah.tar	gd2OhzgNmvrx	t	\N
45179d99-33ed-4c40-959c-aae8bc6d0497	8ced66b9-598d-4c38-a296-6d8afbc2fc21	Software Development Certification	Ebert Group	2025-03-12 11:18:04.011	and_above_pepper.m3a	MPMehGsmy2PO	f	\N
74a0ce68-0fe3-4bfe-8fb6-b1fc86550148	50cbf93e-f94e-4493-8d36-74e6584cdd02	Frontend Development Certification	Wolff - Bergnaum	2025-04-05 16:54:05.629	next_founder.vsw	urDqkzjO3NOJ	f	\N
0e63c97e-d27f-490e-9bb7-17095daa96dc	50cbf93e-f94e-4493-8d36-74e6584cdd02	Frontend Development Certification	Pagac - Fahey	2025-09-10 11:34:02.017	dowse_fooey.odt	urQMlRa738FB	t	\N
7a8c6bf1-754f-4425-9b80-85870511569d	33aba176-cfe9-48b8-8f62-ebec41805c98	Software Development Certification	Hermiston, Lindgren and Gusikowski	2025-05-08 07:27:24.911	what_wiggly.rmi	Xr5H8gpcQ96N	f	\N
f87de149-d4c4-4dec-b7d5-e7032bcc775e	35cce8d5-2a33-498f-ad9d-dee7c29828fa	Business Analysis Certification	Flatley, Altenwerth and McLaughlin	2025-01-12 16:16:31.617	past.vst	8BQwHA2I9H94	t	\N
40934efc-1944-46ab-a1e1-14b80bed75d3	6c82ea2f-22f0-4dde-8447-944275fafc0c	Database Management (SQL/NoSQL) Certification	Medhurst - Ferry	2025-05-24 23:24:24.119	rudely.text	tZSTgGONAOoF	f	\N
4c2599f4-bad2-4c81-83ce-3a35ed17b290	d8b4a64d-9f67-4f6b-9303-1a266a1e5c9b	Project Management Certification	Volkman LLC	2025-03-30 06:24:06.022	bah.mp4	YmtwrL0TIeFq	t	\N
147e936a-ed48-49df-b73e-41347710b14d	f378363c-58cf-4842-b51f-8d2ab99ebab4	Business Analysis Certification	Mills - Bernier	2025-03-11 09:54:37.756	excluding.css	XxaAHokN5DDZ	f	\N
ecdfd7af-236a-404d-99a8-98f655e6e4ff	f378363c-58cf-4842-b51f-8d2ab99ebab4	Business Analysis Certification	Franecki, Ledner and Gutmann	2024-12-17 12:39:21.016	publicity_pro.oga	oYbIIqABTRJT	f	\N
9ca93f51-58de-4fac-b89a-91b68dfbe7a8	cfb8bc9f-2834-4b01-a5f2-6296abfd69ca	Software Development Certification	Lehner - Mraz	2025-08-21 03:54:19.733	than.mpkg	5ImPihbYFDkF	f	\N
eda4fae4-7f08-4607-8d8c-6c85fb8566f2	4de3b358-e488-442b-80e2-0e729327086a	Product Management Certification	Medhurst, Dicki and Bernhard	2025-01-01 01:01:19.362	section_zowie.buffer	5vYPdIOopvD7	f	\N
8fff2ef9-8fc4-4277-a0ef-8fc5faa98eee	200cd096-627a-44b6-9a8c-7ac2ac59d5f1	Frontend Development Certification	Trantow - Olson	2025-03-29 19:28:24.175	whether.webm	ed9RT7iYOuEZ	f	\N
25d5b93a-2495-448f-85cf-3538c38ffae4	200cd096-627a-44b6-9a8c-7ac2ac59d5f1	Frontend Development Certification	Rowe - Gerlach	2025-02-25 19:32:31.597	pop_sans.xls	sXMfxIPurKrT	t	\N
abe88f0d-616a-4361-b6e7-da8f4b0fc821	6f2fc918-ba6d-4910-88b9-a8812658dd76	Project Management Certification	Hamill - Kuphal	2025-05-17 11:17:37.638	anti.pps	6NyOykYvU5Cn	t	\N
763ff07d-24f7-43c8-a120-c3e118d7dd21	9d569083-7e3b-42a9-b9ed-a10a12641f8c	Database Management (SQL/NoSQL) Certification	MacGyver, West and Spinka	2025-04-24 21:20:24.024	coincide_quizzically_monthly.wav	6IrmxtwFXqTB	f	\N
d5ba1b49-d98b-4819-ab7f-2242bc77ad1c	3861d479-8b19-40f9-a919-02b2e362ad92	Sales Certification	Walter, Davis and Hansen	2024-11-14 22:15:44.299	under_legend.m3a	Z43pIU9Wb7jy	f	\N
a65fee9c-578c-406a-91e9-f5e9daec79ea	ce67e3bb-70ce-41c1-84d0-db2132fec30f	Project Management Certification	Jast - Pfeffer	2025-01-29 12:03:48.039	oh_gah_humiliating.shtml	KK1DCpcI8lzf	t	\N
749cf400-718c-4422-8466-8ad2f400c86b	47408cd2-3d60-4568-beac-3bedc2f9e43c	Software Development Certification	Lockman, Kunze and Runolfsdottir	2024-11-08 12:34:46.184	inside_until_nor.otf	4tBp4H03xrRK	t	\N
ec3dca66-a6a5-472a-aa70-73410c712c7f	47408cd2-3d60-4568-beac-3bedc2f9e43c	Software Development Certification	DuBuque, Grimes and Johnson	2024-12-16 06:41:12.935	strictly_impassioned_politely.tar	LEJotMKNAzRa	t	\N
2bcd218e-df90-470e-b803-f009652b6d0f	218a39e0-c983-4d8b-89d2-6f5c4430ab4b	Project Management Certification	Carroll and Sons	2025-04-09 22:35:42.706	uh_huh.deploy	Lyw3ucsjfHki	f	\N
4e4f423d-02b4-44a8-a167-0b5b4502ff64	1cfd85fd-1297-4222-814c-47d52c447ae8	Customer Service Certification	Frami Group	2025-02-13 13:50:22.82	finally_come_lest.azw	lifuzlsA7cIv	f	\N
525475df-f7f9-4230-b8d2-0db106d9bf31	cbfc7be2-ce15-40d0-8ebc-a3d83e306072	Search Engine Optimization (SEO) Certification	Cole, Harvey and McKenzie	2025-04-18 17:11:49.15	anenst.so	Cu4DirtuZAXi	f	\N
e19a00cd-b394-402f-8da9-031eeba51455	cbfc7be2-ce15-40d0-8ebc-a3d83e306072	Search Engine Optimization (SEO) Certification	Walsh, Romaguera and MacGyver	2025-07-11 13:35:49.861	deliberately_well_documented_yippee.rmi	yrdgSXGdLydd	t	\N
9487e843-72ea-4758-a718-fa6243d0267f	140ff36d-5a36-4f7d-8155-c1a0159ffe61	Data Analysis Certification	Huel, Ryan and Mosciski	2025-07-25 14:02:44.508	quirkily_ultimate.jpe	SovAUDxyxTua	f	\N
aa1d16f6-7945-444c-a148-287ffe77bc51	140ff36d-5a36-4f7d-8155-c1a0159ffe61	Data Analysis Certification	Dooley, Torp and Emard	2025-03-01 12:24:08.25	perp_frail.avif	AlDBU5mO75tz	t	\N
962bd393-1da3-4e8a-a5cf-14553f2a5b44	0ea35560-5e85-478b-8880-0c8db2b97c38	Database Management (SQL/NoSQL) Certification	Wisozk, Zieme and Olson	2024-10-04 17:01:36.728	yak.msm	BlCXOaAFmVRq	t	\N
d602b716-3de4-4c0c-b25b-a354b2c00cd2	0ea35560-5e85-478b-8880-0c8db2b97c38	Database Management (SQL/NoSQL) Certification	Gleichner, Vandervort and Kuhlman	2024-11-27 19:11:22.315	regarding_unto_quarrelsomely.mpe	Yfs6w51dXCxl	t	\N
a986cd92-fbf1-4a28-a583-63b97fed757b	72b1817c-33f5-44c4-9ad7-637f321d51e6	Accounting Certification	Deckow Group	2024-12-21 17:30:35.184	mentor_whether.7z	RGWqzFq9bhoq	t	\N
54640a8b-fcf7-4ae8-87aa-6580e2564da0	72b1817c-33f5-44c4-9ad7-637f321d51e6	Accounting Certification	Kuphal, Williamson and Mertz	2025-02-13 22:53:08.528	dreamily_limited_jump.3g2	kIW4OtReBN5c	t	\N
8f5bcf57-2ccd-4cf3-95b6-6f5edc6216b7	c10aa4f4-53ec-46f7-9367-a8cdc9002ba5	Customer Service Certification	Hagenes, Lowe and Rosenbaum	2024-10-26 13:16:48.499	than_instead.csh	ztCc5pOlhST7	t	\N
bfa30b8e-2fae-4217-8174-b03d2d895829	afafa09c-54e7-4fb5-b93d-72567ce63e7e	Project Management Certification	Sawayn and Sons	2025-04-12 12:55:51.568	for_curse.pdf	cxnBIS0woTQy	f	\N
2dd02301-3e5e-42c1-81e3-51356fd5acd0	eae23c72-b092-4718-b36a-dad5469b2075	Product Management Certification	Auer, Franecki and Pacocha	2025-03-08 19:42:30.633	overplay_inasmuch.buffer	IgaPKA0DBrnN	t	\N
1bc5d840-fc40-4fba-ac35-4181d9459764	22af8b6b-293b-4de6-926b-d8833f162af0	Frontend Development Certification	Morissette and Sons	2025-08-27 14:34:17.531	antelope_incomparable_brightly.pps	IbBnnCxFrbmk	t	\N
11e1780f-d769-4c01-86ec-01f1ececde2b	4ffe1be4-77d1-4b27-9714-fffc0e2492c5	UI/UX Design Certification	Romaguera Group	2024-10-01 17:02:46.225	till.3gpp	6pixQcGcl1Od	f	\N
e7e5cca1-630b-4a59-be02-24aa9f7e5dbf	f35b79b3-a43a-4aef-aa00-a855e625b689	Business Analysis Certification	Hoeger, Blick and Feil	2025-01-09 18:59:46.321	duh_ick.png	hyetfdn8Tg0p	f	\N
daa5ecc8-5cac-4af3-824c-3d06006a0e75	b0d45dea-33da-4469-b881-1a407fd76a7c	Project Management Certification	Sanford LLC	2025-02-14 18:25:56.991	inscribe_subsidy.ogg	UT5xIB1V4UZD	t	\N
141c07b6-93c1-4fc4-a304-a905e72e9084	00576537-9d89-47cf-b826-4851a02098d9	Financial Analysis Certification	Stark Inc	2025-05-09 04:14:38.204	whose_blah.csv	VzfKEamGcQPE	f	\N
41c74941-f095-4d13-99e0-578ac7cd024c	00576537-9d89-47cf-b826-4851a02098d9	Financial Analysis Certification	Marks - Crist	2024-10-19 19:32:56.071	retention.mp4v	BVNbWL8ycrwf	f	\N
3b8ffd98-9348-4ccb-9f4c-470142302df1	5034a509-ce95-478e-aa32-50d488824d43	Software Development Certification	Stamm, Denesik and Paucek	2024-12-17 07:30:34.287	gad.azw	DprB4HdzedhA	f	\N
b5bfa5d1-bd7e-4dca-a91c-c53acc0677eb	5d0382d0-3b14-4d4b-90da-081462adef0a	Data Analysis Certification	Cormier - Barton	2025-01-31 18:36:38.095	beside.ts	9ruqGCvFwGby	t	\N
0d76126c-7148-4622-9f06-7276a087653f	66e6b376-35c3-45d7-95de-ae597f2ccd61	Project Management Certification	Cummerata Inc	2024-10-26 18:48:23.7	solder_polarisation_usually.ini	jNEg6CgAkelZ	f	\N
5d5a0df5-2801-4669-a528-e3bced71bb61	2ad8bd28-9b3b-496e-a212-fa8cba963cbf	Data Analysis Certification	Borer - Tromp	2025-09-26 20:34:24.239	poorly.vss	Nvcduj4YcDgZ	t	\N
de4fa58d-fa04-41e1-8f1b-cb9ae940de34	be0be8e4-eae8-49cb-897f-e3d5d955affa	Product Management Certification	Aufderhar and Sons	2025-06-12 01:55:47.708	puritan.png	Ld23r2sgIdDv	t	\N
863d768a-7bd9-4563-a82b-911ab204d236	024f974f-775d-4c89-aa92-1cbe2bdc5b7d	Recruitment Certification	Wilkinson, Larkin and Parker	2025-09-03 14:12:45.425	noisily.ttf	Ga4CB1JHpoom	f	\N
1b4cef39-0139-4346-8873-8a2518349a56	024f974f-775d-4c89-aa92-1cbe2bdc5b7d	Recruitment Certification	Dicki - Wintheiser	2025-02-03 08:02:05.292	tempting_sore.jar	VRelFYzyT93b	t	\N
213f6b9b-b694-4061-9397-e32dea83432e	e7b79ecd-57a5-4078-a643-082b700e8c31	Software Development Certification	Schmeler and Sons	2025-09-05 03:07:11.838	for_brr_unless.msp	B8A2CF7fSn2O	t	\N
8e0a38e8-362c-49a0-9e7d-5c459372b9fc	7d71a3c4-47c8-485c-be4f-528bd4474313	Digital Marketing Certification	Will - Fadel	2025-07-25 00:20:35.613	an.bpk	iskvykNR8XT1	f	\N
5f33e73a-c6f8-4fbf-ab19-434b318fe8d3	7d71a3c4-47c8-485c-be4f-528bd4474313	Digital Marketing Certification	Brakus - Schmidt	2024-11-10 18:47:41.079	pfft.tar	UtC06VdCZt3y	f	\N
05e3bd24-97d0-41f0-8acf-ca3de2d19660	a7b250f8-63ed-48d8-8d9d-f3838b389cea	Data Analysis Certification	Strosin Inc	2025-05-08 22:36:32.033	accelerator.svg	hF2NsnrdLYQ0	f	\N
14809c22-2565-41d3-8c2f-c9f720ecaf7d	3a886ccd-91c2-4bf2-8151-6b61ea17351c	Business Analysis Certification	Legros - Parisian	2025-02-10 17:01:00.442	midwife_under_questioningly.boz	bHCc9qKGTCNX	t	\N
de73dc87-a8ef-4677-aff5-074e47bd65ac	2d5712cd-df92-406a-ada3-6a94e6978804	Project Management Certification	Balistreri, Casper and Hammes	2025-09-06 21:30:00.871	claw_once.mpkg	LSubKtERSlYP	f	\N
5fa5e0c0-c77f-49be-b5b7-510d324daed8	57d3fb2a-81b7-4fdb-afe2-b35631f713dc	Business Analysis Certification	Borer, Bayer and Bernhard	2024-11-03 09:59:24.492	certainly_than.mp4v	M03gbp9v6Ore	t	\N
8f74cf02-98ac-4e3e-9303-9627c75132e6	2a83d7bd-e859-4f23-b8e5-3f558e644f88	Customer Service Certification	Abernathy - Bernhard	2025-08-16 09:29:57.41	recklessly_until.tif	wYi5n7b40Mge	t	\N
113d7a61-6e69-48d1-9f6e-ad2de2ff2e37	a711d191-564e-478d-b9a7-73d4d50b427b	Software Development Certification	Kulas and Sons	2025-08-04 13:40:00.026	moment_excess_longingly.tif	wE8t1WZIlzag	f	\N
7ffb107c-d2e6-49c6-b2a6-7506809364f0	fda28d57-fb2a-4d9a-9c9c-d43fbc005b39	Software Development Certification	Cormier Group	2025-03-19 02:16:27.01	never.ttf	qykFONeTO4AV	t	\N
c778c4b0-26fe-4bd8-8976-53510e3241b2	7de22de4-6d30-422c-9ff2-fc09300373e3	Customer Service Certification	Balistreri Inc	2024-10-23 18:09:13.893	apud_unto_when.pkg	Zx4dIObLHk8a	f	\N
e320e102-c8dc-4c3b-8c8a-5e4cd6cf14cc	7de22de4-6d30-422c-9ff2-fc09300373e3	Customer Service Certification	Reichert, Raynor and Spencer	2025-09-29 03:03:54.226	and_within.wav	08uWrKluKknY	f	\N
cb9f727b-c7db-4f9d-a782-2954177b2178	9f531627-be67-4193-8a9a-960a9400cd7a	Accounting Certification	Yost Inc	2024-12-04 01:42:10.423	wisely_actually_weep.jsonld	Z7h7OmPf6ttD	f	\N
570e125a-c0c4-4b4d-8514-8c2250fc24fc	606cb6f5-6dc9-4198-b686-c31957f7f164	Customer Service Certification	Wilkinson Inc	2024-10-25 18:34:05.341	muscat.woff	dkNv9yPbWN3K	t	\N
59d1b2b0-d0ee-4398-b778-58d3d14d3607	a990dcc7-34ac-433a-9772-c7fce2888e71	Customer Service Certification	Green Inc	2025-06-19 17:37:56.044	gape_if.png	PO9QVxPLdIf2	f	\N
a82429ac-db44-4460-ac5f-d74b0d854f1b	a990dcc7-34ac-433a-9772-c7fce2888e71	Customer Service Certification	Hilll Group	2025-09-15 09:20:22.938	ordinary_for_as.tif	6NeE0Jblhx7t	f	\N
71f9227e-b356-4458-a6fc-8964668dd54f	2040e577-ffa2-4768-93a8-ea4568e4d50c	Software Development Certification	Crooks - Kuhlman	2024-11-28 09:52:55.741	weighty_uneven_quirkily.dist	EgLOuyDeW2D5	t	\N
564dbc5a-769b-4b04-b427-c5a2bfe29f42	2040e577-ffa2-4768-93a8-ea4568e4d50c	Software Development Certification	Terry - Kerluke	2025-01-30 14:39:16.771	redact_highly.xlw	FMjfIKDxFmUn	t	\N
16235809-d575-4e23-8ad6-5da14e2abed2	bc053c09-9d91-49f7-beb7-36ae23613ca0	Backend Development Certification	Boyer and Sons	2025-02-02 03:12:40.88	beneath.xsl	xJOalGcLL811	t	\N
a82fc4e6-a036-4757-902e-de8e74fd5611	da246a6f-5068-45c4-ac68-858f9604b3b0	Product Management Certification	Kemmer, Dibbert and Ratke	2025-02-19 06:29:32.755	bruised.zip	q7jaxltnYQ18	f	\N
d101db36-0fe9-4e93-89af-6dc80b914a9e	da246a6f-5068-45c4-ac68-858f9604b3b0	Product Management Certification	Lehner, Walsh and Gibson	2025-06-15 18:53:25.767	and_blank.tar	dKqUjthlZLUL	t	\N
60daa337-e468-4f62-9afd-dd6a74f58c86	d68c44c7-ce1d-4fc7-ad19-b5ad6299b3be	Customer Service Certification	Jacobs Group	2025-01-30 21:18:17.937	if_merry_um.mp2a	vgwrbmTQwSlM	f	\N
9ab15014-c010-42fe-97b1-d9f643c6e6f8	2f0761ce-2629-45f6-8255-8fd1bc2885e5	Software Development Certification	Kris and Sons	2025-01-31 09:33:44.594	reassemble_next.img	3gE9b1jMdv62	f	\N
0f8570ec-d29c-4e23-b242-5bc200f086b8	8f25c12b-e42a-4d28-8848-f2274bcee4c4	Search Engine Optimization (SEO) Certification	Feil and Sons	2025-01-02 01:11:16.408	wetly_before.ico	bloydIe44VBz	t	\N
46419981-6977-4ea2-9c1f-9925fae301e6	3db0ab0f-8290-4770-ac5c-c48ef0132e65	Customer Service Certification	Glover Inc	2024-10-21 19:54:07.355	outlandish.msm	PvhzvsWgkDM8	f	\N
\.


--
-- Data for Name: Skill; Type: TABLE DATA; Schema: public; Owner: -
--

COPY public."Skill" (id, name, slug) FROM stdin;
200	Software Development	software-development
201	Frontend Development	frontend-development
202	Backend Development	backend-development
203	Mobile App Development	mobile-app-development
204	UI/UX Design	uiux-design
205	Data Analysis	data-analysis
206	Data Science	data-science
207	Machine Learning	machine-learning
208	Cybersecurity	cybersecurity
209	Network Engineering	network-engineering
210	Cloud Computing (AWS/Azure/GCP)	cloud-computing-awsazuregcp
211	DevOps	devops
212	Database Management (SQL/NoSQL)	database-management-sqlnosql
213	Quality Assurance	quality-assurance
214	Technical Writing	technical-writing
215	Hardware Engineering	hardware-engineering
216	Accounting	accounting
217	Financial Analysis	financial-analysis
218	Auditing	auditing
219	Investment Management	investment-management
220	Risk Management	risk-management
221	Business Analysis	business-analysis
222	Project Management	project-management
223	Product Management	product-management
224	Business Strategy	business-strategy
225	Human Resources	human-resources
226	Recruitment	recruitment
227	Sales	sales
228	Business Development	business-development
229	Supply Chain Management	supply-chain-management
230	Logistics	logistics
231	Operations Management	operations-management
232	Digital Marketing	digital-marketing
233	Search Engine Optimization (SEO)	search-engine-optimization-seo
234	Content Marketing	content-marketing
235	Social Media Management	social-media-management
236	Email Marketing	email-marketing
237	Graphic Design	graphic-design
238	Brand Management	brand-management
239	Public Relations	public-relations
240	Corporate Communications	corporate-communications
241	Video Production	video-production
242	Creative Writing	creative-writing
243	Market Research	market-research
244	Customer Service	customer-service
245	Data Entry	data-entry
246	Administrative Support	administrative-support
247	Legal Compliance	legal-compliance
248	Contract Negotiation	contract-negotiation
249	Leadership	leadership
250	Team Management	team-management
251	Public Speaking	public-speaking
252	Problem Solving	problem-solving
253	Critical Thinking	critical-thinking
\.


--
-- Data for Name: CandidateSkill; Type: TABLE DATA; Schema: public; Owner: -
--

COPY public."CandidateSkill" (id, "candidateId", "skillId", level, years) FROM stdin;
bfbab456-2d7b-4788-b185-7c6a4954a5c2	8f5737c1-535d-4d86-b6f2-a27a8ce61e4f	222	3	2
987701b3-0de6-4554-bc18-d5d36d68ef50	8f5737c1-535d-4d86-b6f2-a27a8ce61e4f	227	5	2
e187e7ff-3c36-4ea8-99d1-00d54efc0400	cd7f124b-4b13-4fd1-8928-8de30a912b1c	222	5	2
ca88aaf0-b4cc-4187-b180-ee36a5aacb60	cd7f124b-4b13-4fd1-8928-8de30a912b1c	204	5	1
6d30d4bc-1fd8-458b-b936-9f071b024632	26720e5f-a1cb-4154-9232-15d9a7006457	222	5	1
7792ed96-938d-4d0a-8bca-01e0a33ee572	26720e5f-a1cb-4154-9232-15d9a7006457	250	4	2
b2476f4e-67ee-443e-8dc9-4a76129f51b5	26720e5f-a1cb-4154-9232-15d9a7006457	221	3	1
e793dc93-f33f-4688-b287-6a6897bdc3af	ba46db17-c4cd-42b5-b15b-eb26846310be	201	4	1
c62c03ca-c56b-4941-a81e-ee27140a1c4c	ba46db17-c4cd-42b5-b15b-eb26846310be	205	3	1
1b162b79-3598-429a-a76f-2545647cc446	ba46db17-c4cd-42b5-b15b-eb26846310be	202	3	1
d2217ce2-22b0-4e3f-ab20-120b7f1609b7	ba46db17-c4cd-42b5-b15b-eb26846310be	200	3	1
062f751a-05fa-40d3-b784-98ec1ab9c01b	d17cc2d0-0a44-40e0-a7e4-82f3c2238a56	222	4	1
3fe66170-da29-4aff-b86e-0dd557920337	d17cc2d0-0a44-40e0-a7e4-82f3c2238a56	200	4	2
9cfed4a8-f3b4-4473-aa14-aaffbbc2985d	bd61f5a5-dff7-474d-9cab-8075c10c9534	205	3	1
761b8f13-74b9-4793-98d0-fd8a7266bd05	bd61f5a5-dff7-474d-9cab-8075c10c9534	221	5	2
745e494b-5800-4e64-a305-4fb48fa0468a	bd61f5a5-dff7-474d-9cab-8075c10c9534	212	5	2
4637b96f-0f09-4255-9e31-aaf07a2bbff0	b21156f9-1188-4ab4-9edb-429db0b08623	233	4	2
563be966-279e-45e1-9c78-8c13bb76f1fd	b21156f9-1188-4ab4-9edb-429db0b08623	205	4	1
31a17898-2df9-408b-82bf-73a9ae58c832	b21156f9-1188-4ab4-9edb-429db0b08623	232	3	1
b4c9a2bf-dc3a-4c72-9648-6f60ed2ebed1	7e378343-ca34-4a3a-be9a-2089c3961248	204	4	3
b27f15b0-886c-488f-975b-855cfb855f0c	7e378343-ca34-4a3a-be9a-2089c3961248	200	3	2
461a4b5e-611e-4428-9b44-59cd883d9186	3931b3ec-a236-455a-b936-246c9364cb17	222	5	1
35fdde0b-ad8a-412d-8c5e-c3583109c6c1	3931b3ec-a236-455a-b936-246c9364cb17	201	4	1
a4354ff3-9f41-44fb-8e47-f4af3f416fbc	ea28e31f-a7c4-4183-beee-41b0f8487f2b	221	4	1
0f76644a-2b78-480d-b87b-e9199e5f3478	ea28e31f-a7c4-4183-beee-41b0f8487f2b	205	3	1
8d8286ca-4c57-43ea-acab-2bb47a4e5951	ea28e31f-a7c4-4183-beee-41b0f8487f2b	200	4	2
98e62a68-a197-4f47-be11-2b58399fcf6b	e039118f-1ef1-41f2-860b-9b1482b925ae	223	5	1
311447b6-dd11-490e-b6c2-9294eddb2856	e039118f-1ef1-41f2-860b-9b1482b925ae	221	5	2
b58d9ffb-c758-4b17-b0d7-796c82d1c6dc	4d2e4083-1c8a-4cb4-9059-684f4261022f	244	3	2
6f8e1920-8422-413f-9e95-e986dd0f3956	4d2e4083-1c8a-4cb4-9059-684f4261022f	222	3	1
7f084d57-cb0e-4bb3-8052-550dabcec565	4d2e4083-1c8a-4cb4-9059-684f4261022f	223	4	2
2091751e-d506-4457-9d72-b21976046921	abb6fc07-327d-4590-a795-774429dbe67e	200	3	1
5631285b-89bf-4137-84cf-ea7d5036f0c0	abb6fc07-327d-4590-a795-774429dbe67e	202	3	1
303b4457-b3e4-44b1-8cde-f56975d600db	61f3966b-88e0-4cf2-a5a9-563230f6ef91	205	5	3
ec176098-c81c-4b79-8961-e710b4d709d8	61f3966b-88e0-4cf2-a5a9-563230f6ef91	221	4	3
d1313637-95e5-44b6-810c-3cb5d537fd26	db3dd493-17a1-4d47-855c-d4f83070a9d6	204	3	2
a8d26dad-2434-40eb-85fa-aa2353eeeedc	db3dd493-17a1-4d47-855c-d4f83070a9d6	222	5	1
2859618e-0b49-478f-92da-5cc2530fc8ca	db3dd493-17a1-4d47-855c-d4f83070a9d6	201	5	1
05422c4e-a8f9-4582-bc0f-9c22de7f160d	db3dd493-17a1-4d47-855c-d4f83070a9d6	200	3	1
da9d125d-6598-4096-ba5c-04518bafd42e	5ac36618-0f3b-44aa-812d-801f86fef18b	202	3	4
70cf51d8-f064-4d02-86c4-e19545b1b4c5	5ac36618-0f3b-44aa-812d-801f86fef18b	201	5	5
56ffa12e-1617-457d-9b89-50486d040ad3	5ac36618-0f3b-44aa-812d-801f86fef18b	205	3	5
9e9312bc-925c-47bb-abca-d176b79320d8	5ac36618-0f3b-44aa-812d-801f86fef18b	200	5	3
490b3d1f-ebc5-4e68-8af2-a74b9fc2bc76	12f6b2e0-b91a-48ad-9331-b34d3ccca82a	204	3	2
eb2fbd6f-86cb-47c4-92a4-d9af17719dc8	12f6b2e0-b91a-48ad-9331-b34d3ccca82a	201	3	2
c999146a-ca86-4171-986a-bb0e5ea0b0b4	12f6b2e0-b91a-48ad-9331-b34d3ccca82a	200	4	1
ae5ac22f-4399-4d77-b825-745172e20294	12f6b2e0-b91a-48ad-9331-b34d3ccca82a	222	3	1
0afcffcc-c177-44ea-991b-00c046626815	7ba7ad8b-afd2-4b5c-a760-5bead199f982	205	3	1
b6e8485b-5aed-4125-b10b-3202c7a422dd	7ba7ad8b-afd2-4b5c-a760-5bead199f982	218	5	2
ba64898e-363f-43e2-ac6f-fe2711ce8cd5	7ba7ad8b-afd2-4b5c-a760-5bead199f982	217	3	2
321ed175-9d09-4b2b-8d6d-16573c9574e0	7ba7ad8b-afd2-4b5c-a760-5bead199f982	216	5	1
3b28d7d5-f300-42b5-aa20-260f47f72a4e	8ced66b9-598d-4c38-a296-6d8afbc2fc21	200	3	3
6e19b2e2-66b8-4adf-a9c8-d5bc333fb2cc	8ced66b9-598d-4c38-a296-6d8afbc2fc21	205	3	2
9b9ad23e-5e26-48a2-920a-859b38576237	037aa7ce-c47e-4cd1-97ba-5a905197aa06	226	3	3
bb8207a7-2328-41dd-899a-26fd6422029a	037aa7ce-c47e-4cd1-97ba-5a905197aa06	244	4	2
3992105c-cb8d-4d1a-8e3a-677852f3761a	037aa7ce-c47e-4cd1-97ba-5a905197aa06	222	5	3
f320602c-db19-4305-8c0d-2514790de75e	037aa7ce-c47e-4cd1-97ba-5a905197aa06	225	5	3
15a82e78-175b-4f69-a5dd-c68546e93e95	7973ab07-d51f-4f2f-91d5-e7e1e6aec3af	223	5	2
f153dd8f-ef22-4c97-98e3-418b0be2d7b0	7973ab07-d51f-4f2f-91d5-e7e1e6aec3af	250	4	4
d8804853-a935-4db3-8274-f29364060f3c	7973ab07-d51f-4f2f-91d5-e7e1e6aec3af	244	3	3
dcb5a431-5d88-4a07-a116-63b079fdf830	7973ab07-d51f-4f2f-91d5-e7e1e6aec3af	221	3	4
20c914bf-77a4-4978-9e3c-9ce481b58942	8824c579-23c5-4b4f-bd02-5f9c11056c2f	227	5	4
e2d59387-ca49-4166-b76d-b9b8c9720140	8824c579-23c5-4b4f-bd02-5f9c11056c2f	222	5	4
e663e746-e1f1-439c-aa33-f45594992cf8	8824c579-23c5-4b4f-bd02-5f9c11056c2f	233	4	4
886316b6-5b30-4fa3-aef4-c426e0fd1228	fd38bd3f-d7e1-400e-97bb-14dde429a4cd	222	4	2
6f8c1ce0-503d-45a2-88f0-9eb8d9d57d62	fd38bd3f-d7e1-400e-97bb-14dde429a4cd	244	5	2
7c2f43a3-55ce-4394-a2cb-020ba6b664cc	fd38bd3f-d7e1-400e-97bb-14dde429a4cd	223	5	2
f1ee9854-e582-47f1-ab36-24fb034ab10c	50cbf93e-f94e-4493-8d36-74e6584cdd02	201	4	4
733704d9-227a-417b-bf3a-b3da16c3b316	50cbf93e-f94e-4493-8d36-74e6584cdd02	204	4	3
9337fc90-4ea0-4f1d-bfe8-9aeca50b55bc	33aba176-cfe9-48b8-8f62-ebec41805c98	205	5	2
6e791031-c31e-4a2e-94a8-801edcc83948	33aba176-cfe9-48b8-8f62-ebec41805c98	200	5	2
9a51eca1-780d-4b92-a654-9d253821e953	33aba176-cfe9-48b8-8f62-ebec41805c98	222	5	2
ad545e8c-04b6-4f48-8040-312d0b439b4b	35cce8d5-2a33-498f-ad9d-dee7c29828fa	221	3	2
fe2347d5-e116-4d28-9dfa-53eb7590b26c	35cce8d5-2a33-498f-ad9d-dee7c29828fa	212	5	2
55d79a42-8fad-4b24-acdc-420fe742790c	35cce8d5-2a33-498f-ad9d-dee7c29828fa	200	5	3
6bbee9dd-c266-453a-9f06-8edbc98a38b2	35cce8d5-2a33-498f-ad9d-dee7c29828fa	205	3	3
4d1ab14c-505e-4a55-bf4b-640bbe92e7f1	6c82ea2f-22f0-4dde-8447-944275fafc0c	221	4	1
8c302578-c210-45e4-813c-1691ea44f0e3	6c82ea2f-22f0-4dde-8447-944275fafc0c	205	4	1
42c96bdf-b653-4bf5-9356-8627afdb2208	6c82ea2f-22f0-4dde-8447-944275fafc0c	200	3	2
b2c583b6-c750-4ff8-90a4-a93af8b2a2ff	fb331e48-8cc8-4365-8056-28757c252c21	226	5	2
d0bebc68-cae8-45cb-b7a7-556ca5d84bf4	fb331e48-8cc8-4365-8056-28757c252c21	244	4	2
b7d2b0a8-2750-4e45-b1ae-d313608a7261	fb331e48-8cc8-4365-8056-28757c252c21	222	3	2
437d5f8a-51cd-4f38-8b42-0c93fd8fd4eb	d8b4a64d-9f67-4f6b-9303-1a266a1e5c9b	205	4	3
cdb861a1-c4c9-45cc-a9ab-a2ab3ed8fff7	d8b4a64d-9f67-4f6b-9303-1a266a1e5c9b	201	3	1
1ba1e70e-c216-4e63-b5ab-e859bd561365	f378363c-58cf-4842-b51f-8d2ab99ebab4	212	5	2
6c28a17d-db01-4426-8534-180fae9fb15f	f378363c-58cf-4842-b51f-8d2ab99ebab4	221	3	2
f4c79af7-f8ce-4ee1-83f8-35213e7ec7be	f378363c-58cf-4842-b51f-8d2ab99ebab4	205	4	1
6b1a7abc-e1fd-4dfb-963d-b8e004ff7ffc	cfb8bc9f-2834-4b01-a5f2-6296abfd69ca	201	5	2
b0751fd4-6ab8-45ca-bc92-a5a5cd30d6df	cfb8bc9f-2834-4b01-a5f2-6296abfd69ca	222	3	1
d3ed3ae1-6753-419d-883e-5e1830ad52a6	4de3b358-e488-442b-80e2-0e729327086a	244	3	1
7a989a93-1763-485c-b68d-41af040c8b96	4de3b358-e488-442b-80e2-0e729327086a	250	3	4
eff95a9b-ca84-4b08-a6c8-eed2c14f4349	200cd096-627a-44b6-9a8c-7ac2ac59d5f1	200	4	2
b03cc54a-b266-4ea4-ac20-d73d988b7928	200cd096-627a-44b6-9a8c-7ac2ac59d5f1	222	5	3
78710468-f48a-48ae-8d0c-f20ca4dbb1a4	fdd6fd23-af28-472a-a1e3-1c65fd8cf6df	200	3	2
445b32a6-f0cc-4329-a67d-cecb90ba2b74	fdd6fd23-af28-472a-a1e3-1c65fd8cf6df	212	3	2
6ba98a6a-d897-4527-ab79-acb9b9b6d18b	6f2fc918-ba6d-4910-88b9-a8812658dd76	233	4	2
24752056-3a61-4fee-81f7-ca4cce92ee9f	6f2fc918-ba6d-4910-88b9-a8812658dd76	227	5	2
38d496aa-1572-4cf9-941d-ff37b9cd01da	6f2fc918-ba6d-4910-88b9-a8812658dd76	222	4	1
ce1f490c-1fff-464d-acf2-1e9f808e9314	3549d64e-a3fc-4e5a-91a5-9d8246c6390f	200	3	1
37636e01-7601-4d9d-b407-4cdbf0e4ddd7	3549d64e-a3fc-4e5a-91a5-9d8246c6390f	212	3	2
f84a74c0-9243-4da4-aed9-fcc52e089b6e	9d569083-7e3b-42a9-b9ed-a10a12641f8c	200	4	2
b2d6ba97-906b-4437-95d2-489065015376	9d569083-7e3b-42a9-b9ed-a10a12641f8c	221	5	1
95ccb525-a80b-4e53-85af-356cb0477360	9d569083-7e3b-42a9-b9ed-a10a12641f8c	212	4	1
7699eb5e-bfa9-410c-92e8-1cae3e5edc3d	3861d479-8b19-40f9-a919-02b2e362ad92	222	4	1
5a1288bc-0872-48b4-acf3-a8577ed07360	3861d479-8b19-40f9-a919-02b2e362ad92	232	3	1
287ed8a5-b430-414a-a400-765716a30551	3861d479-8b19-40f9-a919-02b2e362ad92	205	3	1
b84cf3f7-07c4-4ba5-a2ed-cfb326848951	3861d479-8b19-40f9-a919-02b2e362ad92	227	5	2
6cf4e85e-219c-4321-a4a9-6c632c38c6e4	ce67e3bb-70ce-41c1-84d0-db2132fec30f	233	4	2
6858950e-1708-4fea-be5a-a6b4d08a4e3b	ce67e3bb-70ce-41c1-84d0-db2132fec30f	205	5	1
5200fd5d-4302-4ee6-a317-c37bf794c4f2	2549315c-952f-4cbc-9c4a-e9ed3c895ade	205	4	1
79c0dcca-b4c6-4430-8810-df46f09443e8	2549315c-952f-4cbc-9c4a-e9ed3c895ade	200	3	1
00cfaf52-f6ac-4568-b388-53a3c756f4b9	2549315c-952f-4cbc-9c4a-e9ed3c895ade	202	4	2
45aa36d7-67d8-4c6e-adec-34a59f7cf317	47408cd2-3d60-4568-beac-3bedc2f9e43c	222	4	3
913a3cc3-ab84-4e83-aa84-897f078a1135	47408cd2-3d60-4568-beac-3bedc2f9e43c	201	5	3
a47e0373-c624-492f-a634-08c3adb391d4	a6750810-2200-4f04-82a4-d09fb400bc31	212	5	1
2e5d49d3-1973-45fb-823e-98fc7cba4e4b	a6750810-2200-4f04-82a4-d09fb400bc31	205	3	3
9175159a-c7e9-4589-a9a2-f7c6b43492e2	a6750810-2200-4f04-82a4-d09fb400bc31	221	4	2
2e54387a-2fd2-4b01-8829-8e7cd54fc7cc	218a39e0-c983-4d8b-89d2-6f5c4430ab4b	201	4	2
675b4e15-a8c0-461e-b587-832c8eaf6b5e	218a39e0-c983-4d8b-89d2-6f5c4430ab4b	204	3	2
873f0c70-6b96-4a2b-be48-a5d54e1bf1c7	218a39e0-c983-4d8b-89d2-6f5c4430ab4b	200	4	1
636c0aa1-41ac-4918-96c2-b9222121d644	1cfd85fd-1297-4222-814c-47d52c447ae8	244	3	2
7e17978b-2cdd-4396-9bf9-5f50559f6b14	1cfd85fd-1297-4222-814c-47d52c447ae8	225	3	1
d5bc0b76-8313-42e1-8bf1-7367587c63aa	1cfd85fd-1297-4222-814c-47d52c447ae8	226	4	1
6d1c22d0-7773-491c-b30e-775d833f14ec	cbfc7be2-ce15-40d0-8ebc-a3d83e306072	227	3	3
f487dbd7-c833-49f7-a662-1592b16b4a34	cbfc7be2-ce15-40d0-8ebc-a3d83e306072	233	3	1
cf1b8ed8-81a3-44d9-a4c7-159e1cc448e5	140ff36d-5a36-4f7d-8155-c1a0159ffe61	205	5	2
ceecb916-5d5e-480f-8551-cc9f100bf95d	140ff36d-5a36-4f7d-8155-c1a0159ffe61	227	5	1
f192bf1b-974d-454b-9b38-ca6ad96846ff	140ff36d-5a36-4f7d-8155-c1a0159ffe61	232	5	1
8b47e312-8dac-4b09-b1c3-ddc6fed7026a	140ff36d-5a36-4f7d-8155-c1a0159ffe61	233	4	2
5bab8828-2897-45b1-9abd-37b6d879f633	fade4d92-513f-4eec-adeb-3199390d0b44	250	3	2
ed0cd985-0e0f-4230-bf70-33b5d5f6b803	fade4d92-513f-4eec-adeb-3199390d0b44	222	5	2
18c400bf-32bf-43db-85d2-11759a5e8191	fade4d92-513f-4eec-adeb-3199390d0b44	221	4	1
84d43cd7-651f-4164-94b1-9386ac3a5b8b	fade4d92-513f-4eec-adeb-3199390d0b44	223	3	1
c521fd36-ca61-45d4-9795-c2739674b4ed	0ea35560-5e85-478b-8880-0c8db2b97c38	221	5	1
17eaa6f1-d824-44df-8297-179a51517f27	0ea35560-5e85-478b-8880-0c8db2b97c38	212	3	1
0c8dc367-71c7-45d2-a2d5-1c34b22cee8e	0ea35560-5e85-478b-8880-0c8db2b97c38	205	5	2
6ffb8dc5-ed79-4804-8551-467e27a47445	0ea35560-5e85-478b-8880-0c8db2b97c38	200	3	1
a049b4c9-5d39-4e4f-9540-eb5621b6a94a	2d0d8c79-ec1a-40a4-83c1-e1e8e84c1eb0	200	5	1
7b0b9074-7965-46ce-a2ec-d622ec4edafa	2d0d8c79-ec1a-40a4-83c1-e1e8e84c1eb0	222	3	3
59c564fa-1e87-47f1-a756-9155353617ec	2d0d8c79-ec1a-40a4-83c1-e1e8e84c1eb0	201	4	3
5ea30098-cf1d-41a0-bab5-0fe1c8610341	72b1817c-33f5-44c4-9ad7-637f321d51e6	221	4	6
3230102e-c444-408c-b49c-c61a68743e99	72b1817c-33f5-44c4-9ad7-637f321d51e6	217	4	4
937523ed-14da-4350-9745-4b4a8d6ede21	72b1817c-33f5-44c4-9ad7-637f321d51e6	218	4	8
4d436d62-b23f-424a-84cc-56c2e8c1a08b	72b1817c-33f5-44c4-9ad7-637f321d51e6	205	4	9
aee8f472-d354-47e0-bef4-de6cfd548124	c10aa4f4-53ec-46f7-9367-a8cdc9002ba5	222	3	3
59797c3b-bf27-40db-9da0-9ea6c9b6f345	c10aa4f4-53ec-46f7-9367-a8cdc9002ba5	250	4	2
b8605afc-4804-451f-9f34-4c7b5731baff	c10aa4f4-53ec-46f7-9367-a8cdc9002ba5	244	4	3
276208d7-f148-4bb4-a2cc-5e5d8f11077d	c10aa4f4-53ec-46f7-9367-a8cdc9002ba5	221	5	3
f23e6a96-9c22-4824-ad83-0ba4333ca7a2	afafa09c-54e7-4fb5-b93d-72567ce63e7e	222	4	2
a2d10ee5-1458-435e-b094-43dae205cecf	afafa09c-54e7-4fb5-b93d-72567ce63e7e	226	4	1
8ca43b84-64c6-456a-8846-6af19c28a21f	afafa09c-54e7-4fb5-b93d-72567ce63e7e	225	5	2
36827913-2988-4641-bba6-c19bb975b424	eae23c72-b092-4718-b36a-dad5469b2075	221	4	1
e2b92449-b798-488b-96fa-bdba28e192ca	eae23c72-b092-4718-b36a-dad5469b2075	244	4	1
c011cacf-eac0-412c-b972-a40f0e590364	b379ad58-2704-454a-83eb-d6453048d11e	204	3	3
96e7bae0-4689-4559-b5d4-e9d98c4ca695	b379ad58-2704-454a-83eb-d6453048d11e	201	4	2
264e0a5b-8436-4e22-8693-6baa8ddbe708	0939e3b5-36cb-44d9-9e9a-f70bbed5bd60	201	3	2
655989aa-653c-4a76-8f50-4f564cb9e19d	0939e3b5-36cb-44d9-9e9a-f70bbed5bd60	202	5	2
836e9dd8-8dcc-4808-8bab-868fdb3b6736	0939e3b5-36cb-44d9-9e9a-f70bbed5bd60	205	4	1
14815a60-df1f-4a7e-975b-cadae18387d3	22af8b6b-293b-4de6-926b-d8833f162af0	204	4	2
66ec3dc0-d8eb-4f16-900d-004430e2e58e	22af8b6b-293b-4de6-926b-d8833f162af0	201	4	2
bec15577-ade2-4925-bb1a-15a5a9389607	22af8b6b-293b-4de6-926b-d8833f162af0	200	5	1
ebfcb147-d82c-4b8b-8aa8-add88a8f0872	069e67a5-3f39-4b92-aca3-ce394a24a76c	205	4	1
3123af37-5c2d-45c4-9aa1-5eafedb0c1a2	069e67a5-3f39-4b92-aca3-ce394a24a76c	200	4	1
3e3c5769-f3fa-46cd-a0ce-550449dd1107	069e67a5-3f39-4b92-aca3-ce394a24a76c	201	3	1
57190a24-71d5-4bb7-8d06-0e4b08f04df5	4ffe1be4-77d1-4b27-9714-fffc0e2492c5	200	5	1
a1bd8633-eb29-4cbc-91d0-8376251cd83c	4ffe1be4-77d1-4b27-9714-fffc0e2492c5	201	3	2
6cbd2e41-0cd8-4526-821f-4417da17e443	565c06d6-7f63-45d1-96b5-c84cef93ec0c	212	3	3
381ae932-2dc8-4156-9a48-b082ead252f7	565c06d6-7f63-45d1-96b5-c84cef93ec0c	205	3	3
44a7490f-e990-4369-acab-6bdd1f4fe897	370f44d2-5777-4a62-91e8-f8673b10e320	200	4	2
dc78f78d-c859-4953-b4d9-66f959d1788f	370f44d2-5777-4a62-91e8-f8673b10e320	205	5	1
223a2779-45f5-4f5e-8e45-de39d2b056f9	370f44d2-5777-4a62-91e8-f8673b10e320	212	5	1
3f1b31d7-3af4-4ff2-9a95-24db8e985aba	f35b79b3-a43a-4aef-aa00-a855e625b689	221	4	2
2bd13a83-a1dc-448e-84f2-3820e202144f	f35b79b3-a43a-4aef-aa00-a855e625b689	217	5	1
ebe1fead-7b9e-43bc-b919-ad981cb3fe47	f35b79b3-a43a-4aef-aa00-a855e625b689	205	4	2
4d501bd9-c90b-4a82-9faf-2d5344950f26	b0d45dea-33da-4469-b881-1a407fd76a7c	204	4	1
b099d6b5-b995-49e7-9695-96edc51d085c	b0d45dea-33da-4469-b881-1a407fd76a7c	222	4	2
24b6519b-0975-4003-96d1-7e996f4192f6	b0d45dea-33da-4469-b881-1a407fd76a7c	201	4	2
e9200150-99b4-407d-9797-0a1eaef7ab1c	b0d45dea-33da-4469-b881-1a407fd76a7c	200	5	1
247b541e-3ea1-4d7b-b479-8aafddc1e3ca	00576537-9d89-47cf-b826-4851a02098d9	221	5	5
e8df186e-d654-43be-b1c9-80d5a2a8f6e1	00576537-9d89-47cf-b826-4851a02098d9	216	3	5
5f8e5431-dce2-4e38-bfbc-6dfa04fff011	00576537-9d89-47cf-b826-4851a02098d9	218	3	4
ce0c9011-4cc1-41ce-b11c-2bcd743b1c9e	5034a509-ce95-478e-aa32-50d488824d43	212	4	4
b52cc96c-720d-4109-be91-81bfd05418c2	5034a509-ce95-478e-aa32-50d488824d43	200	3	2
7ab84eeb-883b-4521-a89f-b4bb2495230f	5034a509-ce95-478e-aa32-50d488824d43	221	3	2
6f551f41-98df-4650-9eec-8eb321db6ed9	5d0382d0-3b14-4d4b-90da-081462adef0a	200	5	1
6f51fb4b-60dd-492b-8501-397bc2a92d1f	5d0382d0-3b14-4d4b-90da-081462adef0a	212	5	2
c1eebf28-5de1-4a5b-b401-ee40bcd36028	5d0382d0-3b14-4d4b-90da-081462adef0a	205	3	1
ea9578cd-71c4-41a0-9550-2d223820e414	5d0382d0-3b14-4d4b-90da-081462adef0a	221	3	2
39c86387-77a9-4854-a564-9b75194d7c22	fb31c79f-9b91-47f9-af77-e6830d4e6dd3	204	4	1
23dfb47e-0978-4520-86e3-60afd5c3cae8	fb31c79f-9b91-47f9-af77-e6830d4e6dd3	201	3	1
54f2bd96-d2e9-48ca-95a4-9c487bdf2d43	fb31c79f-9b91-47f9-af77-e6830d4e6dd3	200	4	2
644cf22e-172f-4a0c-b3f4-d3045abd787f	66e6b376-35c3-45d7-95de-ae597f2ccd61	205	4	3
53844feb-0fa6-4587-a946-228fecbdab9f	66e6b376-35c3-45d7-95de-ae597f2ccd61	227	4	2
5d0720b6-502f-4aab-8b00-1072841250b4	66e6b376-35c3-45d7-95de-ae597f2ccd61	222	4	1
81dce0d7-b126-4998-9cf6-301481c707ce	2ad8bd28-9b3b-496e-a212-fa8cba963cbf	222	5	2
99ace3a3-899c-496b-914b-894eafcc6847	2ad8bd28-9b3b-496e-a212-fa8cba963cbf	227	3	1
77808aac-abb5-474f-bc86-f78dad86d319	2ad8bd28-9b3b-496e-a212-fa8cba963cbf	232	3	2
1f4cf741-93d2-4ce7-90f6-341a0bd8978e	be0be8e4-eae8-49cb-897f-e3d5d955affa	222	4	2
e8672b44-4cec-4f31-b7cc-6ee3aaa77793	be0be8e4-eae8-49cb-897f-e3d5d955affa	250	3	3
566d9317-001f-4bee-ac59-badb4cc05f2c	be0be8e4-eae8-49cb-897f-e3d5d955affa	244	4	3
f78f17f5-2dde-4fb8-88e6-3abdfbcb9343	be0be8e4-eae8-49cb-897f-e3d5d955affa	223	4	1
5ba700f9-7aa8-4d25-b7a6-71a32faa837c	024f974f-775d-4c89-aa92-1cbe2bdc5b7d	244	3	1
24ccf32a-9377-4166-bb74-69bd4e8e3576	024f974f-775d-4c89-aa92-1cbe2bdc5b7d	222	3	1
ee6e119d-cf45-4870-b71d-a669f176345a	024f974f-775d-4c89-aa92-1cbe2bdc5b7d	226	5	2
ed87c9ab-14ce-4887-93bc-6d2290f712a2	a732da56-b4b8-4aa4-b89c-caeaa0d92950	200	3	3
99459d4c-ad97-4c3d-8ee0-3a47e76b4d55	a732da56-b4b8-4aa4-b89c-caeaa0d92950	201	4	2
5fb6611b-4484-45fc-ab71-9b171eb85a29	a732da56-b4b8-4aa4-b89c-caeaa0d92950	222	4	1
c7b4a437-2329-4aa8-8d5b-a900e1fc4457	a732da56-b4b8-4aa4-b89c-caeaa0d92950	202	4	1
d55585ae-a732-44fe-9b20-8149340e6c0f	a9b688f2-43a4-4ee2-a97f-edec8391bdc2	222	4	2
d19dce2e-a3f1-4cc8-ab1f-89e86152da0a	a9b688f2-43a4-4ee2-a97f-edec8391bdc2	200	3	1
d59063ae-fdfd-437e-b164-d8104a9aeb55	e7b79ecd-57a5-4078-a643-082b700e8c31	205	3	2
f502b5d0-7015-4e1b-87eb-62d6bbb2b62f	e7b79ecd-57a5-4078-a643-082b700e8c31	222	5	2
73293d0c-5d77-4d8c-a021-9d9bf614779e	e7b79ecd-57a5-4078-a643-082b700e8c31	201	5	2
0d888898-0432-4ffc-9154-5971a1f36688	e7b79ecd-57a5-4078-a643-082b700e8c31	200	3	1
e1f31029-d515-4e96-92db-6d7526ff2533	7d71a3c4-47c8-485c-be4f-528bd4474313	227	4	2
aaa56e53-2471-45c5-8b4c-d8eac8519684	7d71a3c4-47c8-485c-be4f-528bd4474313	232	5	1
8cd0e656-1e14-47b5-bed2-c3265b8fb2ba	a7b250f8-63ed-48d8-8d9d-f3838b389cea	216	4	2
25fc4a5f-bb12-434b-a8f1-c20a879b8889	a7b250f8-63ed-48d8-8d9d-f3838b389cea	217	4	2
27cbe72f-70bb-4b57-8a56-1af46f444506	a7b250f8-63ed-48d8-8d9d-f3838b389cea	221	5	1
5c3e21d5-b194-4bd6-bd9f-af41e72031b0	a7b250f8-63ed-48d8-8d9d-f3838b389cea	205	4	1
661cfcbb-ca21-4bbc-9f53-e6e7d28a30f2	7404c0e6-9a55-4553-8c78-6bf862612af9	232	4	1
f2ce4bc5-79e1-49f4-b507-2dbfdd3a7664	7404c0e6-9a55-4553-8c78-6bf862612af9	205	3	2
eac24c64-e0fc-4cbe-a7db-2fd181dabbe1	cda69bf4-a37e-4762-9359-ff195a119d1b	226	4	2
0056b957-8ef9-4744-a07e-d16d020f6754	cda69bf4-a37e-4762-9359-ff195a119d1b	225	5	1
0a7522d6-ee55-4979-8d32-6d97886daca8	cda69bf4-a37e-4762-9359-ff195a119d1b	244	3	1
deb08a12-3a54-4a56-a64d-c2b0ca291971	cda69bf4-a37e-4762-9359-ff195a119d1b	222	4	1
3416c935-acb5-4d75-873b-35701b6641c6	3a886ccd-91c2-4bf2-8151-6b61ea17351c	212	4	1
e60d982e-cc61-4e48-89ec-5888f37af9df	3a886ccd-91c2-4bf2-8151-6b61ea17351c	205	4	1
86debb1e-ceb7-4630-ac15-f541a1481bea	3a886ccd-91c2-4bf2-8151-6b61ea17351c	200	5	1
70b34d77-d5a4-4a7e-8193-dc9ccab1a4a6	d2dd0df9-419c-4b63-b812-498dbef1c504	204	5	1
85b269bd-c9a7-47df-af7b-899b9d97b45c	d2dd0df9-419c-4b63-b812-498dbef1c504	201	3	1
2c551a14-8fb1-46d5-bd68-f06d0cbcc353	2d5712cd-df92-406a-ada3-6a94e6978804	244	5	2
c71cb066-ca4c-4bd1-8bf5-18caf4ad4018	2d5712cd-df92-406a-ada3-6a94e6978804	250	5	1
ae3238c6-e95b-4197-8db3-3a51e999df34	57d3fb2a-81b7-4fdb-afe2-b35631f713dc	218	5	2
16935ff2-ffba-4cdc-b177-6dcfcf3e201f	57d3fb2a-81b7-4fdb-afe2-b35631f713dc	216	4	2
edb35bed-4d1b-4197-a29a-72ffb625b085	57d3fb2a-81b7-4fdb-afe2-b35631f713dc	217	5	2
28003a91-8979-48b9-a056-718044667365	57d3fb2a-81b7-4fdb-afe2-b35631f713dc	205	3	2
9583bf0a-46b6-41e5-8504-d4c3c058f5d6	2a83d7bd-e859-4f23-b8e5-3f558e644f88	225	4	2
2cdbaaa3-115c-4018-a0bf-e9f25844d298	2a83d7bd-e859-4f23-b8e5-3f558e644f88	244	3	2
96247712-b581-489c-8e15-08f9838877ac	2a83d7bd-e859-4f23-b8e5-3f558e644f88	222	5	1
3b582638-3b13-46fb-8d79-d39be44b67a7	a711d191-564e-478d-b9a7-73d4d50b427b	212	3	1
903d606d-2b9d-44b9-8eda-2f797f61fbc3	a711d191-564e-478d-b9a7-73d4d50b427b	205	4	2
6bc035f4-47f0-4076-94ce-7b123e05ec8f	a711d191-564e-478d-b9a7-73d4d50b427b	221	4	2
b1bfa27f-2a11-4996-a4ec-aa9e6f00274c	ad1f53dd-30de-4a4a-8f5b-4c4976e39ce6	222	3	1
b810d69d-1768-42c0-a288-1863900bb069	ad1f53dd-30de-4a4a-8f5b-4c4976e39ce6	200	5	1
0ab8a257-5146-42c6-8c12-c39bdf22d3db	ad1f53dd-30de-4a4a-8f5b-4c4976e39ce6	204	4	2
716060ca-7a8f-45be-83d3-275023afd75a	ffa1f54c-0b64-4d46-89c7-c571ae6e6a7e	222	5	2
67085540-5610-426a-bef5-ef74cc678dd6	ffa1f54c-0b64-4d46-89c7-c571ae6e6a7e	225	4	1
dc695bf4-b8a3-422d-93df-effd6696dd7b	ffa1f54c-0b64-4d46-89c7-c571ae6e6a7e	244	5	2
a3e611eb-e945-4e9f-af5e-5a4c8564b749	fda28d57-fb2a-4d9a-9c9c-d43fbc005b39	221	3	3
efb42a91-2241-47fe-a3ce-ebdc81eb4acf	fda28d57-fb2a-4d9a-9c9c-d43fbc005b39	205	3	2
bf26eb8e-f396-41e2-96ba-d72f9127b069	fda28d57-fb2a-4d9a-9c9c-d43fbc005b39	200	4	1
b0aec3ad-c086-4b80-b122-8c0dfa10ecba	fda28d57-fb2a-4d9a-9c9c-d43fbc005b39	212	3	2
bcde6c8e-ef4a-4ac3-8e2e-b09ac9e7ac6e	7de22de4-6d30-422c-9ff2-fc09300373e3	250	3	2
4814a6bd-790e-4424-a751-589f9d9abee5	7de22de4-6d30-422c-9ff2-fc09300373e3	244	5	1
49911427-79d7-4951-aaff-c2da0d3ca6f9	9f531627-be67-4193-8a9a-960a9400cd7a	205	3	2
e5f0f86c-01e1-4ad4-b7dc-da87b2283810	9f531627-be67-4193-8a9a-960a9400cd7a	216	5	1
cd05befe-8886-462b-93f2-6ba8ae0ab1ec	739f040f-8998-430a-9a14-06ba7f7bd3bf	212	3	3
46bc8e60-3d93-440d-b2db-f9856e684e2f	739f040f-8998-430a-9a14-06ba7f7bd3bf	200	3	2
e5759713-8e0f-4908-baec-58e4d444e35c	739f040f-8998-430a-9a14-06ba7f7bd3bf	205	5	1
045c0658-0ee9-4c5f-bfd0-ede3de93df78	739f040f-8998-430a-9a14-06ba7f7bd3bf	221	5	2
510c1eaa-6bb6-4139-9733-7e0827add64e	606cb6f5-6dc9-4198-b686-c31957f7f164	226	5	2
cd88e899-3ff6-4579-ad21-2e5970662ac5	606cb6f5-6dc9-4198-b686-c31957f7f164	225	5	1
8dcabe7d-64d3-4910-baa1-bd714becdffd	a990dcc7-34ac-433a-9772-c7fce2888e71	226	5	2
72cf327b-321c-4a5b-b71d-2ac73a0f9ed5	a990dcc7-34ac-433a-9772-c7fce2888e71	225	5	1
b0c4f20e-ecb4-4306-b103-71a2ad778e7d	a990dcc7-34ac-433a-9772-c7fce2888e71	222	3	2
5cc551e2-26d2-4a5d-9ee9-76e7c0d6b301	2040e577-ffa2-4768-93a8-ea4568e4d50c	221	4	2
12b539ce-44bf-421c-a07e-ab09eb62cd5d	2040e577-ffa2-4768-93a8-ea4568e4d50c	200	4	2
09d20424-2274-4fe8-b638-668b34f4da41	bc053c09-9d91-49f7-beb7-36ae23613ca0	222	3	3
75d5ce5d-09ea-4858-a623-f8185bc17835	bc053c09-9d91-49f7-beb7-36ae23613ca0	202	3	4
f875ab70-9131-4457-8696-e27b6ee72c66	bc053c09-9d91-49f7-beb7-36ae23613ca0	200	4	4
d7c40023-c383-44a3-ac43-3a738332422b	bc053c09-9d91-49f7-beb7-36ae23613ca0	205	3	4
fba8359b-e464-4b4a-a821-d6b859878782	8d74ab50-e54f-496a-bc68-0080dd6ca47b	217	3	1
810cd40b-2cda-4466-b1aa-e866927045f4	8d74ab50-e54f-496a-bc68-0080dd6ca47b	221	4	1
71b298d2-9cfe-4b02-b6be-ea138bea1ea7	da246a6f-5068-45c4-ac68-858f9604b3b0	250	5	1
12d96056-9865-4d1c-8267-5ba029772d0e	da246a6f-5068-45c4-ac68-858f9604b3b0	223	3	1
465b21bb-6f91-4182-9c86-73a04cbcb8d8	da246a6f-5068-45c4-ac68-858f9604b3b0	222	3	1
9dc06904-5c63-45fe-a7a0-adadec2567c4	da246a6f-5068-45c4-ac68-858f9604b3b0	244	4	2
51db243f-3a8a-47c3-b25f-78f11c4791d9	4dd5d1ab-9d7c-440e-963b-e4233837cc08	200	5	1
64c72ee4-120e-4c7b-9c12-9aa1b3d74c8f	4dd5d1ab-9d7c-440e-963b-e4233837cc08	212	3	1
c105ecfe-33bd-4dc1-8906-eb031f82400d	4dd5d1ab-9d7c-440e-963b-e4233837cc08	205	4	1
410f611c-e24e-4423-89fc-18c60169553a	4dd5d1ab-9d7c-440e-963b-e4233837cc08	221	5	2
db147c57-bc24-47fe-a388-e4a6f2c86ae0	d68c44c7-ce1d-4fc7-ad19-b5ad6299b3be	244	3	1
12728503-0954-474c-8f49-7062b4dd4333	d68c44c7-ce1d-4fc7-ad19-b5ad6299b3be	250	4	1
32c7b32e-2095-4ee6-b83e-acf2e3b722c9	d68c44c7-ce1d-4fc7-ad19-b5ad6299b3be	222	4	2
0c9aef85-4447-4b7a-ad66-e1dbacf291e6	2f0761ce-2629-45f6-8255-8fd1bc2885e5	222	3	2
c4d8ef55-5c31-4554-b1e3-afbb029b986b	2f0761ce-2629-45f6-8255-8fd1bc2885e5	204	5	1
c05ddf5f-3dd6-405b-b367-0ff6adb8cb45	8f25c12b-e42a-4d28-8848-f2274bcee4c4	222	4	2
eea445f3-2be7-4ec8-8ef0-99178312948b	8f25c12b-e42a-4d28-8848-f2274bcee4c4	233	5	2
320dced4-7999-4ad4-89d3-442e9381bb85	8f25c12b-e42a-4d28-8848-f2274bcee4c4	232	3	1
b61c9fb5-013b-419f-ad94-7deeab6bf3a3	8f25c12b-e42a-4d28-8848-f2274bcee4c4	227	3	1
c3e115eb-48a7-44b1-bc4f-5dc1def04028	3db0ab0f-8290-4770-ac5c-c48ef0132e65	226	5	2
b6eb7e7e-88dc-4f15-b34f-7a51223ba19b	3db0ab0f-8290-4770-ac5c-c48ef0132e65	225	4	1
66d0bc5e-bf9a-4145-a7b5-dade09ba196e	3db0ab0f-8290-4770-ac5c-c48ef0132e65	222	3	2
\.


--
-- Data for Name: Credential; Type: TABLE DATA; Schema: public; Owner: -
--

COPY public."Credential" (id, "candidateId", "fileUrl", type, hash, verified) FROM stdin;
caf06b5c-3e1f-479c-a3b9-05c03f8bf95d	cd7f124b-4b13-4fd1-8928-8de30a912b1c	https://natural-electronics.com	Recommendation	Uey6gnX5Ypqm	f
1bc525bb-8e7c-4ea2-8cba-838c9f5aa9e9	cd7f124b-4b13-4fd1-8928-8de30a912b1c	https://genuine-experience.net	Portfolio	Q7egrxPviLC7	f
b0db83f2-69c4-4029-b584-27dd082fa04f	ba46db17-c4cd-42b5-b15b-eb26846310be	https://wrong-armoire.biz/	Recommendation	yGV5FviRDaVl	t
f1fc407f-71fe-4ad9-97cb-bc9ffb823055	d17cc2d0-0a44-40e0-a7e4-82f3c2238a56	https://hot-cinema.org/	Recommendation	sZgLj6bFbs2j	f
e4f055ac-76c4-4ba6-ad14-8389071a65d3	bd61f5a5-dff7-474d-9cab-8075c10c9534	https://posh-arcade.name/	Recommendation	a26cg2UxhwB4	f
e37734ca-b726-4d65-80ef-a7366e530e16	b21156f9-1188-4ab4-9edb-429db0b08623	https://cultivated-disclosure.biz/	Portfolio	8Ty31IqLXPp9	t
2fe707f1-46cd-4dc0-99c9-6cdb9a7ac347	7e378343-ca34-4a3a-be9a-2089c3961248	https://stable-pepper.com/	Transcript	0rndkqBVHIHa	t
7a7dfd68-3216-40c3-9a5b-622650e52d18	7e378343-ca34-4a3a-be9a-2089c3961248	https://miserable-heartbeat.com/	Transcript	osoEV1U3glYk	f
ccabfa4a-3681-4ac5-b961-7e7a84d5f64f	3931b3ec-a236-455a-b936-246c9364cb17	https://spiteful-kit.biz/	Recommendation	Z3Pk13xNueGy	t
39e5299e-697f-4dcc-9098-9582a28e5476	ea28e31f-a7c4-4183-beee-41b0f8487f2b	https://extroverted-nudge.info	Transcript	QkJQ9bBCXtrP	f
f23dceba-6318-4528-99e4-f093e977f283	e039118f-1ef1-41f2-860b-9b1482b925ae	https://partial-allocation.com/	Recommendation	wfRvzB3pV1sv	f
6c93a793-6c24-4df8-be15-2b1b7f65f20a	4d2e4083-1c8a-4cb4-9059-684f4261022f	https://unsung-jacket.com/	Recommendation	KTONNkJ9Y0vq	f
a72bef75-e7ad-42c6-8812-96f6481e3a49	4d2e4083-1c8a-4cb4-9059-684f4261022f	https://lively-sanity.name/	Recommendation	Pp9fTXdIVWKh	f
2df010b8-2724-48d7-bdef-54d8a2d8e56d	abb6fc07-327d-4590-a795-774429dbe67e	https://lanky-horst.name/	Transcript	QOAeB2Noo6tl	t
30fa8c85-f8f4-4d7c-9034-1275b1554a46	7ba7ad8b-afd2-4b5c-a760-5bead199f982	https://wrong-utilization.org	Portfolio	Q2TE9wMxyly3	f
8c869792-6281-4a65-b4f9-4de2758481b8	8ced66b9-598d-4c38-a296-6d8afbc2fc21	https://soulful-pine.org	Recommendation	95V1rj9OaD8w	t
a103cbcd-aa11-404e-a8a0-9331d3fe05d4	7973ab07-d51f-4f2f-91d5-e7e1e6aec3af	https://muddy-joy.info	Transcript	ER1A6LwHnzTw	t
9193d404-cead-4f83-ba73-1b0fa80ca82e	7973ab07-d51f-4f2f-91d5-e7e1e6aec3af	https://shrill-aftermath.name/	Transcript	7CNG99GbOgtR	f
c4d6644a-8dd4-488b-8c00-dd092bb59657	8824c579-23c5-4b4f-bd02-5f9c11056c2f	https://foolhardy-championship.com/	Portfolio	AHI2WQoPaQc6	t
6ed4e2c8-de17-4486-8536-541122731dfa	fd38bd3f-d7e1-400e-97bb-14dde429a4cd	https://tragic-privilege.net	Transcript	ACYNp04IrW4Z	f
850c8a7d-d899-45af-99d1-84dd0e1883c5	33aba176-cfe9-48b8-8f62-ebec41805c98	https://animated-dream.biz	Portfolio	2fUgBXIXwite	f
2faf94d0-6046-487a-9210-b0a3005377f8	35cce8d5-2a33-498f-ad9d-dee7c29828fa	https://superficial-fog.biz/	Transcript	8EEe4MbxBBA6	f
73abd035-44d5-4bc7-804d-7ad1681fad17	fb331e48-8cc8-4365-8056-28757c252c21	https://repentant-legend.biz/	Transcript	eQqYQwtk6LCX	f
f222e9b6-347c-4124-9dcc-5441615c4a50	d8b4a64d-9f67-4f6b-9303-1a266a1e5c9b	https://meager-cuckoo.biz/	Portfolio	WG9w9clKIjeg	f
fd6f2466-d609-4c6a-afac-e67a12ec5a03	d8b4a64d-9f67-4f6b-9303-1a266a1e5c9b	https://youthful-ad.com/	Portfolio	omRUh0X3QTat	t
d5e15d85-eacc-4895-8275-d067ca2ba4dd	f378363c-58cf-4842-b51f-8d2ab99ebab4	https://distant-cake.info	Transcript	5hDpeHVDEMVO	t
d4180e4d-4555-4aa4-8f07-36338e44cec7	cfb8bc9f-2834-4b01-a5f2-6296abfd69ca	https://knotty-cod.info	Recommendation	Jwa0p5ajycXu	t
50b18f5b-e0fc-4b6d-9288-3453fec34db6	cfb8bc9f-2834-4b01-a5f2-6296abfd69ca	https://pitiful-custody.info/	Portfolio	aUmndMlmMSU5	t
489cdf30-26d7-4627-85c8-c06a8ac22c20	9d569083-7e3b-42a9-b9ed-a10a12641f8c	https://windy-sticker.info/	Transcript	2DJa5I8fTm0a	t
f0d628c8-9d23-4779-b2f4-6a9db6b2e32c	2549315c-952f-4cbc-9c4a-e9ed3c895ade	https://every-procurement.biz/	Transcript	2OlBLgM3QtfY	f
76a40d50-be2a-49dd-8551-37a22310b68c	a6750810-2200-4f04-82a4-d09fb400bc31	https://aggravating-precedent.name/	Portfolio	PVsoQlghwHEI	f
66e71c5c-f78a-4cc9-a715-3fc9cd755de5	a6750810-2200-4f04-82a4-d09fb400bc31	https://stark-insolence.info	Recommendation	TjPGzicOur7l	f
41ec0cf1-7c5b-4572-b2b7-39026b93bda3	218a39e0-c983-4d8b-89d2-6f5c4430ab4b	https://which-roundabout.biz	Portfolio	HFTwKUboClAW	f
abee959b-c51a-4298-aa54-ef936d767814	218a39e0-c983-4d8b-89d2-6f5c4430ab4b	https://shady-behest.name/	Recommendation	jxpK9v4xU57K	f
a11575e1-12fe-43f8-a6e6-b71dfdadd72e	1cfd85fd-1297-4222-814c-47d52c447ae8	https://majestic-oil.info/	Recommendation	KLdzQbQ73fDd	f
ee46f097-bea1-46b7-a781-d9d70a4faba0	1cfd85fd-1297-4222-814c-47d52c447ae8	https://feline-mozzarella.name	Portfolio	EpuWz1ejdJj0	t
686cc284-c2ce-45fa-b8b1-3b5b7b7d3ba3	cbfc7be2-ce15-40d0-8ebc-a3d83e306072	https://woeful-jellyfish.name	Portfolio	UxY0YFgKEAN5	f
86a7833e-c9b1-4ef4-a141-65cc70484308	140ff36d-5a36-4f7d-8155-c1a0159ffe61	https://each-seagull.biz/	Transcript	519Y5vrnhzsZ	t
5aca6b5b-0601-44c2-9b08-c1cbbcb62dcf	0ea35560-5e85-478b-8880-0c8db2b97c38	https://unsteady-lava.name/	Recommendation	cUUNJTAqxe0X	t
34d2d0b5-d36e-4d5f-8f80-05b2532d24ef	0ea35560-5e85-478b-8880-0c8db2b97c38	https://apt-draft.biz	Transcript	Rc2pRzRntw75	f
a0aa7298-1f42-4a5b-9831-a26c4d31420f	c10aa4f4-53ec-46f7-9367-a8cdc9002ba5	https://warped-soup.org	Portfolio	F1lsS7T95c7I	t
87879fff-3926-456c-8cbf-91b7b5d0825f	c10aa4f4-53ec-46f7-9367-a8cdc9002ba5	https://bright-testing.info	Portfolio	43d4qwbOlRaX	t
f156c554-316c-4471-b77a-681f7d38ff1c	b379ad58-2704-454a-83eb-d6453048d11e	https://pure-unique.org/	Transcript	OvrolaHInW4E	f
a97fb45b-c91c-48ba-b1ff-96ac5f8213c0	370f44d2-5777-4a62-91e8-f8673b10e320	https://burly-ribbon.info/	Recommendation	emjyEekwP2zD	t
baf0bcac-6893-4c5f-9374-714884dc6a46	f35b79b3-a43a-4aef-aa00-a855e625b689	https://repentant-bookend.org	Portfolio	zTyHd6hJ7Zlv	t
876efec6-0b3c-4864-8ba1-4d8768c84cad	b0d45dea-33da-4469-b881-1a407fd76a7c	https://giving-resource.org/	Recommendation	JkZoWuZIdzlB	t
332c7778-4ee7-4533-93ef-aa32acd7fc57	5034a509-ce95-478e-aa32-50d488824d43	https://dearest-premise.biz	Recommendation	5wk77WfHI7yv	f
12608aa9-2059-4a90-904f-04de04576bb7	5d0382d0-3b14-4d4b-90da-081462adef0a	https://wrong-fireplace.com	Recommendation	MjcKXcgjBwXV	t
cce2b719-84ef-419f-b7e4-6b4952fcad11	fb31c79f-9b91-47f9-af77-e6830d4e6dd3	https://snarling-cod.info/	Recommendation	RNGamER9iMPU	t
e630087b-eb36-4289-9c56-959f6bd26962	fb31c79f-9b91-47f9-af77-e6830d4e6dd3	https://tedious-emergent.org/	Portfolio	0rntUdBAg3xz	t
66dfae90-2d01-438a-a7e0-22e601c638f3	66e6b376-35c3-45d7-95de-ae597f2ccd61	https://slushy-comparison.biz	Transcript	BU0Ea23vdrmN	t
aff6f2c7-2b4c-44bf-a49a-b1f5c03dc5cd	66e6b376-35c3-45d7-95de-ae597f2ccd61	https://affectionate-obligation.org/	Recommendation	NR34didoKSc2	f
e00a96dc-711a-44e5-a20a-6e41ba688d45	2ad8bd28-9b3b-496e-a212-fa8cba963cbf	https://needy-remark.info	Transcript	tGk5bZfjmIMg	t
6f53ff98-97c1-4685-92f4-c5e55b9cde0d	be0be8e4-eae8-49cb-897f-e3d5d955affa	https://grouchy-tectonics.org	Portfolio	yqbO1mToVs2n	t
19eaeb65-d0c4-4a23-bd6e-5388b21c4ec5	be0be8e4-eae8-49cb-897f-e3d5d955affa	https://caring-folklore.biz	Recommendation	mWiRcYKHVVrx	f
103fc5b6-937b-4f95-9c63-f99f92becb0a	a732da56-b4b8-4aa4-b89c-caeaa0d92950	https://kooky-epic.com	Recommendation	JCiMITfKogsC	f
5c26a68c-4f03-4823-a9fd-7608b0f7b71a	a732da56-b4b8-4aa4-b89c-caeaa0d92950	https://yellowish-bookcase.info	Transcript	w0NsZ0LhGNzK	f
018055ea-c8b0-4bff-a3f7-2f9fbbaa6a67	e7b79ecd-57a5-4078-a643-082b700e8c31	https://uneven-unibody.biz	Transcript	a8HVE90xg1o0	t
01d93288-a135-4c1d-a1ef-19c62749ea97	7d71a3c4-47c8-485c-be4f-528bd4474313	https://weary-secret.net/	Portfolio	0mBnOwdUHhoU	f
08209406-8a28-48a1-8c60-d4504a0b9b03	7404c0e6-9a55-4553-8c78-6bf862612af9	https://ethical-calculus.name/	Recommendation	7PjGJsStmESz	t
64d85c8a-d606-4bfa-b707-7e2baa78e1c0	7404c0e6-9a55-4553-8c78-6bf862612af9	https://agreeable-emergent.net/	Recommendation	b0Y359t64Kzj	f
e04ffde0-ed75-436f-8c1e-af4185fe3aac	cda69bf4-a37e-4762-9359-ff195a119d1b	https://important-velocity.info	Transcript	KWbm070BfjcS	f
6017b159-49dc-480b-94cf-57f921f4822c	cda69bf4-a37e-4762-9359-ff195a119d1b	https://vibrant-mortise.com	Recommendation	9jodweMEi6F2	t
6c359772-674e-4772-8b0d-f236842888a9	3a886ccd-91c2-4bf2-8151-6b61ea17351c	https://unlucky-igloo.net/	Transcript	YdX8cwQ3Xt8h	f
06fe809b-9b54-4a9c-843b-783e602eeb68	d2dd0df9-419c-4b63-b812-498dbef1c504	https://fantastic-cinema.name/	Recommendation	NzOkOCsW6Hi8	f
3273fe80-a090-4a36-a4dc-8500303728de	2d5712cd-df92-406a-ada3-6a94e6978804	https://optimal-scratch.net	Portfolio	MSPbRyJGj4W8	t
5371707b-a87e-4760-ae4d-9ab27343e624	57d3fb2a-81b7-4fdb-afe2-b35631f713dc	https://smart-necklace.org/	Recommendation	v7twWLCDex76	f
2789a8be-bc19-4d30-b667-37f6e4de26b7	57d3fb2a-81b7-4fdb-afe2-b35631f713dc	https://faraway-intent.org/	Portfolio	LTZ5YoRxHR1j	t
26ac7994-8986-49b0-82e6-8e9e5f29dbd6	2a83d7bd-e859-4f23-b8e5-3f558e644f88	https://pale-advertisement.org	Recommendation	P96cjj3ZQPNf	f
c0b01f4c-83ab-4328-afa1-b539392ca9f7	a711d191-564e-478d-b9a7-73d4d50b427b	https://tepid-puppet.com/	Transcript	fePaPNkycIDn	f
7c3aab33-e21a-480c-b783-98f4fedbfa51	ad1f53dd-30de-4a4a-8f5b-4c4976e39ce6	https://energetic-trench.org/	Recommendation	CL2RZ3dFFBzd	t
d9e49136-ce82-4dbe-8985-c0cbcf38ccde	9f531627-be67-4193-8a9a-960a9400cd7a	https://rewarding-hutch.net	Portfolio	Vd49U5dQXfX8	t
d9ddc281-3f9d-49b4-91f6-8deea8f5f1a1	739f040f-8998-430a-9a14-06ba7f7bd3bf	https://unwelcome-sanity.info/	Transcript	6vidMhrKFJZK	t
8d30384e-8083-4c1c-b910-fdcad09d63f1	a990dcc7-34ac-433a-9772-c7fce2888e71	https://intent-filter.com	Transcript	QwHUuHQsYEqy	t
3ff27255-7a91-4f49-bb8c-09276acb1e85	2040e577-ffa2-4768-93a8-ea4568e4d50c	https://teeming-cauliflower.net	Recommendation	bmtt5Dg7Lhrd	f
7511c9e5-13da-49e0-bfc7-052bdf902225	8d74ab50-e54f-496a-bc68-0080dd6ca47b	https://damp-vibraphone.biz	Transcript	tJYPv65Wp60v	t
00a04bae-b10e-4379-9b51-7d5627324b83	da246a6f-5068-45c4-ac68-858f9604b3b0	https://bossy-hydrolyze.biz/	Recommendation	FttpD8D3Du9r	f
1a7e0c45-3813-4354-a490-f8812b4f76b6	4dd5d1ab-9d7c-440e-963b-e4233837cc08	https://taut-tuber.net/	Transcript	aSzqHBJJKN2Q	t
0e9b567a-e1c9-4f28-a0b8-67db7a72166f	4dd5d1ab-9d7c-440e-963b-e4233837cc08	https://slow-plain.info/	Transcript	fJFYqqIfYdvL	f
d3cb9077-85d5-41f6-805d-3b2e0be0b7fa	d68c44c7-ce1d-4fc7-ad19-b5ad6299b3be	https://speedy-wilderness.name/	Portfolio	Cc7may9AO38q	f
209887e9-249d-448b-83f2-dab43f356b57	2f0761ce-2629-45f6-8255-8fd1bc2885e5	https://firsthand-fit.net	Transcript	aBooilcgkk0p	f
02518a04-6194-4396-a922-24477d86ff30	3db0ab0f-8290-4770-ac5c-c48ef0132e65	https://meaty-marksman.info	Transcript	ZL5oUybtWgpi	f
\.


--
-- Data for Name: Education; Type: TABLE DATA; Schema: public; Owner: -
--

COPY public."Education" (id, "candidateId", institution, degree, field, grade, "startDate", "endDate", "createdAt", "updatedAt") FROM stdin;
1459a427-c6f9-4689-9fd6-59f5e729360e	8f5737c1-535d-4d86-b6f2-a27a8ce61e4f	University of Jos	M.Sc	Mass Communication	Second Class Upper	2024-09-08 19:06:23.738	2028-09-07 23:00:00	2025-09-29 08:54:58.229	2025-09-29 08:54:58.229
1c66caaa-d281-4da7-a276-776777b05944	cd7f124b-4b13-4fd1-8928-8de30a912b1c	Landmark University	B.Eng	Web Design & Development	Second Class Upper	2020-07-10 12:58:48.234	2024-07-09 23:00:00	2025-09-29 08:54:58.256	2025-09-29 08:54:58.256
d37e0c4b-b0eb-49c5-8382-49adff12b666	26720e5f-a1cb-4154-9232-15d9a7006457	Usmanu Danfodiyo University	M.Sc	Business Administration	First Class	2022-01-03 08:55:26.402	2026-01-02 23:00:00	2025-09-29 08:54:58.277	2025-09-29 08:54:58.277
6c4e0565-4f3f-4c8a-a5fa-7f639421bed1	ba46db17-c4cd-42b5-b15b-eb26846310be	Kaduna Polytechnic	MBA	Electrical Engineering	Second Class Lower	2024-03-10 09:55:08.719	2028-03-09 23:00:00	2025-09-29 08:54:58.296	2025-09-29 08:54:58.296
a1cc8c4e-0a5f-4dc8-8366-834f0a2ec41c	d17cc2d0-0a44-40e0-a7e4-82f3c2238a56	University of Maiduguri	M.Sc	Web Design & Development	First Class	2023-02-11 13:53:43.518	2027-02-10 23:00:00	2025-09-29 08:54:58.316	2025-09-29 08:54:58.316
92dbfb60-d788-401a-a199-93bebb852152	bd61f5a5-dff7-474d-9cab-8075c10c9534	University of Uyo	B.Tech	Mathematics	Second Class Lower	2021-02-06 08:11:37.214	2025-02-05 23:00:00	2025-09-29 08:54:58.332	2025-09-29 08:54:58.332
8490564e-616b-4b86-b822-8acb5a4cf57c	b21156f9-1188-4ab4-9edb-429db0b08623	Rivers State University	B.A	Marketing	First Class	2024-01-11 05:34:51.594	2028-01-10 23:00:00	2025-09-29 08:54:58.35	2025-09-29 08:54:58.35
5f086617-867f-4636-ac9e-ef8cd09c07b5	7e378343-ca34-4a3a-be9a-2089c3961248	Yobe State University	B.Eng	Information Technology	Second Class Upper	2023-03-11 21:11:15.796	2027-03-10 23:00:00	2025-09-29 08:54:58.374	2025-09-29 08:54:58.374
ca256212-9471-44cd-a00f-5c713d29e1b2	3931b3ec-a236-455a-b936-246c9364cb17	Osun State Polytechnic, Iree	B.Sc	Web Design & Development	Third Class	2024-12-10 09:02:53.558	2028-12-09 23:00:00	2025-09-29 08:54:58.396	2025-09-29 08:54:58.396
934bee3f-e538-4283-887d-d5acf4899f71	ea28e31f-a7c4-4183-beee-41b0f8487f2b	Adekunle Ajasin University	PhD	Economics	Second Class Upper	2020-11-29 20:33:13.288	2024-11-28 23:00:00	2025-09-29 08:54:58.411	2025-09-29 08:54:58.411
9c6d60aa-a0c0-41a9-b4a9-b5280803ef5c	e039118f-1ef1-41f2-860b-9b1482b925ae	Katsina University	B.Eng	Project Management	First Class	2021-09-15 20:12:35.992	2025-09-14 23:00:00	2025-09-29 08:54:58.433	2025-09-29 08:54:58.433
808ed8ce-43aa-440d-baf8-6dcb56e3f0ce	4d2e4083-1c8a-4cb4-9059-684f4261022f	Michael Okpara University of Agriculture	B.Tech	Information Technology	Second Class Lower	2023-11-07 17:50:25.368	2027-11-06 23:00:00	2025-09-29 08:54:58.449	2025-09-29 08:54:58.449
a92670c0-236b-42d8-aa53-31c02dcbac93	abb6fc07-327d-4590-a795-774429dbe67e	Osun State Polytechnic, Iree	PhD	Computer Science	First Class	2020-10-15 03:34:54.737	2024-10-14 23:00:00	2025-09-29 08:54:58.471	2025-09-29 08:54:58.471
fa735633-ec4b-467d-872a-ca817807e8a9	61f3966b-88e0-4cf2-a5a9-563230f6ef91	Olabisi Onabanjo University	B.Tech	Economics	Second Class Upper	2024-09-26 19:13:23.271	2028-09-25 23:00:00	2025-09-29 08:54:58.491	2025-09-29 08:54:58.491
0d8550d6-f974-47d9-b7eb-d578919021bb	db3dd493-17a1-4d47-855c-d4f83070a9d6	Federal University, Oye-Ekiti	B.Eng	Web Design & Development	Second Class Upper	2020-10-20 04:33:08.223	2024-10-19 23:00:00	2025-09-29 08:54:58.503	2025-09-29 08:54:58.503
5b4f0ac8-16d2-486a-9a1c-378f1fc7adcd	5ac36618-0f3b-44aa-812d-801f86fef18b	American University of Nigeria	HND	Electrical Engineering	Second Class Upper	2024-11-03 08:11:43.197	2028-11-02 23:00:00	2025-09-29 08:54:58.523	2025-09-29 08:54:58.523
c2c0b754-c800-453b-aed3-41fed7cb973d	12f6b2e0-b91a-48ad-9331-b34d3ccca82a	University of Port Harcourt	B.Tech	Computer Science	Third Class	2021-02-07 14:51:18.162	2025-02-06 23:00:00	2025-09-29 08:54:58.538	2025-09-29 08:54:58.538
f6c4e9ae-0356-49f1-b633-a6986224a341	7ba7ad8b-afd2-4b5c-a760-5bead199f982	Babcock University	B.Eng	Accounting	Second Class Upper	2022-05-20 19:41:35.651	2026-05-19 23:00:00	2025-09-29 08:54:58.556	2025-09-29 08:54:58.556
2b81cf46-5e4e-4b29-b6a8-62e08f87c778	8ced66b9-598d-4c38-a296-6d8afbc2fc21	Ondo State University of Science and Technology	MBA	Mathematics	Second Class Upper	2023-12-25 13:16:33.32	2027-12-24 23:00:00	2025-09-29 08:54:58.61	2025-09-29 08:54:58.61
fec7b458-e531-4390-9d35-bceb109617c5	037aa7ce-c47e-4cd1-97ba-5a905197aa06	Auchi Polytechnic	B.Eng	Business Administration	Second Class Lower	2021-05-02 20:57:56.319	2025-05-01 23:00:00	2025-09-29 08:54:58.631	2025-09-29 08:54:58.631
59dce7c1-2bcf-470b-8a33-f6628a5cf363	7973ab07-d51f-4f2f-91d5-e7e1e6aec3af	University of Calabar	B.A	Business Administration	Third Class	2020-12-12 22:33:54.606	2024-12-11 23:00:00	2025-09-29 08:54:58.65	2025-09-29 08:54:58.65
fd05eaac-78dd-4b09-81e0-ce6fe740641f	8824c579-23c5-4b4f-bd02-5f9c11056c2f	University of Maiduguri	B.A	Business Administration	Second Class Lower	2024-07-31 07:13:22.075	2028-07-30 23:00:00	2025-09-29 08:54:58.673	2025-09-29 08:54:58.673
fb720151-da12-4848-a91e-2d7793605d1d	fd38bd3f-d7e1-400e-97bb-14dde429a4cd	Delta State University, Abraka	B.A	Engineering	First Class	2019-05-31 22:15:01.105	2023-05-30 23:00:00	2025-09-29 08:54:58.689	2025-09-29 08:54:58.689
cc51ee75-2af9-4ab1-bf1a-d9779d0f3303	50cbf93e-f94e-4493-8d36-74e6584cdd02	Cross River University of Technology	B.Tech	Web Design & Development	Second Class Lower	2019-06-30 03:09:00.073	2023-06-29 23:00:00	2025-09-29 08:54:58.706	2025-09-29 08:54:58.706
c2491362-07b2-4525-bac6-b0b31627218b	33aba176-cfe9-48b8-8f62-ebec41805c98	Institute of Management and Technology, Enugu	M.Sc	Electrical Engineering	Third Class	2025-06-26 03:07:12.821	2029-06-25 23:00:00	2025-09-29 08:54:58.722	2025-09-29 08:54:58.722
6820b57d-0f90-4933-a292-7a96b328b8e6	35cce8d5-2a33-498f-ad9d-dee7c29828fa	Federal University, Oye-Ekiti	MBA	Economics	Second Class Lower	2025-08-20 02:51:57.819	2029-08-19 23:00:00	2025-09-29 08:54:58.746	2025-09-29 08:54:58.746
d1ed89a7-ac27-41ea-849c-5df99ba71867	6c82ea2f-22f0-4dde-8447-944275fafc0c	American University of Nigeria	B.Sc	Economics	Second Class Lower	2021-06-10 17:17:02.269	2025-06-09 23:00:00	2025-09-29 08:54:58.767	2025-09-29 08:54:58.767
19e63b9d-321d-4c9f-bfb4-67b11b690b06	fb331e48-8cc8-4365-8056-28757c252c21	Plateau State University	M.Sc	Business Administration	Second Class Upper	2021-06-15 20:43:04.208	2025-06-14 23:00:00	2025-09-29 08:54:58.824	2025-09-29 08:54:58.824
66989d9c-09b1-43e5-80fa-e5860b358fed	d8b4a64d-9f67-4f6b-9303-1a266a1e5c9b	Yobe State University	B.Eng	Computer Science	Third Class	2022-08-30 16:45:45.631	2026-08-29 23:00:00	2025-09-29 08:54:58.844	2025-09-29 08:54:58.844
bcd8d771-3df0-40ae-a901-5f88acbb6151	f378363c-58cf-4842-b51f-8d2ab99ebab4	Federal University, Wukari	B.Sc	Computer Science	Second Class Upper	2022-04-15 11:28:33.79	2026-04-14 23:00:00	2025-09-29 08:54:58.864	2025-09-29 08:54:58.864
44209225-3e4d-427f-8bc5-c7bccd32888c	cfb8bc9f-2834-4b01-a5f2-6296abfd69ca	Federal University of Technology, Akure	B.A	Information Technology	Second Class Upper	2020-11-10 13:14:55.123	2024-11-09 23:00:00	2025-09-29 08:54:58.883	2025-09-29 08:54:58.883
c6361336-470a-4d4d-9afe-bddfe74a3a19	4de3b358-e488-442b-80e2-0e729327086a	Federal University, Lafia	MBA	Project Management	Second Class Upper	2020-11-05 18:58:00.212	2024-11-04 23:00:00	2025-09-29 08:54:58.905	2025-09-29 08:54:58.905
7c395084-1f0a-406a-a943-3e89563fa3c8	200cd096-627a-44b6-9a8c-7ac2ac59d5f1	Federal University, Wukari	MBA	Information Technology	First Class	2020-01-27 11:02:08.573	2024-01-26 23:00:00	2025-09-29 08:54:58.923	2025-09-29 08:54:58.923
b9b27d3b-ab1e-43f4-98bb-59d2df50b4ac	fdd6fd23-af28-472a-a1e3-1c65fd8cf6df	Lagos State University	M.Sc	Mathematics	Third Class	2024-12-01 18:48:52.491	2028-11-30 23:00:00	2025-09-29 08:54:58.939	2025-09-29 08:54:58.939
5ea097ac-0ecc-4fd1-b350-28077209d5bf	6f2fc918-ba6d-4910-88b9-a8812658dd76	University of Lagos	B.Sc	Economics	Second Class Upper	2021-02-19 19:00:22.101	2025-02-18 23:00:00	2025-09-29 08:54:58.953	2025-09-29 08:54:58.953
3f7cdb71-a427-4df8-91ea-3fa3665dd7fb	3549d64e-a3fc-4e5a-91a5-9d8246c6390f	Auchi Polytechnic	M.Sc	Statistics	Third Class	2022-02-25 04:49:36.755	2026-02-24 23:00:00	2025-09-29 08:54:58.973	2025-09-29 08:54:58.973
c0cddfdf-3969-42b9-ba06-871e67d3011c	9d569083-7e3b-42a9-b9ed-a10a12641f8c	American University of Nigeria	B.Tech	Statistics	First Class	2019-06-07 02:27:28.079	2023-06-06 23:00:00	2025-09-29 08:54:58.985	2025-09-29 08:54:58.985
07c1dd51-ae01-435b-a916-a9696f73a08f	3861d479-8b19-40f9-a919-02b2e362ad92	Katsina University	B.Eng	Economics	First Class	2019-02-24 01:02:53.419	2023-02-23 23:00:00	2025-09-29 08:54:59.003	2025-09-29 08:54:59.003
112aec11-bb5b-4c59-b63d-3c9ef5ef38ee	ce67e3bb-70ce-41c1-84d0-db2132fec30f	Tai Solarin University of Education	B.A	Marketing	Second Class Lower	2020-06-08 11:47:47.554	2024-06-07 23:00:00	2025-09-29 08:54:59.019	2025-09-29 08:54:59.019
052155bd-75d0-4f12-86ee-0b65c886acb1	2549315c-952f-4cbc-9c4a-e9ed3c895ade	Olabisi Onabanjo University	B.Tech	Information Technology	First Class	2023-11-24 18:34:52.933	2027-11-23 23:00:00	2025-09-29 08:54:59.034	2025-09-29 08:54:59.034
404a4ebf-0958-46c1-a00d-353844a2a7df	47408cd2-3d60-4568-beac-3bedc2f9e43c	University of Nigeria, Nsukka	B.Tech	Computer Science	Second Class Upper	2019-11-18 16:05:05.073	2023-11-17 23:00:00	2025-09-29 08:54:59.052	2025-09-29 08:54:59.052
4c170ca6-1ccb-4185-b966-339767578250	a6750810-2200-4f04-82a4-d09fb400bc31	Nasarawa State University	B.Sc	Mathematics	First Class	2021-06-25 01:05:26.605	2025-06-24 23:00:00	2025-09-29 08:54:59.07	2025-09-29 08:54:59.07
02fb4d3b-8da2-4e1b-9f50-4430b4e2aceb	218a39e0-c983-4d8b-89d2-6f5c4430ab4b	University of Ibadan	B.Sc	Computer Science	Third Class	2018-11-06 08:16:02.625	2022-11-05 23:00:00	2025-09-29 08:54:59.086	2025-09-29 08:54:59.086
677859f8-b29f-45f5-80cf-701c9330c724	1cfd85fd-1297-4222-814c-47d52c447ae8	Federal University of Technology, Owerri	HND	Human Resources Management	First Class	2022-11-30 20:44:09.958	2026-11-29 23:00:00	2025-09-29 08:54:59.107	2025-09-29 08:54:59.107
4b2ae910-fc0d-4ce1-875d-857dd3f6c52c	cbfc7be2-ce15-40d0-8ebc-a3d83e306072	Delta State University, Abraka	B.A	Mass Communication	Second Class Upper	2023-05-05 18:19:37.679	2027-05-04 23:00:00	2025-09-29 08:54:59.129	2025-09-29 08:54:59.129
fef877bd-dedf-4427-ab07-c7f6c1718951	140ff36d-5a36-4f7d-8155-c1a0159ffe61	Babcock University	MBA	Marketing	Second Class Upper	2021-12-09 22:38:14.128	2025-12-08 23:00:00	2025-09-29 08:54:59.148	2025-09-29 08:54:59.148
36e39867-18ca-4e1b-9806-8fdbb4a8ee56	fade4d92-513f-4eec-adeb-3199390d0b44	American University of Nigeria	B.Eng	Information Technology	First Class	2020-12-15 00:08:01.128	2024-12-14 23:00:00	2025-09-29 08:54:59.17	2025-09-29 08:54:59.17
cecb0969-8aeb-444b-ae77-028166160d07	0ea35560-5e85-478b-8880-0c8db2b97c38	Federal University, Dutse	PhD	Economics	First Class	2024-03-13 14:01:08.669	2028-03-12 23:00:00	2025-09-29 08:54:59.187	2025-09-29 08:54:59.187
3da14649-4d68-4540-a3ff-320ce9ffca8c	2d0d8c79-ec1a-40a4-83c1-e1e8e84c1eb0	Landmark University	MBA	Computer Science	Second Class Lower	2024-08-24 22:41:54.336	2028-08-23 23:00:00	2025-09-29 08:54:59.214	2025-09-29 08:54:59.214
a70834e8-15d5-4274-b85f-6f0a6ce56c68	72b1817c-33f5-44c4-9ad7-637f321d51e6	Federal Polytechnic, Ilaro	B.Sc	Finance	Third Class	2022-08-27 12:18:15.753	2026-08-26 23:00:00	2025-09-29 08:54:59.231	2025-09-29 08:54:59.231
dd94f836-9ed1-4119-aea3-8cd696c86183	c10aa4f4-53ec-46f7-9367-a8cdc9002ba5	Kaduna Polytechnic	B.Eng	Project Management	Third Class	2020-12-29 07:32:24.697	2024-12-28 23:00:00	2025-09-29 08:54:59.252	2025-09-29 08:54:59.252
2e485ed2-93fb-4833-8aa5-a88ec41b44aa	afafa09c-54e7-4fb5-b93d-72567ce63e7e	Babcock University	B.A	Human Resources Management	Second Class Upper	2024-12-19 00:29:57.235	2028-12-18 23:00:00	2025-09-29 08:54:59.273	2025-09-29 08:54:59.273
3c8ae416-7d02-42a4-a7aa-44c6187a9ce9	eae23c72-b092-4718-b36a-dad5469b2075	Ibrahim Badamasi Babangida University	B.Eng	Engineering	First Class	2025-07-15 22:24:07.29	2029-07-14 23:00:00	2025-09-29 08:54:59.288	2025-09-29 08:54:59.288
d1643043-2aae-4a43-b704-42518f1b4863	b379ad58-2704-454a-83eb-d6453048d11e	Rivers State University	HND	Information Technology	Second Class Upper	2025-06-25 18:44:43.737	2029-06-24 23:00:00	2025-09-29 08:54:59.303	2025-09-29 08:54:59.303
b2a2ae48-4e09-4b03-8a8f-06e309e38ea2	0939e3b5-36cb-44d9-9e9a-f70bbed5bd60	Federal University, Lafia	B.A	Electrical Engineering	Third Class	2023-10-04 23:07:46.802	2027-10-04 23:00:00	2025-09-29 08:54:59.317	2025-09-29 08:54:59.317
4d221530-ef22-4a8c-bf02-8d40ae9841a4	22af8b6b-293b-4de6-926b-d8833f162af0	American University of Nigeria	MBA	Web Design & Development	Second Class Upper	2019-05-29 12:25:44.084	2023-05-28 23:00:00	2025-09-29 08:54:59.33	2025-09-29 08:54:59.33
ea6fdc7c-7567-427b-b2c7-9a99df9d45bc	069e67a5-3f39-4b92-aca3-ce394a24a76c	Tai Solarin University of Education	MBA	Information Technology	Second Class Lower	2025-06-02 02:04:16.424	2029-06-01 23:00:00	2025-09-29 08:54:59.347	2025-09-29 08:54:59.347
42ebd5c5-8b4a-4816-8b51-c04df19e0da3	4ffe1be4-77d1-4b27-9714-fffc0e2492c5	Federal Polytechnic, Nekede	HND	Information Technology	Second Class Upper	2022-01-27 23:44:27.089	2026-01-27 23:00:00	2025-09-29 08:54:59.362	2025-09-29 08:54:59.362
ada31199-3108-4ae7-89ab-c8cb8a4c4a49	565c06d6-7f63-45d1-96b5-c84cef93ec0c	Ahmadu Bello University	B.Tech	Mathematics	Second Class Upper	2020-09-03 03:21:20.244	2024-09-02 23:00:00	2025-09-29 08:54:59.379	2025-09-29 08:54:59.379
9a98a01d-6bb1-4b02-bf63-94ac7d981547	370f44d2-5777-4a62-91e8-f8673b10e320	Federal Polytechnic, Ilaro	MBA	Mathematics	First Class	2019-01-04 00:35:42.344	2023-01-03 23:00:00	2025-09-29 08:54:59.393	2025-09-29 08:54:59.393
ebc1f599-acd0-4d42-befe-ac273da19fb7	f35b79b3-a43a-4aef-aa00-a855e625b689	Kwara State University	HND	Accounting	Second Class Upper	2025-03-23 23:08:29.691	2029-03-23 23:00:00	2025-09-29 08:54:59.407	2025-09-29 08:54:59.407
e97ed44f-1734-479d-be85-92e0324ac8c8	b0d45dea-33da-4469-b881-1a407fd76a7c	Babcock University	B.A	Information Technology	Second Class Upper	2020-10-19 08:03:45.032	2024-10-18 23:00:00	2025-09-29 08:54:59.424	2025-09-29 08:54:59.424
d7cb5183-f425-460e-97cb-36bced873cdc	00576537-9d89-47cf-b826-4851a02098d9	University of Benin	B.Eng	Economics	First Class	2023-06-18 17:21:40.831	2027-06-17 23:00:00	2025-09-29 08:54:59.445	2025-09-29 08:54:59.445
24fda01d-274a-49ab-959d-6a0675dca110	5034a509-ce95-478e-aa32-50d488824d43	University of Calabar	B.Eng	Economics	Second Class Upper	2021-12-22 09:31:36.765	2025-12-21 23:00:00	2025-09-29 08:54:59.463	2025-09-29 08:54:59.463
2e82145d-ba18-4c54-bff9-c58cd5e2d52d	5d0382d0-3b14-4d4b-90da-081462adef0a	University of Uyo	B.Eng	Economics	Third Class	2022-03-02 07:38:07.667	2026-03-01 23:00:00	2025-09-29 08:54:59.485	2025-09-29 08:54:59.485
2c7843ce-d6d5-4680-ad91-97c736144a76	fb31c79f-9b91-47f9-af77-e6830d4e6dd3	Olabisi Onabanjo University	PhD	Information Technology	First Class	2021-07-16 23:53:36.953	2025-07-16 23:00:00	2025-09-29 08:54:59.502	2025-09-29 08:54:59.502
397899ea-210d-45c9-9278-572d2d92a80d	66e6b376-35c3-45d7-95de-ae597f2ccd61	Ekiti State University	MBA	Business Administration	Second Class Lower	2019-03-15 06:05:04.27	2023-03-14 23:00:00	2025-09-29 08:54:59.522	2025-09-29 08:54:59.522
c02aa93b-662b-46bd-a2f3-800bdae749a6	2ad8bd28-9b3b-496e-a212-fa8cba963cbf	Delta State University, Abraka	B.A	Economics	Second Class Lower	2020-11-24 02:58:27.566	2024-11-23 23:00:00	2025-09-29 08:54:59.54	2025-09-29 08:54:59.54
30a362f3-b708-466f-aff5-b58047382d45	be0be8e4-eae8-49cb-897f-e3d5d955affa	Rivers State University	PhD	Information Technology	Second Class Lower	2021-04-18 15:51:17.166	2025-04-17 23:00:00	2025-09-29 08:54:59.56	2025-09-29 08:54:59.56
3bc12743-04e7-44e6-9921-fd8f43199760	024f974f-775d-4c89-aa92-1cbe2bdc5b7d	Olabisi Onabanjo University	B.Tech	Industrial Relations	Second Class Lower	2020-12-25 17:14:56.12	2024-12-24 23:00:00	2025-09-29 08:54:59.579	2025-09-29 08:54:59.579
870ea004-dcf4-4eb4-b17a-292fffcd01f7	a732da56-b4b8-4aa4-b89c-caeaa0d92950	Institute of Management and Technology, Enugu	M.Sc	Electrical Engineering	Second Class Lower	2020-12-20 13:25:25.16	2024-12-19 23:00:00	2025-09-29 08:54:59.599	2025-09-29 08:54:59.599
71978a70-1742-446f-bbc5-92fe9f40e5d7	a9b688f2-43a4-4ee2-a97f-edec8391bdc2	Federal University of Technology, Akure	PhD	Software Engineering	Second Class Upper	2023-09-12 01:32:05.008	2027-09-11 23:00:00	2025-09-29 08:54:59.619	2025-09-29 08:54:59.619
90f2b352-0722-411d-a626-4f3a24f269c3	e7b79ecd-57a5-4078-a643-082b700e8c31	Abia State University	HND	Electrical Engineering	Third Class	2019-01-17 10:17:14.15	2023-01-16 23:00:00	2025-09-29 08:54:59.63	2025-09-29 08:54:59.63
e83b173c-d5cf-4d75-9735-8af27266b9ac	7d71a3c4-47c8-485c-be4f-528bd4474313	Federal University, Wukari	B.Sc	Mass Communication	Third Class	2024-11-01 01:39:24.872	2028-10-31 23:00:00	2025-09-29 08:54:59.648	2025-09-29 08:54:59.648
ddc77627-1dad-42fb-bee9-e84293305b88	a7b250f8-63ed-48d8-8d9d-f3838b389cea	Lagos State University	B.Tech	Accounting	Second Class Lower	2021-03-14 12:36:06.288	2025-03-13 23:00:00	2025-09-29 08:54:59.665	2025-09-29 08:54:59.665
cdabf868-1275-421f-8730-893ad72115a0	7404c0e6-9a55-4553-8c78-6bf862612af9	Umaru Musa Yar'Adua University	PhD	Marketing	First Class	2024-11-02 15:58:20.485	2028-11-01 23:00:00	2025-09-29 08:54:59.682	2025-09-29 08:54:59.682
069c8c7e-85b3-42cc-be5a-88e3d8b59f05	cda69bf4-a37e-4762-9359-ff195a119d1b	Tai Solarin University of Education	PhD	Business Administration	Third Class	2022-02-27 10:16:38.004	2026-02-26 23:00:00	2025-09-29 08:54:59.697	2025-09-29 08:54:59.697
36cd3a9f-584b-471e-b0a3-b9f2de81d614	3a886ccd-91c2-4bf2-8151-6b61ea17351c	Nnamdi Azikiwe University	B.Sc	Economics	Second Class Upper	2024-08-22 02:22:59.333	2028-08-21 23:00:00	2025-09-29 08:54:59.714	2025-09-29 08:54:59.714
3a5d2e40-c741-40ca-840b-47098441cca7	d2dd0df9-419c-4b63-b812-498dbef1c504	Delta State University, Abraka	B.Eng	Computer Science	Second Class Upper	2024-11-03 01:52:32.33	2028-11-02 23:00:00	2025-09-29 08:54:59.73	2025-09-29 08:54:59.73
47c33d1e-5668-4ab5-bd92-b89f3f63e5bb	2d5712cd-df92-406a-ada3-6a94e6978804	Kaduna Polytechnic	M.Sc	Business Administration	Third Class	2020-05-07 07:38:29.914	2024-05-06 23:00:00	2025-09-29 08:54:59.745	2025-09-29 08:54:59.745
0b205d00-a292-40bc-a2bc-b63f4753c6be	57d3fb2a-81b7-4fdb-afe2-b35631f713dc	Yobe State University	MBA	Economics	First Class	2019-12-21 21:17:21.948	2023-12-20 23:00:00	2025-09-29 08:54:59.761	2025-09-29 08:54:59.761
ecbc7f5b-671a-4c90-a3e9-eabd0a35c195	2a83d7bd-e859-4f23-b8e5-3f558e644f88	University of Ilorin	HND	Industrial Relations	First Class	2021-11-16 05:50:18.415	2025-11-15 23:00:00	2025-09-29 08:54:59.781	2025-09-29 08:54:59.781
870132b8-3062-4658-8b60-9b93ff493f31	a711d191-564e-478d-b9a7-73d4d50b427b	Nnamdi Azikiwe University	MBA	Computer Science	Second Class Lower	2020-12-13 21:04:31.571	2024-12-12 23:00:00	2025-09-29 08:54:59.799	2025-09-29 08:54:59.799
c2c402d5-a927-4c0b-87a0-0e82d1577287	ad1f53dd-30de-4a4a-8f5b-4c4976e39ce6	Nasarawa State University	B.Sc	Web Design & Development	Second Class Upper	2021-11-01 15:39:42.674	2025-10-31 23:00:00	2025-09-29 08:54:59.817	2025-09-29 08:54:59.817
e96cf244-a3a0-48c6-8c66-6a03e695fa72	ffa1f54c-0b64-4d46-89c7-c571ae6e6a7e	Northwest University Kano	M.Sc	Psychology	Second Class Upper	2023-12-26 06:30:20.115	2027-12-25 23:00:00	2025-09-29 08:54:59.833	2025-09-29 08:54:59.833
76aa4633-38cf-42f8-abd8-6e81c1168e12	fda28d57-fb2a-4d9a-9c9c-d43fbc005b39	Tai Solarin University of Education	MBA	Statistics	First Class	2021-02-02 18:58:22.646	2025-02-01 23:00:00	2025-09-29 08:54:59.849	2025-09-29 08:54:59.849
d8eba69b-c702-4f0f-be61-f54af802a71a	7de22de4-6d30-422c-9ff2-fc09300373e3	Gombe State University	B.A	Project Management	Third Class	2021-02-03 15:26:24.24	2025-02-02 23:00:00	2025-09-29 08:54:59.867	2025-09-29 08:54:59.867
0f430ef1-5e5e-4988-9a14-3981caac3261	9f531627-be67-4193-8a9a-960a9400cd7a	Rivers State University	B.Sc	Finance	First Class	2023-04-01 11:30:22.165	2027-03-31 23:00:00	2025-09-29 08:54:59.885	2025-09-29 08:54:59.885
9e969994-0ae6-4f24-bf29-ff7f93958fbe	739f040f-8998-430a-9a14-06ba7f7bd3bf	Ondo State University of Science and Technology	MBA	Mathematics	Second Class Upper	2022-02-05 12:10:14.861	2026-02-04 23:00:00	2025-09-29 08:54:59.903	2025-09-29 08:54:59.903
2e4cd254-1616-4023-8f1a-c2f64c16b014	606cb6f5-6dc9-4198-b686-c31957f7f164	University of Maiduguri	B.Tech	Business Administration	Third Class	2022-03-31 15:47:36.573	2026-03-30 23:00:00	2025-09-29 08:54:59.921	2025-09-29 08:54:59.921
579c7c26-519e-4f7b-896b-3e9a54a4bfc6	a990dcc7-34ac-433a-9772-c7fce2888e71	Institute of Management and Technology, Enugu	PhD	Industrial Relations	Second Class Upper	2025-06-16 11:07:03.135	2029-06-15 23:00:00	2025-09-29 08:54:59.934	2025-09-29 08:54:59.934
79e424ae-325f-4021-af15-6caac0eb1a18	2040e577-ffa2-4768-93a8-ea4568e4d50c	Usmanu Danfodiyo University	M.Sc	Statistics	Second Class Upper	2023-02-06 18:01:29.601	2027-02-05 23:00:00	2025-09-29 08:54:59.954	2025-09-29 08:54:59.954
a0481072-ea17-439d-b7c5-5c06e5417634	bc053c09-9d91-49f7-beb7-36ae23613ca0	University of Benin	PhD	Software Engineering	First Class	2023-03-06 08:24:08.808	2027-03-05 23:00:00	2025-09-29 08:54:59.972	2025-09-29 08:54:59.972
c76e4c43-c028-413e-8d63-4b8c2233dbb8	8d74ab50-e54f-496a-bc68-0080dd6ca47b	Yaba College of Technology	MBA	Accounting	Third Class	2022-09-18 11:57:28.872	2026-09-17 23:00:00	2025-09-29 08:54:59.989	2025-09-29 08:54:59.989
1db5b8ae-41d6-4619-970c-ad55e3353294	da246a6f-5068-45c4-ac68-858f9604b3b0	Benue State University	B.Eng	Engineering	Third Class	2018-12-03 02:17:25.487	2022-12-02 23:00:00	2025-09-29 08:55:00.001	2025-09-29 08:55:00.001
9c7a65fb-3bcd-4797-80b9-ee2459ef944b	4dd5d1ab-9d7c-440e-963b-e4233837cc08	Osun State Polytechnic, Iree	MBA	Computer Science	Second Class Upper	2023-10-26 07:03:40.368	2027-10-25 23:00:00	2025-09-29 08:55:00.024	2025-09-29 08:55:00.024
d40e69cf-8c8d-49a1-b7df-118e881e5f4c	d68c44c7-ce1d-4fc7-ad19-b5ad6299b3be	University of Lagos	M.Sc	Information Technology	Third Class	2025-09-04 02:09:47.781	2029-09-03 23:00:00	2025-09-29 08:55:00.044	2025-09-29 08:55:00.044
32161a03-4811-4edf-8263-4ecf9d7b555e	2f0761ce-2629-45f6-8255-8fd1bc2885e5	Michael Okpara University of Agriculture	B.Eng	Information Technology	First Class	2018-04-25 09:26:53.448	2022-04-24 23:00:00	2025-09-29 08:55:00.063	2025-09-29 08:55:00.063
077356bd-fec0-494d-8fc3-2332b8d675bd	8f25c12b-e42a-4d28-8848-f2274bcee4c4	Bowen University	B.Sc	Economics	Second Class Upper	2024-11-25 00:17:37.493	2028-11-24 23:00:00	2025-09-29 08:55:00.079	2025-09-29 08:55:00.079
cd5cb9f2-7e25-4448-890d-c8d59fd10d5e	3db0ab0f-8290-4770-ac5c-c48ef0132e65	Gombe State University	B.A	Psychology	First Class	2022-08-15 00:01:55.314	2026-08-14 23:00:00	2025-09-29 08:55:00.101	2025-09-29 08:55:00.101
\.


--
-- Data for Name: FeatureFlag; Type: TABLE DATA; Schema: public; Owner: -
--

COPY public."FeatureFlag" (name, description, "isEnabled") FROM stdin;
enableAiRecommendations	Enables the AI-powered candidate matching feature for Enterprise agencies.	f
\.


--
-- Data for Name: Interview; Type: TABLE DATA; Schema: public; Owner: -
--

COPY public."Interview" (id, "applicationId", "scheduledAt", mode, location, status) FROM stdin;
\.


--
-- Data for Name: Invitation; Type: TABLE DATA; Schema: public; Owner: -
--

COPY public."Invitation" (id, email, "agencyId", "inviterId", token, "expiresAt", status, "createdAt") FROM stdin;
780f6556-dc77-4444-881e-d153d2ab4ea5	tedunjaiyem@gmail.com	f7472be1-137d-42c4-b74a-9217988bd932	097944c2-3582-4220-ade4-4a93ab404375	768865ddb1dcd34f1aed09ca5b6623576bbea69d33188d455e56e6142b8d3e81	2025-09-28 12:40:23.571	PENDING	2025-09-26 12:40:23.575
\.


--
-- Data for Name: LocationState; Type: TABLE DATA; Schema: public; Owner: -
--

COPY public."LocationState" (id, name) FROM stdin;
75	Abia
76	Adamawa
77	Akwa Ibom
78	Anambra
79	Bauchi
80	Bayelsa
81	Benue
82	Borno
83	Cross River
84	Delta
85	Ebonyi
86	Edo
87	Ekiti
88	Enugu
89	Gombe
90	Imo
91	Jigawa
92	Kaduna
93	Kano
94	Katsina
95	Kebbi
96	Kogi
97	Kwara
98	Lagos
99	Nasarawa
100	Niger
101	Ogun
102	Ondo
103	Osun
104	Oyo
105	Plateau
106	Rivers
107	Sokoto
108	Taraba
109	Yobe
110	Zamfara
111	Abuja (FCT)
\.


--
-- Data for Name: LocationLGA; Type: TABLE DATA; Schema: public; Owner: -
--

COPY public."LocationLGA" (id, name, "stateId") FROM stdin;
1549	Aba North	75
1550	Aba South	75
1551	Arochukwu	75
1552	Bende	75
1553	Ikwuano	75
1554	Isiala Ngwa North	75
1555	Isiala Ngwa South	75
1556	Isuikwuato	75
1557	Obi Ngwa	75
1558	Ohafia	75
1559	Osisioma	75
1560	Ugwunagbo	75
1561	Ukwa East	75
1562	Ukwa West	75
1563	Umuahia North	75
1564	Umuahia South	75
1565	Umu Nneochi	75
1566	Demsa	76
1567	Fufure	76
1568	Ganye	76
1569	Gayuk	76
1570	Gombi	76
1571	Grie	76
1572	Hong	76
1573	Jada	76
1574	Larmurde	76
1575	Madagali	76
1576	Maiha	76
1577	Mayo Belwa	76
1578	Michika	76
1579	Mubi North	76
1580	Mubi South	76
1581	Numan	76
1582	Shelleng	76
1583	Song	76
1584	Toungo	76
1585	Yola North	76
1586	Yola South	76
1587	Abak	77
1588	Eastern Obolo	77
1589	Eket	77
1590	Esit Eket	77
1591	Essien Udim	77
1592	Etim Ekpo	77
1593	Etinan	77
1594	Ibeno	77
1595	Ibesikpo Asutan	77
1596	Ibiono-Ibom	77
1597	Ika	77
1598	Ikono	77
1599	Ikot Abasi	77
1600	Ikot Ekpene	77
1601	Ini	77
1602	Itu	77
1603	Mbo	77
1604	Mkpat-Enin	77
1605	Nsit-Atai	77
1606	Nsit-Ibom	77
1607	Nsit-Ubium	77
1608	Obot Akara	77
1609	Okobo	77
1610	Onna	77
1611	Oron	77
1612	Oruk Anam	77
1613	Udung-Uko	77
1614	Ukanafun	77
1615	Uruan	77
1616	Urue-Offong/Oruko	77
1617	Uyo	77
1618	Aguata	78
1619	Anambra East	78
1620	Anambra West	78
1621	Anaocha	78
1622	Awka North	78
1623	Awka South	78
1624	Ayamelum	78
1625	Dunukofia	78
1626	Ekwusigo	78
1627	Idemili North	78
1628	Idemili South	78
1629	Ihiala	78
1630	Njikoka	78
1631	Nnewi North	78
1632	Nnewi South	78
1633	Ogbaru	78
1634	Onitsha North	78
1635	Onitsha South	78
1636	Orumba North	78
1637	Orumba South	78
1638	Oyi	78
1639	Alkaleri	79
1640	Bauchi	79
1641	Bogoro	79
1642	Damban	79
1643	Darazo	79
1644	Dass	79
1645	Gamawa	79
1646	Ganjuwa	79
1647	Giade	79
1648	Itas/Gadau	79
1649	Jama'are	79
1650	Katagum	79
1651	Kirfi	79
1652	Misau	79
1653	Ningi	79
1654	Shira	79
1655	Tafawa Balewa	79
1656	Toro	79
1657	Warji	79
1658	Zaki	79
1659	Brass	80
1660	Ekeremor	80
1661	Kolokuma/Opokuma	80
1662	Nembe	80
1663	Ogbia	80
1664	Sagbama	80
1665	Southern Ijaw	80
1666	Yenagoa	80
1667	Ado	81
1668	Agatu	81
1669	Apa	81
1670	Buruku	81
1671	Gboko	81
1672	Guma	81
1673	Gwer East	81
1674	Gwer West	81
1675	Katsina-Ala	81
1676	Konshisha	81
1677	Kwande	81
1678	Logo	81
1679	Makurdi	81
1680	Obi	81
1681	Ogbadibo	81
1682	Ohimini	81
1683	Oju	81
1684	Okpokwu	81
1685	Oturkpo	81
1686	Tarka	81
1687	Ukum	81
1688	Ushongo	81
1689	Vandeikya	81
1690	Abadam	82
1691	Askira/Uba	82
1692	Bama	82
1693	Bayo	82
1694	Biu	82
1695	Chibok	82
1696	Damboa	82
1697	Dikwa	82
1698	Gubio	82
1699	Guzamala	82
1700	Gwoza	82
1701	Hawul	82
1702	Jere	82
1703	Kaga	82
1704	Kala/Balge	82
1705	Konduga	82
1706	Kukawa	82
1707	Kwaya Kusar	82
1708	Mafa	82
1709	Magumeri	82
1710	Maiduguri	82
1711	Marte	82
1712	Mobbar	82
1713	Monguno	82
1714	Ngala	82
1715	Nganzai	82
1716	Shani	82
1717	Abi	83
1718	Akamkpa	83
1719	Akpabuyo	83
1720	Bakassi	83
1721	Bekwarra	83
1722	Biase	83
1723	Boki	83
1724	Calabar Municipal	83
1725	Calabar South	83
1726	Etung	83
1727	Ikom	83
1728	Obanliku	83
1729	Obubra	83
1730	Obudu	83
1731	Odukpani	83
1732	Ogoja	83
1733	Yakuur	83
1734	Yala	83
1735	Aniocha North	84
1736	Aniocha South	84
1737	Bomadi	84
1738	Burutu	84
1739	Ethiope East	84
1740	Ethiope West	84
1741	Ika North East	84
1742	Ika South	84
1743	Isoko North	84
1744	Isoko South	84
1745	Ndokwa East	84
1746	Ndokwa West	84
1747	Okpe	84
1748	Oshimili North	84
1749	Oshimili South	84
1750	Patani	84
1751	Sapele	84
1752	Udu	84
1753	Ughelli North	84
1754	Ughelli South	84
1755	Ukwuani	84
1756	Uvwie	84
1757	Warri North	84
1758	Warri South	84
1759	Warri South West	84
1760	Abakaliki	85
1761	Afikpo North	85
1762	Afikpo South	85
1763	Ebonyi	85
1764	Ezza North	85
1765	Ezza South	85
1766	Ikwo	85
1767	Ishielu	85
1768	Ivo	85
1769	Izzi	85
1770	Ohaozara	85
1771	Ohaukwu	85
1772	Onicha	85
1773	Akoko-Edo	86
1774	Egor	86
1775	Esan Central	86
1776	Esan North-East	86
1777	Esan South-East	86
1778	Esan West	86
1779	Etsako Central	86
1780	Etsako East	86
1781	Etsako West	86
1782	Igueben	86
1783	Ikpoba Okha	86
1784	Orhionmwon	86
1785	Oredo	86
1786	Ovia North-East	86
1787	Ovia South-West	86
1788	Owan East	86
1789	Owan West	86
1790	Uhunmwonde	86
1791	Ado Ekiti	87
1792	Efon	87
1793	Ekiti East	87
1794	Ekiti South-West	87
1795	Ekiti West	87
1796	Emure	87
1797	Gbonyin	87
1798	Ido Osi	87
1799	Ijero	87
1800	Ikere	87
1801	Ikole	87
1802	Ilejemeje	87
1803	Irepodun/Ifelodun	87
1804	Ise/Orun	87
1805	Moba	87
1806	Oye	87
1807	Aninri	88
1808	Awgu	88
1809	Enugu East	88
1810	Enugu North	88
1811	Enugu South	88
1812	Ezeagu	88
1813	Igbo Etiti	88
1814	Igbo Eze North	88
1815	Igbo Eze South	88
1816	Isi Uzo	88
1817	Nkanu East	88
1818	Nkanu West	88
1819	Nsukka	88
1820	Oji River	88
1821	Udenu	88
1822	Udi	88
1823	Uzo Uwani	88
1824	Akko	89
1825	Balanga	89
1826	Billiri	89
1827	Dukku	89
1828	Funakaye	89
1829	Gombe	89
1830	Kaltungo	89
1831	Kwami	89
1832	Nafada	89
1833	Shongom	89
1834	Yamaltu/Deba	89
1835	Aboh Mbaise	90
1836	Ahiazu Mbaise	90
1837	Ehime Mbano	90
1838	Ezinihitte	90
1839	Ideato North	90
1840	Ideato South	90
1841	Ihitte/Uboma	90
1842	Ikeduru	90
1843	Isiala Mbano	90
1844	Isu	90
1845	Mbaitoli	90
1846	Ngor Okpala	90
1847	Njaba	90
1848	Nkwerre	90
1849	Nwangele	90
1850	Obowo	90
1851	Oguta	90
1852	Ohaji/Egbema	90
1853	Okigwe	90
1854	Orlu	90
1855	Orsu	90
1856	Oru East	90
1857	Oru West	90
1858	Owerri Municipal	90
1859	Owerri North	90
1860	Owerri West	90
1861	Unuimo	90
1862	Auyo	91
1863	Babura	91
1864	Biriniwa	91
1865	Birnin Kudu	91
1866	Buji	91
1867	Dutse	91
1868	Gagarawa	91
1869	Garki	91
1870	Gumel	91
1871	Guri	91
1872	Gwaram	91
1873	Gwiwa	91
1874	Hadejia	91
1875	Jahun	91
1876	Kafin Hausa	91
1877	Kazaure	91
1878	Kiri Kasama	91
1879	Kiyawa	91
1880	Kaugama	91
1881	Maigatari	91
1882	Malam Madori	91
1883	Miga	91
1884	Ringim	91
1885	Roni	91
1886	Sule Tankarkar	91
1887	Taura	91
1888	Yankwashi	91
1889	Birnin Gwari	92
1890	Chikun	92
1891	Giwa	92
1892	Igabi	92
1893	Ikara	92
1894	Jaba	92
1895	Jema'a	92
1896	Kachia	92
1897	Kaduna North	92
1898	Kaduna South	92
1899	Kagarko	92
1900	Kajuru	92
1901	Kaura	92
1902	Kauru	92
1903	Kubau	92
1904	Kudan	92
1905	Lere	92
1906	Makarfi	92
1907	Sabon Gari	92
1908	Sanga	92
1909	Soba	92
1910	Zangon Kataf	92
1911	Zaria	92
1912	Ajingi	93
1913	Albasu	93
1914	Bagwai	93
1915	Bebeji	93
1916	Bichi	93
1917	Bunkure	93
1918	Dala	93
1919	Dambatta	93
1920	Dawakin Kudu	93
1921	Dawakin Tofa	93
1922	Doguwa	93
1923	Fagge	93
1924	Gabasawa	93
1925	Garko	93
1926	Garun Mallam	93
1927	Gaya	93
1928	Gezawa	93
1929	Gwale	93
1930	Gwarzo	93
1931	Kabo	93
1932	Kano Municipal	93
1933	Karaye	93
1934	Kibiya	93
1935	Kiru	93
1936	Kumbotso	93
1937	Kunchi	93
1938	Kura	93
1939	Madobi	93
1940	Makoda	93
1941	Minjibir	93
1942	Nasarawa	93
1943	Rano	93
1944	Rimin Gado	93
1945	Rogo	93
1946	Shanono	93
1947	Sumaila	93
1948	Takai	93
1949	Tarauni	93
1950	Tofa	93
1951	Tsanyawa	93
1952	Tudun Wada	93
1953	Ungogo	93
1954	Warawa	93
1955	Wudil	93
1956	Bakori	94
1957	Batagarawa	94
1958	Batsari	94
1959	Baure	94
1960	Bindawa	94
1961	Charanchi	94
1962	Dandume	94
1963	Danja	94
1964	Dan Musa	94
1965	Daura	94
1966	Dutsi	94
1967	Dutsin Ma	94
1968	Faskari	94
1969	Funtua	94
1970	Ingawa	94
1971	Jibia	94
1972	Kafur	94
1973	Kaita	94
1974	Kankara	94
1975	Kankia	94
1976	Katsina	94
1977	Kurfi	94
1978	Kusada	94
1979	Mai'Adua	94
1980	Malumfashi	94
1981	Mani	94
1982	Mashi	94
1983	Matazu	94
1984	Musawa	94
1985	Rimi	94
1986	Sabuwa	94
1987	Safana	94
1988	Sandamu	94
1989	Zango	94
1990	Aleiro	95
1991	Arewa Dandi	95
1992	Argungu	95
1993	Augie	95
1994	Bagudo	95
1995	Birnin Kebbi	95
1996	Bunza	95
1997	Dandi	95
1998	Fakai	95
1999	Gwandu	95
2000	Jega	95
2001	Kalgo	95
2002	Koko/Besse	95
2003	Maiyama	95
2004	Ngaski	95
2005	Sakaba	95
2006	Shanga	95
2007	Suru	95
2008	Wasagu/Danko	95
2009	Yauri	95
2010	Zuru	95
2011	Adavi	96
2012	Ajaokuta	96
2013	Ankpa	96
2014	Bassa	96
2015	Dekina	96
2016	Ibaji	96
2017	Idah	96
2018	Igalamela Odolu	96
2019	Ijumu	96
2020	Kabba/Bunu	96
2021	Kogi	96
2022	Lokoja	96
2023	Mopa Muro	96
2024	Ofu	96
2025	Ogori/Magongo	96
2026	Okehi	96
2027	Okene	96
2028	Olamaboro	96
2029	Omala	96
2030	Yagba East	96
2031	Yagba West	96
2032	Asa	97
2033	Baruten	97
2034	Edu	97
2035	Ekiti	97
2036	Ifelodun	97
2037	Ilorin East	97
2038	Ilorin South	97
2039	Ilorin West	97
2040	Irepodun	97
2041	Isin	97
2042	Kaiama	97
2043	Moro	97
2044	Offa	97
2045	Oke Ero	97
2046	Oyun	97
2047	Pategi	97
2048	Agege	98
2049	Ajeromi-Ifelodun	98
2050	Alimosho	98
2051	Amuwo-Odofin	98
2052	Apapa	98
2053	Badagry	98
2054	Epe	98
2055	Eti Osa	98
2056	Ibeju-Lekki	98
2057	Ifako-Ijaiye	98
2058	Ikeja	98
2059	Ikorodu	98
2060	Kosofe	98
2061	Lagos Island	98
2062	Lagos Mainland	98
2063	Mushin	98
2064	Ojo	98
2065	Oshodi-Isolo	98
2066	Shomolu	98
2067	Surulere	98
2068	Akwanga	99
2069	Awe	99
2070	Doma	99
2071	Karu	99
2072	Keana	99
2073	Keffi	99
2074	Kokona	99
2075	Lafia	99
2076	Nasarawa	99
2077	Nasarawa Egon	99
2078	Obi	99
2079	Toto	99
2080	Wamba	99
2081	Agaie	100
2082	Agwara	100
2083	Bida	100
2084	Borgu	100
2085	Bosso	100
2086	Chanchaga	100
2087	Edati	100
2088	Gbako	100
2089	Gurara	100
2090	Katcha	100
2091	Kontagora	100
2092	Lapai	100
2093	Lavun	100
2094	Magama	100
2095	Mariga	100
2096	Mashegu	100
2097	Mokwa	100
2098	Moya	100
2099	Paikoro	100
2100	Rafi	100
2101	Rijau	100
2102	Shiroro	100
2103	Suleja	100
2104	Tafa	100
2105	Wushishi	100
2106	Abeokuta North	101
2107	Abeokuta South	101
2108	Ado-Odo/Ota	101
2109	Egbado North	101
2110	Egbado South	101
2111	Ewekoro	101
2112	Ifo	101
2113	Ijebu East	101
2114	Ijebu North	101
2115	Ijebu North East	101
2116	Ijebu Ode	101
2117	Ikenne	101
2118	Imeko Afon	101
2119	Ipokia	101
2120	Obafemi Owode	101
2121	Odeda	101
2122	Odogbolu	101
2123	Ogun Waterside	101
2124	Remo North	101
2125	Shagamu	101
2126	Akoko North-East	102
2127	Akoko North-West	102
2128	Akoko South-West	102
2129	Akoko South-East	102
2130	Akure North	102
2131	Akure South	102
2132	Ese Odo	102
2133	Idanre	102
2134	Ifedore	102
2135	Ilaje	102
2136	Ile Oluji/Okeigbo	102
2137	Irele	102
2138	Odigbo	102
2139	Okitipupa	102
2140	Ondo East	102
2141	Ondo West	102
2142	Ose	102
2143	Owo	102
2144	Aiyedaade	103
2145	Aiyedire	103
2146	Atakunmosa East	103
2147	Atakunmosa West	103
2148	Boluwaduro	103
2149	Boripe	103
2150	Ede North	103
2151	Ede South	103
2152	Ife Central	103
2153	Ife East	103
2154	Ife North	103
2155	Ife South	103
2156	Egbedore	103
2157	Ejigbo	103
2158	Ifedayo	103
2159	Ifelodun	103
2160	Ila	103
2161	Ilesa East	103
2162	Ilesa West	103
2163	Irepodun	103
2164	Irewole	103
2165	Isokan	103
2166	Iwo	103
2167	Obokun	103
2168	Odo Otin	103
2169	Ola Oluwa	103
2170	Olorunda	103
2171	Oriade	103
2172	Orolu	103
2173	Osogbo	103
2174	Afijio	104
2175	Akinyele	104
2176	Atiba	104
2177	Atisbo	104
2178	Egbeda	104
2179	Ibadan North	104
2180	Ibadan North-East	104
2181	Ibadan North-West	104
2182	Ibadan South-East	104
2183	Ibadan South-West	104
2184	Ibarapa Central	104
2185	Ibarapa East	104
2186	Ibarapa North	104
2187	Ido	104
2188	Irepo	104
2189	Iseyin	104
2190	Itesiwaju	104
2191	Iwajowa	104
2192	Kajola	104
2193	Lagelu	104
2194	Ogbomosho North	104
2195	Ogbomosho South	104
2196	Ogo Oluwa	104
2197	Olorunsogo	104
2198	Oluyole	104
2199	Ona Ara	104
2200	Orelope	104
2201	Ori Ire	104
2202	Oyo	104
2203	Oyo East	104
2204	Saki East	104
2205	Saki West	104
2206	Surulere	104
2207	Bokkos	105
2208	Barkin Ladi	105
2209	Bassa	105
2210	Jos East	105
2211	Jos North	105
2212	Jos South	105
2213	Kanam	105
2214	Kanke	105
2215	Langtang South	105
2216	Langtang North	105
2217	Mangu	105
2218	Mikang	105
2219	Pankshin	105
2220	Qua'an Pan	105
2221	Riyom	105
2222	Shendam	105
2223	Wase	105
2224	Port Harcourt	106
2225	Obio-Akpor	106
2226	Okrika	106
2227	OguΓÇôBolo	106
2228	Eleme	106
2229	Tai	106
2230	Gokana	106
2231	Khana	106
2232	Oyigbo	106
2233	OpoboΓÇôNkoro	106
2234	Andoni	106
2235	Bonny	106
2236	Degema	106
2237	Asari-Toru	106
2238	Akuku-Toru	106
2239	AbuaΓÇôOdual	106
2240	Ahoada West	106
2241	Ahoada East	106
2242	OgbaΓÇôEgbemaΓÇôNdoni	106
2243	Emuoha	106
2244	Ikwerre	106
2245	Etche	106
2246	Omuma	106
2247	Binji	107
2248	Bodinga	107
2249	Dange Shuni	107
2250	Gada	107
2251	Goronyo	107
2252	Gudu	107
2253	Gwadabawa	107
2254	Illela	107
2255	Isa	107
2256	Kebbe	107
2257	Kware	107
2258	Rabah	107
2259	Sabon Birni	107
2260	Shagari	107
2261	Silame	107
2262	Sokoto North	107
2263	Sokoto South	107
2264	Tambuwal	107
2265	Tangaza	107
2266	Tureta	107
2267	Wamako	107
2268	Wurno	107
2269	Yabo	107
2270	Ardo Kola	108
2271	Bali	108
2272	Donga	108
2273	Gashaka	108
2274	Gassol	108
2275	Ibi	108
2276	Jalingo	108
2277	Karim Lamido	108
2278	Kumi	108
2279	Lau	108
2280	Sardauna	108
2281	Takum	108
2282	Ussa	108
2283	Wukari	108
2284	Yorro	108
2285	Zing	108
2286	Bade	109
2287	Bursari	109
2288	Damaturu	109
2289	Fika	109
2290	Fune	109
2291	Geidam	109
2292	Gujba	109
2293	Gulani	109
2294	Jakusko	109
2295	Karasuwa	109
2296	Machina	109
2297	Nangere	109
2298	Nguru	109
2299	Potiskum	109
2300	Tarmuwa	109
2301	Yunusari	109
2302	Yusufari	109
2303	Anka	110
2304	Bakura	110
2305	Birnin Magaji/Kiyaw	110
2306	Bukkuyum	110
2307	Bungudu	110
2308	Gummi	110
2309	Gusau	110
2310	Kaura Namoda	110
2311	Maradun	110
2312	Maru	110
2313	Shinkafi	110
2314	Talata Mafara	110
2315	Chafe	110
2316	Zurmi	110
2317	Abaji	111
2318	Bwari	111
2319	Gwagwalada	111
2320	Kuje	111
2321	Kwali	111
2322	Municipal Area Council	111
\.


--
-- Data for Name: Message; Type: TABLE DATA; Schema: public; Owner: -
--

COPY public."Message" (id, "fromId", "toId", subject, body, "createdAt", "readAt") FROM stdin;
f2187571-d2ed-4384-a295-f47942d8edc3	097944c2-3582-4220-ade4-4a93ab404375	5900ca1a-625c-4a14-8331-ee286900ad73	\N	hey	2025-09-11 03:17:44.555	2025-09-13 13:03:24.67
ffff5966-6910-4a8e-895a-32688bd7302c	097944c2-3582-4220-ade4-4a93ab404375	5900ca1a-625c-4a14-8331-ee286900ad73	\N	my guy	2025-09-11 03:20:53.072	2025-09-13 13:03:24.67
5a304d64-d78c-4d8a-88c0-ec4aff570e2b	097944c2-3582-4220-ade4-4a93ab404375	5900ca1a-625c-4a14-8331-ee286900ad73	\N	yoooo	2025-09-11 03:26:19.071	2025-09-13 13:03:24.67
141b285e-ade5-4348-a252-d35fd39bf3a5	097944c2-3582-4220-ade4-4a93ab404375	5900ca1a-625c-4a14-8331-ee286900ad73	\N	g	2025-09-11 03:40:43.646	2025-09-13 13:03:24.67
acb90136-2b1f-44eb-bfe8-04e5dd35a1e7	097944c2-3582-4220-ade4-4a93ab404375	5900ca1a-625c-4a14-8331-ee286900ad73	\N	hello	2025-09-11 21:34:32.832	2025-09-13 13:03:24.67
c551c028-4349-4a83-b516-24ec2053a1ae	5900ca1a-625c-4a14-8331-ee286900ad73	097944c2-3582-4220-ade4-4a93ab404375	\N	cool	2025-09-11 03:47:12.686	2025-09-13 13:20:07.203
4a11a69f-c26c-4a98-ad95-a9069082e1db	5900ca1a-625c-4a14-8331-ee286900ad73	097944c2-3582-4220-ade4-4a93ab404375	\N	g	2025-09-13 13:00:35.155	2025-09-13 13:20:07.203
b1d421e2-99d7-4f13-b3f5-36f1f304c6a2	5900ca1a-625c-4a14-8331-ee286900ad73	097944c2-3582-4220-ade4-4a93ab404375	\N	yoooo	2025-09-13 13:19:16.965	2025-09-13 13:20:07.203
98d5d339-65d7-4c6e-8fa0-a303c8e054a1	097944c2-3582-4220-ade4-4a93ab404375	5900ca1a-625c-4a14-8331-ee286900ad73	\N	my geee	2025-09-13 13:20:16.048	2025-09-13 13:25:39.151
63c77aa8-91d0-42bc-96c5-0de0b62309a0	097944c2-3582-4220-ade4-4a93ab404375	5900ca1a-625c-4a14-8331-ee286900ad73	\N	my geee	2025-09-13 13:25:36.206	2025-09-13 13:25:39.151
1c194ee1-a554-480e-9ac2-c343764dcfb3	5900ca1a-625c-4a14-8331-ee286900ad73	097944c2-3582-4220-ade4-4a93ab404375	\N	hey	2025-09-13 13:25:33.276	2025-09-13 13:25:52.725
8a7f5357-0711-4f77-a17a-21dea8d2108c	5900ca1a-625c-4a14-8331-ee286900ad73	097944c2-3582-4220-ade4-4a93ab404375	\N	r	2025-09-13 13:25:44.044	2025-09-13 13:25:52.725
ebb72620-0f76-4bac-92e2-df8d50ddd211	097944c2-3582-4220-ade4-4a93ab404375	5900ca1a-625c-4a14-8331-ee286900ad73	\N	fd	2025-09-13 13:25:50.673	2025-09-13 13:34:14.544
f2597c5e-3a50-4799-ae65-d86376d181dd	5900ca1a-625c-4a14-8331-ee286900ad73	097944c2-3582-4220-ade4-4a93ab404375	\N	hey	2025-09-13 13:34:20.299	2025-09-13 13:34:20.362
3ec5876b-07a5-415b-bfd3-cafad237492a	097944c2-3582-4220-ade4-4a93ab404375	5900ca1a-625c-4a14-8331-ee286900ad73	\N	hi	2025-09-13 13:34:25.92	2025-09-13 13:34:25.939
964cb8f8-7daa-4614-9bd9-c068a29d3004	097944c2-3582-4220-ade4-4a93ab404375	5900ca1a-625c-4a14-8331-ee286900ad73	\N	yooo	2025-09-13 13:34:38.463	2025-09-13 13:34:38.474
5b3b04b4-df03-477c-ae47-5b7f516f56eb	5900ca1a-625c-4a14-8331-ee286900ad73	097944c2-3582-4220-ade4-4a93ab404375	\N	okay	2025-09-13 13:35:14.836	2025-09-13 13:35:14.847
bcb4a78b-5686-429e-849d-9d4641eba37e	5900ca1a-625c-4a14-8331-ee286900ad73	097944c2-3582-4220-ade4-4a93ab404375	\N	hi	2025-09-13 13:41:30.994	2025-09-13 13:41:31.04
e8785017-4654-4ea0-af36-f45427c3eea0	097944c2-3582-4220-ade4-4a93ab404375	5900ca1a-625c-4a14-8331-ee286900ad73	\N	heyyy	2025-09-13 13:41:37.578	2025-09-13 13:41:37.588
c8accd00-76cf-40f3-9eae-4c1ec4f76b9a	5900ca1a-625c-4a14-8331-ee286900ad73	097944c2-3582-4220-ade4-4a93ab404375	\N	fg	2025-09-13 13:54:01.701	2025-09-13 13:54:02.17
abfa9aa7-0583-4983-879a-c30b3cf1e780	5900ca1a-625c-4a14-8331-ee286900ad73	097944c2-3582-4220-ade4-4a93ab404375	\N	hi	2025-09-13 13:58:42.414	2025-09-13 13:58:42.535
69a170e3-92da-42e4-be5d-2db303fe177e	097944c2-3582-4220-ade4-4a93ab404375	5900ca1a-625c-4a14-8331-ee286900ad73	\N	hello	2025-09-13 13:58:48.028	2025-09-13 13:58:48.041
e1eaaeee-a46b-428b-aaec-00d9744f6ca6	5900ca1a-625c-4a14-8331-ee286900ad73	097944c2-3582-4220-ade4-4a93ab404375	\N	how far?	2025-09-13 13:58:55.565	2025-09-13 13:58:55.598
5517957f-3274-45aa-80a1-c542fa44ec5c	097944c2-3582-4220-ade4-4a93ab404375	5900ca1a-625c-4a14-8331-ee286900ad73	\N	i dey	2025-09-13 13:59:02.509	2025-09-13 13:59:02.524
a0dddeb5-2e52-4919-877b-10deb03e51c9	5900ca1a-625c-4a14-8331-ee286900ad73	097944c2-3582-4220-ade4-4a93ab404375	\N	okay	2025-09-13 13:59:11.011	2025-09-13 13:59:11.022
d4e70405-3ba8-4028-a114-6da7d187f260	097944c2-3582-4220-ade4-4a93ab404375	5900ca1a-625c-4a14-8331-ee286900ad73	\N	pr	2025-09-13 22:57:22.995	2025-09-13 23:05:43.028
1f78fd09-5a52-4beb-b2d7-de35528af5af	5900ca1a-625c-4a14-8331-ee286900ad73	097944c2-3582-4220-ade4-4a93ab404375	\N	sure	2025-09-13 13:59:22.27	2025-09-13 22:24:01.9
bb0e2fa2-9463-4b61-87ab-d7b6b88d88af	5900ca1a-625c-4a14-8331-ee286900ad73	097944c2-3582-4220-ade4-4a93ab404375	\N	hey youuuuu	2025-09-13 14:15:22.26	2025-09-13 22:24:01.9
f8030df6-08ca-4059-9280-217b89f3d4ff	097944c2-3582-4220-ade4-4a93ab404375	5900ca1a-625c-4a14-8331-ee286900ad73	\N	helloooo	2025-09-13 22:24:13.347	2025-09-13 22:38:08.121
f4a50c1e-014a-41b5-867a-191c588121c2	097944c2-3582-4220-ade4-4a93ab404375	5900ca1a-625c-4a14-8331-ee286900ad73	\N	hiii	2025-09-13 22:24:37.054	2025-09-13 22:38:08.121
5839d23f-40e5-4efa-9dfe-6d862b8224c9	097944c2-3582-4220-ade4-4a93ab404375	5900ca1a-625c-4a14-8331-ee286900ad73	\N	oga mi	2025-09-13 22:37:55.847	2025-09-13 22:38:08.121
54cc2a17-f0ff-4926-b137-043c399205ea	097944c2-3582-4220-ade4-4a93ab404375	5900ca1a-625c-4a14-8331-ee286900ad73	\N	my guy	2025-09-13 22:56:14.482	2025-09-13 22:56:21.611
fda165a3-00b7-48dc-9285-0c9becd65370	097944c2-3582-4220-ade4-4a93ab404375	5900ca1a-625c-4a14-8331-ee286900ad73	\N	heyyyy	2025-09-13 22:56:40.566	2025-09-13 22:56:52.079
ea3487c9-403f-4d72-a7d4-c53b6fa2af0f	5900ca1a-625c-4a14-8331-ee286900ad73	097944c2-3582-4220-ade4-4a93ab404375	\N	hi	2025-09-13 22:57:02.731	2025-09-13 22:57:02.764
99cd547b-093c-45bf-a060-f7f51193e2d0	5900ca1a-625c-4a14-8331-ee286900ad73	097944c2-3582-4220-ade4-4a93ab404375	\N	hey there	2025-09-13 23:42:27.87	2025-09-13 23:42:37.008
c30cf7ee-de1c-4ee1-a548-f4b7c83b6df7	097944c2-3582-4220-ade4-4a93ab404375	5900ca1a-625c-4a14-8331-ee286900ad73	\N	gs	2025-09-14 00:02:06.133	2025-09-14 00:43:17.057
a4d53264-3dc1-4975-b362-569ac8482ed5	097944c2-3582-4220-ade4-4a93ab404375	5900ca1a-625c-4a14-8331-ee286900ad73	\N	okay	2025-09-13 23:42:47.381	2025-09-14 00:43:17.057
5c346b73-bec0-4c1e-8616-a4400c06be7d	097944c2-3582-4220-ade4-4a93ab404375	5900ca1a-625c-4a14-8331-ee286900ad73	\N	tr	2025-09-13 23:42:57.126	2025-09-14 00:43:17.057
c73f08ed-7de4-4afd-b6bb-128a40fb137c	097944c2-3582-4220-ade4-4a93ab404375	5900ca1a-625c-4a14-8331-ee286900ad73	\N	hegr	2025-09-13 23:49:15.896	2025-09-14 00:43:17.057
6530a1a3-ed71-4295-a1b1-9dde8ea8483f	097944c2-3582-4220-ade4-4a93ab404375	5900ca1a-625c-4a14-8331-ee286900ad73	\N	fw	2025-09-13 23:55:47.46	2025-09-14 00:43:17.057
c707563d-ce57-41f1-a52e-bdb64392879f	097944c2-3582-4220-ade4-4a93ab404375	5900ca1a-625c-4a14-8331-ee286900ad73	\N	fs	2025-09-13 23:56:05.086	2025-09-14 00:43:17.057
d51d005d-a8bb-46f9-9748-30c64184a403	097944c2-3582-4220-ade4-4a93ab404375	5900ca1a-625c-4a14-8331-ee286900ad73	\N	gds	2025-09-13 23:56:23.656	2025-09-14 00:43:17.057
bbf8fa20-f638-478a-a1ec-bd8355166087	097944c2-3582-4220-ade4-4a93ab404375	5900ca1a-625c-4a14-8331-ee286900ad73	\N	f	2025-09-14 00:01:52.905	2025-09-14 00:43:17.057
065979f5-f4be-4373-9618-89869e32c497	097944c2-3582-4220-ade4-4a93ab404375	5900ca1a-625c-4a14-8331-ee286900ad73	\N	fs	2025-09-14 00:42:48.773	2025-09-14 00:43:17.057
19ff6e48-6a4d-40d8-b570-aa133c09d371	097944c2-3582-4220-ade4-4a93ab404375	5900ca1a-625c-4a14-8331-ee286900ad73	\N	fds	2025-09-14 00:55:59.179	2025-09-14 00:58:29.475
192dc5cb-1f3a-4980-94e1-5430deb49d3a	097944c2-3582-4220-ade4-4a93ab404375	5900ca1a-625c-4a14-8331-ee286900ad73	\N	df	2025-09-14 00:56:21.198	2025-09-14 00:58:29.475
4d5de5cc-4c30-493a-b027-ce4fb325610c	097944c2-3582-4220-ade4-4a93ab404375	5900ca1a-625c-4a14-8331-ee286900ad73	\N	fds	2025-09-14 00:58:27.922	2025-09-14 00:58:29.475
e39e241f-2734-4c85-a7d9-d33436537f45	5900ca1a-625c-4a14-8331-ee286900ad73	097944c2-3582-4220-ade4-4a93ab404375	\N	dsf	2025-09-14 00:58:34.416	2025-09-14 00:58:34.447
775da248-aa96-4ec9-85d0-e46b3c77f73f	5900ca1a-625c-4a14-8331-ee286900ad73	097944c2-3582-4220-ade4-4a93ab404375	\N	fsffg	2025-09-14 00:58:49.59	2025-09-14 00:58:49.614
c8015003-0c03-4684-937a-a162ee12e6c7	097944c2-3582-4220-ade4-4a93ab404375	5900ca1a-625c-4a14-8331-ee286900ad73	\N	hi	2025-09-14 22:00:27.888	2025-09-14 22:00:31.748
098e7a9c-ffa3-4be9-bc68-66fc3d007fdf	097944c2-3582-4220-ade4-4a93ab404375	5900ca1a-625c-4a14-8331-ee286900ad73	\N	hruue	2025-09-14 22:21:52.824	2025-09-14 22:22:14.709
5c321d93-e6af-4330-bdfa-cccb2aa22dd1	097944c2-3582-4220-ade4-4a93ab404375	5900ca1a-625c-4a14-8331-ee286900ad73	\N	fgds	2025-09-14 22:46:01.259	2025-09-14 22:46:01.637
e5fe7ebb-1aa1-46c5-a800-fe047b22eeab	097944c2-3582-4220-ade4-4a93ab404375	5900ca1a-625c-4a14-8331-ee286900ad73	\N	hello my guy. how far na???	2025-09-14 22:46:24.919	2025-09-14 22:46:24.935
c54f9596-7fca-425e-90ce-92618039b2cb	097944c2-3582-4220-ade4-4a93ab404375	5900ca1a-625c-4a14-8331-ee286900ad73	\N	imds	2025-09-14 22:46:39.214	2025-09-14 22:46:39.226
d9be5ed5-f38b-4dcb-af6e-67e3b5ef9ea0	097944c2-3582-4220-ade4-4a93ab404375	5900ca1a-625c-4a14-8331-ee286900ad73	\N	how far	2025-09-14 22:48:08.049	2025-09-14 22:48:08.063
4145acc0-a0da-4838-afbf-7472f94534e7	097944c2-3582-4220-ade4-4a93ab404375	5900ca1a-625c-4a14-8331-ee286900ad73	\N	yoooo	2025-09-14 22:48:26.253	2025-09-14 22:54:46.88
903eb0e0-53c8-4449-8354-d413b97f2884	097944c2-3582-4220-ade4-4a93ab404375	5900ca1a-625c-4a14-8331-ee286900ad73	\N	rtrds	2025-09-14 22:48:39.365	2025-09-14 22:54:46.88
481b88b0-1267-4abd-a63e-a606e3c8b866	097944c2-3582-4220-ade4-4a93ab404375	5900ca1a-625c-4a14-8331-ee286900ad73	\N	heyyyy	2025-09-14 22:54:39.354	2025-09-14 22:54:46.88
004225de-a7a0-4b7e-bb6f-3a4f1524c985	097944c2-3582-4220-ade4-4a93ab404375	5900ca1a-625c-4a14-8331-ee286900ad73	\N	how your side na	2025-09-14 22:55:39.027	2025-09-14 22:56:01.302
b2e4c329-bcb7-4840-9cde-1e3dbfe2a738	5900ca1a-625c-4a14-8331-ee286900ad73	097944c2-3582-4220-ade4-4a93ab404375	\N	good	2025-09-14 23:53:53.226	2025-09-14 23:54:04.303
283a392a-3b14-4c35-be26-b62b6519f19c	5900ca1a-625c-4a14-8331-ee286900ad73	097944c2-3582-4220-ade4-4a93ab404375	\N	reeeeeeeeeeg\nGegeR\nEGRterg	2025-09-15 11:31:54.817	2025-09-15 23:02:51.3
1cb8f5b6-4290-4aac-b1ee-876535cc671d	5900ca1a-625c-4a14-8331-ee286900ad73	097944c2-3582-4220-ade4-4a93ab404375	\N	hi	2025-09-20 04:47:04.064	2025-09-20 05:02:07.048
679caef0-0566-4b4c-81da-3972dfb6b5fa	5900ca1a-625c-4a14-8331-ee286900ad73	097944c2-3582-4220-ade4-4a93ab404375	\N	oi	2025-09-20 04:47:27.171	2025-09-20 05:02:07.048
7f6e04fe-d67a-46e8-b133-4b869715254e	5900ca1a-625c-4a14-8331-ee286900ad73	097944c2-3582-4220-ade4-4a93ab404375	\N	fs	2025-09-20 04:47:34.367	2025-09-20 05:02:07.048
0a94ba2f-bc54-48f1-bad5-13aca2794807	5900ca1a-625c-4a14-8331-ee286900ad73	097944c2-3582-4220-ade4-4a93ab404375	\N	dfs	2025-09-20 04:47:44.075	2025-09-20 05:02:07.048
fdf878a3-05ba-42eb-a2b4-8646e205604e	5900ca1a-625c-4a14-8331-ee286900ad73	097944c2-3582-4220-ade4-4a93ab404375	\N	sf	2025-09-20 04:47:57.522	2025-09-20 05:02:07.048
43b410bd-dd7d-4599-adad-5c0ff9251093	5900ca1a-625c-4a14-8331-ee286900ad73	097944c2-3582-4220-ade4-4a93ab404375	\N	vx	2025-09-20 04:48:03.509	2025-09-20 05:02:07.048
dfbc1a2d-5138-4ad1-a99b-6da3729d7422	5900ca1a-625c-4a14-8331-ee286900ad73	097944c2-3582-4220-ade4-4a93ab404375	\N	f	2025-09-20 04:48:11.022	2025-09-20 05:02:07.048
36aea139-9a41-478e-929a-d5c0eb4e60a5	5900ca1a-625c-4a14-8331-ee286900ad73	097944c2-3582-4220-ade4-4a93ab404375	\N	hi	2025-09-21 11:04:43.451	2025-09-21 11:04:49.78
1e8954f2-dcc6-432a-8334-34ee8a484284	097944c2-3582-4220-ade4-4a93ab404375	5900ca1a-625c-4a14-8331-ee286900ad73	\N	hello	2025-09-21 11:04:57.116	2025-09-21 13:29:22.329
db84fb22-95bd-4e0d-bf58-290bc38d8e2a	24561236-b941-4ff8-ad41-b9b71adcafdd	5900ca1a-625c-4a14-8331-ee286900ad73	\N	how far my guy	2025-09-23 10:09:54.8	2025-09-23 10:10:08.655
b22b8b32-e57d-4aa7-a15f-a17bc295d0a6	24561236-b941-4ff8-ad41-b9b71adcafdd	5900ca1a-625c-4a14-8331-ee286900ad73	\N	Hi boss. i hope this gets you well	2025-09-23 09:54:57.048	2025-09-23 09:55:17.143
9bbb87b0-6821-4cd9-9a78-f428ae9301ad	5900ca1a-625c-4a14-8331-ee286900ad73	24561236-b941-4ff8-ad41-b9b71adcafdd	\N	hello	2025-09-23 09:55:31.267	2025-09-23 10:09:16.19
aacf44e6-1337-499e-a8c4-4d56330fa396	097944c2-3582-4220-ade4-4a93ab404375	5900ca1a-625c-4a14-8331-ee286900ad73	\N	hew	2025-09-23 00:44:51.525	2025-09-23 10:10:57.455
f56edaaf-e946-4501-8697-1166338bf97c	5900ca1a-625c-4a14-8331-ee286900ad73	24561236-b941-4ff8-ad41-b9b71adcafdd	\N	heyyyy	2025-09-23 10:11:15.474	2025-09-23 10:11:27.757
2d19d92c-a174-40a8-b28e-40bf5b62c5ca	5900ca1a-625c-4a14-8331-ee286900ad73	24561236-b941-4ff8-ad41-b9b71adcafdd	\N	okay thanks	2025-09-23 10:20:53.464	2025-09-23 10:21:10.501
315380b8-4e1d-4e33-bdec-69d8e0b31e75	24561236-b941-4ff8-ad41-b9b71adcafdd	5900ca1a-625c-4a14-8331-ee286900ad73	\N	indomie boy	2025-09-23 10:20:16.973	2025-09-23 10:20:44.032
96f97a7b-28d3-4578-a14a-c6cfae539700	24561236-b941-4ff8-ad41-b9b71adcafdd	5900ca1a-625c-4a14-8331-ee286900ad73	\N	how far	2025-09-23 10:35:46.514	2025-09-23 10:36:00.064
e4d79b2c-7672-4396-a746-de2f3b989513	5900ca1a-625c-4a14-8331-ee286900ad73	24561236-b941-4ff8-ad41-b9b71adcafdd	\N	yooooooooooooooo	2025-09-23 10:27:20.547	2025-09-23 10:35:43.23
f9664dbd-3e93-4c0e-a705-46e332900cca	5900ca1a-625c-4a14-8331-ee286900ad73	24561236-b941-4ff8-ad41-b9b71adcafdd	\N	i dey	2025-09-23 10:36:05.179	2025-09-23 10:47:43.656
bf22773a-ad2f-42e2-bdb2-d593973ad799	5900ca1a-625c-4a14-8331-ee286900ad73	24561236-b941-4ff8-ad41-b9b71adcafdd	\N	fsw	2025-09-23 10:47:30.522	2025-09-23 10:47:43.656
1971042d-4f9e-4327-b954-08f6dc5f6f1e	24561236-b941-4ff8-ad41-b9b71adcafdd	5900ca1a-625c-4a14-8331-ee286900ad73	\N	cool	2025-09-23 10:47:53.315	2025-09-23 10:53:55.288
98098569-e22d-498e-aeb0-422cfa25f872	5900ca1a-625c-4a14-8331-ee286900ad73	24561236-b941-4ff8-ad41-b9b71adcafdd	\N	yeah	2025-09-23 10:53:58.034	2025-09-23 10:54:11.043
8a9ae3d0-fe0d-4ca3-a6a4-5bfd482f7e03	24561236-b941-4ff8-ad41-b9b71adcafdd	5900ca1a-625c-4a14-8331-ee286900ad73	\N	mayonaises	2025-09-23 10:54:35.299	2025-09-23 10:57:45.56
c90cc872-39fb-4f8d-acee-a956ae3ca197	5900ca1a-625c-4a14-8331-ee286900ad73	24561236-b941-4ff8-ad41-b9b71adcafdd	\N	good	2025-09-23 10:57:51.442	2025-09-23 10:58:08.64
4a7b538a-ce52-41a2-af1d-477e3129cd9b	24561236-b941-4ff8-ad41-b9b71adcafdd	5900ca1a-625c-4a14-8331-ee286900ad73	\N	boat and slide	2025-09-23 10:58:27.633	2025-09-24 11:26:00.99
0f40d031-9845-4df8-9f37-4aa97baf0563	097944c2-3582-4220-ade4-4a93ab404375	5900ca1a-625c-4a14-8331-ee286900ad73	\N	fdi	2025-09-28 07:26:29.223	2025-09-28 07:26:29.257
e52fcbc2-cdc2-4a0c-9dc8-541546ff6f69	24561236-b941-4ff8-ad41-b9b71adcafdd	5900ca1a-625c-4a14-8331-ee286900ad73	\N	my boyyyy how far naaa	2025-09-24 23:35:50.368	2025-09-27 22:30:03.718
95178ccd-5ca5-48f2-b042-dfe1ecf2aacd	5900ca1a-625c-4a14-8331-ee286900ad73	24561236-b941-4ff8-ad41-b9b71adcafdd	\N	yeah	2025-09-27 22:30:08.688	\N
cc1c3ac5-3b82-458c-a6fb-1747a8d4332c	097944c2-3582-4220-ade4-4a93ab404375	5900ca1a-625c-4a14-8331-ee286900ad73	\N	hi	2025-09-27 22:31:01.424	2025-09-27 22:31:12.232
9911a07a-82bf-4088-945d-40d41f2d07b4	5900ca1a-625c-4a14-8331-ee286900ad73	097944c2-3582-4220-ade4-4a93ab404375	\N	hello	2025-09-27 22:31:18.211	2025-09-27 22:31:18.291
c47f5a81-b3c9-47c6-8dcd-eb70b48a1d49	5900ca1a-625c-4a14-8331-ee286900ad73	097944c2-3582-4220-ade4-4a93ab404375	\N	k	2025-09-27 22:31:32.045	2025-09-27 22:31:32.08
da843609-e0a2-4a60-b39c-6ddb8dfa1a65	5900ca1a-625c-4a14-8331-ee286900ad73	097944c2-3582-4220-ade4-4a93ab404375	\N	sup	2025-09-28 07:10:28.251	2025-09-28 07:16:30.375
912acfe3-2ba5-42ee-9cbb-7226e3ad1247	097944c2-3582-4220-ade4-4a93ab404375	5900ca1a-625c-4a14-8331-ee286900ad73	\N	hey	2025-09-28 07:21:22.109	2025-09-28 07:22:06.794
039d4097-6a53-474a-bc58-58d45a018e50	097944c2-3582-4220-ade4-4a93ab404375	5900ca1a-625c-4a14-8331-ee286900ad73	\N	hey	2025-09-28 07:21:35.775	2025-09-28 07:22:06.794
4e3c1d13-36ca-4a77-ad36-de948a8deb43	5900ca1a-625c-4a14-8331-ee286900ad73	097944c2-3582-4220-ade4-4a93ab404375	\N	hiii	2025-09-28 07:22:10.583	2025-09-28 07:25:02.539
7b264d3d-49f8-40da-887c-fd07b375054a	5900ca1a-625c-4a14-8331-ee286900ad73	097944c2-3582-4220-ade4-4a93ab404375	\N	oew	2025-09-28 07:23:21.273	2025-09-28 07:25:02.539
029e5438-ecf7-4179-84cc-9c12ae964dd7	5900ca1a-625c-4a14-8331-ee286900ad73	097944c2-3582-4220-ade4-4a93ab404375	\N	cc	2025-09-28 07:23:25.723	2025-09-28 07:25:02.539
36ad1efd-01cb-40fe-a581-9502df52ec8b	5900ca1a-625c-4a14-8331-ee286900ad73	097944c2-3582-4220-ade4-4a93ab404375	\N	sc	2025-09-28 07:23:28.814	2025-09-28 07:25:02.539
691fb7f7-266b-4c26-a0b9-dd8a3332066e	5900ca1a-625c-4a14-8331-ee286900ad73	097944c2-3582-4220-ade4-4a93ab404375	\N	hey	2025-09-28 07:24:45.127	2025-09-28 07:25:02.539
8030f6a1-1533-490e-ab65-35694f259ec8	5900ca1a-625c-4a14-8331-ee286900ad73	097944c2-3582-4220-ade4-4a93ab404375	\N	hiii	2025-09-28 07:24:52.74	2025-09-28 07:25:02.539
ee6db517-ce10-4a97-8b2d-65fbfb14c449	097944c2-3582-4220-ade4-4a93ab404375	5900ca1a-625c-4a14-8331-ee286900ad73	\N	sup	2025-09-28 07:25:04.688	2025-09-28 07:25:04.718
65bf59ca-4236-4ce6-b9cc-2c5afe6b0601	097944c2-3582-4220-ade4-4a93ab404375	5900ca1a-625c-4a14-8331-ee286900ad73	\N	how far na'	2025-09-28 07:25:11.977	2025-09-28 07:25:12.027
69a055da-e7c1-4082-b89c-89e7e48564d1	097944c2-3582-4220-ade4-4a93ab404375	5900ca1a-625c-4a14-8331-ee286900ad73	\N	hiiii	2025-09-28 07:25:28.516	2025-09-28 07:25:28.553
cd2f3470-5324-4944-81b3-3963e717aef2	097944c2-3582-4220-ade4-4a93ab404375	5900ca1a-625c-4a14-8331-ee286900ad73	\N	da	2025-09-28 07:26:35.455	2025-09-28 07:26:35.484
cdb794f8-6ec5-4e6d-8549-997575d6891a	097944c2-3582-4220-ade4-4a93ab404375	5900ca1a-625c-4a14-8331-ee286900ad73	\N	asa	2025-09-28 07:26:40.808	2025-09-28 07:26:40.836
8f047966-a008-450a-8fbb-d5e22e626722	5900ca1a-625c-4a14-8331-ee286900ad73	097944c2-3582-4220-ade4-4a93ab404375	\N	dfs	2025-09-28 07:26:48.489	2025-09-28 07:26:48.728
51c83634-b5d5-4e1b-bb31-93d429853dee	5900ca1a-625c-4a14-8331-ee286900ad73	097944c2-3582-4220-ade4-4a93ab404375	\N	fsa	2025-09-28 07:27:06.384	2025-09-28 07:27:06.415
58dff124-d5e3-4f0a-9a74-87178a4ea680	097944c2-3582-4220-ade4-4a93ab404375	5900ca1a-625c-4a14-8331-ee286900ad73	\N	fdsa	2025-09-28 07:27:28.93	2025-09-28 07:27:28.966
9ac4467f-ba6d-48a6-914a-0aa0765498a7	097944c2-3582-4220-ade4-4a93ab404375	5900ca1a-625c-4a14-8331-ee286900ad73	\N	dfsfd	2025-09-28 07:27:39.821	2025-09-28 07:27:39.85
51970994-ea78-4255-acbf-d372ce31bd9b	097944c2-3582-4220-ade4-4a93ab404375	5900ca1a-625c-4a14-8331-ee286900ad73	\N	sfdg	2025-09-28 07:28:52.531	2025-09-28 07:28:52.562
\.


--
-- Data for Name: Notification; Type: TABLE DATA; Schema: public; Owner: -
--

COPY public."Notification" (id, "userId", message, link, read, "createdAt", type, meta) FROM stdin;
6186633d-ab68-48a0-a212-c26923e7b53b	5900ca1a-625c-4a14-8331-ee286900ad73	Your application for "Frontend React Developer" was updated to REVIEWING.	/dashboard/candidate/applications	t	2025-09-13 22:25:02.04	GENERIC	\N
0b3e8fca-650d-462f-bfc7-d992d9f192f7	5900ca1a-625c-4a14-8331-ee286900ad73	Your application for "Frontend React Developer" was updated to APPLIED.	/dashboard/candidate/applications	t	2025-09-13 22:25:32.481	GENERIC	\N
acfe9975-8a73-4ffc-8475-25dcca87ab44	097944c2-3582-4220-ade4-4a93ab404375	You have a new message from Matthew.	/inbox?with=5900ca1a-625c-4a14-8331-ee286900ad73	f	2025-09-13 22:57:02.756	MESSAGE	\N
08bd575f-bdb1-4a90-a1ab-3f0c56c6ecd5	5900ca1a-625c-4a14-8331-ee286900ad73	You have a new message from AdinKems Inc..	/inbox?with=097944c2-3582-4220-ade4-4a93ab404375	t	2025-09-14 00:42:48.888	MESSAGE	\N
8e8066e6-60fd-4c70-9c99-75f2cdf66045	5900ca1a-625c-4a14-8331-ee286900ad73	You have a new message from AdinKems Inc..	/inbox?with=097944c2-3582-4220-ade4-4a93ab404375	t	2025-09-14 00:02:06.138	MESSAGE	\N
f0441eac-4dae-4e64-9384-2f42e366a4aa	5900ca1a-625c-4a14-8331-ee286900ad73	You have a new message from AdinKems Inc..	/inbox?with=097944c2-3582-4220-ade4-4a93ab404375	t	2025-09-14 00:01:52.91	MESSAGE	\N
511281c7-c8d7-4fb5-9e59-cc4cee7caeb1	5900ca1a-625c-4a14-8331-ee286900ad73	You have a new message from AdinKems Inc..	/inbox?with=097944c2-3582-4220-ade4-4a93ab404375	t	2025-09-13 23:49:15.93	MESSAGE	\N
236c2ce9-ff5a-4336-b997-ac89df7067e5	097944c2-3582-4220-ade4-4a93ab404375	You have a new message from Matthew.	/inbox?with=5900ca1a-625c-4a14-8331-ee286900ad73	t	2025-09-13 23:42:28.136	MESSAGE	\N
c0a2dbdc-0896-4ac0-8a7a-e350eaf28f47	5900ca1a-625c-4a14-8331-ee286900ad73	You have a new message from AdinKems Inc..	/inbox?with=097944c2-3582-4220-ade4-4a93ab404375	t	2025-09-13 22:56:14.53	MESSAGE	\N
28d62786-78bc-4092-af08-eff5fdffc6af	5900ca1a-625c-4a14-8331-ee286900ad73	You have a new message from AdinKems Inc..	/inbox?with=097944c2-3582-4220-ade4-4a93ab404375	t	2025-09-13 22:56:40.572	MESSAGE	\N
a9136756-dc33-41f5-b49d-748899628034	5900ca1a-625c-4a14-8331-ee286900ad73	You have a new message from AdinKems Inc..	/inbox?with=097944c2-3582-4220-ade4-4a93ab404375	t	2025-09-13 22:57:22.998	MESSAGE	\N
22f705e2-7b57-4eb6-8a15-6c655b468d57	5900ca1a-625c-4a14-8331-ee286900ad73	You have a new message from AdinKems Inc..	/inbox?with=097944c2-3582-4220-ade4-4a93ab404375	t	2025-09-13 23:42:47.393	MESSAGE	\N
48d1ac5d-f7ab-4cd1-bfd4-aa8b7863d497	5900ca1a-625c-4a14-8331-ee286900ad73	You have a new message from AdinKems Inc..	/inbox?with=097944c2-3582-4220-ade4-4a93ab404375	t	2025-09-13 23:42:57.129	MESSAGE	\N
6a29acc7-fb24-4a9c-b9ed-e1aec4b93da8	5900ca1a-625c-4a14-8331-ee286900ad73	You have a new message from AdinKems Inc..	/inbox?with=097944c2-3582-4220-ade4-4a93ab404375	t	2025-09-13 23:55:47.475	MESSAGE	\N
da6faf03-3440-4f5b-a8d4-1fdeee068767	5900ca1a-625c-4a14-8331-ee286900ad73	You have a new message from AdinKems Inc..	/inbox?with=097944c2-3582-4220-ade4-4a93ab404375	t	2025-09-13 23:56:05.089	MESSAGE	\N
c6199467-977d-44c5-9030-99cd26da2567	5900ca1a-625c-4a14-8331-ee286900ad73	You have a new message from AdinKems Inc..	/inbox?with=097944c2-3582-4220-ade4-4a93ab404375	t	2025-09-13 22:37:55.863	GENERIC	\N
ec9cf8b8-cddc-422b-93af-f6296571b6d6	5900ca1a-625c-4a14-8331-ee286900ad73	Your application for "Frontend React Developer" was updated to REVIEWING.	/dashboard/candidate/applications	t	2025-09-14 00:44:58.22	GENERIC	\N
a72e4f6f-0d7f-4f95-a799-32a74a478d2b	5900ca1a-625c-4a14-8331-ee286900ad73	Your application for "Frontend React Developer" was updated to APPLIED.	/dashboard/candidate/applications	t	2025-09-14 00:45:40.516	GENERIC	\N
eb5aa5d4-c748-4dcc-b2b1-17b190f8677a	097944c2-3582-4220-ade4-4a93ab404375	You have a new message from Matthew.	/inbox?with=5900ca1a-625c-4a14-8331-ee286900ad73	t	2025-09-14 00:58:49.603	MESSAGE	\N
b8d3848b-9549-43b4-ada1-f8174e4bb32a	097944c2-3582-4220-ade4-4a93ab404375	You have a new message from Matthew.	/inbox?with=5900ca1a-625c-4a14-8331-ee286900ad73	t	2025-09-14 00:58:34.435	MESSAGE	\N
1dc1a0a5-8cc1-452c-906f-67243ad63daa	5900ca1a-625c-4a14-8331-ee286900ad73	You have a new message from AdinKems Inc..	/inbox?with=097944c2-3582-4220-ade4-4a93ab404375	t	2025-09-13 23:56:23.659	MESSAGE	\N
5a653b38-561d-4589-86f2-0e00045f7415	5900ca1a-625c-4a14-8331-ee286900ad73	You have a new message from AdinKems Inc..	/inbox?with=097944c2-3582-4220-ade4-4a93ab404375	t	2025-09-14 00:55:59.183	MESSAGE	\N
84ea417f-53ee-4204-a6ec-b38ad9b255c1	5900ca1a-625c-4a14-8331-ee286900ad73	You have a new message from AdinKems Inc..	/inbox?with=097944c2-3582-4220-ade4-4a93ab404375	t	2025-09-14 00:56:21.201	MESSAGE	\N
1f2391e9-0cf7-4f96-aa07-d37e08685866	5900ca1a-625c-4a14-8331-ee286900ad73	You have a new message from AdinKems Inc..	/inbox?with=097944c2-3582-4220-ade4-4a93ab404375	t	2025-09-14 00:58:27.948	MESSAGE	\N
936416fa-babb-44b9-ac86-f64f3ec5608f	5900ca1a-625c-4a14-8331-ee286900ad73	You have a new message from AdinKems Inc..	/inbox?with=097944c2-3582-4220-ade4-4a93ab404375	t	2025-09-14 22:00:27.976	MESSAGE	\N
95850ee6-1ee0-4245-a80f-6218ac8a0aad	5900ca1a-625c-4a14-8331-ee286900ad73	You have a new message from AdinKems Inc..	/inbox?with=097944c2-3582-4220-ade4-4a93ab404375	t	2025-09-14 22:21:52.922	MESSAGE	\N
4be6cf59-a65b-4f1a-9804-3873968a4d19	5900ca1a-625c-4a14-8331-ee286900ad73	You have a new message from AdinKems Inc..	/inbox?with=097944c2-3582-4220-ade4-4a93ab404375	t	2025-09-14 22:46:01.389	MESSAGE	{"lastMessage": "fgds"}
b3b61f45-8a2f-400b-b49c-ed2ab94449a6	5900ca1a-625c-4a14-8331-ee286900ad73	You have a new message from AdinKems Inc..	/inbox?with=097944c2-3582-4220-ade4-4a93ab404375	t	2025-09-14 22:46:24.924	MESSAGE	{"lastMessage": "hello my guy. how far na???"}
6a69f387-b776-4e92-a0de-bfb086b5a8fa	5900ca1a-625c-4a14-8331-ee286900ad73	You have a new message from AdinKems Inc..	/inbox?with=097944c2-3582-4220-ade4-4a93ab404375	t	2025-09-14 22:46:39.216	MESSAGE	{"lastMessage": "imds"}
c311eef5-e105-4e86-9bd6-6925d0100a89	5900ca1a-625c-4a14-8331-ee286900ad73	You have a new message from AdinKems Inc..	/inbox?with=097944c2-3582-4220-ade4-4a93ab404375	t	2025-09-14 22:48:08.055	MESSAGE	{"lastMessage": "how far"}
c38b2449-b8ee-4975-9c8e-d4116b03c088	5900ca1a-625c-4a14-8331-ee286900ad73	You have a new message from AdinKems Inc..	/inbox?with=097944c2-3582-4220-ade4-4a93ab404375	t	2025-09-14 22:48:26.257	MESSAGE	{"lastMessage": "yoooo"}
75e0fbd0-dbf3-4c78-a56e-25187afbffd3	5900ca1a-625c-4a14-8331-ee286900ad73	You have a new message from AdinKems Inc..	/inbox?with=097944c2-3582-4220-ade4-4a93ab404375	t	2025-09-14 22:48:39.369	MESSAGE	{"lastMessage": "rtrds"}
0c5ff497-9a3f-446e-8bb1-7f397ea6fa98	5900ca1a-625c-4a14-8331-ee286900ad73	You have a new message from AdinKems Inc..	/inbox?with=097944c2-3582-4220-ade4-4a93ab404375	t	2025-09-14 22:54:39.361	MESSAGE	{"lastMessage": "heyyyy"}
2d880202-842c-449e-9159-134addb75d72	5900ca1a-625c-4a14-8331-ee286900ad73	You have a new message from AdinKems Inc..	/inbox?with=097944c2-3582-4220-ade4-4a93ab404375	t	2025-09-14 22:55:39.03	MESSAGE	{"lastMessage": "how your side na"}
182c875a-101a-4420-9953-e3b802a33221	5900ca1a-625c-4a14-8331-ee286900ad73	Your application for "Frontend React Developer" was updated to REVIEWING.	/dashboard/candidate/applications	t	2025-09-14 01:00:54.31	GENERIC	\N
f68123f6-8252-479e-92e5-a8ed04b5f9e0	5900ca1a-625c-4a14-8331-ee286900ad73	Your application for "Frontend React Developer" was updated to APPLIED.	/dashboard/candidate/applications	t	2025-09-14 01:01:09.776	GENERIC	\N
33925c42-0be3-4e5b-9479-8e510daac78a	097944c2-3582-4220-ade4-4a93ab404375	You have a new message from Matthew.	/inbox?with=5900ca1a-625c-4a14-8331-ee286900ad73	t	2025-09-14 23:53:53.249	MESSAGE	{"lastMessage": "good"}
651f72a0-92ae-4a92-874a-5567d03a1636	097944c2-3582-4220-ade4-4a93ab404375	You have a new message from Matthew.	/inbox?with=5900ca1a-625c-4a14-8331-ee286900ad73	t	2025-09-15 11:31:55.159	MESSAGE	{"lastMessage": "reeeeeeeeeeg\\nGegeR\\nEGRterg"}
02916119-1f09-4a20-b8ca-cb029df28449	fcd910ed-f411-4524-bdb1-23de83a9e4d1	Your application for "Frontend React Developer" was updated to REVIEWING.	/dashboard/candidate/applications	f	2025-09-18 21:20:43.811	GENERIC	\N
dbb29e49-90fe-47fa-889e-dafa82afa1ef	5900ca1a-625c-4a14-8331-ee286900ad73	Your application for "Frontend React Developer" was updated to INTERVIEW.	/dashboard/candidate/applications	t	2025-09-19 02:51:27.793	GENERIC	\N
f330a732-c58c-4140-9729-1c62f3e94249	fcd910ed-f411-4524-bdb1-23de83a9e4d1	Your application for "Frontend React Developer" was updated to APPLIED.	/dashboard/candidate/applications	f	2025-09-20 02:03:35.44	GENERIC	\N
2cc2ce43-f3dc-46fe-b099-d3e829ee7d58	fcd910ed-f411-4524-bdb1-23de83a9e4d1	Your application for "Frontend React Developer" was updated to REVIEWING.	/dashboard/candidate/applications	f	2025-09-20 02:03:36.392	GENERIC	\N
1e8ce61b-a6ee-4eaa-a761-c00ad35bd815	097944c2-3582-4220-ade4-4a93ab404375	You have a new message from Matthew.	/inbox?with=5900ca1a-625c-4a14-8331-ee286900ad73	f	2025-09-20 04:47:04.327	MESSAGE	{"lastMessage": "hi"}
2225b718-b793-4b9d-a1e6-52d2178682da	097944c2-3582-4220-ade4-4a93ab404375	You have a new message from Matthew.	/inbox?with=5900ca1a-625c-4a14-8331-ee286900ad73	f	2025-09-20 04:47:27.176	MESSAGE	{"lastMessage": "oi"}
ddca471f-7f7e-416e-8b0c-1b8b3f07dc95	097944c2-3582-4220-ade4-4a93ab404375	You have a new message from Matthew.	/inbox?with=5900ca1a-625c-4a14-8331-ee286900ad73	f	2025-09-20 04:47:34.37	MESSAGE	{"lastMessage": "fs"}
cf9288ec-36dc-43d9-9474-92f9202f5f76	097944c2-3582-4220-ade4-4a93ab404375	You have a new message from Matthew.	/inbox?with=5900ca1a-625c-4a14-8331-ee286900ad73	f	2025-09-20 04:47:44.077	MESSAGE	{"lastMessage": "dfs"}
5babbf7c-097a-4e75-a2cc-1738c2bdc689	097944c2-3582-4220-ade4-4a93ab404375	You have a new message from Matthew.	/inbox?with=5900ca1a-625c-4a14-8331-ee286900ad73	f	2025-09-20 04:47:57.525	MESSAGE	{"lastMessage": "sf"}
799a90f3-7f93-4865-83f3-1244dd61ee45	097944c2-3582-4220-ade4-4a93ab404375	You have a new message from Matthew.	/inbox?with=5900ca1a-625c-4a14-8331-ee286900ad73	t	2025-09-20 04:48:11.037	MESSAGE	{"lastMessage": "f"}
cf12491f-8107-4de8-a70c-541357c8cd28	097944c2-3582-4220-ade4-4a93ab404375	You have a new message from Matthew.	/inbox?with=5900ca1a-625c-4a14-8331-ee286900ad73	t	2025-09-20 04:48:03.512	MESSAGE	{"lastMessage": "vx"}
01df9f78-0fad-4dfc-a6b8-7b94def3d9cc	fcd910ed-f411-4524-bdb1-23de83a9e4d1	Your application for "Frontend React Developer" was updated to APPLIED.	/dashboard/candidate/applications	f	2025-09-21 04:23:11.469	GENERIC	\N
b6e4c483-6df1-4491-9d39-9a4e200cb9b9	fcd910ed-f411-4524-bdb1-23de83a9e4d1	Your application for "Frontend React Developer" was updated to REVIEWING.	/dashboard/candidate/applications	f	2025-09-21 04:53:47.516	GENERIC	\N
4149efcd-580f-4ff8-ab91-a7d80005dfa9	fcd910ed-f411-4524-bdb1-23de83a9e4d1	Your application for "Frontend React Developer" was updated to APPLIED.	/dashboard/candidate/applications	f	2025-09-21 04:53:54.055	GENERIC	\N
7719b05b-c0f1-4c29-9153-a2adb87bbb94	fcd910ed-f411-4524-bdb1-23de83a9e4d1	Your application for "Frontend React Developer" was updated to REVIEWING.	/dashboard/candidate/applications	f	2025-09-21 04:54:05.868	GENERIC	\N
c2b3aa0e-9c96-470c-a7c1-9feb39140762	fcd910ed-f411-4524-bdb1-23de83a9e4d1	Your application for "Frontend React Developer" was updated to APPLIED.	/dashboard/candidate/applications	f	2025-09-21 04:54:08.31	GENERIC	\N
75796c29-75c4-4cf2-8571-df8f72ef1385	fcd910ed-f411-4524-bdb1-23de83a9e4d1	Your application for "Frontend React Developer" was updated to REVIEWING.	/dashboard/candidate/applications	f	2025-09-21 04:58:56.15	GENERIC	\N
da3d220d-c5c1-4fe5-b7fa-e7dd392fa6dc	fcd910ed-f411-4524-bdb1-23de83a9e4d1	Your application for "Frontend React Developer" was updated to APPLIED.	/dashboard/candidate/applications	f	2025-09-21 05:02:56.485	GENERIC	\N
1e646e2c-ed08-484f-ba3e-2d17ad3f82b3	fcd910ed-f411-4524-bdb1-23de83a9e4d1	Your application for "Frontend React Developer" was updated to REVIEWING.	/dashboard/candidate/applications	f	2025-09-21 05:03:03.667	GENERIC	\N
cb3910ec-61de-4973-a603-6a408c8a858b	fcd910ed-f411-4524-bdb1-23de83a9e4d1	Your application for "Frontend React Developer" was updated to APPLIED.	/dashboard/candidate/applications	f	2025-09-21 05:03:21.78	GENERIC	\N
376eff07-02ad-47a0-bdd3-bd8dd4237177	fcd910ed-f411-4524-bdb1-23de83a9e4d1	Your application for "Frontend React Developer" was updated to INTERVIEW.	/dashboard/candidate/applications	f	2025-09-21 05:03:37.947	GENERIC	\N
6b4aab13-c533-484f-b182-65f55c41967c	5900ca1a-625c-4a14-8331-ee286900ad73	Your application for "Frontend React Developer" was updated to APPLIED.	/dashboard/candidate/applications	f	2025-09-21 05:10:27.016	GENERIC	\N
95aba24a-800e-4222-aaee-445c8475b429	5900ca1a-625c-4a14-8331-ee286900ad73	Your application for "Frontend React Developer" was updated to REVIEWING.	/dashboard/candidate/applications	f	2025-09-21 05:19:17.951	GENERIC	\N
8eaa7f44-c588-406c-b40a-7bc5a043111e	fcd910ed-f411-4524-bdb1-23de83a9e4d1	Your application for "Frontend React Developer" was updated to OFFER.	/dashboard/candidate/applications	f	2025-09-21 05:35:16.995	GENERIC	\N
57a879ff-3654-4f43-822c-3f324840a8f8	5900ca1a-625c-4a14-8331-ee286900ad73	Your application for "Frontend React Developer" was updated to APPLIED.	/dashboard/candidate/applications	f	2025-09-21 10:59:45.218	GENERIC	\N
b3837027-de8a-4ae0-b6d8-aff2fdab055b	097944c2-3582-4220-ade4-4a93ab404375	You have a new message from Matthew.	/inbox?with=5900ca1a-625c-4a14-8331-ee286900ad73	t	2025-09-21 11:04:43.463	MESSAGE	{"lastMessage": "hi"}
b8207757-4fef-44d3-be11-facc6adf939a	5900ca1a-625c-4a14-8331-ee286900ad73	You have a new message from AdinKems Inc..	/inbox?with=097944c2-3582-4220-ade4-4a93ab404375	t	2025-09-21 11:04:57.121	MESSAGE	{"lastMessage": "hello"}
f1825e88-6018-4dbe-bafd-e7fc67389c11	fcd910ed-f411-4524-bdb1-23de83a9e4d1	Your application for "Frontend React Developer" was updated to INTERVIEW.	/dashboard/candidate/applications	t	2025-09-21 05:35:18.697	GENERIC	\N
cca2e9d2-7511-4dd8-b43d-1a2d87c44a4d	5900ca1a-625c-4a14-8331-ee286900ad73	You have a new message from AdinKems Inc..	/inbox?with=097944c2-3582-4220-ade4-4a93ab404375	t	2025-09-23 00:44:51.684	MESSAGE	{"lastMessage": "hew"}
42cd44d6-5c48-435a-bbe4-dca86ce071dc	24561236-b941-4ff8-ad41-b9b71adcafdd	You have a new message from Matthew.	/inbox?with=5900ca1a-625c-4a14-8331-ee286900ad73	t	2025-09-23 09:55:31.293	MESSAGE	{"lastMessage": "hello"}
38cad77e-8b95-4083-9f48-747330d6b110	24561236-b941-4ff8-ad41-b9b71adcafdd	You have a new message from Matthew.	/inbox?with=5900ca1a-625c-4a14-8331-ee286900ad73	t	2025-09-23 10:11:15.477	MESSAGE	{"lastMessage": "heyyyy"}
4d6069b5-7fd0-45f8-8b25-5275e832e5e7	5900ca1a-625c-4a14-8331-ee286900ad73	You have a new message from PPAHire Admin.	/inbox?with=24561236-b941-4ff8-ad41-b9b71adcafdd	t	2025-09-23 10:20:17.437	MESSAGE	{"lastMessage": "indomie boy"}
17f3cab0-f61a-4c15-ac9e-c2032348d7d9	24561236-b941-4ff8-ad41-b9b71adcafdd	You have a new message from Matthew.	/inbox?with=5900ca1a-625c-4a14-8331-ee286900ad73	t	2025-09-23 10:20:53.467	MESSAGE	{"lastMessage": "okay thanks"}
d993b740-0839-469f-86e2-5d58c837c810	24561236-b941-4ff8-ad41-b9b71adcafdd	You have a new message from Matthew.	/inbox?with=5900ca1a-625c-4a14-8331-ee286900ad73	t	2025-09-23 10:27:20.571	MESSAGE	{"lastMessage": "yooooooooooooooo"}
ddec3708-1757-4752-bcc3-f48ebc61c754	5900ca1a-625c-4a14-8331-ee286900ad73	You have a new message from A user.	/inbox?with=24561236-b941-4ff8-ad41-b9b71adcafdd	t	2025-09-23 10:35:46.561	MESSAGE	{"lastMessage": "how far"}
8bf5cd1d-5d25-4097-a70d-24514f91218f	24561236-b941-4ff8-ad41-b9b71adcafdd	You have a new message from Matthew.	/inbox?with=5900ca1a-625c-4a14-8331-ee286900ad73	f	2025-09-23 10:36:05.183	MESSAGE	{"lastMessage": "i dey"}
7084ce5f-dea0-4aa9-8e24-fe5c4c86ed1e	24561236-b941-4ff8-ad41-b9b71adcafdd	You have a new message from Matthew Tedunjaiye.	/inbox?with=5900ca1a-625c-4a14-8331-ee286900ad73	t	2025-09-23 10:47:30.556	MESSAGE	{"lastMessage": "fsw"}
12d3c564-16f9-407e-8cc8-7b9ebf5ae0a0	5900ca1a-625c-4a14-8331-ee286900ad73	You have a new message from PPALink Support.	/inbox?with=24561236-b941-4ff8-ad41-b9b71adcafdd	t	2025-09-23 10:47:53.355	MESSAGE	{"lastMessage": "cool"}
b3767525-ddd0-4434-9d00-9070928c8b5e	24561236-b941-4ff8-ad41-b9b71adcafdd	You have a new message from Matthew Tedunjaiye.	/inbox?with=5900ca1a-625c-4a14-8331-ee286900ad73	t	2025-09-23 10:53:58.092	MESSAGE	{"lastMessage": "yeah"}
20de3832-b290-4bfa-9952-fa820ab2a981	5900ca1a-625c-4a14-8331-ee286900ad73	You have a new message from PPAHire Admin.	/inbox?with=24561236-b941-4ff8-ad41-b9b71adcafdd	t	2025-09-23 10:54:35.35	MESSAGE	{"lastMessage": "mayonaises"}
512c3816-af13-4f1b-9cd4-4b74d5042dd5	24561236-b941-4ff8-ad41-b9b71adcafdd	You have a new message from Matthew Tedunjaiye	/inbox?with=5900ca1a-625c-4a14-8331-ee286900ad73	t	2025-09-23 10:57:51.631	MESSAGE	{"lastMessage": "good"}
57865583-49b0-4261-99e0-179cc8079e3e	5900ca1a-625c-4a14-8331-ee286900ad73	You have a new message from PPALink Support	/inbox?with=24561236-b941-4ff8-ad41-b9b71adcafdd	t	2025-09-23 10:58:27.647	MESSAGE	{"lastMessage": "boat and slide"}
0c58053c-5408-46ad-824d-5007881aa6b6	5900ca1a-625c-4a14-8331-ee286900ad73	You have a new message from PPALink Support	/inbox?with=24561236-b941-4ff8-ad41-b9b71adcafdd	f	2025-09-24 23:35:50.47	MESSAGE	{"lastMessage": "my boyyyy how far naaa"}
9be85e04-72cb-405b-98dd-b749f543aeb4	5900ca1a-625c-4a14-8331-ee286900ad73	Your application for "Frontend React Developer" was updated to REVIEWING.	/dashboard/candidate/applications	f	2025-09-26 13:23:46.463	GENERIC	\N
e6ecac39-4432-434f-9232-e500e7b7a93c	5900ca1a-625c-4a14-8331-ee286900ad73	Your application for "Frontend React Developer" was updated to APPLIED.	/dashboard/candidate/applications	f	2025-09-26 13:23:57.097	GENERIC	\N
4ef17b91-ffe9-4b10-b73d-465d68111e4d	5900ca1a-625c-4a14-8331-ee286900ad73	Your application for "Frontend React Developer" was updated to INTERVIEW.	/dashboard/candidate/applications	f	2025-09-26 17:21:00.498	GENERIC	\N
e4007010-86b3-4a4b-b662-bff8f469ac5d	5900ca1a-625c-4a14-8331-ee286900ad73	Your application for "Frontend React Developer" was updated to REVIEWING.	/dashboard/candidate/applications	f	2025-09-27 22:01:55.095	GENERIC	\N
13d284c9-d842-4a53-bcf4-b0d780b692e0	5900ca1a-625c-4a14-8331-ee286900ad73	Your application for "Frontend React Developer" was updated to OFFER.	/dashboard/candidate/applications	f	2025-09-27 22:01:58.978	GENERIC	\N
1ac68fae-003b-475e-99d3-1d36ad605dea	5900ca1a-625c-4a14-8331-ee286900ad73	Your application for "Frontend React Developer" was updated to APPLIED.	/dashboard/candidate/applications	f	2025-09-27 22:02:02.397	GENERIC	\N
d8ee6d08-52f3-4fa5-a7fd-989b5d15c996	fcd910ed-f411-4524-bdb1-23de83a9e4d1	Your application for "Frontend React Developer" was updated to REVIEWING.	/dashboard/candidate/applications	f	2025-09-27 22:03:18.333	GENERIC	\N
9f0d9af0-bd1c-43e4-a39e-0225a3585518	fcd910ed-f411-4524-bdb1-23de83a9e4d1	Your application for "Frontend React Developer" was updated to INTERVIEW.	/dashboard/candidate/applications	f	2025-09-27 22:03:20.751	GENERIC	\N
2c95cd95-c7d7-46fc-8fac-31bd4292ade7	24561236-b941-4ff8-ad41-b9b71adcafdd	You have a new message from Matthew Tedunjaiye	/inbox?with=5900ca1a-625c-4a14-8331-ee286900ad73	f	2025-09-27 22:30:08.814	MESSAGE	{"lastMessage": "yeah"}
637bda70-f429-4a1e-998a-bee554f9426c	5900ca1a-625c-4a14-8331-ee286900ad73	You have a new message from AdinKems Inc.	/inbox?with=097944c2-3582-4220-ade4-4a93ab404375	t	2025-09-27 22:31:01.427	MESSAGE	{"lastMessage": "hi"}
12d09fd5-ee2e-40ab-9979-1bb146136293	097944c2-3582-4220-ade4-4a93ab404375	You have a new message from Matthew Tedunjaiye	/inbox?with=5900ca1a-625c-4a14-8331-ee286900ad73	f	2025-09-27 22:31:18.261	MESSAGE	{"lastMessage": "hello"}
c021fea7-5587-4e48-a156-9fd0c9093a10	097944c2-3582-4220-ade4-4a93ab404375	You have a new message from Matthew Tedunjaiye	/inbox?with=5900ca1a-625c-4a14-8331-ee286900ad73	f	2025-09-27 22:31:32.048	MESSAGE	{"lastMessage": "k"}
806d7bdb-92fc-4842-922c-7054014138e3	097944c2-3582-4220-ade4-4a93ab404375	You have a new message from Matthew Tedunjaiye	/inbox?with=5900ca1a-625c-4a14-8331-ee286900ad73	f	2025-09-28 07:10:28.368	MESSAGE	{"lastMessage": "sup"}
a7b27cb3-e7b3-42a0-b8b1-e39f66fe3bd3	5900ca1a-625c-4a14-8331-ee286900ad73	You have a new message from AdinKems Inc.	/inbox?with=097944c2-3582-4220-ade4-4a93ab404375	f	2025-09-28 07:21:22.115	MESSAGE	{"lastMessage": "hey"}
7fb17822-67a7-4001-bbfa-71af92f21a54	5900ca1a-625c-4a14-8331-ee286900ad73	You have a new message from AdinKems Inc.	/inbox?with=097944c2-3582-4220-ade4-4a93ab404375	t	2025-09-28 07:21:35.779	MESSAGE	{"lastMessage": "hey"}
eb7caf68-d799-4ceb-8d0a-8497f49b88a0	097944c2-3582-4220-ade4-4a93ab404375	You have a new message from Matthew Tedunjaiye	/inbox?with=5900ca1a-625c-4a14-8331-ee286900ad73	f	2025-09-28 07:22:10.586	MESSAGE	{"lastMessage": "hiii"}
18587153-f7af-4daf-9075-0e1caaabd2f3	097944c2-3582-4220-ade4-4a93ab404375	You have a new message from Matthew Tedunjaiye	/inbox?with=5900ca1a-625c-4a14-8331-ee286900ad73	f	2025-09-28 07:23:21.292	MESSAGE	{"lastMessage": "oew"}
576fbcd2-a31a-4371-8cd4-8ed3271af574	097944c2-3582-4220-ade4-4a93ab404375	You have a new message from Matthew Tedunjaiye	/inbox?with=5900ca1a-625c-4a14-8331-ee286900ad73	f	2025-09-28 07:23:25.726	MESSAGE	{"lastMessage": "cc"}
5965290e-55dd-45e0-9f31-1499b4ca19a2	097944c2-3582-4220-ade4-4a93ab404375	You have a new message from Matthew Tedunjaiye	/inbox?with=5900ca1a-625c-4a14-8331-ee286900ad73	f	2025-09-28 07:23:28.817	MESSAGE	{"lastMessage": "sc"}
498e1693-40f2-41c1-abf1-b0b6706dd926	097944c2-3582-4220-ade4-4a93ab404375	You have a new message from Matthew Tedunjaiye	/inbox?with=5900ca1a-625c-4a14-8331-ee286900ad73	f	2025-09-28 07:24:45.13	MESSAGE	{"lastMessage": "hey"}
77a81c56-a035-476f-8741-223d8434c2d4	097944c2-3582-4220-ade4-4a93ab404375	You have a new message from Matthew Tedunjaiye	/inbox?with=5900ca1a-625c-4a14-8331-ee286900ad73	t	2025-09-28 07:24:52.742	MESSAGE	{"lastMessage": "hiii"}
32dbf216-ccc3-4bf6-9098-574ccb63fc1a	5900ca1a-625c-4a14-8331-ee286900ad73	You have a new message from AdinKems Inc.	/inbox?with=097944c2-3582-4220-ade4-4a93ab404375	f	2025-09-28 07:25:04.69	MESSAGE	{"lastMessage": "sup"}
518fcfee-335f-4ead-9e42-7fab80e12005	5900ca1a-625c-4a14-8331-ee286900ad73	You have a new message from AdinKems Inc.	/inbox?with=097944c2-3582-4220-ade4-4a93ab404375	f	2025-09-28 07:25:12	MESSAGE	{"lastMessage": "how far na'"}
8ebbd865-18b3-4917-b211-69bd084d3517	5900ca1a-625c-4a14-8331-ee286900ad73	You have a new message from AdinKems Inc.	/inbox?with=097944c2-3582-4220-ade4-4a93ab404375	f	2025-09-28 07:25:28.523	MESSAGE	{"lastMessage": "hiiii"}
a7a1a233-a159-4aaf-827d-85fa89e75bb3	5900ca1a-625c-4a14-8331-ee286900ad73	You have a new message from AdinKems Inc.	/inbox?with=097944c2-3582-4220-ade4-4a93ab404375	f	2025-09-28 07:26:29.227	MESSAGE	{"lastMessage": "fdi"}
d9571b00-7cde-4a62-a23a-a2b91183dc09	5900ca1a-625c-4a14-8331-ee286900ad73	You have a new message from AdinKems Inc.	/inbox?with=097944c2-3582-4220-ade4-4a93ab404375	f	2025-09-28 07:26:35.458	MESSAGE	{"lastMessage": "da"}
4d0d007d-b124-4cde-a367-47ce4eb08172	5900ca1a-625c-4a14-8331-ee286900ad73	You have a new message from AdinKems Inc.	/inbox?with=097944c2-3582-4220-ade4-4a93ab404375	f	2025-09-28 07:26:40.811	MESSAGE	{"lastMessage": "asa"}
52502e4e-4aac-4cd3-827d-db08c6ead197	097944c2-3582-4220-ade4-4a93ab404375	You have a new message from Matthew Tedunjaiye	/inbox?with=5900ca1a-625c-4a14-8331-ee286900ad73	f	2025-09-28 07:26:48.492	MESSAGE	{"lastMessage": "dfs"}
8e028762-6d52-41d2-9ffb-97d8734c2a4d	5900ca1a-625c-4a14-8331-ee286900ad73	You have a new message from AdinKems Inc.	/inbox?with=097944c2-3582-4220-ade4-4a93ab404375	f	2025-09-28 07:27:28.936	MESSAGE	{"lastMessage": "fdsa"}
18860783-d6e5-47bb-b655-8f11842e222d	5900ca1a-625c-4a14-8331-ee286900ad73	You have a new message from AdinKems Inc.	/inbox?with=097944c2-3582-4220-ade4-4a93ab404375	f	2025-09-28 07:27:39.823	MESSAGE	{"lastMessage": "dfsfd"}
39985738-0d71-4c04-9f45-d3ba90393552	5900ca1a-625c-4a14-8331-ee286900ad73	You have a new message from AdinKems Inc.	/inbox?with=097944c2-3582-4220-ade4-4a93ab404375	f	2025-09-28 07:28:52.538	MESSAGE	{"lastMessage": "sfdg"}
8d53f11b-0323-4fbd-bc87-6f2b6e1926f7	fcd910ed-f411-4524-bdb1-23de83a9e4d1	Your application for "Frontend React Developer" was updated to REVIEWING.	/dashboard/candidate/applications	f	2025-10-02 10:53:56.527	GENERIC	\N
1b6e6529-d9ef-4a6f-83e7-b37302c446b8	bee8aed0-04de-4d9b-9c8e-8e5a1bd37bca	Your application for "Frontend React Developer" was updated to INTERVIEW.	/dashboard/candidate/applications	f	2025-10-02 10:54:14.071	GENERIC	\N
2afa029e-d4f7-4802-bf7a-d4a24090ae94	780e5562-5ea8-40b0-acd0-d21abccef8a4	Your application for "Frontend React Developer" was updated to INTERVIEW.	/dashboard/candidate/applications	f	2025-10-02 10:54:14.076	GENERIC	\N
e6d2afb3-52bf-4ede-ad26-368f363beb2f	780e5562-5ea8-40b0-acd0-d21abccef8a4	Your application for "Frontend React Developer" was updated to OFFER.	/dashboard/candidate/applications	f	2025-10-02 10:59:14.833	GENERIC	\N
cfa6e872-30d7-40bb-9ac5-9d45624b4eba	bee8aed0-04de-4d9b-9c8e-8e5a1bd37bca	Your application for "Frontend React Developer" was updated to REVIEWING.	/dashboard/candidate/applications	f	2025-10-02 11:07:40.296	GENERIC	\N
4f653006-8e4c-454c-a64c-867f55da23e1	780e5562-5ea8-40b0-acd0-d21abccef8a4	Your application for "Frontend React Developer" was updated to REVIEWING.	/dashboard/candidate/applications	f	2025-10-02 11:07:46.764	GENERIC	\N
ed63a706-99c7-4749-82f4-aae2a96e1656	780e5562-5ea8-40b0-acd0-d21abccef8a4	Your application for "Frontend React Developer" was updated to INTERVIEW.	/dashboard/candidate/applications	f	2025-10-02 11:10:12.74	GENERIC	\N
a3a3b306-0f00-4744-bd10-a3e7650f9379	780e5562-5ea8-40b0-acd0-d21abccef8a4	Your application for "Frontend React Developer" was updated to OFFER.	/dashboard/candidate/applications	f	2025-10-02 11:13:27.373	GENERIC	\N
6314d67f-c574-4f39-8a97-c833b7fb37ca	bee8aed0-04de-4d9b-9c8e-8e5a1bd37bca	Your application for "Frontend React Developer" was updated to INTERVIEW.	/dashboard/candidate/applications	f	2025-10-02 11:13:36.778	GENERIC	\N
8705ec0b-2e68-451a-91cc-fd7f30341725	bee8aed0-04de-4d9b-9c8e-8e5a1bd37bca	Your application for "Frontend React Developer" was updated to REVIEWING.	/dashboard/candidate/applications	f	2025-10-02 11:14:03.024	GENERIC	\N
24a218c9-688d-42fa-8e3e-b7d8999da117	bee8aed0-04de-4d9b-9c8e-8e5a1bd37bca	Your application for "Frontend React Developer" was updated to INTERVIEW.	/dashboard/candidate/applications	f	2025-10-02 11:14:31.915	GENERIC	\N
169dd4f0-7f58-4547-8480-0b104d7eeb8e	bee8aed0-04de-4d9b-9c8e-8e5a1bd37bca	Your application for "Frontend React Developer" was updated to REVIEWING.	/dashboard/candidate/applications	f	2025-10-02 11:16:38.846	GENERIC	\N
c088f42a-1dd8-49a6-bcfb-359220ed891a	bee8aed0-04de-4d9b-9c8e-8e5a1bd37bca	Your application for "Frontend React Developer" was updated to INTERVIEW.	/dashboard/candidate/applications	f	2025-10-02 11:25:29.913	GENERIC	\N
29d05ccb-12dc-4cb9-a6a6-15b72a87c2eb	bee8aed0-04de-4d9b-9c8e-8e5a1bd37bca	Your application for "Frontend React Developer" was updated to REVIEWING.	/dashboard/candidate/applications	f	2025-10-02 11:54:54.659	GENERIC	\N
6f8a8fb1-281d-49df-8c4e-602e492135e2	bee8aed0-04de-4d9b-9c8e-8e5a1bd37bca	Your application for "Frontend React Developer" was updated to INTERVIEW.	/dashboard/candidate/applications	f	2025-10-02 11:55:02.646	GENERIC	\N
13a375ab-c3bf-4485-b99f-95a97bcd329e	bee8aed0-04de-4d9b-9c8e-8e5a1bd37bca	Your application for "Frontend React Developer" was updated to REVIEWING.	/dashboard/candidate/applications	f	2025-10-02 11:55:13.869	GENERIC	\N
76f537ff-74c0-4d06-a6a7-d4f8ac9537e8	bee8aed0-04de-4d9b-9c8e-8e5a1bd37bca	Your application for "Frontend React Developer" was updated to INTERVIEW.	/dashboard/candidate/applications	f	2025-10-02 11:59:59.786	GENERIC	\N
5053a655-42a3-4a14-8f25-19f4cfd33738	bee8aed0-04de-4d9b-9c8e-8e5a1bd37bca	Your application for "Frontend React Developer" was updated to REVIEWING.	/dashboard/candidate/applications	f	2025-10-02 12:00:03.469	GENERIC	\N
c100c26a-2444-4590-85c3-138ec6e271ae	780e5562-5ea8-40b0-acd0-d21abccef8a4	Your application for "Frontend React Developer" was updated to INTERVIEW.	/dashboard/candidate/applications	f	2025-10-02 12:00:11.832	GENERIC	\N
92ae1124-087d-48ce-823e-09f269f0821d	780e5562-5ea8-40b0-acd0-d21abccef8a4	Your application for "Frontend React Developer" was updated to OFFER.	/dashboard/candidate/applications	f	2025-10-02 12:00:14.297	GENERIC	\N
a22299e8-b5ea-432a-8e4f-54ee87bde042	bee8aed0-04de-4d9b-9c8e-8e5a1bd37bca	Your application for "Frontend React Developer" was updated to INTERVIEW.	/dashboard/candidate/applications	f	2025-10-02 12:01:53.669	GENERIC	\N
0cb8a686-0cd5-4d4f-98e4-003a1156dde0	bee8aed0-04de-4d9b-9c8e-8e5a1bd37bca	Your application for "Frontend React Developer" was updated to REVIEWING.	/dashboard/candidate/applications	f	2025-10-02 12:06:59.137	GENERIC	\N
582ac925-2097-4239-aea5-bed6d1de55fe	bee8aed0-04de-4d9b-9c8e-8e5a1bd37bca	Your application for "Frontend React Developer" was updated to INTERVIEW.	/dashboard/candidate/applications	f	2025-10-02 12:07:01.951	GENERIC	\N
6de57b8d-5030-474c-9e1a-ec7db5febb81	780e5562-5ea8-40b0-acd0-d21abccef8a4	Your application for "Frontend React Developer" was updated to REJECTED.	/dashboard/candidate/applications	f	2025-10-02 12:14:59.74	GENERIC	\N
0417c07c-c572-49df-958f-73e34a785d69	780e5562-5ea8-40b0-acd0-d21abccef8a4	Your application for "Frontend React Developer" was updated to OFFER.	/dashboard/candidate/applications	f	2025-10-02 12:15:02.89	GENERIC	\N
de19e881-30a9-457c-bef2-550a72eaec5c	bee8aed0-04de-4d9b-9c8e-8e5a1bd37bca	Your application for "Frontend React Developer" was updated to REJECTED.	/dashboard/candidate/applications	f	2025-10-02 12:15:08.193	GENERIC	\N
d267545e-9547-498a-af9d-af98d53c5f41	fcd910ed-f411-4524-bdb1-23de83a9e4d1	Your application for "Frontend React Developer" was updated to INTERVIEW.	/dashboard/candidate/applications	f	2025-10-02 12:16:33.392	GENERIC	\N
6f06f14f-88d8-4fef-bef0-6d608421f30e	fcd910ed-f411-4524-bdb1-23de83a9e4d1	Your application for "Frontend React Developer" was updated to REVIEWING.	/dashboard/candidate/applications	f	2025-10-02 12:16:37.059	GENERIC	\N
d1e79d5f-ae1c-451d-b9a4-61d907c5f384	b747941a-b6d0-4b65-aed7-a916a1612b36	Your application for "Frontend React Developer" was updated to INTERVIEW.	/dashboard/candidate/applications	f	2025-10-02 12:17:21.495	GENERIC	\N
66640ba8-65cf-4e9a-b16f-af43e7bba73b	fcd910ed-f411-4524-bdb1-23de83a9e4d1	Your application for "Frontend React Developer" was updated to INTERVIEW.	/dashboard/candidate/applications	f	2025-10-02 12:56:03.897	GENERIC	\N
43f79292-f3e2-4d3a-b6be-adf1711f8061	b747941a-b6d0-4b65-aed7-a916a1612b36	Your application for "Frontend React Developer" was updated to REVIEWING.	/dashboard/candidate/applications	f	2025-10-02 12:56:06.892	GENERIC	\N
b58c4436-27f4-4f77-be97-795c1963fc93	8d7f108e-3f5d-42c8-a47e-a8b5a1cf9038	Your application for "Frontend React Developer" was updated to INTERVIEW.	/dashboard/candidate/applications	f	2025-10-02 12:56:11.295	GENERIC	\N
03fdd55d-275f-47b2-9828-441bebd39968	fcd910ed-f411-4524-bdb1-23de83a9e4d1	Your application for "Frontend React Developer" was updated to REVIEWING.	/dashboard/candidate/applications	f	2025-10-02 12:57:15.144	GENERIC	\N
780a9692-de6c-4cd3-a993-f1413d0ea07c	780e5562-5ea8-40b0-acd0-d21abccef8a4	Your application for "Frontend React Developer" was updated to INTERVIEW.	/dashboard/candidate/applications	f	2025-10-02 12:57:27.394	GENERIC	\N
71580743-1678-4fa3-a7a4-543d226ae72f	780e5562-5ea8-40b0-acd0-d21abccef8a4	Your application for "Frontend React Developer" was updated to OFFER.	/dashboard/candidate/applications	f	2025-10-02 12:57:31.792	GENERIC	\N
51c0e2f3-9e24-4c9a-b732-d64875362ade	780e5562-5ea8-40b0-acd0-d21abccef8a4	Your application for "Frontend React Developer" was updated to INTERVIEW.	/dashboard/candidate/applications	f	2025-10-02 12:57:35.481	GENERIC	\N
82cfe3ac-651a-4c29-b105-0baf34edc971	780e5562-5ea8-40b0-acd0-d21abccef8a4	Your application for "Frontend React Developer" was updated to OFFER.	/dashboard/candidate/applications	f	2025-10-02 12:57:55.07	GENERIC	\N
85099bdb-c0df-4d1d-b473-428600073087	780e5562-5ea8-40b0-acd0-d21abccef8a4	Your application for "Frontend React Developer" was updated to INTERVIEW.	/dashboard/candidate/applications	f	2025-10-02 12:57:58.816	GENERIC	\N
2c0f3301-50ed-4b91-9ede-8c4256d5a33f	780e5562-5ea8-40b0-acd0-d21abccef8a4	Your application for "Frontend React Developer" was updated to OFFER.	/dashboard/candidate/applications	f	2025-10-02 12:58:03.382	GENERIC	\N
13bbf85b-c19b-4411-886d-b01c9dfb5396	8d7f108e-3f5d-42c8-a47e-a8b5a1cf9038	Your application for "Frontend React Developer" was updated to OFFER.	/dashboard/candidate/applications	f	2025-10-02 12:58:15.171	GENERIC	\N
06185a88-a837-427f-a4bd-fbfbb647126e	780e5562-5ea8-40b0-acd0-d21abccef8a4	Your application for "Frontend React Developer" was updated to INTERVIEW.	/dashboard/candidate/applications	f	2025-10-02 12:58:17.333	GENERIC	\N
c69ce72f-2e7b-4427-b205-80096c6a2e11	fcd910ed-f411-4524-bdb1-23de83a9e4d1	Your application for "Frontend React Developer" was updated to INTERVIEW.	/dashboard/candidate/applications	f	2025-10-02 12:58:21.335	GENERIC	\N
9f151dac-865e-4b52-ad5e-05afc5806286	8d7f108e-3f5d-42c8-a47e-a8b5a1cf9038	Your application for "Frontend React Developer" was updated to REVIEWING.	/dashboard/candidate/applications	f	2025-10-02 12:58:30.957	GENERIC	\N
2cde0d31-7a7d-4bd2-9d53-3b81d20df5d5	780e5562-5ea8-40b0-acd0-d21abccef8a4	Your application for "Frontend React Developer" was updated to REVIEWING.	/dashboard/candidate/applications	f	2025-10-02 12:58:30.964	GENERIC	\N
67db491b-a99e-4fc7-bf5d-34744f54ee32	fcd910ed-f411-4524-bdb1-23de83a9e4d1	Your application for "Frontend React Developer" was updated to REVIEWING.	/dashboard/candidate/applications	f	2025-10-02 12:58:30.981	GENERIC	\N
4e5495cb-91d4-4ad4-ac60-7d5455396aa7	780e5562-5ea8-40b0-acd0-d21abccef8a4	Your application for "Frontend React Developer" was updated to INTERVIEW.	/dashboard/candidate/applications	f	2025-10-02 12:58:36.139	GENERIC	\N
7eaa4ca0-0dee-423f-bd73-b42b1b7ab97f	780e5562-5ea8-40b0-acd0-d21abccef8a4	Your application for "Frontend React Developer" was updated to OFFER.	/dashboard/candidate/applications	f	2025-10-02 12:58:49.598	GENERIC	\N
4d0efc5b-1b3d-448c-841c-6f518afb5f32	780e5562-5ea8-40b0-acd0-d21abccef8a4	Your application for "Frontend React Developer" was updated to INTERVIEW.	/dashboard/candidate/applications	f	2025-10-02 12:58:53.335	GENERIC	\N
efbe19d6-9be0-41f3-8bb8-b3f3ef9eee13	8d7f108e-3f5d-42c8-a47e-a8b5a1cf9038	Your application for "Frontend React Developer" was updated to OFFER.	/dashboard/candidate/applications	f	2025-10-02 12:59:00.894	GENERIC	\N
ca9a6311-5491-40f3-83dd-92c168178e74	d5ee26a9-7269-4745-9ee9-3a44846dfde8	Your application for "Frontend React Developer" was updated to OFFER.	/dashboard/candidate/applications	f	2025-10-02 12:59:00.903	GENERIC	\N
7cdfa0f3-68c1-419c-96df-56d6adadfe62	b747941a-b6d0-4b65-aed7-a916a1612b36	Your application for "Frontend React Developer" was updated to OFFER.	/dashboard/candidate/applications	f	2025-10-02 12:59:00.931	GENERIC	\N
9a32ca57-cff5-40db-b92b-95b7820605b8	780e5562-5ea8-40b0-acd0-d21abccef8a4	Your application for "Frontend React Developer" was updated to REVIEWING.	/dashboard/candidate/applications	f	2025-10-02 12:59:05.472	GENERIC	\N
a4ea811b-3dd6-4456-8957-7c2c36e0fe64	b747941a-b6d0-4b65-aed7-a916a1612b36	Your application for "Frontend React Developer" was updated to REVIEWING.	/dashboard/candidate/applications	f	2025-10-02 12:59:15.002	GENERIC	\N
8f4b4512-1543-4f70-a6cf-5c2036386905	8d7f108e-3f5d-42c8-a47e-a8b5a1cf9038	Your application for "Frontend React Developer" was updated to INTERVIEW.	/dashboard/candidate/applications	f	2025-10-02 12:59:18.557	GENERIC	\N
9f2f6526-dcc3-4ae2-b334-8c49632411bb	780e5562-5ea8-40b0-acd0-d21abccef8a4	Your application for "Frontend React Developer" was updated to INTERVIEW.	/dashboard/candidate/applications	f	2025-10-02 13:39:14.499	GENERIC	\N
784d8d40-e713-463a-9ec8-1eb89555b43e	b747941a-b6d0-4b65-aed7-a916a1612b36	Your application for "Frontend React Developer" was updated to INTERVIEW.	/dashboard/candidate/applications	f	2025-10-02 13:39:14.604	GENERIC	\N
3d31fed4-d487-4d33-b87d-9d66894e18cf	fcd910ed-f411-4524-bdb1-23de83a9e4d1	Your application for "Frontend React Developer" was updated to INTERVIEW.	/dashboard/candidate/applications	f	2025-10-02 13:39:14.624	GENERIC	\N
b7b65985-d594-4e71-9553-5471d011ecc2	780e5562-5ea8-40b0-acd0-d21abccef8a4	Your application for "Frontend React Developer" was updated to REVIEWING.	/dashboard/candidate/applications	f	2025-10-02 13:39:25.064	GENERIC	\N
5e55849a-dddf-4924-897c-8ce02e0598b3	b747941a-b6d0-4b65-aed7-a916a1612b36	Your application for "Frontend React Developer" was updated to REVIEWING.	/dashboard/candidate/applications	f	2025-10-02 13:39:25.066	GENERIC	\N
047d5a16-b922-4ddc-a94b-62122e007f5f	8d7f108e-3f5d-42c8-a47e-a8b5a1cf9038	Your application for "Frontend React Developer" was updated to REVIEWING.	/dashboard/candidate/applications	f	2025-10-02 13:39:25.092	GENERIC	\N
1bad2d53-be04-4a34-815e-71c9c1e18e81	fcd910ed-f411-4524-bdb1-23de83a9e4d1	Your application for "Frontend React Developer" was updated to REVIEWING.	/dashboard/candidate/applications	f	2025-10-02 13:39:25.238	GENERIC	\N
0ca51ea3-1d52-400c-9577-e2db903ada00	63261167-7606-4a90-ab8e-fb2688efd8d6	Your application for "Frontend React Developer" was updated to INTERVIEW.	/dashboard/candidate/applications	f	2025-10-02 13:50:48.864	GENERIC	\N
feaf6dbe-5e71-44b1-85c8-4d1305b2f2f5	d5f954f3-2270-44fb-9d5f-1400cf5f6456	Your application for "Frontend React Developer" was updated to INTERVIEW.	/dashboard/candidate/applications	f	2025-10-02 13:50:48.864	GENERIC	\N
bcba9106-84ca-46ed-a675-4b304eae937a	e27fd743-87e6-4c9f-a1e7-12b1b789fac7	Your application for "Frontend React Developer" was updated to INTERVIEW.	/dashboard/candidate/applications	f	2025-10-02 13:50:48.923	GENERIC	\N
e6744767-7aef-4cdf-8128-04b476eb2403	f7090392-b215-425e-9f15-917152b12e5f	Your application for "Frontend React Developer" was updated to INTERVIEW.	/dashboard/candidate/applications	f	2025-10-02 13:50:48.93	GENERIC	\N
f399ac01-90f5-41ba-b79b-114e4c3060d9	4da5aec9-ef39-4733-bfe4-cdda89636cf3	Your application for "Frontend React Developer" was updated to INTERVIEW.	/dashboard/candidate/applications	f	2025-10-02 13:50:48.933	GENERIC	\N
d6d23061-c205-49e6-8358-a6f6f9126944	dcd66d79-19fe-45a6-aa0f-e026e77db98b	Your application for "Frontend React Developer" was updated to INTERVIEW.	/dashboard/candidate/applications	f	2025-10-02 13:50:48.934	GENERIC	\N
44c8a704-a1db-4e92-a286-4e98be2e7108	47cb455b-24a9-4e06-ba77-564c26fea2a1	Your application for "Frontend React Developer" was updated to INTERVIEW.	/dashboard/candidate/applications	f	2025-10-02 13:50:48.938	GENERIC	\N
33ae1618-85f1-4b49-8ebd-d93df7f4cc39	3be7f8be-2216-4edc-8921-130978b0d6a8	Your application for "Frontend React Developer" was updated to INTERVIEW.	/dashboard/candidate/applications	f	2025-10-02 13:50:48.984	GENERIC	\N
8d88e956-7fe7-4254-a92b-438138f2af06	94e0c8b4-d15f-4367-b9fe-0f073ac85fd5	Your application for "Frontend React Developer" was updated to INTERVIEW.	/dashboard/candidate/applications	f	2025-10-02 13:50:49.001	GENERIC	\N
39c51cac-1913-46c4-bc75-a404c01ff59d	2c7b8f56-b70e-46b2-8582-e67ba1915a45	Your application for "Frontend React Developer" was updated to INTERVIEW.	/dashboard/candidate/applications	f	2025-10-02 13:50:49.076	GENERIC	\N
e27e6059-2e1f-475e-aa64-e60946aa37da	c3cdf968-d2d6-465f-8841-ef2643669279	Your application for "Frontend React Developer" was updated to INTERVIEW.	/dashboard/candidate/applications	f	2025-10-02 13:50:49.083	GENERIC	\N
264888c0-1f02-4f39-8187-88ef680604cf	d81c7da1-07d3-4b21-8230-d5e04aa6e862	Your application for "Frontend React Developer" was updated to INTERVIEW.	/dashboard/candidate/applications	f	2025-10-02 13:50:49.084	GENERIC	\N
ae635f9b-88eb-482b-ac37-6f72b791c05c	068335b5-50a0-4b33-93a0-1372ea9a1bc8	Your application for "Frontend React Developer" was updated to INTERVIEW.	/dashboard/candidate/applications	f	2025-10-02 13:50:49.087	GENERIC	\N
13ba66d7-256b-4e85-9567-0304ae341286	6253d356-215d-4f68-98f6-2b07902c4ed2	Your application for "Frontend React Developer" was updated to INTERVIEW.	/dashboard/candidate/applications	f	2025-10-02 13:50:49.088	GENERIC	\N
4089706d-0969-4999-af2f-189e9ce00018	8c89c899-04ca-42ed-9d77-a724a5b1ca03	Your application for "Frontend React Developer" was updated to INTERVIEW.	/dashboard/candidate/applications	f	2025-10-02 13:50:49.162	GENERIC	\N
cb289ac6-8c7d-418e-b9e0-b1b0c0026f5c	7d71cea1-1b4e-4882-bce9-b9190f2227dc	Your application for "Frontend React Developer" was updated to INTERVIEW.	/dashboard/candidate/applications	f	2025-10-02 13:50:49.183	GENERIC	\N
5be053ee-4be0-44d8-a97b-6576371d92e7	9838c30d-85d2-4927-9dcc-9d54a6c27c0b	Your application for "Frontend React Developer" was updated to INTERVIEW.	/dashboard/candidate/applications	f	2025-10-02 13:50:49.232	GENERIC	\N
3e05f814-568c-4326-9f5f-b820a2bc319b	f6a5bbaa-2765-4e90-a4f5-86435cdde620	Your application for "Frontend React Developer" was updated to INTERVIEW.	/dashboard/candidate/applications	f	2025-10-02 13:50:49.24	GENERIC	\N
9bafc628-9e36-404d-bc3e-4df15f058be5	d5f954f3-2270-44fb-9d5f-1400cf5f6456	Your application for "Frontend React Developer" was updated to APPLIED.	/dashboard/candidate/applications	f	2025-10-02 13:51:01.804	GENERIC	\N
b33844f5-5006-4f59-b1bf-43227326745f	3be7f8be-2216-4edc-8921-130978b0d6a8	Your application for "Frontend React Developer" was updated to APPLIED.	/dashboard/candidate/applications	f	2025-10-02 13:51:01.817	GENERIC	\N
10b478d9-f8e0-4244-9c02-52de6ad0be46	2c7b8f56-b70e-46b2-8582-e67ba1915a45	Your application for "Frontend React Developer" was updated to APPLIED.	/dashboard/candidate/applications	f	2025-10-02 13:51:01.851	GENERIC	\N
fc06fce9-c8cd-4959-8d1e-9177e649af31	7d71cea1-1b4e-4882-bce9-b9190f2227dc	Your application for "Frontend React Developer" was updated to APPLIED.	/dashboard/candidate/applications	f	2025-10-02 13:51:01.862	GENERIC	\N
c76a8aeb-0500-494c-ac76-e3605a21272a	c3cdf968-d2d6-465f-8841-ef2643669279	Your application for "Frontend React Developer" was updated to APPLIED.	/dashboard/candidate/applications	f	2025-10-02 13:51:01.979	GENERIC	\N
68bf43aa-167d-45f1-9505-4eb729cf2e99	d81c7da1-07d3-4b21-8230-d5e04aa6e862	Your application for "Frontend React Developer" was updated to APPLIED.	/dashboard/candidate/applications	f	2025-10-02 13:51:01.989	GENERIC	\N
c68a20a0-534d-4040-adcf-3f538e440969	068335b5-50a0-4b33-93a0-1372ea9a1bc8	Your application for "Frontend React Developer" was updated to APPLIED.	/dashboard/candidate/applications	f	2025-10-02 13:51:01.996	GENERIC	\N
6efe1719-d30c-4153-a50b-e826bb91b545	6253d356-215d-4f68-98f6-2b07902c4ed2	Your application for "Frontend React Developer" was updated to APPLIED.	/dashboard/candidate/applications	f	2025-10-02 13:51:01.999	GENERIC	\N
c8056b57-0f70-4912-8cdc-d3ca4b13a33f	94e0c8b4-d15f-4367-b9fe-0f073ac85fd5	Your application for "Frontend React Developer" was updated to APPLIED.	/dashboard/candidate/applications	f	2025-10-02 13:51:02.055	GENERIC	\N
da1358ce-f4c8-4cc7-b426-690f3fd624e0	9838c30d-85d2-4927-9dcc-9d54a6c27c0b	Your application for "Frontend React Developer" was updated to APPLIED.	/dashboard/candidate/applications	f	2025-10-02 13:51:02.058	GENERIC	\N
aab60e86-b7d4-40d4-b4a4-4383c678537a	a0f27975-0a58-4c6d-8d28-40d140d0b596	Your application for "Frontend React Developer" was updated to APPLIED.	/dashboard/candidate/applications	f	2025-10-02 13:51:02.117	GENERIC	\N
1f8a4f3b-e706-4224-8191-69c2e7ac3887	3df93b75-b32f-474e-8c9c-220dd5fcd316	Your application for "Frontend React Developer" was updated to APPLIED.	/dashboard/candidate/applications	f	2025-10-02 13:51:02.12	GENERIC	\N
e9a0e107-dfea-4596-9fba-1512d443f9a6	6503ef96-878a-4e54-b979-b97d8f4836ab	Your application for "Frontend React Developer" was updated to APPLIED.	/dashboard/candidate/applications	f	2025-10-02 13:51:02.13	GENERIC	\N
edd2b9aa-8eaf-4d29-a1b8-1a2bdd532414	42c16dcf-ff62-4ca5-9040-0cc029ccc39c	Your application for "Frontend React Developer" was updated to APPLIED.	/dashboard/candidate/applications	f	2025-10-02 13:51:02.187	GENERIC	\N
8ea96e0b-1c56-4a13-9934-c9257bd70ba6	60c145af-4537-4db5-b287-a0dda8b6dd14	Your application for "Frontend React Developer" was updated to APPLIED.	/dashboard/candidate/applications	f	2025-10-02 13:51:02.205	GENERIC	\N
d60237b0-0e5f-4673-9792-24f0a38330b5	f75560d9-3d44-4e44-8b23-f4b22b0ea8fe	Your application for "Frontend React Developer" was updated to APPLIED.	/dashboard/candidate/applications	f	2025-10-02 13:51:02.261	GENERIC	\N
c0a7e579-20a4-4df5-aac2-0a7e7ba11acc	b4821854-815f-4703-8253-9eedea306958	Your application for "Frontend React Developer" was updated to APPLIED.	/dashboard/candidate/applications	f	2025-10-02 13:51:02.267	GENERIC	\N
eb7b6b10-fbfb-4336-8c41-f1830e540742	7bd1a9e3-a9e0-45fb-80f1-5618fb58442a	Your application for "Frontend React Developer" was updated to APPLIED.	/dashboard/candidate/applications	f	2025-10-02 13:51:02.348	GENERIC	\N
170bd434-5000-4624-aa26-fb53509cf195	c08ef9b4-5f77-4b76-8c8b-3e5dc1f8270b	Your application for "Frontend React Developer" was updated to APPLIED.	/dashboard/candidate/applications	f	2025-10-02 13:51:02.458	GENERIC	\N
f68f9ae8-7209-49e1-9520-8d9927bdb08a	d2769180-ee3a-4803-94c7-9e6cf6436bc9	Your application for "Frontend React Developer" was updated to APPLIED.	/dashboard/candidate/applications	f	2025-10-02 13:51:02.471	GENERIC	\N
dd7a05f9-b521-48d7-b315-35bd86c54471	d2308404-eed4-4901-b241-2fc7c30b22cd	Your application for "Frontend React Developer" was updated to APPLIED.	/dashboard/candidate/applications	f	2025-10-02 13:51:02.502	GENERIC	\N
6f0a66b7-46de-447d-bdea-e12ca7c28b7f	a0f27975-0a58-4c6d-8d28-40d140d0b596	Your application for "Frontend React Developer" was updated to INTERVIEW.	/dashboard/candidate/applications	f	2025-10-02 13:50:49.241	GENERIC	\N
37a5383a-fef3-4d4d-a92f-44d43bcfbe7d	7a916544-7d14-4263-84df-3856194b180d	Your application for "Frontend React Developer" was updated to INTERVIEW.	/dashboard/candidate/applications	f	2025-10-02 13:50:49.335	GENERIC	\N
27cd4ab6-2592-464c-8c47-77f72ae30127	3f8b55fc-2435-443d-81d0-e24e30eccedf	Your application for "Frontend React Developer" was updated to INTERVIEW.	/dashboard/candidate/applications	f	2025-10-02 13:50:49.354	GENERIC	\N
6189446f-2b3a-4b27-a3a6-a832b24f893c	90fbe72c-253a-4b1b-a014-e8044b7e9aa6	Your application for "Frontend React Developer" was updated to INTERVIEW.	/dashboard/candidate/applications	f	2025-10-02 13:50:49.481	GENERIC	\N
e3c0a9e5-5295-4330-9b5b-585f16b64a9f	839fc63a-6ffa-4236-b6e7-e02f9dcff5c7	Your application for "Frontend React Developer" was updated to INTERVIEW.	/dashboard/candidate/applications	f	2025-10-02 13:50:49.571	GENERIC	\N
c9d3bf21-383b-451c-a5ea-b84dbfa30ef2	bffec629-379d-4dbe-88d5-cf274e95d5d8	Your application for "Frontend React Developer" was updated to INTERVIEW.	/dashboard/candidate/applications	f	2025-10-02 13:50:49.732	GENERIC	\N
1e936776-82d1-44e6-b90a-aec1d0449a9c	4dee619d-80cb-4b86-87bf-fe16af412b09	Your application for "Frontend React Developer" was updated to INTERVIEW.	/dashboard/candidate/applications	f	2025-10-02 13:50:49.828	GENERIC	\N
b2c9194e-d8eb-4738-a3f7-9c8ef4917c6e	a429ff92-345e-4c02-8b22-c45ae78cf125	Your application for "Frontend React Developer" was updated to INTERVIEW.	/dashboard/candidate/applications	f	2025-10-02 13:50:49.857	GENERIC	\N
149a252b-f8a4-4fec-826f-fce06db7e1ac	08b480fa-cac7-446c-8904-b8104fee506b	Your application for "Frontend React Developer" was updated to INTERVIEW.	/dashboard/candidate/applications	f	2025-10-02 13:50:49.936	GENERIC	\N
62cd2c5c-a53d-4a93-9c30-0ddff35864f9	de9b72a7-460d-4dd4-8be5-b40c0479dc6c	Your application for "Frontend React Developer" was updated to INTERVIEW.	/dashboard/candidate/applications	f	2025-10-02 13:50:49.967	GENERIC	\N
1500a440-4a01-47b0-90c6-b31690b27920	63261167-7606-4a90-ab8e-fb2688efd8d6	Your application for "Frontend React Developer" was updated to APPLIED.	/dashboard/candidate/applications	f	2025-10-02 13:51:01.843	GENERIC	\N
46b27764-f014-4e36-987e-9ae5957c37b1	f7090392-b215-425e-9f15-917152b12e5f	Your application for "Frontend React Developer" was updated to APPLIED.	/dashboard/candidate/applications	f	2025-10-02 13:51:01.845	GENERIC	\N
c1fe9408-508e-4144-928d-ae323fd24c2d	dcd66d79-19fe-45a6-aa0f-e026e77db98b	Your application for "Frontend React Developer" was updated to APPLIED.	/dashboard/candidate/applications	f	2025-10-02 13:51:01.85	GENERIC	\N
e1ceeef8-1476-45f8-9a97-34cdce39936c	f6a5bbaa-2765-4e90-a4f5-86435cdde620	Your application for "Frontend React Developer" was updated to APPLIED.	/dashboard/candidate/applications	f	2025-10-02 13:51:02.106	GENERIC	\N
0a302e64-55b8-474f-bf17-16900889264a	3f72b7ad-cc38-45fb-b9cd-5ec4861cf6cf	Your application for "Frontend React Developer" was updated to APPLIED.	/dashboard/candidate/applications	f	2025-10-02 13:51:02.118	GENERIC	\N
fdd44451-3a3e-4b1e-8074-badf42d2df60	7a916544-7d14-4263-84df-3856194b180d	Your application for "Frontend React Developer" was updated to APPLIED.	/dashboard/candidate/applications	f	2025-10-02 13:51:02.175	GENERIC	\N
a930c46d-50b3-4d5e-95e6-7e97026267a5	57b1f2e6-58f2-4326-9582-92107dd94723	Your application for "Frontend React Developer" was updated to APPLIED.	/dashboard/candidate/applications	f	2025-10-02 13:51:02.203	GENERIC	\N
7be27f0a-e062-4500-9d0d-ed44036fd0df	9bd12dc0-af10-4693-baea-d6c06844add7	Your application for "Frontend React Developer" was updated to APPLIED.	/dashboard/candidate/applications	f	2025-10-02 13:51:02.215	GENERIC	\N
efcc55e5-2fcd-49dd-b441-0bf07ab219ac	90fbe72c-253a-4b1b-a014-e8044b7e9aa6	Your application for "Frontend React Developer" was updated to APPLIED.	/dashboard/candidate/applications	f	2025-10-02 13:51:02.288	GENERIC	\N
6973ed3c-bc75-496e-9e20-ad52860edead	839fc63a-6ffa-4236-b6e7-e02f9dcff5c7	Your application for "Frontend React Developer" was updated to APPLIED.	/dashboard/candidate/applications	f	2025-10-02 13:51:02.363	GENERIC	\N
d5365354-8173-4880-9173-3a1db97ec70e	afdef59d-262b-4e21-8cf3-56442de28508	Your application for "Frontend React Developer" was updated to APPLIED.	/dashboard/candidate/applications	f	2025-10-02 13:51:02.492	GENERIC	\N
f2d64868-d48f-42ae-a4df-72146af339a9	4dee619d-80cb-4b86-87bf-fe16af412b09	Your application for "Frontend React Developer" was updated to APPLIED.	/dashboard/candidate/applications	f	2025-10-02 13:51:02.496	GENERIC	\N
4f787e0c-30b4-426b-871e-354f9a75427e	a429ff92-345e-4c02-8b22-c45ae78cf125	Your application for "Frontend React Developer" was updated to APPLIED.	/dashboard/candidate/applications	f	2025-10-02 13:51:02.562	GENERIC	\N
3ca05880-2cdb-4c84-820f-02eadaab7c0e	24561236-b941-4ff8-ad41-b9b71adcafdd	Your application for "Frontend React Developer" was updated to APPLIED.	/dashboard/candidate/applications	f	2025-10-02 13:51:02.704	GENERIC	\N
667fd61d-0d73-4417-832d-c0dd93d8a42e	5900ca1a-625c-4a14-8331-ee286900ad73	Your application for "Frontend React Developer" was updated to APPLIED.	/dashboard/candidate/applications	f	2025-10-02 13:51:02.719	GENERIC	\N
d696ebbe-5177-4443-b1ba-cce6c0648eb2	3f72b7ad-cc38-45fb-b9cd-5ec4861cf6cf	Your application for "Frontend React Developer" was updated to INTERVIEW.	/dashboard/candidate/applications	f	2025-10-02 13:50:49.241	GENERIC	\N
963be28f-0749-46cd-9c6b-67a60a49b59a	3df93b75-b32f-474e-8c9c-220dd5fcd316	Your application for "Frontend React Developer" was updated to INTERVIEW.	/dashboard/candidate/applications	f	2025-10-02 13:50:49.255	GENERIC	\N
e3d14e91-b242-42ba-b5ba-71a616712165	42c16dcf-ff62-4ca5-9040-0cc029ccc39c	Your application for "Frontend React Developer" was updated to INTERVIEW.	/dashboard/candidate/applications	f	2025-10-02 13:50:49.354	GENERIC	\N
2c9fe3fa-a276-465e-882e-474332ba6a27	57b1f2e6-58f2-4326-9582-92107dd94723	Your application for "Frontend React Developer" was updated to INTERVIEW.	/dashboard/candidate/applications	f	2025-10-02 13:50:49.363	GENERIC	\N
4ffea418-bf1d-4b7d-9be6-df5cc8800d73	9bd12dc0-af10-4693-baea-d6c06844add7	Your application for "Frontend React Developer" was updated to INTERVIEW.	/dashboard/candidate/applications	f	2025-10-02 13:50:49.419	GENERIC	\N
5b42f001-9083-4557-84a0-3d69ac01785d	f75560d9-3d44-4e44-8b23-f4b22b0ea8fe	Your application for "Frontend React Developer" was updated to INTERVIEW.	/dashboard/candidate/applications	f	2025-10-02 13:50:49.425	GENERIC	\N
8e6c48ce-e0e8-4ba5-82eb-84e0d4063658	f0edf50d-f822-4d47-83a3-dfefb4e5ee58	Your application for "Frontend React Developer" was updated to INTERVIEW.	/dashboard/candidate/applications	f	2025-10-02 13:50:49.449	GENERIC	\N
59affccb-56ff-4777-812f-874c7031f225	0ab8953b-a153-4679-ae9c-ce0cd2f8bce8	Your application for "Frontend React Developer" was updated to INTERVIEW.	/dashboard/candidate/applications	f	2025-10-02 13:50:49.535	GENERIC	\N
477e9df8-f1d1-4acc-b9b8-1c0c638acc35	d25b103e-4ec4-42eb-b03f-886eeac3f4d9	Your application for "Frontend React Developer" was updated to INTERVIEW.	/dashboard/candidate/applications	f	2025-10-02 13:50:49.571	GENERIC	\N
60856156-34bc-4320-a21f-56a54b79d469	1f2ae5fc-05fd-4ee1-9579-5b97e1942f33	Your application for "Frontend React Developer" was updated to INTERVIEW.	/dashboard/candidate/applications	f	2025-10-02 13:50:49.741	GENERIC	\N
dfa3efa0-fa42-4fd7-87f3-0f9fff2db63c	d2769180-ee3a-4803-94c7-9e6cf6436bc9	Your application for "Frontend React Developer" was updated to INTERVIEW.	/dashboard/candidate/applications	f	2025-10-02 13:50:49.754	GENERIC	\N
767f5471-6be4-46d2-8958-e3664f357355	b099adfc-257f-4f17-8951-eeb39b0e5cc4	Your application for "Frontend React Developer" was updated to INTERVIEW.	/dashboard/candidate/applications	f	2025-10-02 13:50:49.872	GENERIC	\N
4dc4d95c-4c70-4e9e-bdba-0a049877117a	7ed6ae66-cf9f-4da1-847b-f9aef9cd47c0	Your application for "Frontend React Developer" was updated to INTERVIEW.	/dashboard/candidate/applications	f	2025-10-02 13:50:49.966	GENERIC	\N
5b21e367-39cb-47bd-977d-56cb8da34492	a29cf064-62b5-4d37-8d5e-11f2fd11c92d	Your application for "Frontend React Developer" was updated to APPLIED.	/dashboard/candidate/applications	f	2025-10-02 13:51:02.398	GENERIC	\N
c26e8b41-f45a-489e-9ad9-b3aec57ad4ed	3e85ec31-3299-4e42-9579-5b1f9bfd4f97	Your application for "Frontend React Developer" was updated to APPLIED.	/dashboard/candidate/applications	f	2025-10-02 13:51:02.406	GENERIC	\N
f860a674-9a6f-48c6-8919-d1fab8b04061	bffec629-379d-4dbe-88d5-cf274e95d5d8	Your application for "Frontend React Developer" was updated to APPLIED.	/dashboard/candidate/applications	f	2025-10-02 13:51:02.463	GENERIC	\N
77efda99-a157-40df-b2e7-5ae25633192a	1f2ae5fc-05fd-4ee1-9579-5b97e1942f33	Your application for "Frontend React Developer" was updated to APPLIED.	/dashboard/candidate/applications	f	2025-10-02 13:51:02.467	GENERIC	\N
7e790443-7ce9-474a-84c2-9a79d80c9392	bccf78ae-6acd-48b3-9e73-3d3755ebf627	Your application for "Frontend React Developer" was updated to APPLIED.	/dashboard/candidate/applications	f	2025-10-02 13:51:02.56	GENERIC	\N
e0523b42-97a8-40c7-a405-0d31b7a4bf6e	c2aca1f2-26e0-499a-9c30-c1c6ff5f5b69	Your application for "Frontend React Developer" was updated to APPLIED.	/dashboard/candidate/applications	f	2025-10-02 13:51:02.564	GENERIC	\N
5cc695ac-6d9f-4b58-bf36-a9211f7e2156	bc6e014a-2556-4ca8-b4d4-efcc74ec249d	Your application for "Frontend React Developer" was updated to APPLIED.	/dashboard/candidate/applications	f	2025-10-02 13:51:02.664	GENERIC	\N
36c01109-a9cb-4dad-bb78-16d16788b12b	8211e7fe-59ff-4571-baec-726d4eb3efae	Your application for "Frontend React Developer" was updated to APPLIED.	/dashboard/candidate/applications	f	2025-10-02 13:51:02.699	GENERIC	\N
5752f2b4-0760-43c3-bc85-38448961cf4e	6503ef96-878a-4e54-b979-b97d8f4836ab	Your application for "Frontend React Developer" was updated to INTERVIEW.	/dashboard/candidate/applications	f	2025-10-02 13:50:49.314	GENERIC	\N
2ac1e6bb-3f6d-42ee-b78b-65a475d530a6	60c145af-4537-4db5-b287-a0dda8b6dd14	Your application for "Frontend React Developer" was updated to INTERVIEW.	/dashboard/candidate/applications	f	2025-10-02 13:50:49.371	GENERIC	\N
fedcb38b-d7ca-4ee4-95ef-a01618533983	b4821854-815f-4703-8253-9eedea306958	Your application for "Frontend React Developer" was updated to INTERVIEW.	/dashboard/candidate/applications	f	2025-10-02 13:50:49.451	GENERIC	\N
d8bb8dc7-9f0d-4274-b453-e1e42e6abc25	3fb6fa38-3983-414e-b7e0-3c73f078df43	Your application for "Frontend React Developer" was updated to INTERVIEW.	/dashboard/candidate/applications	f	2025-10-02 13:50:49.46	GENERIC	\N
9f1a886c-4ee9-4e4f-b218-90094f299fe4	e335252e-fc7a-49f6-b306-6fdcf7139acd	Your application for "Frontend React Developer" was updated to INTERVIEW.	/dashboard/candidate/applications	f	2025-10-02 13:50:49.548	GENERIC	\N
7cac2266-e1d1-4155-92f1-1536115f3ea2	7bd1a9e3-a9e0-45fb-80f1-5618fb58442a	Your application for "Frontend React Developer" was updated to INTERVIEW.	/dashboard/candidate/applications	f	2025-10-02 13:50:49.552	GENERIC	\N
dc61cd2f-cf15-4e86-823d-ca92128a8637	4cabb14d-215a-4da3-a71d-317c58c1327a	Your application for "Frontend React Developer" was updated to INTERVIEW.	/dashboard/candidate/applications	f	2025-10-02 13:50:49.624	GENERIC	\N
9732e6b5-e42d-401a-be4f-1f939286ab08	bdb2789d-27bf-463c-bf9b-ba2be0eb4eae	Your application for "Frontend React Developer" was updated to INTERVIEW.	/dashboard/candidate/applications	f	2025-10-02 13:50:49.637	GENERIC	\N
a5acac7b-93e6-4a6e-8087-1e85173b7b21	3e85ec31-3299-4e42-9579-5b1f9bfd4f97	Your application for "Frontend React Developer" was updated to INTERVIEW.	/dashboard/candidate/applications	f	2025-10-02 13:50:49.704	GENERIC	\N
02b29745-70f6-4410-ae84-2d2d40735935	c08ef9b4-5f77-4b76-8c8b-3e5dc1f8270b	Your application for "Frontend React Developer" was updated to INTERVIEW.	/dashboard/candidate/applications	f	2025-10-02 13:50:49.706	GENERIC	\N
a0bffa34-411c-4dd7-9ca4-93a0de89f192	afdef59d-262b-4e21-8cf3-56442de28508	Your application for "Frontend React Developer" was updated to INTERVIEW.	/dashboard/candidate/applications	f	2025-10-02 13:50:49.766	GENERIC	\N
223bcc00-b778-4778-a63e-c832453b1f95	c2aca1f2-26e0-499a-9c30-c1c6ff5f5b69	Your application for "Frontend React Developer" was updated to INTERVIEW.	/dashboard/candidate/applications	f	2025-10-02 13:50:49.865	GENERIC	\N
3e42a665-987f-4e0b-bdfd-a63c0f0d2c24	7918b34f-91a8-4bfa-b5cf-98e2bc54811e	Your application for "Frontend React Developer" was updated to INTERVIEW.	/dashboard/candidate/applications	f	2025-10-02 13:50:49.883	GENERIC	\N
85dffe51-f9d2-4dc5-84aa-23dbeb243259	bc6e014a-2556-4ca8-b4d4-efcc74ec249d	Your application for "Frontend React Developer" was updated to INTERVIEW.	/dashboard/candidate/applications	f	2025-10-02 13:50:49.946	GENERIC	\N
a38071ad-7c92-4f28-9250-6104286592e7	4941221a-9de5-42d7-a3b4-bbfe831e9412	Your application for "Frontend React Developer" was updated to INTERVIEW.	/dashboard/candidate/applications	f	2025-10-02 13:50:49.984	GENERIC	\N
c17f492d-cee8-49ef-ab20-4c48321ff71b	1c81907f-7240-4ec0-90ae-e8d3b9b6d77c	Your application for "Frontend React Developer" was updated to INTERVIEW.	/dashboard/candidate/applications	f	2025-10-02 13:50:50.005	GENERIC	\N
ba35379d-65ae-434e-adb1-73809b5bbe96	5900ca1a-625c-4a14-8331-ee286900ad73	Your application for "Frontend React Developer" was updated to INTERVIEW.	/dashboard/candidate/applications	f	2025-10-02 13:50:50.011	GENERIC	\N
5c389e0f-415a-4249-8325-b0329f1586b0	e27fd743-87e6-4c9f-a1e7-12b1b789fac7	Your application for "Frontend React Developer" was updated to APPLIED.	/dashboard/candidate/applications	f	2025-10-02 13:50:55.189	GENERIC	\N
b6781f69-acf5-4d73-873d-fb36aa2fd7e9	3fb6fa38-3983-414e-b7e0-3c73f078df43	Your application for "Frontend React Developer" was updated to APPLIED.	/dashboard/candidate/applications	f	2025-10-02 13:51:02.27	GENERIC	\N
6d4dc383-f40d-4f63-8ae9-18ad481b7138	0ab8953b-a153-4679-ae9c-ce0cd2f8bce8	Your application for "Frontend React Developer" was updated to APPLIED.	/dashboard/candidate/applications	f	2025-10-02 13:51:02.298	GENERIC	\N
1f3d2310-972b-4e8f-9f0f-7e5558c96b39	e335252e-fc7a-49f6-b306-6fdcf7139acd	Your application for "Frontend React Developer" was updated to APPLIED.	/dashboard/candidate/applications	f	2025-10-02 13:51:02.312	GENERIC	\N
a69521b9-8dc7-4376-9a74-0584c3c62516	b099adfc-257f-4f17-8951-eeb39b0e5cc4	Your application for "Frontend React Developer" was updated to APPLIED.	/dashboard/candidate/applications	f	2025-10-02 13:51:02.565	GENERIC	\N
8a412b46-d54f-424d-8b81-89ac09af75ec	7918b34f-91a8-4bfa-b5cf-98e2bc54811e	Your application for "Frontend React Developer" was updated to APPLIED.	/dashboard/candidate/applications	f	2025-10-02 13:51:02.583	GENERIC	\N
29a2b19c-f3e7-4ea7-bc7c-d8a2ec938a66	55752549-d17d-4d0e-9bcc-8e23ec61e230	Your application for "Frontend React Developer" was updated to APPLIED.	/dashboard/candidate/applications	f	2025-10-02 13:51:02.609	GENERIC	\N
a377bd9c-93bb-4809-ba08-bd9a834f64c2	7ed6ae66-cf9f-4da1-847b-f9aef9cd47c0	Your application for "Frontend React Developer" was updated to APPLIED.	/dashboard/candidate/applications	f	2025-10-02 13:51:02.667	GENERIC	\N
fc0f3ebf-b050-466d-8a52-60e8280975b1	a29cf064-62b5-4d37-8d5e-11f2fd11c92d	Your application for "Frontend React Developer" was updated to INTERVIEW.	/dashboard/candidate/applications	f	2025-10-02 13:50:49.702	GENERIC	\N
e907b4f3-9bb5-4b21-b3b1-6c766c0c9ad8	d2308404-eed4-4901-b241-2fc7c30b22cd	Your application for "Frontend React Developer" was updated to INTERVIEW.	/dashboard/candidate/applications	f	2025-10-02 13:50:49.832	GENERIC	\N
ae8a5ccc-9b7f-4bee-adc6-0f7946b1c3f1	bccf78ae-6acd-48b3-9e73-3d3755ebf627	Your application for "Frontend React Developer" was updated to INTERVIEW.	/dashboard/candidate/applications	f	2025-10-02 13:50:49.834	GENERIC	\N
eac9a99d-5652-42f3-b9d3-09ccbbc82a9a	55752549-d17d-4d0e-9bcc-8e23ec61e230	Your application for "Frontend React Developer" was updated to INTERVIEW.	/dashboard/candidate/applications	f	2025-10-02 13:50:49.936	GENERIC	\N
710ef500-a8fe-4411-8201-89cbf7b8bf80	8211e7fe-59ff-4571-baec-726d4eb3efae	Your application for "Frontend React Developer" was updated to INTERVIEW.	/dashboard/candidate/applications	f	2025-10-02 13:50:49.985	GENERIC	\N
4ea328a7-6921-4b01-b5ed-1e985b397cab	24561236-b941-4ff8-ad41-b9b71adcafdd	Your application for "Frontend React Developer" was updated to INTERVIEW.	/dashboard/candidate/applications	f	2025-10-02 13:50:50.006	GENERIC	\N
c3251266-9b4f-445c-b14c-4f42d4589637	4da5aec9-ef39-4733-bfe4-cdda89636cf3	Your application for "Frontend React Developer" was updated to APPLIED.	/dashboard/candidate/applications	f	2025-10-02 13:51:01.755	GENERIC	\N
4211e08f-58c8-4396-93b4-967021dcfb22	47cb455b-24a9-4e06-ba77-564c26fea2a1	Your application for "Frontend React Developer" was updated to APPLIED.	/dashboard/candidate/applications	f	2025-10-02 13:51:01.803	GENERIC	\N
ef6ee9f4-b632-47d6-8250-e7e295fc2412	3f8b55fc-2435-443d-81d0-e24e30eccedf	Your application for "Frontend React Developer" was updated to APPLIED.	/dashboard/candidate/applications	f	2025-10-02 13:51:01.912	GENERIC	\N
49f01c60-44d6-4c02-b759-2c2888a41ec1	8c89c899-04ca-42ed-9d77-a724a5b1ca03	Your application for "Frontend React Developer" was updated to APPLIED.	/dashboard/candidate/applications	f	2025-10-02 13:51:02.001	GENERIC	\N
9cb2a33a-106e-422c-9889-63a8fcb9da60	f0edf50d-f822-4d47-83a3-dfefb4e5ee58	Your application for "Frontend React Developer" was updated to APPLIED.	/dashboard/candidate/applications	f	2025-10-02 13:51:02.231	GENERIC	\N
be2b00e4-5008-4883-9b3d-ce72743e0077	d25b103e-4ec4-42eb-b03f-886eeac3f4d9	Your application for "Frontend React Developer" was updated to APPLIED.	/dashboard/candidate/applications	f	2025-10-02 13:51:02.364	GENERIC	\N
617d663f-a5cb-4249-ab89-d531add75dd4	4cabb14d-215a-4da3-a71d-317c58c1327a	Your application for "Frontend React Developer" was updated to APPLIED.	/dashboard/candidate/applications	f	2025-10-02 13:51:02.371	GENERIC	\N
4ac6edba-fde1-45e8-bb7c-c971fcffa147	bdb2789d-27bf-463c-bf9b-ba2be0eb4eae	Your application for "Frontend React Developer" was updated to APPLIED.	/dashboard/candidate/applications	f	2025-10-02 13:51:02.384	GENERIC	\N
3ba68fa8-081a-4761-a786-51fd12fbbe78	08b480fa-cac7-446c-8904-b8104fee506b	Your application for "Frontend React Developer" was updated to APPLIED.	/dashboard/candidate/applications	f	2025-10-02 13:51:02.595	GENERIC	\N
9cdcb776-7011-4067-a7c6-b994cec013d7	de9b72a7-460d-4dd4-8be5-b40c0479dc6c	Your application for "Frontend React Developer" was updated to APPLIED.	/dashboard/candidate/applications	f	2025-10-02 13:51:02.668	GENERIC	\N
3337d27d-534d-45f7-a062-54fd3a8f54e4	4941221a-9de5-42d7-a3b4-bbfe831e9412	Your application for "Frontend React Developer" was updated to APPLIED.	/dashboard/candidate/applications	f	2025-10-02 13:51:02.681	GENERIC	\N
5fa9a7de-2ef1-4403-8863-c9c6b14918af	1c81907f-7240-4ec0-90ae-e8d3b9b6d77c	Your application for "Frontend React Developer" was updated to APPLIED.	/dashboard/candidate/applications	f	2025-10-02 13:51:02.699	GENERIC	\N
3a3094fc-c6db-409a-abac-c5a1d8592f06	780e5562-5ea8-40b0-acd0-d21abccef8a4	Your application for "Frontend React Developer" was updated to INTERVIEW.	/dashboard/candidate/applications	f	2025-10-02 13:55:51.841	GENERIC	\N
76418e9a-e333-41eb-a0d7-9fe3d66a913b	b747941a-b6d0-4b65-aed7-a916a1612b36	Your application for "Frontend React Developer" was updated to INTERVIEW.	/dashboard/candidate/applications	f	2025-10-02 14:22:05.404	GENERIC	\N
fe4c5608-e006-44fc-a62e-71d7fc6c130b	780e5562-5ea8-40b0-acd0-d21abccef8a4	Your application for "Frontend React Developer" was updated to OFFER.	/dashboard/candidate/applications	f	2025-10-02 16:43:52.952	GENERIC	\N
90e57783-0b1c-4dde-8590-ed52c7a5c5c9	5900ca1a-625c-4a14-8331-ee286900ad73	Your application for "Frontend React Developer" was updated to INTERVIEW.	/dashboard/candidate/applications	f	2025-10-02 16:54:26.024	GENERIC	\N
e438d996-3a0b-43e7-ae62-f5684b3c7b69	5900ca1a-625c-4a14-8331-ee286900ad73	Your application for "Frontend React Developer" was updated to REVIEWING.	/dashboard/candidate/applications	f	2025-10-02 16:54:56.391	GENERIC	\N
2feef43b-c251-4a99-a529-e001d6422eeb	94e0c8b4-d15f-4367-b9fe-0f073ac85fd5	Your application for "Frontend React Developer" was updated to INTERVIEW.	/dashboard/candidate/applications	f	2025-10-02 17:08:49.482	GENERIC	\N
0a46e9ba-5b3c-4536-8da7-cf0e0f967902	d5ee26a9-7269-4745-9ee9-3a44846dfde8	Your application for "Frontend React Developer" was updated to REJECTED.	/dashboard/candidate/applications	f	2025-10-02 17:10:33.092	GENERIC	\N
4ea86603-c40e-4102-9474-5b7831ff2dc4	d5ee26a9-7269-4745-9ee9-3a44846dfde8	Your application for "Frontend React Developer" was updated to OFFER.	/dashboard/candidate/applications	f	2025-10-02 17:10:37.015	GENERIC	\N
efd0ae1c-3fa2-49bb-b207-5b15283618f7	b747941a-b6d0-4b65-aed7-a916a1612b36	Your application for "Frontend React Developer" was updated to REJECTED.	/dashboard/candidate/applications	f	2025-10-02 17:10:41.971	GENERIC	\N
a031939f-7c63-4c58-a023-ce156246da9b	94e0c8b4-d15f-4367-b9fe-0f073ac85fd5	Your application for "Frontend React Developer" was updated to OFFER.	/dashboard/candidate/applications	f	2025-10-02 17:21:11.054	GENERIC	\N
88654c42-d088-4d99-a221-2a5d69293e8f	3f8b55fc-2435-443d-81d0-e24e30eccedf	Your application for "Frontend React Developer" was updated to INTERVIEW.	/dashboard/candidate/applications	f	2025-10-02 17:21:29.095	GENERIC	\N
87273103-afb7-495c-94ba-ed151171f138	5900ca1a-625c-4a14-8331-ee286900ad73	Your application for "Frontend React Developer" was updated to INTERVIEW.	/dashboard/candidate/applications	f	2025-10-02 17:21:45.593	GENERIC	\N
0df2b6d4-d410-4a5a-9d41-939f23693c22	3f8b55fc-2435-443d-81d0-e24e30eccedf	Your application for "Frontend React Developer" was updated to REVIEWING.	/dashboard/candidate/applications	f	2025-10-02 17:21:57.244	GENERIC	\N
a6897348-419a-4d8f-9bb9-b600b6c13aeb	3f8b55fc-2435-443d-81d0-e24e30eccedf	Your application for "Frontend React Developer" was updated to INTERVIEW.	/dashboard/candidate/applications	f	2025-10-02 17:28:57.424	GENERIC	\N
bed958e9-3be0-4fb2-844c-8d54d34099e8	5900ca1a-625c-4a14-8331-ee286900ad73	Your application for "Frontend React Developer" was updated to REVIEWING.	/dashboard/candidate/applications	f	2025-10-02 17:30:06.657	GENERIC	\N
35ac4a81-b3f6-4cfa-b4a8-04de7faebf1b	d5f954f3-2270-44fb-9d5f-1400cf5f6456	Your application for "Frontend React Developer" was updated to INTERVIEW.	/dashboard/candidate/applications	f	2025-10-02 18:12:47.02	GENERIC	\N
0bae9767-abc8-45e7-a636-7e103f090672	47cb455b-24a9-4e06-ba77-564c26fea2a1	Your application for "Frontend React Developer" was updated to INTERVIEW.	/dashboard/candidate/applications	f	2025-10-02 18:12:56.934	GENERIC	\N
ecccf3de-9fac-48a9-9a4d-016c2831c526	47cb455b-24a9-4e06-ba77-564c26fea2a1	Your application for "Frontend React Developer" was updated to REVIEWING.	/dashboard/candidate/applications	f	2025-10-02 18:13:15.145	GENERIC	\N
f4bfad3e-0651-42c8-ad23-1fc96f88bc5e	780e5562-5ea8-40b0-acd0-d21abccef8a4	Your application for "Frontend React Developer" was updated to INTERVIEW.	/dashboard/candidate/applications	f	2025-10-02 18:34:08.991	GENERIC	\N
1c23714c-0683-4c41-bc4b-545577ca69f4	7a916544-7d14-4263-84df-3856194b180d	Your application for "Frontend React Developer" was updated to REVIEWING.	/dashboard/candidate/applications	f	2025-10-02 18:42:33.637	GENERIC	\N
fb2dea9f-2173-4f64-905d-6ea91a5b3b82	3f8b55fc-2435-443d-81d0-e24e30eccedf	Your application for "Frontend React Developer" was updated to REVIEWING.	/dashboard/candidate/applications	f	2025-10-02 18:52:42.273	GENERIC	\N
3c961d00-913c-4086-bc42-67746a32ce42	d5f954f3-2270-44fb-9d5f-1400cf5f6456	Your application for "Frontend React Developer" was updated to OFFER.	/dashboard/candidate/applications	f	2025-10-02 18:57:38.152	GENERIC	\N
83281d5f-3f73-4887-a70b-c3ec72355f11	bee8aed0-04de-4d9b-9c8e-8e5a1bd37bca	Your application for "Frontend React Developer" was updated to INTERVIEW.	/dashboard/candidate/applications	f	2025-10-02 18:57:44.285	GENERIC	\N
a7fe32aa-3337-4aa7-89d2-be6bc7a97f70	5900ca1a-625c-4a14-8331-ee286900ad73	Your application for "Frontend React Developer" was updated to INTERVIEW.	/dashboard/candidate/applications	f	2025-10-02 18:57:55.992	GENERIC	\N
f47b3ac7-cea4-4dd4-b08f-6da68ec99cc4	3f8b55fc-2435-443d-81d0-e24e30eccedf	Your application for "Frontend React Developer" was updated to INTERVIEW.	/dashboard/candidate/applications	f	2025-10-02 18:58:52.762	GENERIC	\N
a85ce380-9bee-43e8-884f-8d4caec957b2	fcd910ed-f411-4524-bdb1-23de83a9e4d1	Your application for "Frontend React Developer" was updated to INTERVIEW.	/dashboard/candidate/applications	f	2025-10-02 18:58:52.772	GENERIC	\N
2ad28d92-c51b-42fe-bce1-4b30c37aa239	47cb455b-24a9-4e06-ba77-564c26fea2a1	Your application for "Frontend React Developer" was updated to INTERVIEW.	/dashboard/candidate/applications	f	2025-10-02 18:58:53.029	GENERIC	\N
aaff210a-427f-4c43-bdb8-76a1d325aec8	8d7f108e-3f5d-42c8-a47e-a8b5a1cf9038	Your application for "Frontend React Developer" was updated to INTERVIEW.	/dashboard/candidate/applications	f	2025-10-02 18:58:53.035	GENERIC	\N
dbfa7c13-5da1-4859-8caa-c7e6e3956ab6	7a916544-7d14-4263-84df-3856194b180d	Your application for "Frontend React Developer" was updated to INTERVIEW.	/dashboard/candidate/applications	f	2025-10-02 18:58:53.041	GENERIC	\N
3ce4596a-b185-4573-b689-3c8fcb4b8fb5	780e5562-5ea8-40b0-acd0-d21abccef8a4	Your application for "Frontend React Developer" was updated to REVIEWING.	/dashboard/candidate/applications	f	2025-10-02 19:02:01.426	GENERIC	\N
6fc86f51-06d5-45e5-90eb-15bca85921dc	bee8aed0-04de-4d9b-9c8e-8e5a1bd37bca	Your application for "Frontend React Developer" was updated to REVIEWING.	/dashboard/candidate/applications	f	2025-10-02 19:02:10.954	GENERIC	\N
2af53dc5-6f94-4a91-acfd-783b4b3a02b8	a0f27975-0a58-4c6d-8d28-40d140d0b596	Your application for "Frontend React Developer" was updated to INTERVIEW.	/dashboard/candidate/applications	f	2025-10-02 19:06:02.552	GENERIC	\N
ca8d5e59-c442-47a3-83b1-44c4a95f4c2c	780e5562-5ea8-40b0-acd0-d21abccef8a4	Your application for "Frontend React Developer" was updated to REJECTED.	/dashboard/candidate/applications	f	2025-10-03 13:23:54.054	GENERIC	\N
0f42c1b7-71f0-401a-817a-b627ebf1866e	e27fd743-87e6-4c9f-a1e7-12b1b789fac7	Your application for "Frontend React Developer" was updated to REVIEWING.	/dashboard/candidate/applications	f	2025-10-03 13:24:03.148	GENERIC	\N
bac25664-b646-4753-924b-e397e67ae0f7	4da5aec9-ef39-4733-bfe4-cdda89636cf3	Your application for "Frontend React Developer" was updated to REVIEWING.	/dashboard/candidate/applications	f	2025-10-03 13:44:23.661	GENERIC	\N
1a4bfdb6-9b82-44fc-af56-dcdcc695a57a	4da5aec9-ef39-4733-bfe4-cdda89636cf3	Your application for "Frontend React Developer" was updated to APPLIED.	/dashboard/candidate/applications	f	2025-10-03 13:44:26.328	GENERIC	\N
c0eff031-fcca-4ed8-aa4b-7dfe74329790	4da5aec9-ef39-4733-bfe4-cdda89636cf3	Your application for "Frontend React Developer" was updated to REVIEWING.	/dashboard/candidate/applications	f	2025-10-03 13:44:26.921	GENERIC	\N
4525f446-1875-48a5-9939-b2f87d938134	3be7f8be-2216-4edc-8921-130978b0d6a8	Your application for "Frontend React Developer" was updated to REVIEWING.	/dashboard/candidate/applications	f	2025-10-03 14:00:10.42	GENERIC	\N
bcdf7844-da7e-4d92-a4fc-b89c2e05b23f	d5ee26a9-7269-4745-9ee9-3a44846dfde8	Your application for "Frontend React Developer" was updated to REVIEWING.	/dashboard/candidate/applications	f	2025-10-03 14:00:10.428	GENERIC	\N
877367e8-5d5e-4558-9530-a18a0b54ea1c	8d7f108e-3f5d-42c8-a47e-a8b5a1cf9038	Your application for "Frontend React Developer" was updated to REVIEWING.	/dashboard/candidate/applications	f	2025-10-03 14:00:10.471	GENERIC	\N
5a9ecde8-8654-4508-9bee-7f1accf52469	7d71cea1-1b4e-4882-bce9-b9190f2227dc	Your application for "Frontend React Developer" was updated to REVIEWING.	/dashboard/candidate/applications	f	2025-10-03 14:01:10.008	GENERIC	\N
464cb03a-60e1-4d02-8fa0-32e1f43db38d	bee8aed0-04de-4d9b-9c8e-8e5a1bd37bca	Your application for "Frontend React Developer" was updated to INTERVIEW.	/dashboard/candidate/applications	f	2025-10-03 14:01:17.606	GENERIC	\N
fb0b0ec6-9352-46d9-8ee6-b8dc9f19bb16	8d7f108e-3f5d-42c8-a47e-a8b5a1cf9038	Your application for "Frontend React Developer" was updated to INTERVIEW.	/dashboard/candidate/applications	f	2025-10-03 14:47:26.154	GENERIC	\N
505e2688-fb5e-4ff4-bcf9-9c8c2d8bc384	8d7f108e-3f5d-42c8-a47e-a8b5a1cf9038	Your application for "Frontend React Developer" was updated to REVIEWING.	/dashboard/candidate/applications	f	2025-10-03 14:47:27.244	GENERIC	\N
3cd96073-8b00-43f1-af21-740a82dcfb57	8d7f108e-3f5d-42c8-a47e-a8b5a1cf9038	Your application for "Frontend React Developer" was updated to INTERVIEW.	/dashboard/candidate/applications	f	2025-10-03 14:47:28.232	GENERIC	\N
e246515b-fff5-48fa-8c96-52985ac5a5a1	8d7f108e-3f5d-42c8-a47e-a8b5a1cf9038	Your application for "Frontend React Developer" was updated to REVIEWING.	/dashboard/candidate/applications	f	2025-10-03 14:47:34.532	GENERIC	\N
df8aa2a2-b215-4a5d-82cf-6c550040031a	dcd66d79-19fe-45a6-aa0f-e026e77db98b	Your application for "Frontend React Developer" was updated to REVIEWING.	/dashboard/candidate/applications	f	2025-10-03 14:49:13.044	GENERIC	\N
38f6240c-8bc6-4711-9657-a5fa82a0bd70	dcd66d79-19fe-45a6-aa0f-e026e77db98b	Your application for "Frontend React Developer" was updated to INTERVIEW.	/dashboard/candidate/applications	f	2025-10-03 14:49:17.747	GENERIC	\N
253e7f57-5216-40b0-8c0b-996b697fc322	dcd66d79-19fe-45a6-aa0f-e026e77db98b	Your application for "Frontend React Developer" was updated to OFFER.	/dashboard/candidate/applications	f	2025-10-03 14:49:18.592	GENERIC	\N
7cb588ca-c08c-4f67-9743-c48777004aeb	63261167-7606-4a90-ab8e-fb2688efd8d6	Your application for "Frontend React Developer" was updated to OFFER.	/dashboard/candidate/applications	f	2025-10-03 14:49:18.597	GENERIC	\N
f108f1a7-443b-4356-bdbf-11ab4de08e47	dcd66d79-19fe-45a6-aa0f-e026e77db98b	Your application for "Frontend React Developer" was updated to REJECTED.	/dashboard/candidate/applications	f	2025-10-03 14:49:19.658	GENERIC	\N
cc1318d1-b002-4938-ae09-61156e8fda7d	63261167-7606-4a90-ab8e-fb2688efd8d6	Your application for "Frontend React Developer" was updated to REJECTED.	/dashboard/candidate/applications	f	2025-10-03 14:49:19.66	GENERIC	\N
b75e197d-117c-4d7b-ab93-96b99e68a911	dcd66d79-19fe-45a6-aa0f-e026e77db98b	Your application for "Frontend React Developer" was updated to OFFER.	/dashboard/candidate/applications	f	2025-10-03 14:49:22.292	GENERIC	\N
e23cf04c-9b2f-466c-8f77-c76b0403cb3d	dcd66d79-19fe-45a6-aa0f-e026e77db98b	Your application for "Frontend React Developer" was updated to INTERVIEW.	/dashboard/candidate/applications	f	2025-10-03 14:49:24.971	GENERIC	\N
d5c2ce15-1ce8-4953-8f28-c950a730d779	63261167-7606-4a90-ab8e-fb2688efd8d6	Your application for "Frontend React Developer" was updated to INTERVIEW.	/dashboard/candidate/applications	f	2025-10-03 14:49:24.976	GENERIC	\N
fa399346-c128-4c48-abb2-c2e1fa80b46b	63261167-7606-4a90-ab8e-fb2688efd8d6	Your application for "Frontend React Developer" was updated to OFFER.	/dashboard/candidate/applications	f	2025-10-03 14:49:22.299	GENERIC	\N
e91756c4-95d5-4bca-b57d-3ea136cb7f99	f7090392-b215-425e-9f15-917152b12e5f	Your application for "Frontend React Developer" was updated to REVIEWING.	/dashboard/candidate/applications	f	2025-10-03 15:13:47.73	GENERIC	\N
2a47941c-977e-49f5-b0fa-ad4f01c9db6e	f7090392-b215-425e-9f15-917152b12e5f	Your application for "Frontend React Developer" was updated to INTERVIEW.	/dashboard/candidate/applications	f	2025-10-03 15:13:51.982	GENERIC	\N
80471089-9ecf-486d-aef0-3252c44a9a01	f7090392-b215-425e-9f15-917152b12e5f	Your application for "Frontend React Developer" was updated to REVIEWING.	/dashboard/candidate/applications	f	2025-10-03 15:13:53.145	GENERIC	\N
a1fc058f-998d-41bb-a2d4-43c8c1fe0bf1	2c7b8f56-b70e-46b2-8582-e67ba1915a45	Your application for "Frontend React Developer" was updated to REVIEWING.	/dashboard/candidate/applications	f	2025-10-03 15:14:31.991	GENERIC	\N
957dbd32-2b28-4090-bd97-95ae965e8a62	c3cdf968-d2d6-465f-8841-ef2643669279	Your application for "Frontend React Developer" was updated to REVIEWING.	/dashboard/candidate/applications	f	2025-10-03 22:39:08.815	GENERIC	\N
3fe08f1b-9168-4c0f-93e3-3b8de7158996	c3cdf968-d2d6-465f-8841-ef2643669279	Your application for "Frontend React Developer" was updated to APPLIED.	/dashboard/candidate/applications	f	2025-10-03 22:39:10.668	GENERIC	\N
385b0d11-fb66-4c12-b47b-d32d5227bf10	c3cdf968-d2d6-465f-8841-ef2643669279	Your application for "Frontend React Developer" was updated to REVIEWING.	/dashboard/candidate/applications	f	2025-10-03 22:39:11.348	GENERIC	\N
8e43c001-da8e-4a24-9e72-805fb4c926d0	c3cdf968-d2d6-465f-8841-ef2643669279	Your application for "Frontend React Developer" was updated to INTERVIEW.	/dashboard/candidate/applications	f	2025-10-03 22:39:11.871	GENERIC	\N
8505a3db-dff7-44c4-be72-cca5f07ef167	c3cdf968-d2d6-465f-8841-ef2643669279	Your application for "Frontend React Developer" was updated to REVIEWING.	/dashboard/candidate/applications	f	2025-10-03 22:39:12.614	GENERIC	\N
52f56a15-7e82-4aab-9c12-8b6a4eb3dfb9	c3cdf968-d2d6-465f-8841-ef2643669279	Your application for "Frontend React Developer" was updated to APPLIED.	/dashboard/candidate/applications	f	2025-10-03 22:39:12.9	GENERIC	\N
fce35ba2-d782-4806-bc8c-819a97daf5b2	c3cdf968-d2d6-465f-8841-ef2643669279	Your application for "Frontend React Developer" was updated to REVIEWING.	/dashboard/candidate/applications	f	2025-10-03 22:39:23.48	GENERIC	\N
7c38d181-98cc-44f7-88b4-47598ba9a61d	d81c7da1-07d3-4b21-8230-d5e04aa6e862	Your application for "Frontend React Developer" was updated to REVIEWING.	/dashboard/candidate/applications	f	2025-10-03 22:39:23.625	GENERIC	\N
7be6f0ca-be8e-4bc3-8648-8f2641f63c26	c3cdf968-d2d6-465f-8841-ef2643669279	Your application for "Frontend React Developer" was updated to APPLIED.	/dashboard/candidate/applications	f	2025-10-03 22:39:23.936	GENERIC	\N
eacc036d-6962-43ec-a021-a8e6b7dc661b	d81c7da1-07d3-4b21-8230-d5e04aa6e862	Your application for "Frontend React Developer" was updated to APPLIED.	/dashboard/candidate/applications	f	2025-10-03 22:39:23.942	GENERIC	\N
d61a0295-8004-4cf2-a652-4f58f8ce2e55	8d7f108e-3f5d-42c8-a47e-a8b5a1cf9038	Your application for "Frontend React Developer" was updated to INTERVIEW.	/dashboard/candidate/applications	f	2025-10-04 00:04:24.907	GENERIC	\N
a1d90b94-5a87-4965-9842-5cfda78f58cb	dcd66d79-19fe-45a6-aa0f-e026e77db98b	Your application for "Frontend React Developer" was updated to REVIEWING.	/dashboard/candidate/applications	f	2025-10-04 00:04:32.853	GENERIC	\N
7a648ce2-9d38-4465-8959-30f7bded72f5	5900ca1a-625c-4a14-8331-ee286900ad73	Your application for "Frontend React Developer" was updated to OFFER.	/dashboard/candidate/applications	f	2025-10-04 00:05:01.26	GENERIC	\N
2a10e888-5c1a-4e49-aeaf-495bffdef877	d5ee26a9-7269-4745-9ee9-3a44846dfde8	Your application for "Frontend React Developer" was updated to INTERVIEW.	/dashboard/candidate/applications	f	2025-10-04 01:27:22.917	GENERIC	\N
3950d2f2-af09-4658-9493-82188678cd65	d5ee26a9-7269-4745-9ee9-3a44846dfde8	Your application for "Frontend React Developer" was updated to REVIEWING.	/dashboard/candidate/applications	f	2025-10-04 01:27:26.977	GENERIC	\N
a9717e99-3348-4999-9737-724ab0ab192e	d5ee26a9-7269-4745-9ee9-3a44846dfde8	Your application for "Frontend React Developer" was updated to INTERVIEW.	/dashboard/candidate/applications	f	2025-10-04 01:27:39.851	GENERIC	\N
a37eb30f-7203-4ce1-bcd6-8760f62137f6	e27fd743-87e6-4c9f-a1e7-12b1b789fac7	Your application for "Frontend React Developer" was updated to INTERVIEW.	/dashboard/candidate/applications	f	2025-10-04 01:27:44.086	GENERIC	\N
fd64dc6f-65a9-4a97-87dc-d98a27f66967	e27fd743-87e6-4c9f-a1e7-12b1b789fac7	Your application for "Frontend React Developer" was updated to REVIEWING.	/dashboard/candidate/applications	f	2025-10-04 01:27:48.14	GENERIC	\N
0c685c3c-23d1-421a-ab11-879f6c8f38a5	bee8aed0-04de-4d9b-9c8e-8e5a1bd37bca	Your application for "Frontend React Developer" was updated to REVIEWING.	/dashboard/candidate/applications	f	2025-10-04 01:28:16.288	GENERIC	\N
127d2187-8972-4c2f-8d0a-ef2618d2259c	bee8aed0-04de-4d9b-9c8e-8e5a1bd37bca	Your application for "Frontend React Developer" was updated to INTERVIEW.	/dashboard/candidate/applications	f	2025-10-04 01:28:20.011	GENERIC	\N
1dd33c46-befe-440a-83a4-0219e5a369cd	8d7f108e-3f5d-42c8-a47e-a8b5a1cf9038	Your application for "Frontend React Developer" was updated to REVIEWING.	/dashboard/candidate/applications	f	2025-10-04 01:28:57.582	GENERIC	\N
1183ec6c-718b-47fd-98ca-c4c953904577	8d7f108e-3f5d-42c8-a47e-a8b5a1cf9038	Your application for "Frontend React Developer" was updated to INTERVIEW.	/dashboard/candidate/applications	f	2025-10-04 01:28:59.639	GENERIC	\N
c6d09889-48ca-4f61-9d0a-798738137dd9	bee8aed0-04de-4d9b-9c8e-8e5a1bd37bca	Your application for "Frontend React Developer" was updated to REVIEWING.	/dashboard/candidate/applications	f	2025-10-04 01:29:28.713	GENERIC	\N
6d0ea2bd-c4c3-419b-b565-29318fe023a7	bee8aed0-04de-4d9b-9c8e-8e5a1bd37bca	Your application for "Frontend React Developer" was updated to INTERVIEW.	/dashboard/candidate/applications	f	2025-10-04 01:29:32.005	GENERIC	\N
4cb6005b-7a28-4933-b795-a639f7d04bd5	097944c2-3582-4220-ade4-4a93ab404375	You have a new message from Matthew Tedunjaiye	/inbox?with=5900ca1a-625c-4a14-8331-ee286900ad73	t	2025-09-28 07:27:06.387	MESSAGE	{"lastMessage": "fsa"}
9f62774b-d2af-44af-b74b-a87218449924	bee8aed0-04de-4d9b-9c8e-8e5a1bd37bca	Your application for "Frontend React Developer" was updated to REVIEWING.	/dashboard/candidate/applications	f	2025-10-04 01:42:31.007	GENERIC	\N
f6476170-59bf-4be0-971c-7a12e124f916	bee8aed0-04de-4d9b-9c8e-8e5a1bd37bca	Your application for "Frontend React Developer" was updated to INTERVIEW.	/dashboard/candidate/applications	f	2025-10-04 01:42:34.423	GENERIC	\N
3bec385b-cefe-4e22-8421-124f2de80e95	bee8aed0-04de-4d9b-9c8e-8e5a1bd37bca	Your application for "Frontend React Developer" was updated to REVIEWING.	/dashboard/candidate/applications	f	2025-10-04 01:42:36.351	GENERIC	\N
0443c35e-ee4b-4bc8-8d51-8ec8f60a57ee	bee8aed0-04de-4d9b-9c8e-8e5a1bd37bca	Your application for "Frontend React Developer" was updated to INTERVIEW.	/dashboard/candidate/applications	f	2025-10-04 01:42:37.467	GENERIC	\N
8c1e6d94-2e2f-4a01-988d-dc295f92e2f2	bee8aed0-04de-4d9b-9c8e-8e5a1bd37bca	Your application for "Frontend React Developer" was updated to REVIEWING.	/dashboard/candidate/applications	f	2025-10-04 01:42:38.468	GENERIC	\N
cfdb493b-4637-42d5-99f0-962dfe68631a	bee8aed0-04de-4d9b-9c8e-8e5a1bd37bca	Your application for "Frontend React Developer" was updated to INTERVIEW.	/dashboard/candidate/applications	f	2025-10-04 01:42:39.909	GENERIC	\N
5e4f305a-e50e-49d2-a5e3-1d9e0aeeb84f	bee8aed0-04de-4d9b-9c8e-8e5a1bd37bca	Your application for "Frontend React Developer" was updated to OFFER.	/dashboard/candidate/applications	f	2025-10-04 01:42:52.733	GENERIC	\N
da4b4e49-f1de-4da0-9d71-01d38ff8acc8	bee8aed0-04de-4d9b-9c8e-8e5a1bd37bca	Your application for "Frontend React Developer" was updated to INTERVIEW.	/dashboard/candidate/applications	f	2025-10-04 01:42:55.463	GENERIC	\N
8f89c286-7661-46bf-a279-77263b0054e3	bee8aed0-04de-4d9b-9c8e-8e5a1bd37bca	Your application for "Frontend React Developer" was updated to OFFER.	/dashboard/candidate/applications	f	2025-10-04 01:43:02.55	GENERIC	\N
4f4baf43-6206-4ede-b562-297a6c1aa40d	47cb455b-24a9-4e06-ba77-564c26fea2a1	Your application for "Frontend React Developer" was updated to REVIEWING.	/dashboard/candidate/applications	f	2025-10-04 01:43:12.94	GENERIC	\N
557e8456-0cc8-46de-84ba-fa9abd7f24d6	5900ca1a-625c-4a14-8331-ee286900ad73	Your application for "Frontend React Developer" was updated to INTERVIEW.	/dashboard/candidate/applications	f	2025-10-04 01:43:52.011	GENERIC	\N
49e0d8fc-e02a-4233-8d54-2614a34862e1	8d7f108e-3f5d-42c8-a47e-a8b5a1cf9038	Your application for "Frontend React Developer" was updated to REVIEWING.	/dashboard/candidate/applications	f	2025-10-04 02:08:54.874	GENERIC	\N
5e45a9ff-fe2d-427b-8cac-2ee887139458	d5ee26a9-7269-4745-9ee9-3a44846dfde8	Your application for "Frontend React Developer" was updated to REVIEWING.	/dashboard/candidate/applications	f	2025-10-04 02:11:37.864	GENERIC	\N
4854f8dd-6144-4d09-9e30-20325f2faee5	d5ee26a9-7269-4745-9ee9-3a44846dfde8	Your application for "Frontend React Developer" was updated to INTERVIEW.	/dashboard/candidate/applications	f	2025-10-04 02:11:41.787	GENERIC	\N
bf2358d0-8da7-428f-92c7-41403309cd80	d5ee26a9-7269-4745-9ee9-3a44846dfde8	Your application for "Frontend React Developer" was updated to REVIEWING.	/dashboard/candidate/applications	f	2025-10-04 02:11:43.619	GENERIC	\N
f704031f-f2c9-4f20-8de5-53fd44a76bbe	5900ca1a-625c-4a14-8331-ee286900ad73	Your application for "Frontend React Developer" was updated to OFFER.	/dashboard/candidate/applications	f	2025-10-04 02:12:10.32	GENERIC	\N
6d4e041f-00f8-4829-bc8f-5d809bfc8431	e27fd743-87e6-4c9f-a1e7-12b1b789fac7	Your application for "Frontend React Developer" was updated to OFFER.	/dashboard/candidate/applications	f	2025-10-04 02:35:11.915	GENERIC	\N
414f5c58-f10d-42ef-a341-d58c12c830d8	e27fd743-87e6-4c9f-a1e7-12b1b789fac7	Your application for "Frontend React Developer" was updated to REVIEWING.	/dashboard/candidate/applications	f	2025-10-04 02:35:13.743	GENERIC	\N
976448f3-4daf-421e-858b-ad1fa0f30008	e27fd743-87e6-4c9f-a1e7-12b1b789fac7	Your application for "Frontend React Developer" was updated to OFFER.	/dashboard/candidate/applications	f	2025-10-04 02:35:15.47	GENERIC	\N
5daa3f24-7baa-4f27-b840-c3d1025bb943	c3cdf968-d2d6-465f-8841-ef2643669279	Your application for "Frontend React Developer" was updated to REVIEWING.	/dashboard/candidate/applications	f	2025-10-04 02:39:25.172	GENERIC	\N
53d5c5c2-48ff-41fd-8659-4ea228dd86c7	d81c7da1-07d3-4b21-8230-d5e04aa6e862	Your application for "Frontend React Developer" was updated to REVIEWING.	/dashboard/candidate/applications	f	2025-10-04 02:45:36.246	GENERIC	\N
73f8ef07-6d92-49da-bbac-04552923779f	d5ee26a9-7269-4745-9ee9-3a44846dfde8	Your application for "Frontend React Developer" was updated to APPLIED.	/dashboard/candidate/applications	f	2025-10-04 02:48:12.794	GENERIC	\N
5d84dafc-b0d2-437c-a917-d2291eb7ec71	d5ee26a9-7269-4745-9ee9-3a44846dfde8	Your application for "Frontend React Developer" was updated to REJECTED.	/dashboard/candidate/applications	f	2025-10-04 02:49:19.511	GENERIC	\N
faa525dd-d31f-4700-bd69-2532098e71ec	068335b5-50a0-4b33-93a0-1372ea9a1bc8	Your application for "Frontend React Developer" was updated to OFFER.	/dashboard/candidate/applications	f	2025-10-04 02:50:18.372	GENERIC	\N
\.


--
-- Data for Name: Offer; Type: TABLE DATA; Schema: public; Owner: -
--

COPY public."Offer" (id, "applicationId", salary, "startDate", status) FROM stdin;
\.


--
-- Data for Name: PositionSkill; Type: TABLE DATA; Schema: public; Owner: -
--

COPY public."PositionSkill" ("positionId", "skillId") FROM stdin;
\.


--
-- Data for Name: Setting; Type: TABLE DATA; Schema: public; Owner: -
--

COPY public."Setting" (key, value, description, "updatedAt") FROM stdin;
maintenanceMode	false	If true, the entire public-facing site will be disabled.	2025-09-24 12:32:25.624
freeJobPostLimit	2	The number of open jobs an agency on the 'Free' plan can have.	2025-09-24 12:32:25.624
freeMemberLimit	1	The number of team members an agency on the 'Free' plan can have.	2025-09-24 12:32:25.624
\.


--
-- Data for Name: Shortlist; Type: TABLE DATA; Schema: public; Owner: -
--

COPY public."Shortlist" (id, "agencyId", "candidateId", source, "createdAt") FROM stdin;
e4160f75-f436-438c-8475-3eadf37d0a73	f7472be1-137d-42c4-b74a-9217988bd932	49318ac1-ce7e-435b-ac88-06a97a69641e	SEARCH	2025-09-28 10:19:00.706
\.


--
-- Data for Name: Verification; Type: TABLE DATA; Schema: public; Owner: -
--

COPY public."Verification" (id, "userId", type, status, evidence, "reviewedBy", "createdAt") FROM stdin;
1	5900ca1a-625c-4a14-8331-ee286900ad73	NYSC	APPROVED	{"fileKey": "users/your-user-id/nysc_document/some-uuid.pdf", "fileName": "nysc_letter.pdf"}	fcd910ed-f411-4524-bdb1-23de83a9e4d1	2025-09-08 00:38:03.711
3921e9dd-2ff7-47fc-8972-c4ea9b346c5b	5900ca1a-625c-4a14-8331-ee286900ad73	NYSC	APPROVED	{"fileKey": "users/5900ca1a-625c-4a14-8331-ee286900ad73/nysc_document/20a32e77-e540-48dd-a25a-9b93bd4c1c65.pdf", "fileName": "callup_Letter.pdf"}	fcd910ed-f411-4524-bdb1-23de83a9e4d1	2025-09-08 10:35:12.54
86e8467e-1390-45bc-8108-ee3e52ea33c8	5900ca1a-625c-4a14-8331-ee286900ad73	NYSC	APPROVED	{"fileKey": "users/5900ca1a-625c-4a14-8331-ee286900ad73/nysc_document/42ac05c0-1804-4c90-b935-eed1c1d46715.pdf", "fileName": "._NECO RESULT_..pdf"}	fcd910ed-f411-4524-bdb1-23de83a9e4d1	2025-09-14 23:19:00.723
ec572c2f-0068-4e96-9fee-38a053b439ea	c1cfe44e-a176-474b-bf35-48398dca09c9	CAC	APPROVED	{"fileKey": "users/c1cfe44e-a176-474b-bf35-48398dca09c9/nysc_document/defccb12-76ff-41ca-a82e-c01d80656b88.pdf", "fileName": "Akinbo_Talking_Drum_Tone_2019.pdf"}	fcd910ed-f411-4524-bdb1-23de83a9e4d1	2025-09-19 15:05:12.961
8451b215-d6f6-4a72-b128-6a1fb98c13fc	5900ca1a-625c-4a14-8331-ee286900ad73	NYSC	APPROVED	{"fileKey": "users/5900ca1a-625c-4a14-8331-ee286900ad73/nysc_document/e643da35-89d4-467d-9dd8-06e9da640f5a.pdf", "fileName": "472_Bio 101.pdf"}	fcd910ed-f411-4524-bdb1-23de83a9e4d1	2025-09-20 11:17:43.163
ddab4c76-595b-4b5f-a2a5-9f9da12ad723	097944c2-3582-4220-ade4-4a93ab404375	CAC	APPROVED	{"fileKey": "users/097944c2-3582-4220-ade4-4a93ab404375/nysc_document/7a20a9e5-02ed-40ad-8e42-b4aa4209cbeb.pdf", "fileName": "._NECO RESULT_..pdf"}	24561236-b941-4ff8-ad41-b9b71adcafdd	2025-09-21 10:27:27.113
\.


--
-- Data for Name: WorkExperience; Type: TABLE DATA; Schema: public; Owner: -
--

COPY public."WorkExperience" (id, "candidateId", company, title, description, "startDate", "endDate", "isCurrent", "createdAt", "updatedAt") FROM stdin;
d325570e-9c92-4c38-83f3-5f077be59231	61f3966b-88e0-4cf2-a5a9-563230f6ef91	Schuster Group	Data Analyst	Desino carus talio. Amissio comis tergeo.	2024-03-15 20:05:16.781	\N	t	2025-09-29 08:54:58.487	2025-09-29 08:54:58.487
d8cddb86-3524-42bf-8b5f-efdcc3ce1cfd	61f3966b-88e0-4cf2-a5a9-563230f6ef91	Ankunding, Kulas and Dare	Quantitative Analyst	Talus pax vomito condico canto defero natus tutamen combibo. Terga talio asperiores canonicus a arx concido.	2021-11-12 04:17:39.43	2023-11-02 14:51:39.795	f	2025-09-29 08:54:58.489	2025-09-29 08:54:58.489
dbf51c76-aecf-4b56-a0f5-576640f9e472	db3dd493-17a1-4d47-855c-d4f83070a9d6	Bartoletti Inc	Web Developer	Curia neque sortitus una communis coaegresco. Campana vigor ante tres via.	2025-04-03 06:23:20.956	2025-06-16 22:31:13.455	f	2025-09-29 08:54:58.501	2025-09-29 08:54:58.501
08ce5bd3-5bc9-4473-b205-3ec88ce39e17	5ac36618-0f3b-44aa-812d-801f86fef18b	Dietrich LLC	Backend Developer	Unde angulus angulus adeo vox dignissimos. Suscipit amplus timor.	2022-10-30 15:54:27.981	2025-05-16 15:29:02.725	f	2025-09-29 08:54:58.517	2025-09-29 08:54:58.517
f1af1742-d1f2-468f-befa-9145276cda44	5ac36618-0f3b-44aa-812d-801f86fef18b	Haley - Cremin	Java Developer	Curso adinventitias angulus avarus caritas adulescens amplus amplus vigilo. Natus vulariter ustilo aestivus summa.	2024-06-27 22:53:59.69	2025-05-09 19:48:26.377	f	2025-09-29 08:54:58.519	2025-09-29 08:54:58.519
aa6d7445-3231-4e86-87d8-996c78d8f4c6	5ac36618-0f3b-44aa-812d-801f86fef18b	Boehm LLC	Backend Developer	Curatio ipsa verbum valeo bardus viridis approbo. Vel vespillo facilis arma absconditus infit.	2022-05-09 16:30:59.869	2023-07-15 12:23:22.589	f	2025-09-29 08:54:58.521	2025-09-29 08:54:58.521
803ec0e5-4299-42d7-bc75-99a376721c72	12f6b2e0-b91a-48ad-9331-b34d3ccca82a	Quitzon - Blanda	UI Engineer	Accedo synagoga mollitia alius. Celebrer auctor curtus molestiae concido.	2023-12-12 23:06:10.35	2024-05-05 03:41:31.024	f	2025-09-29 08:54:58.536	2025-09-29 08:54:58.536
cf5b9931-2e2e-4053-bf18-30c58b98d214	7ba7ad8b-afd2-4b5c-a760-5bead199f982	Skiles Inc	Auditor	Ago paulatim cibo amissio aggredior thorax tergeo tergum distinctio certus. Quo defluo aperio dapifer versus saepe teneo corpus repudiandae cervus.	2023-11-26 18:50:02.688	\N	t	2025-09-29 08:54:58.554	2025-09-29 08:54:58.554
f5f17a21-d8dc-4bf0-9e73-f4cf199fa34f	8ced66b9-598d-4c38-a296-6d8afbc2fc21	Denesik Inc	Quantitative Analyst	Tergeo corrigo summopere amissio vomito conqueror dedico caecus voluptatibus. Crepusculum aer spiculum umerus ait.	2024-04-29 09:42:59.11	2024-12-23 05:16:19.718	f	2025-09-29 08:54:58.604	2025-09-29 08:54:58.604
1c64d506-221a-45aa-8bca-c3bf125295ef	8ced66b9-598d-4c38-a296-6d8afbc2fc21	Hudson - Johnson	Data Analyst	Sum commemoro vomer animi cultura depromo adamo tondeo comis. Totidem articulus excepturi corpus celer porro quos.	2023-12-14 22:21:15.746	2024-10-03 01:30:24.717	f	2025-09-29 08:54:58.606	2025-09-29 08:54:58.606
446bcbb1-77db-40d6-a824-ad4da4067ddb	8ced66b9-598d-4c38-a296-6d8afbc2fc21	Lemke - Glover	Data Analyst	Collum adversus quis tremo eaque adipiscor alter. Repellendus correptius centum.	2022-10-29 01:17:00.73	2024-12-04 11:10:57.799	f	2025-09-29 08:54:58.608	2025-09-29 08:54:58.608
19a4dadc-b97e-4a05-adf2-628f868a3f5e	037aa7ce-c47e-4cd1-97ba-5a905197aa06	Rath, Walter and Mann	HR Business Partner	Ait umquam voro eos vox usitas nisi apud. Synagoga torrens nihil ventito comburo civitas.	2025-05-20 17:04:32.12	2025-09-24 01:37:56.668	f	2025-09-29 08:54:58.625	2025-09-29 08:54:58.625
7267573e-4d50-4669-9606-cbb57968fc60	037aa7ce-c47e-4cd1-97ba-5a905197aa06	Parisian LLC	HR Business Partner	Ago quam certus. Catena vomica deputo saepe venia tyrannus officia.	2024-09-04 10:09:03.198	2024-12-31 07:31:48.684	f	2025-09-29 08:54:58.627	2025-09-29 08:54:58.627
1aa38a6e-8837-449e-8539-e742db74a6a9	037aa7ce-c47e-4cd1-97ba-5a905197aa06	Kuphal and Sons	Human Resources Generalist	Quod crudelis benigne dolorem abundans iste triumphus aranea. Substantia aggero unde tempora deleo tardus.	2024-05-26 02:31:25.446	2024-06-02 12:35:21.214	f	2025-09-29 08:54:58.629	2025-09-29 08:54:58.629
941139a8-1a32-4783-adac-d2925a7b6c88	7973ab07-d51f-4f2f-91d5-e7e1e6aec3af	Auer, McDermott and Quigley	Product Manager	Armarium dedecor cursus beatae soluta certe deprecator. Clementia suspendo occaecati caput communis torrens.	2024-11-24 23:16:08.909	2024-11-30 05:47:59.02	f	2025-09-29 08:54:58.644	2025-09-29 08:54:58.644
5bdec587-a60d-4508-a6b8-f4e89e0ae070	7973ab07-d51f-4f2f-91d5-e7e1e6aec3af	Hammes, D'Amore and Rosenbaum	Scrum Master	Abundans doloremque timidus arcesso titulus desipio quos terga temperantia bellum. Coma vulariter totam candidus alias quae cuius virtus harum praesentium.	2022-12-31 14:16:52.989	2025-07-02 02:43:44.849	f	2025-09-29 08:54:58.646	2025-09-29 08:54:58.646
2efa669b-0694-4876-93f6-8d507d61e167	7973ab07-d51f-4f2f-91d5-e7e1e6aec3af	Effertz - Rohan	IT Project Coordinator	Caelum solvo valetudo certus viriliter quaerat auditor. Molestiae harum patria quis unus textilis comburo tabernus sit assentator.	2024-02-28 17:50:30.708	2025-08-30 11:22:48.496	f	2025-09-29 08:54:58.648	2025-09-29 08:54:58.648
c1a0da1b-a116-4894-a600-3064aae1cdea	8824c579-23c5-4b4f-bd02-5f9c11056c2f	Kilback - Ritchie	Content Marketing Manager	Reprehenderit aliquam officia cervus accusator canto cursus substantia. Vir congregatio consuasor sublime desparatus.	2025-02-20 10:58:51.065	\N	t	2025-09-29 08:54:58.667	2025-09-29 08:54:58.667
29d04cf4-e1b3-45bb-b337-7c120c64ea7b	8824c579-23c5-4b4f-bd02-5f9c11056c2f	Gutkowski - Wisozk	SEO Analyst	Cresco cilicium claudeo sollers defungo corrupti aduro absconditus vobis. Considero depraedor ceno totam atavus carmen volutabrum colo.	2023-12-15 04:08:02.453	2025-08-30 20:38:42.176	f	2025-09-29 08:54:58.669	2025-09-29 08:54:58.669
439d0260-95e4-492c-91ef-c007e9409bc7	8824c579-23c5-4b4f-bd02-5f9c11056c2f	Johnson - Sporer	Content Marketing Manager	Maiores amplus stillicidium labore defessus. Demergo arcus eos calamitas depopulo ex tredecim virga volo.	2020-05-01 16:11:30.317	2022-08-03 17:19:54.592	f	2025-09-29 08:54:58.671	2025-09-29 08:54:58.671
db9f3765-d25f-484c-b2b9-1831e7fbf685	fd38bd3f-d7e1-400e-97bb-14dde429a4cd	Baumbach, Jaskolski and Grady	Scrum Master	Talio compello totam quo. Demens repudiandae corrigo solio amet acquiro adstringo stillicidium vulgivagus.	2023-12-19 22:53:46.412	\N	t	2025-09-29 08:54:58.687	2025-09-29 08:54:58.687
e8cecb2d-abfb-4e6d-ae34-05ecf8285577	50cbf93e-f94e-4493-8d36-74e6584cdd02	Kuvalis Group	React Developer	Aestus spes aestivus certe cibus vindico patruus culpo. Cimentarius textus possimus arto communis vaco conicio curis tui.	2023-05-02 22:41:55.012	\N	t	2025-09-29 08:54:58.702	2025-09-29 08:54:58.702
528ca4e0-c057-42e9-bc8a-2d3ca06b7f19	50cbf93e-f94e-4493-8d36-74e6584cdd02	Mante, Macejkovic and Mitchell	React Developer	Sponte thorax ver calcar. Aestus velit strues.	2023-03-05 11:02:54.296	2025-09-09 22:41:49.122	f	2025-09-29 08:54:58.704	2025-09-29 08:54:58.704
42c48cfc-85f3-465c-8703-3931f17e9b10	33aba176-cfe9-48b8-8f62-ebec41805c98	Hudson - Connelly	Full Stack Engineer	Suffoco currus denuo. Cicuta attero tunc abutor thermae degenero complectus casus sum ante.	2025-07-19 05:06:47.897	2025-08-28 16:03:37.763	f	2025-09-29 08:54:58.72	2025-09-29 08:54:58.72
9325c23c-1172-47d4-8f26-2023231e5196	35cce8d5-2a33-498f-ad9d-dee7c29828fa	Carter LLC	Quantitative Analyst	Cervus subnecto aeneus consuasor sed ciminatio trucido crepusculum antepono. Nemo calco arca curiositas umquam benevolentia tutis tenus aduro sursum.	2024-12-31 22:40:17.535	\N	t	2025-09-29 08:54:58.738	2025-09-29 08:54:58.738
eaa5f7f9-36b0-406b-a8ce-96722294d3f5	35cce8d5-2a33-498f-ad9d-dee7c29828fa	Donnelly, Wilderman and Fisher	Data Scientist	Sulum tremo praesentium admoneo audeo sollicito. Subvenio summisse beatae animus solium tendo a corona delectatio.	2023-08-28 23:14:56.509	2024-09-28 21:10:17.65	f	2025-09-29 08:54:58.742	2025-09-29 08:54:58.742
c2032832-8de3-4cc1-a626-b7fe2ceb111a	35cce8d5-2a33-498f-ad9d-dee7c29828fa	Bergstrom, Mohr and Dietrich	Data Analyst	Bestia sperno beneficium caste aspicio auxilium. Similique iste officiis virgo vallum cervus nesciunt cerno.	2023-02-10 17:43:25.247	2024-10-02 18:51:45.285	f	2025-09-29 08:54:58.744	2025-09-29 08:54:58.744
77220e1f-9b90-4813-82d4-e2511623bc29	6c82ea2f-22f0-4dde-8447-944275fafc0c	Willms, Mann and Koelpin	Quantitative Analyst	Casso super canis coma studio. Sint tutis aufero soleo appositus cuppedia creptio abstergo degenero desipio.	2025-07-23 23:57:45.284	\N	t	2025-09-29 08:54:58.763	2025-09-29 08:54:58.763
4926dead-687e-4705-a29e-b81c41580f91	739f040f-8998-430a-9a14-06ba7f7bd3bf	Cremin - Reynolds	Quantitative Analyst	Asporto xiphias adopto. Teres vel colo.	2025-03-09 14:39:40.593	2025-06-14 16:30:28.265	f	2025-09-29 08:54:59.898	2025-09-29 08:54:59.898
16167ab3-f08c-4cd9-9373-6391c7dd5dd4	739f040f-8998-430a-9a14-06ba7f7bd3bf	Hayes - O'Conner	Data Scientist	Acidus arbitro campana arbor deripio convoco. Tyrannus suasoria tui votum subiungo thalassinus.	2024-07-28 07:44:48.9	2024-08-13 15:56:34.581	f	2025-09-29 08:54:59.9	2025-09-29 08:54:59.9
5006e40d-c824-4ee5-af9b-ff572950ff1c	739f040f-8998-430a-9a14-06ba7f7bd3bf	Gottlieb, Satterfield and Spencer	Business Intelligence Analyst	Colo clarus verumtamen claustrum. Cotidie depromo depulso.	2024-10-15 15:41:04.588	2025-08-11 18:47:31.393	f	2025-09-29 08:54:59.901	2025-09-29 08:54:59.901
3c83c6d4-220e-48a5-b161-393bf8c1c801	606cb6f5-6dc9-4198-b686-c31957f7f164	Breitenberg, Conroy and Monahan	HR Business Partner	Vix sufficio utique depromo. Id amoveo ceno quod animi.	2025-06-23 05:18:43.709	2025-08-25 03:49:03.29	f	2025-09-29 08:54:59.918	2025-09-29 08:54:59.918
9c504a0b-9aab-4169-bcf2-37478a7f9fb3	606cb6f5-6dc9-4198-b686-c31957f7f164	Christiansen - Mayer	Recruitment Specialist	Aggredior absum ver fugit appello volutabrum officiis amicitia. Damnatio carpo caelestis tunc utrimque attonbitus territo villa vulgo.	2024-07-24 15:19:27.855	2024-09-27 08:57:13.891	f	2025-09-29 08:54:59.919	2025-09-29 08:54:59.919
195b5c6a-b568-473b-8c81-45cc8b2366d4	a990dcc7-34ac-433a-9772-c7fce2888e71	Brakus - Hoeger	Human Resources Generalist	Artificiose vomer aro absorbeo totidem. Uberrime summisse arbor repellendus cinis vox consuasor.	2025-05-15 09:01:53.336	2025-06-17 17:21:42.566	f	2025-09-29 08:54:59.932	2025-09-29 08:54:59.932
6941fc26-5ffc-4354-b063-bdc81b31b4f2	2040e577-ffa2-4768-93a8-ea4568e4d50c	Roob LLC	Data Analyst	Tempus cruciamentum demitto textus demitto. Viriliter una decet aurum adulatio tenuis bardus.	2025-06-19 12:58:42.53	2025-09-16 03:11:42.495	f	2025-09-29 08:54:59.95	2025-09-29 08:54:59.95
3d174e8f-b8ed-461f-9ba7-82f98d1f837c	2040e577-ffa2-4768-93a8-ea4568e4d50c	Larkin - Wuckert	Business Intelligence Analyst	Vapulus sustineo capto torqueo tepesco laboriosam. Viridis minus debilito.	2024-12-08 02:48:14.878	2025-02-01 08:05:14.648	f	2025-09-29 08:54:59.952	2025-09-29 08:54:59.952
41fc38e1-22db-467e-b596-c72f3ea8eb22	bc053c09-9d91-49f7-beb7-36ae23613ca0	Langworth LLC	Java Developer	Adflicto cohibeo tremo. Corrupti vulgus cito somniculosus adsum caries tibi.	2025-08-11 21:21:04.105	\N	t	2025-09-29 08:54:59.969	2025-09-29 08:54:59.969
f8ed84de-cb96-48b3-b98d-ac53eb465a28	bc053c09-9d91-49f7-beb7-36ae23613ca0	Rogahn - Fahey	Java Developer	Spero cinis amaritudo arbitro avarus blandior. Beatae absens admoneo dicta caterva uredo vilitas aequus cruciamentum.	2022-11-04 14:53:11.641	2025-01-14 06:30:15.111	f	2025-09-29 08:54:59.971	2025-09-29 08:54:59.971
77d78bce-9319-4f29-8964-89e511b034c4	8d74ab50-e54f-496a-bc68-0080dd6ca47b	Feest, Langosh and Harvey	Accountant	Cariosus a accedo vinitor claudeo titulus eum artificiose utrum. Curto viscus textilis alius adhaero admiratio at consequuntur.	2024-07-30 14:17:55.682	\N	t	2025-09-29 08:54:59.987	2025-09-29 08:54:59.987
9627b984-ce0e-4599-aa7e-b62693b8c432	da246a6f-5068-45c4-ac68-858f9604b3b0	Bogisich - Dare	Product Manager	Dolor ut contra tonsor incidunt adinventitias adicio. Audio ars tergeo copiose cruciamentum vulnero tergo somniculosus.	2022-12-09 13:26:53.322	2025-06-10 21:36:42.706	f	2025-09-29 08:55:00	2025-09-29 08:55:00
21c13a96-21cd-465d-bfe2-af3dee10fe25	4dd5d1ab-9d7c-440e-963b-e4233837cc08	Breitenberg, Daugherty and Hilpert	Data Analyst	Auctus adhuc accusamus audentia cotidie casus suggero demum sint. Vestigium tollo vox.	2025-08-16 11:10:41.212	\N	t	2025-09-29 08:55:00.023	2025-09-29 08:55:00.023
2673fa83-bdaf-4d05-887b-0fd3914ba788	d68c44c7-ce1d-4fc7-ad19-b5ad6299b3be	Kertzmann, Lemke and Bernhard	Scrum Master	Nemo celo decet sequi advenio sub nesciunt amplus. Ventus caelestis sumo creator tibi decimus textor caveo voluptatum trans.	2023-06-24 02:23:19.258	\N	t	2025-09-29 08:55:00.042	2025-09-29 08:55:00.042
91926e20-4359-4699-bd32-55720807b1e5	2f0761ce-2629-45f6-8255-8fd1bc2885e5	Emard - Grimes	Web Developer	Adiuvo amaritudo socius ullam uredo quasi astrum utor. Depromo crur utilis.	2025-06-06 02:58:41.598	2025-06-10 10:34:25.979	f	2025-09-29 08:55:00.059	2025-09-29 08:55:00.059
89033f53-5d8b-4837-82a2-d8614a0f433f	2f0761ce-2629-45f6-8255-8fd1bc2885e5	Brakus Group	Web Developer	Civitas dapifer temeritas pectus comparo tenax solutio alias arceo conspergo. Culpa contigo dignissimos uberrime bene fugit comedo videlicet.	2024-01-02 11:25:24.398	2024-02-08 04:21:22.727	f	2025-09-29 08:55:00.061	2025-09-29 08:55:00.061
5e393bb7-a00c-4cb8-9ed6-9c7f7e5bee8f	8f25c12b-e42a-4d28-8848-f2274bcee4c4	Ratke Inc	Social Media Manager	Cura condico delego casso vinculum. Occaecati voluntarius solutio candidus thema.	2024-09-27 13:41:17.903	\N	t	2025-09-29 08:55:00.077	2025-09-29 08:55:00.077
4addd5a1-f810-49bd-a253-5c4b64e879da	3db0ab0f-8290-4770-ac5c-c48ef0132e65	Koss, McLaughlin and Corkery	HR Business Partner	Corona temperantia vitiosus cogito vae tamquam vehemens cum. Conforto conforto cognatus conculco aggredior vulgivagus umbra.	2024-08-21 02:06:47.541	2024-10-06 00:45:03.466	f	2025-09-29 08:55:00.095	2025-09-29 08:55:00.095
51f88986-a5a5-4ace-b6cb-ee202683e077	3db0ab0f-8290-4770-ac5c-c48ef0132e65	Ritchie Inc	Talent Acquisition Manager	Assentator toties ambitus debitis suffragium timor. Solum vinco cultellus congregatio carmen velum provident.	2024-05-29 09:25:57.026	2025-02-09 10:08:25.972	f	2025-09-29 08:55:00.097	2025-09-29 08:55:00.097
9135650e-034f-4171-8e50-482d4e38c87e	3db0ab0f-8290-4770-ac5c-c48ef0132e65	Kuphal - Bartell	Human Resources Generalist	Abbas carus maiores amo. Spectaculum cohors arcus ducimus despecto admitto capitulus coma coaegresco cubo.	2022-12-10 15:57:52.518	2024-12-19 14:56:30.296	f	2025-09-29 08:55:00.099	2025-09-29 08:55:00.099
0425ed1c-35f9-4cdf-a98f-038e81b76e10	024f974f-775d-4c89-aa92-1cbe2bdc5b7d	Reichert - Konopelski	Talent Acquisition Manager	Deduco ago clementia. Cenaculum surculus nihil adsidue amoveo.	2023-10-29 17:55:55.349	\N	t	2025-09-29 08:54:59.578	2025-09-29 08:54:59.578
51aef79e-f85b-4334-8a94-162d65565ee7	a732da56-b4b8-4aa4-b89c-caeaa0d92950	Lubowitz LLC	Backend Developer	Calamitas astrum calco omnis abscido curiositas. Creator nesciunt cruciamentum tabella clam uberrime articulus decet tribuo.	2024-07-10 09:10:19.315	2025-02-11 06:10:41.921	f	2025-09-29 08:54:59.594	2025-09-29 08:54:59.594
3452cf7a-e742-4cbb-a64b-cfa735ae4779	a732da56-b4b8-4aa4-b89c-caeaa0d92950	Dare - Feest	Software Engineer	Verus triduana acerbitas timor consuasor denuo pauper. Officiis cubicularis corrupti cubo veritatis virgo terra ambulo ipsam.	2025-04-13 06:48:22.484	2025-09-11 09:28:10.135	f	2025-09-29 08:54:59.596	2025-09-29 08:54:59.596
d5097ee1-5251-44c8-b7e7-b82b78177b95	a732da56-b4b8-4aa4-b89c-caeaa0d92950	Mohr and Sons	Full Stack Engineer	Adipisci utpote dicta copiose certe modi. Bene tenus ventito.	2024-04-17 09:24:29.863	2025-07-08 00:52:11.612	f	2025-09-29 08:54:59.598	2025-09-29 08:54:59.598
8f466f0f-3577-4d15-b909-8d3c37276ab5	a9b688f2-43a4-4ee2-a97f-edec8391bdc2	D'Amore - Armstrong	Software Engineer	Auctus desipio cubo celo quas aliquid venia acsi vulgaris auctus. Tamdiu tubineus dolorum strenuus tamquam concedo tergum.	2025-06-28 23:37:21.417	\N	t	2025-09-29 08:54:59.615	2025-09-29 08:54:59.615
f4262c12-858c-419d-a80d-d0381dcb7bfe	a9b688f2-43a4-4ee2-a97f-edec8391bdc2	Bartell LLC	Java Developer	Vix tamdiu tactus alo advenio deprimo denique thalassinus adimpleo. Sollicito temeritas tabesco minima.	2025-09-10 08:25:57.038	2025-09-29 07:29:15.513	f	2025-09-29 08:54:59.617	2025-09-29 08:54:59.617
a1046199-4781-417b-89da-afb8e6a90a42	e7b79ecd-57a5-4078-a643-082b700e8c31	Weissnat - Grant	Backend Developer	Commemoro tum deserunt aer temporibus. Condico decretum creo vobis suffoco unde possimus summisse basium.	2024-06-24 22:18:25.729	\N	t	2025-09-29 08:54:59.628	2025-09-29 08:54:59.628
7361d45e-33c4-4764-b83d-b0c1ca4d4b14	7d71a3c4-47c8-485c-be4f-528bd4474313	Hammes Inc	Social Media Manager	Auxilium arguo pauper ambitus modi possimus debeo. Totus aveho tego studio vetus odit decor crapula stillicidium.	2024-03-06 15:41:19.273	\N	t	2025-09-29 08:54:59.647	2025-09-29 08:54:59.647
4039306f-a8ac-4a16-b2fa-9a3c0c5fe81f	a7b250f8-63ed-48d8-8d9d-f3838b389cea	Kuphal, Watsica and Feest	Auditor	Suggero comprehendo crux porro temporibus charisma. Coniecto adversus reiciendis.	2024-01-16 16:43:52.332	2024-03-02 12:10:13.904	f	2025-09-29 08:54:59.663	2025-09-29 08:54:59.663
f39cc0c3-b758-49dc-8b3e-d660627e597e	7404c0e6-9a55-4553-8c78-6bf862612af9	Considine LLC	Social Media Manager	Vehemens voveo sint crapula utilis congregatio. Velut volubilis conduco viscus quidem contego numquam demens usus.	2024-12-01 22:57:24.972	2025-07-18 19:15:15.067	f	2025-09-29 08:54:59.68	2025-09-29 08:54:59.68
c446756e-54b6-47da-965f-bbe306d4835b	cda69bf4-a37e-4762-9359-ff195a119d1b	Lang and Sons	Human Resources Generalist	Astrum veniam calco. Qui adaugeo centum volubilis eius condico cunctatio.	2024-12-20 02:40:46.598	\N	t	2025-09-29 08:54:59.695	2025-09-29 08:54:59.695
c7a4ab8a-2173-4ca6-9eeb-cee7512327bd	3a886ccd-91c2-4bf2-8151-6b61ea17351c	Bernhard - Johns	Data Scientist	Utrimque adflicto suppellex virgo suadeo calculus benevolentia ullam paulatim. Tripudio deprimo audax viridis tergo.	2024-01-24 12:53:42.948	2025-02-12 04:48:12.681	f	2025-09-29 08:54:59.712	2025-09-29 08:54:59.712
4f49edf7-fa4a-40c3-b40a-0390545ad62a	d2dd0df9-419c-4b63-b812-498dbef1c504	Schinner Inc	Frontend Developer	Tabgo basium templum ventus vilicus comburo ceno sui aegre. Avarus tremo supplanto.	2025-06-21 06:17:28.461	2025-09-16 20:31:36.439	f	2025-09-29 08:54:59.729	2025-09-29 08:54:59.729
6eed1c5c-0c37-4889-b9ac-916870450294	2d5712cd-df92-406a-ada3-6a94e6978804	Pfannerstill, Orn and Reilly	Scrum Master	Stips canto tabernus theatrum comis alter undique adsum temptatio. Assentator denuo vulgo coaegresco demens audax.	2024-01-31 05:14:07.148	\N	t	2025-09-29 08:54:59.741	2025-09-29 08:54:59.741
d7a900ec-d8c5-4a33-9ac5-edb929182e13	2d5712cd-df92-406a-ada3-6a94e6978804	Ullrich, O'Keefe and Simonis	Scrum Master	Thalassinus cornu cui. Concido aliqua voluptatum bos supellex delego.	2024-08-15 05:04:48.582	2025-05-19 01:21:07.486	f	2025-09-29 08:54:59.743	2025-09-29 08:54:59.743
71cfbc35-ff86-4e20-99f9-858b1b5fa917	57d3fb2a-81b7-4fdb-afe2-b35631f713dc	Yost and Sons	Finance Officer	Amita ut uter solum commodo commodo minima deleo ustilo. Voluptas velut surgo spiculum coepi ager despecto pauper distinctio.	2024-10-07 13:12:39.911	\N	t	2025-09-29 08:54:59.758	2025-09-29 08:54:59.758
0130cdc9-ba80-43bd-a14a-57a7bf20693d	57d3fb2a-81b7-4fdb-afe2-b35631f713dc	Erdman - Barton	Financial Analyst	Aestivus vitiosus adduco vilitas voveo commodo cubicularis. Sustineo cuppedia ascit articulus utrimque corrupti supra.	2023-05-24 12:18:10.647	2023-07-03 07:40:29.635	f	2025-09-29 08:54:59.76	2025-09-29 08:54:59.76
05834c91-896f-4409-80a7-973f1a6f812d	2a83d7bd-e859-4f23-b8e5-3f558e644f88	Connelly - Jakubowski	Human Resources Generalist	Maiores astrum viduo tubineus vulariter vulticulus. Unde fugit crur.	2025-08-06 05:59:30.405	\N	t	2025-09-29 08:54:59.779	2025-09-29 08:54:59.779
df398de3-5dc5-4816-9119-dc6bfbb72290	a711d191-564e-478d-b9a7-73d4d50b427b	Hansen, Rowe and Schmidt	Data Scientist	Bis aperiam aedificium tibi sit vito voluptatibus timidus cupressus. Vilicus conspergo crudelis claudeo.	2024-10-06 18:40:14.304	\N	t	2025-09-29 08:54:59.795	2025-09-29 08:54:59.795
d1a9943e-0814-440b-a167-cdc0bb970c8d	a711d191-564e-478d-b9a7-73d4d50b427b	Klocko, Kohler and Larson	Data Analyst	Deleo ager claustrum fuga. Aptus spiculum correptius verbum.	2025-02-16 11:16:48.889	2025-08-21 07:41:36.743	f	2025-09-29 08:54:59.797	2025-09-29 08:54:59.797
584ed81b-0a8d-48d6-8b91-9c4f3cc7831d	ad1f53dd-30de-4a4a-8f5b-4c4976e39ce6	Klein, Little and Buckridge	UI Engineer	Aeger celo benevolentia. Adimpleo bos aiunt abbas aufero decumbo adfero copia amplitudo.	2023-10-21 05:53:41.681	\N	t	2025-09-29 08:54:59.815	2025-09-29 08:54:59.815
10ad48a2-e574-47e5-9067-eaa4dec53725	ffa1f54c-0b64-4d46-89c7-c571ae6e6a7e	Koelpin - Mayer	Talent Acquisition Manager	Autem similique ea a sit currus aetas sustineo cauda. Vociferor arto desparatus autem.	2025-01-01 23:48:28.787	\N	t	2025-09-29 08:54:59.829	2025-09-29 08:54:59.829
8534ed1a-5675-4669-afa7-0eb643a44754	ffa1f54c-0b64-4d46-89c7-c571ae6e6a7e	Becker, Schulist and Senger	Talent Acquisition Manager	Voro thesaurus conduco pecco vulgo numquam. Delicate delego arbitro supplanto vereor curiositas officia ex vado capillus.	2025-04-04 06:50:02.818	2025-08-17 22:29:08.189	f	2025-09-29 08:54:59.831	2025-09-29 08:54:59.831
41334fa2-c85b-4893-9fee-7217d8f309ae	fda28d57-fb2a-4d9a-9c9c-d43fbc005b39	Parisian Inc	Data Scientist	Beatus dedico antea. Delectatio creber ustilo doloremque adopto deputo cattus.	2024-12-20 21:14:37.73	2025-08-23 16:03:14.163	f	2025-09-29 08:54:59.844	2025-09-29 08:54:59.844
d4c144f2-d3ac-4212-9bc7-06cd923404f8	fda28d57-fb2a-4d9a-9c9c-d43fbc005b39	Breitenberg LLC	Data Scientist	Crudelis bellicus architecto tamisium suffragium asporto cicuta valeo. Asperiores aestas arma comburo maiores careo tenetur testimonium complectus aedificium.	2022-11-29 13:50:55.583	2023-04-29 08:40:42.896	f	2025-09-29 08:54:59.845	2025-09-29 08:54:59.845
c3843a2d-0d44-40ba-85e7-89cb2c5b07e8	fda28d57-fb2a-4d9a-9c9c-d43fbc005b39	Koepp, Weber and Parisian	Data Scientist	Subiungo hic pel carcer causa truculenter natus supellex cauda defaeco. Sustineo comprehendo vobis validus adfectus terror.	2022-09-23 19:28:36.452	2023-11-02 05:15:42.838	f	2025-09-29 08:54:59.847	2025-09-29 08:54:59.847
8988d1f8-eea9-44e2-ae43-cec6db95bda4	7de22de4-6d30-422c-9ff2-fc09300373e3	White and Sons	Project Manager	Curia congregatio aggredior speciosus complectus ulciscor. Auxilium annus aspernatur ratione altus.	2023-08-23 20:30:55.054	2024-02-25 22:59:07.039	f	2025-09-29 08:54:59.864	2025-09-29 08:54:59.864
419ba075-8634-491b-a37a-ce65a864a472	7de22de4-6d30-422c-9ff2-fc09300373e3	Mann - Lesch	Project Manager	Despecto supra aequitas comis vitiosus amplus tabesco corroboro arto. Vulgo stabilis confugo coerceo.	2021-12-02 17:33:30.768	2023-11-16 03:18:55.908	f	2025-09-29 08:54:59.865	2025-09-29 08:54:59.865
23cde084-3024-4285-b32a-753380751af5	8f5737c1-535d-4d86-b6f2-a27a8ce61e4f	Tromp - Block	Social Media Manager	Delibero aliqua quisquam calcar assumenda absorbeo vivo brevis carpo conservo. Debilito avarus officiis coruscus debeo vomer tollo patrocinor.	2024-05-26 07:29:19.85	\N	t	2025-09-29 08:54:58.219	2025-09-29 08:54:58.219
c23c736c-fb52-4559-a4f5-785025ccbd61	8f5737c1-535d-4d86-b6f2-a27a8ce61e4f	Senger - Beier	Social Media Manager	Taceo laboriosam nisi adeo paulatim brevis theologus. Colligo templum coruscus cenaculum eaque.	2024-03-23 18:13:10.026	2025-05-12 21:04:47.367	f	2025-09-29 08:54:58.224	2025-09-29 08:54:58.224
68325fdf-69c8-4429-bcac-b817634c8143	8f5737c1-535d-4d86-b6f2-a27a8ce61e4f	Emard - Ernser	Content Marketing Manager	Demulceo cunctatio calculus terminatio textor adduco pecto aedificium vere veritas. Temperantia audentia surculus campana expedita sonitus tunc.	2023-10-19 18:57:47.993	2024-02-24 06:38:54.512	f	2025-09-29 08:54:58.226	2025-09-29 08:54:58.226
01585f89-135a-449e-8a67-671334702e24	cd7f124b-4b13-4fd1-8928-8de30a912b1c	Crist, Kihn and Crona	Frontend Developer	Una perferendis degusto odit vitiosus suscipit tabula ascisco ipsa. Aedificium solio stillicidium voluptatem caterva infit cito.	2024-03-15 13:48:35.745	2025-04-10 15:04:22.173	f	2025-09-29 08:54:58.25	2025-09-29 08:54:58.25
64d68fbc-8e29-4623-80e9-e0fd57ef5307	cd7f124b-4b13-4fd1-8928-8de30a912b1c	Flatley Inc	UI Engineer	Spectaculum cado clamo. Trado creptio strenuus callide bardus.	2025-09-03 09:46:24.256	2025-09-15 16:14:37.34	f	2025-09-29 08:54:58.252	2025-09-29 08:54:58.252
0bbdb0bc-dc3e-4910-8ba4-98edbd637498	cd7f124b-4b13-4fd1-8928-8de30a912b1c	Feest, Bruen and Cremin	Frontend Developer	Comparo curis curso derideo inventore. Decimus ab asper totidem architecto curiositas surculus apud dolores.	2023-08-04 14:44:11.751	2024-05-16 04:12:12.048	f	2025-09-29 08:54:58.254	2025-09-29 08:54:58.254
86bbdb26-cee6-4cc1-9d82-71aa43959ed4	26720e5f-a1cb-4154-9232-15d9a7006457	Krajcik, Auer and Ortiz	Product Manager	Ater sapiente amor verus blanditiis pecto mollitia damnatio avaritia currus. Iure ademptio reprehenderit complectus creta.	2025-02-05 19:14:45.396	2025-07-23 08:12:53.773	f	2025-09-29 08:54:58.273	2025-09-29 08:54:58.273
93b970cd-66a9-4acd-a3f1-a7dea9aec9f9	26720e5f-a1cb-4154-9232-15d9a7006457	Hartmann LLC	Project Manager	Cogo animus angulus. Caterva convoco cultellus.	2024-05-01 08:59:24.814	2025-07-16 14:01:33.131	f	2025-09-29 08:54:58.275	2025-09-29 08:54:58.275
05849cff-d68a-4c27-b519-dbd58d717232	ba46db17-c4cd-42b5-b15b-eb26846310be	Daniel LLC	Java Developer	Uredo turbo thesaurus somnus thymum vaco. Tres cubo averto.	2025-08-23 10:24:03.36	\N	t	2025-09-29 08:54:58.292	2025-09-29 08:54:58.292
dff1590f-5d3e-477a-933c-ede093b2dcf7	ba46db17-c4cd-42b5-b15b-eb26846310be	Welch, Osinski and Schinner	Backend Developer	Ut harum perferendis candidus defero talis solum. Teres degero trado vomito vester despecto.	2023-10-31 12:16:17.675	2024-11-05 10:49:37.169	f	2025-09-29 08:54:58.294	2025-09-29 08:54:58.294
8f0c7492-ea10-4f3a-a964-116a70d7fdf0	d17cc2d0-0a44-40e0-a7e4-82f3c2238a56	Doyle, Schroeder and Kassulke	Frontend Developer	Paulatim conicio caput ceno vir. Tantum atrox traho vitium vulgo temeritas viriliter.	2025-08-19 23:53:47.659	\N	t	2025-09-29 08:54:58.312	2025-09-29 08:54:58.312
9d53ee39-f5b2-472b-846f-ccb76d2b9cb4	d17cc2d0-0a44-40e0-a7e4-82f3c2238a56	Cartwright - Rutherford	UI Engineer	Cum coniecto natus commemoro assentator tolero aegrus. Tumultus copiose sponte.	2024-03-13 22:43:20.654	2025-04-13 18:19:06.139	f	2025-09-29 08:54:58.314	2025-09-29 08:54:58.314
e6d88ae9-8410-41a6-b0e1-7c5656f3f0e5	bd61f5a5-dff7-474d-9cab-8075c10c9534	Blick, Kuhn and Marvin	Business Intelligence Analyst	Adfero vestrum adicio. Arto sumptus trepide demergo vox crinis.	2025-03-27 12:48:21.639	2025-08-29 00:13:39.727	f	2025-09-29 08:54:58.33	2025-09-29 08:54:58.33
ee14e12c-7c82-41c2-99a1-de29aab18435	b21156f9-1188-4ab4-9edb-429db0b08623	Torphy, Crooks and Marks	Social Media Manager	Cimentarius talio absorbeo subvenio concido rem. Vel aestus arbitro sapiente.	2024-12-20 09:59:34.349	2024-12-27 04:02:51.239	f	2025-09-29 08:54:58.348	2025-09-29 08:54:58.348
efc51464-56d5-4dbc-a77d-9c1acac972a1	7e378343-ca34-4a3a-be9a-2089c3961248	Gulgowski, Glover and Friesen	Frontend Developer	Defungo tandem aliquid curatio sollers alo audeo. Aestas vapulus rerum concido patrocinor vergo dens ea derelinquo.	2024-03-30 02:42:26.669	\N	t	2025-09-29 08:54:58.369	2025-09-29 08:54:58.369
8307e6b7-496f-4197-a787-888eb1402c8e	7e378343-ca34-4a3a-be9a-2089c3961248	Ryan Group	Frontend Developer	Patior tamdiu confero coma arguo suscipio. Vivo attollo caveo compello venio.	2025-03-25 07:42:20.383	2025-09-13 05:34:04.018	f	2025-09-29 08:54:58.37	2025-09-29 08:54:58.37
d54728cf-6693-4d42-b448-ce7ec93c8228	7e378343-ca34-4a3a-be9a-2089c3961248	Wilkinson - DuBuque	UI Engineer	Terra ducimus adeo corpus aiunt tenus velut aegrotatio tametsi dapifer. Cognomen cursim atqui ait volubilis saepe.	2022-10-10 02:13:04.717	2023-05-20 22:13:37.158	f	2025-09-29 08:54:58.372	2025-09-29 08:54:58.372
19b45e3e-e032-4f08-895c-585827a9c29d	3931b3ec-a236-455a-b936-246c9364cb17	Reinger and Sons	Frontend Developer	Amissio contra absorbeo urbanus vomito amoveo recusandae debitis artificiose. Cohors adinventitias adficio stultus tracto tamisium laudantium molestiae.	2025-08-18 05:29:47.972	\N	t	2025-09-29 08:54:58.392	2025-09-29 08:54:58.392
97ba50b3-88aa-411f-afd7-b825a3a10e98	3931b3ec-a236-455a-b936-246c9364cb17	Herzog and Sons	UI Engineer	Coadunatio censura suppono soluta toties. Damnatio somnus ubi copiose videlicet.	2024-06-15 14:35:16.714	2024-10-05 13:34:21.786	f	2025-09-29 08:54:58.394	2025-09-29 08:54:58.394
131a3fb5-6d96-421b-8ef1-41b2441da675	ea28e31f-a7c4-4183-beee-41b0f8487f2b	Lubowitz Group	Data Scientist	Vado trepide una clementia utor tabella aer temptatio spes ustulo. Statim valens provident mollitia talio supra.	2025-03-25 13:59:32.549	2025-07-10 23:05:10.939	f	2025-09-29 08:54:58.408	2025-09-29 08:54:58.408
d7338da5-ac8b-4562-b7f0-796a05eb2c64	ea28e31f-a7c4-4183-beee-41b0f8487f2b	Luettgen - Hilpert	Data Analyst	Defetiscor cibus vos ait utilis auxilium copiose vinco comprehendo. Nam amet averto.	2025-01-02 03:42:24.567	2025-01-20 20:05:41.771	f	2025-09-29 08:54:58.41	2025-09-29 08:54:58.41
7d5d7b89-d660-4199-afa3-46e94ee54d8d	e039118f-1ef1-41f2-860b-9b1482b925ae	Legros Group	IT Project Coordinator	Deleo depromo adfectus suppellex adulescens culpa. Texo vox sulum.	2023-10-15 09:27:09.145	2025-05-08 06:51:35.523	f	2025-09-29 08:54:58.431	2025-09-29 08:54:58.431
6b01af59-e192-496f-a933-136ba20c9432	4d2e4083-1c8a-4cb4-9059-684f4261022f	Welch, Stracke and Kautzer	Product Manager	Uxor sponte cervus rerum coma vergo magni tres creta vindico. Texo maxime calcar xiphias canonicus nostrum.	2024-10-19 14:30:42.71	\N	t	2025-09-29 08:54:58.448	2025-09-29 08:54:58.448
8a428f6a-5961-4b60-8043-b5671da8374c	abb6fc07-327d-4590-a795-774429dbe67e	Reichel Inc	Software Engineer	Attero curatio titulus delectus repellat. Cultellus vito teres id attollo tum apud confugo brevis.	2024-10-30 01:44:44.888	2024-11-19 13:16:17.726	f	2025-09-29 08:54:58.469	2025-09-29 08:54:58.469
26f3eea3-e9af-46d6-9e13-201746453b46	6c82ea2f-22f0-4dde-8447-944275fafc0c	Volkman, Abbott and Weissnat	Business Intelligence Analyst	Nihil una via excepturi et catena eligendi deorsum centum. Deporto conitor baiulus.	2025-01-24 10:41:03.094	2025-09-07 09:58:49.283	f	2025-09-29 08:54:58.765	2025-09-29 08:54:58.765
45ae327a-8429-48b8-9399-b18541d3f180	fb331e48-8cc8-4365-8056-28757c252c21	Kemmer, Heaney and MacGyver	Talent Acquisition Manager	Comitatus virga demo subito deleniti ademptio subito acceptus. Delicate caelum cupressus tantillus laborum aeneus.	2025-02-28 20:53:53.171	\N	t	2025-09-29 08:54:58.822	2025-09-29 08:54:58.822
1d7d9e1a-94f2-42a7-8c1c-24fc183cd7de	d8b4a64d-9f67-4f6b-9303-1a266a1e5c9b	White, Ratke and Glover	Full Stack Engineer	Eligendi iure voluptates vindico conventus molestias spiculum amissio. Uterque tantillus doloribus labore.	2025-01-07 00:03:14.23	2025-03-19 00:31:26.007	f	2025-09-29 08:54:58.838	2025-09-29 08:54:58.838
9dc6e209-1089-4a9d-9a36-1e15d638001d	d8b4a64d-9f67-4f6b-9303-1a266a1e5c9b	Kshlerin - Green	Java Developer	Capitulus celebrer culpa soleo titulus trans occaecati vitae enim mollitia. Iure eaque tabesco verus paulatim ustilo subseco.	2025-08-21 20:23:38.925	2025-08-29 10:35:36.029	f	2025-09-29 08:54:58.84	2025-09-29 08:54:58.84
214ea1c0-5e09-45eb-9b7a-a1282214e8fa	d8b4a64d-9f67-4f6b-9303-1a266a1e5c9b	Hahn, Keebler and Runolfsdottir	Full Stack Engineer	Unde minus canis solutio spargo campana cubitum tabesco. Auctus vereor antea iure id.	2025-06-30 20:02:18.608	2025-08-24 05:02:04.696	f	2025-09-29 08:54:58.842	2025-09-29 08:54:58.842
92a6f32f-8579-4184-be31-83c6212c3b7e	f378363c-58cf-4842-b51f-8d2ab99ebab4	Gottlieb, Franey and Jenkins	Data Analyst	Decerno molestias est patrocinor. Arbor decretum solitudo carbo quisquam.	2025-03-31 00:28:44.45	\N	t	2025-09-29 08:54:58.86	2025-09-29 08:54:58.86
91dade44-4d6e-4045-8c8e-2c4e2f1aa259	f378363c-58cf-4842-b51f-8d2ab99ebab4	Adams, Cole and Bauch	Data Scientist	Cultura bardus acidus agnitio accendo summa. Delibero ultra velit beatus bibo adficio vallum copiose.	2024-12-19 15:57:26.891	2025-02-23 02:42:47.115	f	2025-09-29 08:54:58.862	2025-09-29 08:54:58.862
1e0aecec-703d-4750-a10c-5d675234ddfc	cfb8bc9f-2834-4b01-a5f2-6296abfd69ca	Bogan - Stroman	UI Engineer	Pauper spes celo thalassinus theca. Attollo compono quod certus adeptio tepidus.	2025-01-07 09:52:02.634	\N	t	2025-09-29 08:54:58.881	2025-09-29 08:54:58.881
f11a55b9-3aee-4650-b398-75e68c50be2c	4de3b358-e488-442b-80e2-0e729327086a	Flatley, Crist and Reichert	Project Manager	Creber arbitro tabella peior. Repellat combibo depromo cui coadunatio depereo arcus contego caput depopulo.	2025-03-03 03:02:02.564	2025-08-29 22:16:17.551	f	2025-09-29 08:54:58.899	2025-09-29 08:54:58.899
b74af397-19a8-4705-9289-ad2c484591d5	4de3b358-e488-442b-80e2-0e729327086a	Grady, Parisian and Daugherty	Project Manager	Ventito civis textilis fuga illo vestrum. Claro demitto amplitudo depono crustulum calamitas temptatio templum cubo crustulum.	2022-05-20 13:12:49.799	2025-04-30 18:37:55.123	f	2025-09-29 08:54:58.901	2025-09-29 08:54:58.901
8b48c690-6aed-4206-b428-b84d4d50ee81	4de3b358-e488-442b-80e2-0e729327086a	Stamm Group	Scrum Master	Addo arx magni tremo viduo adamo quae crur advoco. Tabula paens stillicidium coaegresco torqueo xiphias.	2024-06-03 08:01:24.815	2025-05-22 12:58:56.672	f	2025-09-29 08:54:58.903	2025-09-29 08:54:58.903
f53c0340-147e-417a-b548-1088073f3416	200cd096-627a-44b6-9a8c-7ac2ac59d5f1	Mayert, Gislason and Lesch	Frontend Developer	Textilis uxor deludo. Veniam velit acer coniecto virgo abstergo.	2024-11-18 04:16:55.046	\N	t	2025-09-29 08:54:58.917	2025-09-29 08:54:58.917
bbc8c83f-2e2e-42f1-b7e0-d98c550804d0	200cd096-627a-44b6-9a8c-7ac2ac59d5f1	Stroman LLC	Frontend Developer	Confugo arx tam bene bene calculus. Terreo inflammatio pauci umerus solus ad.	2025-09-02 14:40:01.616	2025-09-16 05:08:31.475	f	2025-09-29 08:54:58.919	2025-09-29 08:54:58.919
4921ebf8-bfd3-498c-81ba-2ed657519d35	200cd096-627a-44b6-9a8c-7ac2ac59d5f1	Krajcik and Sons	Web Developer	Textor civis supplanto supplanto cotidie supplanto vado vae aegrus vinculum. Umquam ulterius spargo avarus constans bellicus.	2022-04-02 10:57:49.446	2023-01-11 08:47:10.021	f	2025-09-29 08:54:58.921	2025-09-29 08:54:58.921
b31fdb35-a09d-4dd5-99fa-3b94d8646829	fdd6fd23-af28-472a-a1e3-1c65fd8cf6df	Ratke - Osinski	Data Scientist	Denuo statim tametsi delinquo numquam subito curriculum succurro coniecto benevolentia. Denuncio ab terreo tactus accusamus derideo vesco comptus defaeco doloremque.	2023-01-24 17:22:16.981	2023-05-04 19:31:19.465	f	2025-09-29 08:54:58.937	2025-09-29 08:54:58.937
d0497c2a-2c92-4de2-8a83-817cdbe2aecb	6f2fc918-ba6d-4910-88b9-a8812658dd76	Kuhlman Group	Social Media Manager	Depraedor voco tepidus voluptates tenetur viriliter demonstro alioqui. Tempore tristis teneo decens vae aggero vitium adipiscor tyrannus incidunt.	2025-02-07 03:04:46.234	2025-06-17 02:45:52.615	f	2025-09-29 08:54:58.949	2025-09-29 08:54:58.949
b445097b-c9ca-4ac0-8f5c-74e6c0e4cc5b	6f2fc918-ba6d-4910-88b9-a8812658dd76	Hayes Inc	Social Media Manager	Soluta cornu damnatio assentator clarus itaque sit vinitor consequuntur. Audentia adhuc recusandae eum ullus tertius.	2025-06-28 05:18:06.268	2025-07-15 13:49:04.637	f	2025-09-29 08:54:58.951	2025-09-29 08:54:58.951
95f74226-1ac6-4ba9-b3f5-e759564f61e3	3549d64e-a3fc-4e5a-91a5-9d8246c6390f	Weimann, Smitham and Bernhard	Data Scientist	Solium tersus nam ullus. Cubicularis esse absum anser sequi constans curo cultellus.	2025-08-16 22:28:26.509	\N	t	2025-09-29 08:54:58.967	2025-09-29 08:54:58.967
ca5c6c65-f603-4093-9b50-55965ad59f71	3549d64e-a3fc-4e5a-91a5-9d8246c6390f	Schuppe, Oberbrunner and O'Hara	Data Scientist	Clibanus arma accedo adopto turba. Conor neque valens attollo.	2025-03-08 00:10:44.188	2025-06-28 08:01:50.668	f	2025-09-29 08:54:58.969	2025-09-29 08:54:58.969
669f8d79-2c60-4e2b-a61a-26d202c93086	3549d64e-a3fc-4e5a-91a5-9d8246c6390f	Metz - Ortiz	Data Scientist	Cui crinis aut delectus vorago canis tabgo confero reiciendis. Velociter adiuvo vitiosus adinventitias.	2024-08-12 07:11:16.641	2025-07-09 11:40:50.663	f	2025-09-29 08:54:58.971	2025-09-29 08:54:58.971
28d0094b-818a-4d84-8118-9552a216b338	9d569083-7e3b-42a9-b9ed-a10a12641f8c	Wyman, Emmerich and Heaney	Business Intelligence Analyst	Accusamus approbo eum campana bis campana vos undique thorax crapula. Ad audentia canis abeo contabesco.	2024-10-18 07:49:53.161	\N	t	2025-09-29 08:54:58.983	2025-09-29 08:54:58.983
f671d20f-a937-48cd-9d18-d79a0278fd2d	3861d479-8b19-40f9-a919-02b2e362ad92	Doyle LLC	Content Marketing Manager	Velum valetudo ulciscor caecus molestiae acervus undique tamquam sursum. Timidus suppono comprehendo alias adulescens.	2024-01-24 21:21:04.8	\N	t	2025-09-29 08:54:59	2025-09-29 08:54:59
1f1d3154-80cc-4bb6-8fd1-e415f620f0e2	3861d479-8b19-40f9-a919-02b2e362ad92	Kunze LLC	SEO Analyst	Absens conor unus demum illum vere. Cariosus vester carus cibus sub ventito tergo clamo decumbo.	2024-08-20 09:02:44.276	2025-05-09 07:56:27.458	f	2025-09-29 08:54:59.001	2025-09-29 08:54:59.001
0986e2ba-07fc-43b7-99eb-b7cf1b874dd4	ce67e3bb-70ce-41c1-84d0-db2132fec30f	Christiansen - Goyette	Content Marketing Manager	Tego solus thymum. Socius cohaero accusantium temeritas cometes corroboro clam.	2025-04-05 14:04:42.722	\N	t	2025-09-29 08:54:59.017	2025-09-29 08:54:59.017
1046aa18-69e1-483f-8c88-b184a0999c1e	2549315c-952f-4cbc-9c4a-e9ed3c895ade	Nienow Inc	Full Stack Engineer	Vereor vestrum caritas tergum vir thermae triumphus. Vita soleo conatus.	2025-08-22 02:52:23.005	\N	t	2025-09-29 08:54:59.03	2025-09-29 08:54:59.03
9446fdd3-6e8e-413a-b648-07dac3b95c90	2549315c-952f-4cbc-9c4a-e9ed3c895ade	Orn, Price and Hahn	Java Developer	Suasoria arx numquam derideo sol. Sufficio crapula exercitationem tutamen tempora truculenter deputo veritatis.	2024-08-04 00:15:46.689	2025-03-29 05:55:29.444	f	2025-09-29 08:54:59.032	2025-09-29 08:54:59.032
65143d28-4a53-4a2f-9d1e-341488393c8a	47408cd2-3d60-4568-beac-3bedc2f9e43c	Veum - Collier	Web Developer	Caelestis natus varietas villa cuius verecundia varius. Creptio deputo vado traho.	2025-08-28 22:03:43.514	2025-09-28 13:53:17.738	f	2025-09-29 08:54:59.047	2025-09-29 08:54:59.047
25bb90d7-2be6-4c0a-881d-960c4356e89a	47408cd2-3d60-4568-beac-3bedc2f9e43c	Dare, Larkin and Rempel	React Developer	Vinco apud pecto cur commemoro color adipisci. Adaugeo cupiditate arbitro voluptatem.	2025-07-10 17:51:28.808	2025-09-04 09:31:12.143	f	2025-09-29 08:54:59.048	2025-09-29 08:54:59.048
6dc1fb6d-7aad-4f6d-b1e5-d02e40886234	47408cd2-3d60-4568-beac-3bedc2f9e43c	Cruickshank - Wiza	Web Developer	Commodi traho velociter defaeco patruus summisse sollicito conicio clibanus sumo. Ultio titulus turba truculenter ipsum cupiditate adulatio.	2022-09-10 03:05:15.287	2023-09-26 23:05:14.233	f	2025-09-29 08:54:59.05	2025-09-29 08:54:59.05
27f5d446-67f1-4c23-9b2b-cf6b47a3f99e	a6750810-2200-4f04-82a4-d09fb400bc31	Beer, Feeney and Christiansen	Data Analyst	Amplus commodo vobis consectetur viriliter. Celer tantum totam utroque totus viriliter argumentum traho ver thesaurus.	2025-08-03 14:52:53.854	\N	t	2025-09-29 08:54:59.065	2025-09-29 08:54:59.065
77a9b609-4942-4848-a839-3f5e10562e7b	a6750810-2200-4f04-82a4-d09fb400bc31	Schulist, Mann and Kuhn	Data Analyst	Vulgaris sequi apud vix cohaero urbs vociferor. Argentum vulnus vulgaris eligendi.	2024-03-14 08:41:51.551	2025-03-01 14:14:34.708	f	2025-09-29 08:54:59.067	2025-09-29 08:54:59.067
49a68230-61b6-4e1b-b8b4-5c24eb11e5bd	a6750810-2200-4f04-82a4-d09fb400bc31	Johnston, Schamberger and Skiles	Data Scientist	Conforto sonitus tripudio. Audentia tertius succedo usque.	2021-05-25 00:54:18.389	2022-11-12 16:45:13.134	f	2025-09-29 08:54:59.069	2025-09-29 08:54:59.069
beb75c4b-435e-4a55-a37a-1ee1cb95de82	218a39e0-c983-4d8b-89d2-6f5c4430ab4b	Luettgen, Grady and Borer	UI Engineer	Ventus adstringo ratione strues clamo deprecator sit consequuntur. Eius aestivus surgo rem.	2023-01-14 11:09:21.971	\N	t	2025-09-29 08:54:59.085	2025-09-29 08:54:59.085
097f5d93-c8ff-42c4-a24b-3b009140ffb8	1cfd85fd-1297-4222-814c-47d52c447ae8	Nienow, Lang and Gleason	HR Business Partner	Tempus minima pecto. Itaque vicinus vulgus absens deleo degero adopto taedium cibo carpo.	2025-09-27 03:16:42.416	\N	t	2025-09-29 08:54:59.103	2025-09-29 08:54:59.103
f22955a2-1fdd-4a6c-b332-f254b6819f6c	1cfd85fd-1297-4222-814c-47d52c447ae8	Torp - Okuneva	HR Business Partner	Debitis vomer absconditus pauper ipsa despecto verus. Blandior curia quam aranea ubi viridis somnus depereo atque canto.	2021-10-30 06:53:16.084	2022-02-12 02:04:16.562	f	2025-09-29 08:54:59.105	2025-09-29 08:54:59.105
3da74f51-dbdd-45a7-87cc-8a7a1996c342	cbfc7be2-ce15-40d0-8ebc-a3d83e306072	Donnelly LLC	Content Marketing Manager	Concido barba adipiscor capitulus summisse administratio cetera nam cedo admitto. Speculum aperiam attollo stips.	2025-02-06 03:56:58.73	\N	t	2025-09-29 08:54:59.124	2025-09-29 08:54:59.124
193f8c1a-8cef-4605-bd56-974be13695cc	cbfc7be2-ce15-40d0-8ebc-a3d83e306072	Kling, Prohaska and Glover	Content Marketing Manager	Ustilo tepesco cultellus. Demulceo cruentus venia.	2024-07-17 11:47:22.507	2025-08-20 20:42:00.96	f	2025-09-29 08:54:59.125	2025-09-29 08:54:59.125
3638c4fb-e58e-4c1b-bb46-e61cc0bda0f6	cbfc7be2-ce15-40d0-8ebc-a3d83e306072	Stehr - Funk	Social Media Manager	Attollo calcar venia dolores. Temptatio acceptus tot consequatur vel caecus unus.	2023-08-15 02:42:38.793	2023-09-05 08:08:13.123	f	2025-09-29 08:54:59.127	2025-09-29 08:54:59.127
01ffb887-8cfa-40fc-b7d0-0a70103f4e8b	140ff36d-5a36-4f7d-8155-c1a0159ffe61	Mueller LLC	Content Marketing Manager	Velociter modi supra. Angulus vallum celebrer benevolentia demo confero.	2023-11-05 01:04:16.582	2024-01-13 12:15:16.616	f	2025-09-29 08:54:59.145	2025-09-29 08:54:59.145
19a9f2d7-aee3-4434-90cc-e684defc519d	fade4d92-513f-4eec-adeb-3199390d0b44	Schuppe, Leuschke and Cummings	Product Manager	Totidem termes utilis corona truculenter. Molestiae cubitum tamdiu.	2024-11-08 03:07:08.554	2025-02-05 05:13:03.745	f	2025-09-29 08:54:59.168	2025-09-29 08:54:59.168
1b4442bf-7318-45ed-9b56-6dbb94fcada1	0ea35560-5e85-478b-8880-0c8db2b97c38	Bernier - Purdy	Data Analyst	Summisse corrigo compello auxilium supra amplitudo auctor tristis cruciamentum facere. Alo carmen antea certe tibi minima statua adhaero adflicto corroboro.	2024-09-28 13:27:01.651	\N	t	2025-09-29 08:54:59.184	2025-09-29 08:54:59.184
54198017-07b9-4d48-8083-19cb9138c061	0ea35560-5e85-478b-8880-0c8db2b97c38	Mayert LLC	Data Analyst	Non vos amo advenio universe. Ascisco arcesso tamisium tepidus titulus circumvenio clementia.	2024-07-01 23:35:25.684	2024-11-17 03:46:36.142	f	2025-09-29 08:54:59.186	2025-09-29 08:54:59.186
f2ec098d-60fe-4741-8182-eed2ea9f0e96	2d0d8c79-ec1a-40a4-83c1-e1e8e84c1eb0	Pouros - Klein	Java Developer	Adiuvo dapifer cotidie casso antea. Soleo caput arbustum comparo tristis aggredior cicuta derelinquo solium aegrotatio.	2025-01-10 12:11:57.29	2025-08-18 03:52:14.172	f	2025-09-29 08:54:59.209	2025-09-29 08:54:59.209
f1a0c486-f086-4736-b809-dae5133ced53	2d0d8c79-ec1a-40a4-83c1-e1e8e84c1eb0	Bogisich LLC	Full Stack Engineer	Impedit aiunt aiunt vergo atrocitas defungo. Eligendi vociferor cotidie.	2023-06-28 23:19:54.936	2023-11-30 11:17:24.915	f	2025-09-29 08:54:59.211	2025-09-29 08:54:59.211
b4e4ec71-fc3d-4dfc-8fc9-694cf298f10a	2d0d8c79-ec1a-40a4-83c1-e1e8e84c1eb0	Blick and Sons	Full Stack Engineer	Cattus vomito volo. Sulum supplanto cenaculum caveo tepesco aranea libero denuo.	2023-02-11 12:44:12.659	2024-01-30 20:03:16.642	f	2025-09-29 08:54:59.212	2025-09-29 08:54:59.212
1c8aab76-1e84-44b5-a5c3-325dd0e56f3b	72b1817c-33f5-44c4-9ad7-637f321d51e6	Keeling, Leffler and Haley	Finance Officer	Adopto dedecor succedo toties abscido demonstro complectus antepono vorax. Verbum enim decimus ventosus desino.	2023-11-20 03:23:22.822	2025-04-06 11:32:01.634	f	2025-09-29 08:54:59.226	2025-09-29 08:54:59.226
0d6133f8-2e79-4c43-9545-2b65a9665684	72b1817c-33f5-44c4-9ad7-637f321d51e6	Turcotte - Gorczany	Finance Officer	Vulariter sodalitas damno. Sui amicitia cohors.	2021-01-05 02:19:42.857	2024-09-19 16:50:01.936	f	2025-09-29 08:54:59.227	2025-09-29 08:54:59.227
ba4e9956-aaf5-4e3e-b8d9-549f5f9344d3	72b1817c-33f5-44c4-9ad7-637f321d51e6	Hilpert, Smith and Schimmel	Financial Analyst	Dolorem cogo vobis autus cruentus comis adficio audacia ad ater. Animi aedificium amita tribuo aspernatur conqueror voluptas stella.	2020-03-12 07:44:36.513	2024-09-19 18:55:34.997	f	2025-09-29 08:54:59.229	2025-09-29 08:54:59.229
d3d28f99-0de7-43a5-b6f7-4eeb2b6266d1	c10aa4f4-53ec-46f7-9367-a8cdc9002ba5	Waelchi - Wolf	Scrum Master	Viriliter molestiae beatus cohors tandem depono defluo comitatus corpus argumentum. Cruciamentum curtus adduco aliquid caelestis tersus.	2025-07-15 23:17:12.273	2025-09-25 22:06:59.672	f	2025-09-29 08:54:59.247	2025-09-29 08:54:59.247
6c839931-f3ae-450f-91ff-2208ef62571c	c10aa4f4-53ec-46f7-9367-a8cdc9002ba5	Klocko, Friesen and Sanford	IT Project Coordinator	Deprimo aedificium curiositas capitulus peior coadunatio. Conturbo error depereo viduo charisma a autus.	2024-07-23 18:59:17.301	2024-11-10 04:49:42.263	f	2025-09-29 08:54:59.249	2025-09-29 08:54:59.249
e0ba0efe-c780-429e-a4d4-b876dd424200	c10aa4f4-53ec-46f7-9367-a8cdc9002ba5	Gleichner, Goyette and Klein	Product Manager	Vociferor despecto carmen cultura adulatio. Degusto carus ullus maxime dedecor.	2023-03-11 23:30:49.044	2023-07-23 14:30:36.079	f	2025-09-29 08:54:59.251	2025-09-29 08:54:59.251
8a9dfec2-afa1-4dd4-9b7b-4990841c90ac	afafa09c-54e7-4fb5-b93d-72567ce63e7e	Kerluke - O'Keefe	Recruitment Specialist	Culpo bonus volutabrum animadverto tabgo universe decor. Argentum argumentum dicta tot corporis compello caries aperiam vapulus.	2025-05-25 05:52:05.15	\N	t	2025-09-29 08:54:59.27	2025-09-29 08:54:59.27
4cfc4e1b-47a1-47bc-aeb9-5292e92dd899	afafa09c-54e7-4fb5-b93d-72567ce63e7e	Hoeger and Sons	Talent Acquisition Manager	Canis adduco conscendo curso. Agnitio veritatis una vitium vetus.	2025-06-07 14:29:36.306	2025-06-14 18:22:05.451	f	2025-09-29 08:54:59.272	2025-09-29 08:54:59.272
1398ea1c-0688-45e8-96a6-3d955260c308	eae23c72-b092-4718-b36a-dad5469b2075	Labadie - Deckow	Scrum Master	Titulus advoco aveho abutor ambitus utique alius degenero. Distinctio denego spes depopulo soluta sapiente volutabrum aetas peior.	2024-03-08 04:11:43.706	2025-02-23 08:22:38.434	f	2025-09-29 08:54:59.286	2025-09-29 08:54:59.286
84ab1954-196a-4b3a-a2f3-f931a4805d0a	b379ad58-2704-454a-83eb-d6453048d11e	West - Roberts	React Developer	Asper convoco ad. Excepturi pauper voveo absque decretum.	2023-10-19 18:07:08.665	\N	t	2025-09-29 08:54:59.299	2025-09-29 08:54:59.299
38f52dda-994a-4cbd-b803-2cbdc2d94c09	b379ad58-2704-454a-83eb-d6453048d11e	Lind, Haley and Sanford	UI Engineer	Tum ante cupiditate attollo eligendi. Velut complectus traho creber candidus alias pariatur cito.	2022-06-02 15:59:51.725	2024-10-10 19:34:40.321	f	2025-09-29 08:54:59.301	2025-09-29 08:54:59.301
771b4ec3-21c3-41f4-83cf-eb31ec02cf82	9f531627-be67-4193-8a9a-960a9400cd7a	West - Powlowski	Financial Analyst	Cogo decet averto. Solio libero conqueror.	2024-10-03 20:26:06.221	2025-01-07 05:23:52.06	f	2025-09-29 08:54:59.883	2025-09-29 08:54:59.883
701a7f0e-8413-42b1-982a-4ae5bf9cbb47	0939e3b5-36cb-44d9-9e9a-f70bbed5bd60	Runolfsson LLC	Java Developer	Tenax ceno uterque comitatus tabgo aequitas quaerat vitiosus sol armarium. Bonus voveo acquiro deputo tutamen victoria cilicium.	2023-02-24 15:43:48.036	2024-04-02 15:26:56.382	f	2025-09-29 08:54:59.314	2025-09-29 08:54:59.314
ab075a7b-7abe-4ecc-a8c6-c2d6a7370d03	0939e3b5-36cb-44d9-9e9a-f70bbed5bd60	Bergstrom Group	Full Stack Engineer	Admoneo necessitatibus absens celer curia tracto veniam soluta perferendis aequitas. Vociferor decimus utor amaritudo copia depraedor triduana torrens.	2025-04-08 23:24:43.235	2025-08-25 04:16:52.637	f	2025-09-29 08:54:59.316	2025-09-29 08:54:59.316
f929a780-d7df-413a-94a8-cba6721fd26a	22af8b6b-293b-4de6-926b-d8833f162af0	Gutmann - O'Keefe	React Developer	Talis a autus depulso. Quas laboriosam terminatio deputo via vulnus terreo conatus.	2023-07-07 03:50:55.005	\N	t	2025-09-29 08:54:59.329	2025-09-29 08:54:59.329
f666bca5-a7ce-4495-953a-5388a06e9f76	069e67a5-3f39-4b92-aca3-ce394a24a76c	Kunze LLC	Backend Developer	Cometes tardus decumbo ait. Ager traho tot aequus solutio dens magni.	2023-05-24 14:27:38.436	2023-12-23 05:38:39.819	f	2025-09-29 08:54:59.343	2025-09-29 08:54:59.343
4c665aea-b3b4-4021-aa89-76e063f2b3fd	069e67a5-3f39-4b92-aca3-ce394a24a76c	McCullough and Sons	Software Engineer	Tergum arguo modi amplexus adhaero decens assumenda. Torrens vinco conculco aiunt vorax cras despecto architecto tum verto.	2022-06-11 01:45:52.873	2022-12-16 17:39:36.782	f	2025-09-29 08:54:59.345	2025-09-29 08:54:59.345
8fc47eb9-7383-4d14-8cd9-135f8e511855	4ffe1be4-77d1-4b27-9714-fffc0e2492c5	Franecki, Wilkinson and Dare	Frontend Developer	Copia synagoga armarium temeritas bos ab vetus. Cenaculum summa vallum.	2024-07-05 06:10:35.135	\N	t	2025-09-29 08:54:59.36	2025-09-29 08:54:59.36
c90b74e0-55d1-4671-a151-daca9d58f2d3	565c06d6-7f63-45d1-96b5-c84cef93ec0c	Wuckert LLC	Business Intelligence Analyst	Ter vulgo vereor summisse cinis. Combibo viscus agnitio sono.	2024-10-23 15:58:32.931	\N	t	2025-09-29 08:54:59.374	2025-09-29 08:54:59.374
87a5a92a-7783-43d4-b7bd-216407e37430	565c06d6-7f63-45d1-96b5-c84cef93ec0c	Robel, Herman and Pfeffer	Quantitative Analyst	Asporto at uberrime coma uxor natus credo. Cur aegre socius.	2024-02-26 19:56:33.716	2024-03-30 05:33:11.94	f	2025-09-29 08:54:59.375	2025-09-29 08:54:59.375
0051734b-8d5b-4a0e-bbc6-03a4ee200630	565c06d6-7f63-45d1-96b5-c84cef93ec0c	Ebert - Bahringer	Business Intelligence Analyst	Addo thorax curvo conservo vaco amita quaerat desolo. Sumo maiores deripio tempus.	2022-11-11 15:20:29.617	2023-12-16 08:46:28.925	f	2025-09-29 08:54:59.377	2025-09-29 08:54:59.377
38a6411f-d8b7-4bfb-ad41-d933f48e649d	370f44d2-5777-4a62-91e8-f8673b10e320	Rau - O'Conner	Business Intelligence Analyst	Sunt auxilium defessus conduco valde aperio suscipio. Thermae laborum tam omnis absum ventito totidem absque.	2025-03-20 00:54:40.648	\N	t	2025-09-29 08:54:59.389	2025-09-29 08:54:59.389
130fc2ea-0df2-473a-b6dd-8568737ba98e	370f44d2-5777-4a62-91e8-f8673b10e320	Thompson - Dicki	Quantitative Analyst	Deripio sursum curiositas thema clibanus unus alienus amet. Admiratio contabesco arbitro aspicio accusamus deprecator cetera.	2024-10-15 20:16:34.719	2025-03-15 21:30:01.558	f	2025-09-29 08:54:59.391	2025-09-29 08:54:59.391
eedb51f7-0c6c-4ae7-b91c-70cb31065531	f35b79b3-a43a-4aef-aa00-a855e625b689	Gleason, VonRueden and Schmeler	Accountant	Voluptates bis expedita allatus. Articulus inflammatio abundans.	2023-12-20 18:53:03.589	\N	t	2025-09-29 08:54:59.406	2025-09-29 08:54:59.406
24ed5bec-d22d-4b56-afb3-f37eb134c379	b0d45dea-33da-4469-b881-1a407fd76a7c	Bruen, Ondricka and O'Kon	Web Developer	Utrimque decipio tandem carmen aqua a tondeo. Verus surgo ulciscor laboriosam tego certus ulciscor aegre defendo universe.	2023-09-27 12:56:20.825	\N	t	2025-09-29 08:54:59.422	2025-09-29 08:54:59.422
01074121-1d7b-4972-ad23-05d98a3d6a6f	00576537-9d89-47cf-b826-4851a02098d9	Daniel and Sons	Finance Officer	Thesaurus exercitationem temporibus tardus voco cum ex vulnero. Ulterius adaugeo subseco solitudo asperiores astrum.	2024-12-19 12:43:35.506	2025-06-29 13:26:34.051	f	2025-09-29 08:54:59.44	2025-09-29 08:54:59.44
352353da-278e-4ac4-90ca-8bd2e2abd33c	00576537-9d89-47cf-b826-4851a02098d9	Ebert LLC	Financial Analyst	Viridis apud circumvenio iusto conventus aperiam. Verecundia deripio nemo tamisium adfectus.	2023-01-15 00:24:40.277	2025-09-05 23:18:18.161	f	2025-09-29 08:54:59.441	2025-09-29 08:54:59.441
4720883e-ca62-4a2d-bacd-36be2912a312	00576537-9d89-47cf-b826-4851a02098d9	Bergnaum and Sons	Auditor	Denique clementia alioqui officia absum vester super cras deprimo ducimus. Vicissitudo clibanus speciosus sperno aliqua toties voluptatem teneo provident cibo.	2021-01-01 12:14:53.423	2024-01-18 14:11:16.508	f	2025-09-29 08:54:59.443	2025-09-29 08:54:59.443
4a64bf5a-12ac-4238-b4be-25bfd773fa4c	5034a509-ce95-478e-aa32-50d488824d43	Hilpert - Padberg	Data Scientist	Armarium similique natus velociter. Distinctio aggredior commemoro sui alienus rerum vulgivagus sperno tubineus quidem.	2023-12-08 08:24:59.506	\N	t	2025-09-29 08:54:59.459	2025-09-29 08:54:59.459
a248a995-4d3f-4e76-b4cd-327b8a016f38	5034a509-ce95-478e-aa32-50d488824d43	Will LLC	Business Intelligence Analyst	Videlicet demoror crudelis comptus porro velit tollo cum utroque ea. Voluptatum tantum esse vulariter amiculum vesco usque.	2023-08-24 09:07:34.451	2025-03-31 19:34:11.868	f	2025-09-29 08:54:59.461	2025-09-29 08:54:59.461
35372f5a-2bbd-4ab4-ac9d-680c4b84d3fb	5d0382d0-3b14-4d4b-90da-081462adef0a	Runolfsdottir - Christiansen	Data Analyst	Quidem cernuus quibusdam aggredior. Admitto earum vorax.	2025-08-12 23:45:28.158	2025-09-21 19:15:50.816	f	2025-09-29 08:54:59.478	2025-09-29 08:54:59.478
5bdd2db2-e5d5-4817-bd66-76a057710539	5d0382d0-3b14-4d4b-90da-081462adef0a	Langworth LLC	Business Intelligence Analyst	Spectaculum quaerat ustulo amplitudo explicabo terreo id sapiente. Vitae aro approbo attollo corona vetus decretum debilito virtus.	2025-03-22 21:37:23.513	2025-08-13 10:06:41.401	f	2025-09-29 08:54:59.48	2025-09-29 08:54:59.48
e721f826-9790-4c31-a491-46f6f2939a48	fb31c79f-9b91-47f9-af77-e6830d4e6dd3	Bogisich, Boyer and Will	Web Developer	Stultus coruscus incidunt universe virtus quibusdam audeo commodo commemoro. Decipio validus patruus accedo adamo spes subseco voluptate.	2023-10-01 11:49:46.113	2025-07-26 21:08:51.651	f	2025-09-29 08:54:59.501	2025-09-29 08:54:59.501
87973e45-92a5-4fd3-8759-c5367dfe6d51	66e6b376-35c3-45d7-95de-ae597f2ccd61	Gibson - Halvorson	Digital Marketing Specialist	Desolo cervus adicio arbitro delinquo tot admoveo. Amita terga ultio.	2025-06-01 15:28:49.472	\N	t	2025-09-29 08:54:59.517	2025-09-29 08:54:59.517
4099e100-a2b9-4cc0-af6f-baf1e874a3fc	66e6b376-35c3-45d7-95de-ae597f2ccd61	Kerluke - Huels	Content Marketing Manager	Causa atrocitas ventosus amor recusandae. Doloribus socius capillus cuppedia thesis contra culpo.	2023-03-29 15:52:19.701	2025-06-25 21:01:26.283	f	2025-09-29 08:54:59.518	2025-09-29 08:54:59.518
fda13341-27db-4b91-8867-c69e24498461	66e6b376-35c3-45d7-95de-ae597f2ccd61	Ortiz - Corkery	Social Media Manager	Eligendi bos adversus coma tego defessus arbustum synagoga sortitus abstergo. Benevolentia commodi eveniet aureus quae talio sollicito.	2022-05-04 07:30:23.016	2023-07-16 08:21:58.091	f	2025-09-29 08:54:59.52	2025-09-29 08:54:59.52
21785912-88e7-4f5b-8950-32216de0ff32	2ad8bd28-9b3b-496e-a212-fa8cba963cbf	Pouros, Feil and Rath	Digital Marketing Specialist	Sopor substantia inventore. Nihil stipes triumphus subiungo.	2025-07-30 09:53:41.687	2025-08-16 13:04:27.757	f	2025-09-29 08:54:59.538	2025-09-29 08:54:59.538
043a44fb-a115-4690-b5f6-2e5c4ca67bf3	be0be8e4-eae8-49cb-897f-e3d5d955affa	Daniel and Sons	IT Project Coordinator	Verbum averto sit statim deleniti decens deripio debeo. Averto cibo supplanto.	2024-07-30 08:48:49.361	2025-06-27 03:26:44.201	f	2025-09-29 08:54:59.554	2025-09-29 08:54:59.554
c95bd6bc-2998-4f10-a6cc-253a9def21f3	be0be8e4-eae8-49cb-897f-e3d5d955affa	Feil LLC	IT Project Coordinator	Coruscus ventito tepesco hic. Turpis civis aegrotatio ulciscor decumbo culpa virtus alii.	2024-11-21 23:44:22.219	2025-05-07 13:25:25.322	f	2025-09-29 08:54:59.556	2025-09-29 08:54:59.556
5ac24afc-08dc-4dc4-b579-83201684fe1d	be0be8e4-eae8-49cb-897f-e3d5d955affa	Barrows, Turcotte and Medhurst	Product Manager	Damno stipes depereo totam odit officia beneficium uxor. Absens contra talis absque vulticulus creber.	2025-07-12 20:30:50.923	2025-09-06 02:01:10.76	f	2025-09-29 08:54:59.558	2025-09-29 08:54:59.558
\.


--
-- Data for Name: _prisma_migrations; Type: TABLE DATA; Schema: public; Owner: -
--

COPY public._prisma_migrations (id, checksum, finished_at, migration_name, logs, rolled_back_at, started_at, applied_steps_count) FROM stdin;
9c989b44-739a-4748-8221-9e0254009e40	e572dd1268208af14101d806024af9c1955aa74a4d86a9edc32e53bfaae605cb	2025-09-04 13:52:41.688116+01	20250904125241_init	\N	\N	2025-09-04 13:52:41.473525+01	1
9d611722-4d7f-4567-9f35-3d476985bd27	b9e93f0c1033919e5f696a66e64c1f8a5b4201ce3f335d00f87a629b8b4282d7	2025-09-06 22:23:59.862535+01	20250906212359_add_shortlist_timestamp	\N	\N	2025-09-06 22:23:59.637942+01	1
dafe6ad4-ffcc-48c0-a0e5-dc3621d0c7ca	ced5196bbf70e9cc6333a233576e2f41191ac859b4827bf7cb02f30d60c96d4c	2025-09-16 13:14:57.493517+01	20250916121457_add_job_limit_to_plans	\N	\N	2025-09-16 13:14:57.400299+01	1
7fa17ae4-2fe2-44dc-982f-6c2c9eddb5c3	74696d2589aa4342014d4fc1b087153e6581dbc4dbe90f029e759e32f6db397d	2025-09-08 00:33:45.898788+01	20250907233345_add_candidate_document_keys	\N	\N	2025-09-08 00:33:45.84607+01	1
7bf6b164-24de-4b52-b8d8-82fcfd6f7714	8131555b9b0d3f2bc6545aea50d56948b9bf8f60d733e3a04057b2428445ba3a	2025-09-09 22:21:17.392988+01	20250909212117_add_experience_education_models	\N	\N	2025-09-09 22:21:17.07994+01	1
33c87ba3-f5eb-48d3-9521-caaa7bb9a5a6	14a7f81128a0e3501d5a1467ed46ded51fe6c013003d15cc70579c75387ef750	2025-09-25 11:19:33.977805+01	20250925101933_add_password_reset_flag	\N	\N	2025-09-25 11:19:33.580191+01	1
846224e4-ab84-40fa-a4f0-39757936fcae	382b627c27e7bacc9d05b1210e3133a3f014082e1b68091d28243f52ce84b2d5	2025-09-13 13:40:05.514964+01	20250913124005_add_message_read_receipts	\N	\N	2025-09-13 13:40:05.422104+01	1
a6993828-c05c-4f61-9141-0a630456febf	7ef760135e658f1a50a452d9adb6bfa0fb27c147dfa170c3e4ff5ede8861adb0	2025-09-16 14:30:33.219856+01	20250916133032_add_invitation_system	\N	\N	2025-09-16 14:30:32.6819+01	1
5410162d-da7c-4c66-a734-813ca2ff9ad4	d7413eb359fe6bbbcab00b9469afcd79c581c2066abdbe91bc25ce4d3340ab75	2025-09-13 16:27:35.455226+01	20250913152735_add_notification_model	\N	\N	2025-09-13 16:27:35.224722+01	1
fa11c401-f947-45e3-ab7d-f99a86561705	a428d41466248740f018749795714fc77a82f8740975cac436d3cf4e38bc3898	2025-09-13 23:43:52.565651+01	20250913224352_add_notification_type	\N	\N	2025-09-13 23:43:52.398435+01	1
ef10699c-0ab4-4da1-8b09-973830b4f4fc	fef607b8c88f6bb4279cbdb9b5e5560e26e455757b254b9b64e97fc3fc055939	2025-09-14 23:41:30.618785+01	20250914224130_add_meta_to_notifications	\N	\N	2025-09-14 23:41:30.581923+01	1
9c0fa8c5-af98-457a-aca0-c476273bf278	331e78f64c992b3b14d4b60125224482b81b2aec1dc4a8255b26ee7b71a7abbf	2025-09-17 22:05:01.842772+01	20250917210501_add_position_skill_relation	\N	\N	2025-09-17 22:05:01.185381+01	1
99ba647d-617f-4601-8a6e-a2f66ebc63f7	5e708114a88a357dfe4ee0305e4a7223eb1819f6ed371f53e07dcf5e671c9334	2025-09-15 13:25:18.992777+01	20250915122518_add_stripe_price_id	\N	\N	2025-09-15 13:25:18.77795+01	1
01f4af0f-9f05-4a30-bd05-658e2a0a871c	a961073d121965acf821aa267ad75733a39b65717d483020253e184aae700d95	2025-09-15 15:33:46.366222+01	20250915143345_remove_subscription_startdate	\N	\N	2025-09-15 15:33:45.396888+01	1
1894caea-6c6b-4ab4-b29e-5f69e457cd2c	f45aa01b07c0e68b5c206291ce43e315d221d9d44d3cf6c816f280e25d19c320	2025-09-15 15:56:33.285113+01	20250915145633_make_stripe_current_period_end_optional	\N	\N	2025-09-15 15:56:33.265716+01	1
5b8ab782-bad6-40b7-8809-d92824625da9	935e9a7fe8265d030052f2a069736447b2a25a6fb906a7f92d8dea8e7294a545	2025-09-19 11:28:06.339208+01	20250919102806_add_agency_domain	\N	\N	2025-09-19 11:28:06.165868+01	1
076b0caf-d177-4b1a-a03d-769ada6c23ca	5693d3f1cfcc4bdd478e3a7ea7832b4eab8e25b2904eda82207dda36f9073ca0	2025-09-16 09:25:37.333526+01	20250916082536_add_industry_model	\N	\N	2025-09-16 09:25:36.180633+01	1
fe0e18a6-b60d-429d-8108-205dd5e4b5fe	cb036e00f9d1e40f25bc40230ed0530c64131239064fe5554084ad9aaf5fce95	2025-09-16 10:08:07.735832+01	20250916090803_add_agency_industry_relation	\N	\N	2025-09-16 10:08:04.015574+01	1
38614c85-3cb9-4d5b-a87f-43131af127c1	2777d3d14f47bc901821ee3281431ceb81c5d4f9e266cca5f1ba861715c5286d	2025-09-26 15:41:47.070817+01	20250926144146_add_onboarding_flag_to_candidate	\N	\N	2025-09-26 15:41:46.895375+01	1
9a3caf39-3bbd-4f02-9e21-041730f51234	b49412a6666b71239ccbe667c542543cf1898e7e9c9ddda872a2920524bc0574	2025-09-22 23:52:22.056322+01	20250922225221_add_admin_foundations	\N	\N	2025-09-22 23:52:21.502026+01	1
fff853ed-427c-4f0e-832e-6b475275b3af	e92d6ca6716ee629cde30fe3430667a2a590ae40933658f2518b830840ecf29e	2025-09-23 08:18:18.19526+01	20250923071817_add_activity_log	\N	\N	2025-09-23 08:18:17.778416+01	1
2086a0c4-8395-4a16-88b8-a1f1cff7f91e	6ef785de2b78692fddd3349c39cb1a3c881ba5a39c3fbe862c14528a2b05350e	2025-09-24 14:30:31.885497+01	20250924133031_add_hired_status	\N	\N	2025-09-24 14:30:31.758966+01	1
21bdeea2-0f86-43f9-b076-473818921fdd	29cdff5d7ee96eb2cc65987a9fdac9afbdbfc70cc55348206ad9d4f7030675d9	2025-09-27 00:54:45.579532+01	20250926235445_add_onboarding_flag_to_agency	\N	\N	2025-09-27 00:54:45.466821+01	1
9ea05aef-a1f1-4efe-b87d-283f467c2105	1f4a40e80aaa3e3715d61b720bd7cd0b32dee96d0d1fcb5b0b2891c443a329ae	2025-09-25 00:45:28.911514+01	20250924234528_add_super_admin_role	\N	\N	2025-09-25 00:45:28.852749+01	1
0782e75b-d86e-44d4-8a9d-33ccf16bfbd4	6f5a5b0b13c894524bdacfb9d0252eaa0305c18d98a83f6b4e2ada9536d6d670	2025-09-27 03:54:24.220047+01	20250927025424_add_admin_onboarding_flag	\N	\N	2025-09-27 03:54:24.073779+01	1
375cd2d0-9972-4c2c-b612-49d0aa5e5e67	14a87b86163a4e8d799c9e37a84d000caecbbc2086b4faa7524685d8bbc68254	2025-10-04 03:56:14.359918+01	20251004025614_add_2fa_to_users	\N	\N	2025-10-04 03:56:14.198743+01	1
\.


--
-- Name: Industry_id_seq; Type: SEQUENCE SET; Schema: public; Owner: -
--

SELECT pg_catalog.setval('public."Industry_id_seq"', 636, true);


--
-- Name: LocationLGA_id_seq; Type: SEQUENCE SET; Schema: public; Owner: -
--

SELECT pg_catalog.setval('public."LocationLGA_id_seq"', 2322, true);


--
-- Name: LocationState_id_seq; Type: SEQUENCE SET; Schema: public; Owner: -
--

SELECT pg_catalog.setval('public."LocationState_id_seq"', 111, true);


--
-- Name: Skill_id_seq; Type: SEQUENCE SET; Schema: public; Owner: -
--

SELECT pg_catalog.setval('public."Skill_id_seq"', 253, true);


--
-- PostgreSQL database dump complete
--

