--
-- PostgreSQL database dump
--

-- Dumped from database version 17.4
-- Dumped by pg_dump version 17.4

SET statement_timeout = 0;
SET lock_timeout = 0;
SET idle_in_transaction_session_timeout = 0;
SET transaction_timeout = 0;
SET client_encoding = 'UTF8';
SET standard_conforming_strings = on;
SELECT pg_catalog.set_config('search_path', '', false);
SET check_function_bodies = false;
SET xmloption = content;
SET client_min_messages = warning;
SET row_security = off;

--
-- Data for Name: User; Type: TABLE DATA; Schema: public; Owner: -
--

COPY public."User" (id, email, phone, "passwordHash", role, "emailVerifiedAt", status, "createdAt", "updatedAt", "passwordResetRequired", "hasCompletedAdminOnboarding", "isTwoFactorEnabled", "twoFactorSecret") FROM stdin;
24561236-b941-4ff8-ad41-b9b71adcafdd	support@ppalink.com	\N	$argon2id$v=19$m=65536,t=3,p=4$aM2FsjKjTTJVChoYLzgOzQ$G86fbtF4p1HaYJJ9+xDMdzDEAmYM/RtREVVZFd9TyaM	SUPER_ADMIN	2025-09-23 01:46:58.475	ACTIVE	2025-09-23 09:32:44.74	2025-10-06 03:46:47.479	f	t	f	\N
fcd910ed-f411-4524-bdb1-23de83a9e4d1	ezetaj@gmail.com	\N	$argon2id$v=19$m=65536,t=3,p=4$YtaIOT3kOhLeD2F444ftRQ$ob0tm3ekK4BOiYKLZgPH/CuV5yDELL9Rr3z+eAm4nTI	ADMIN	\N	ACTIVE	2025-09-05 08:05:35.134	2025-09-08 00:17:57.501	f	f	f	\N
070d5e75-f512-4fec-a540-d23cf94e282e	adeola.mustapha@yahoo.com	+2348045981615	$2b$10$FVlJvo0GGmUV7oRGykCoLuVu4nQ0APFHF73ic7U7BXIvD0fhKNJZG	CANDIDATE	2025-10-07 11:54:23.666	ACTIVE	2025-10-07 11:54:23.679	2025-10-07 11:54:23.679	f	f	f	\N
89a9cdb9-7fc4-4652-9f96-a2dc54fd1709	chika.cook@yahoo.com	+2348047111957	$2b$10$FVlJvo0GGmUV7oRGykCoLuVu4nQ0APFHF73ic7U7BXIvD0fhKNJZG	CANDIDATE	2025-10-07 11:54:23.699	ACTIVE	2025-10-07 11:54:23.71	2025-10-07 11:54:23.71	f	f	f	\N
540376ca-5d21-4f18-899a-8b404578a53b	david.ibori96@gmail.com	+2348028913030	$2b$10$FVlJvo0GGmUV7oRGykCoLuVu4nQ0APFHF73ic7U7BXIvD0fhKNJZG	CANDIDATE	2025-10-07 11:54:23.719	ACTIVE	2025-10-07 11:54:23.73	2025-10-07 11:54:23.73	f	t	f	\N
08a22e41-a1c9-4350-bc2f-69f5ceff62f2	sadiq_ibori@gmail.com	+2348096739630	$2b$10$FVlJvo0GGmUV7oRGykCoLuVu4nQ0APFHF73ic7U7BXIvD0fhKNJZG	CANDIDATE	2025-10-07 11:54:23.739	ACTIVE	2025-10-07 11:54:23.751	2025-10-07 11:54:23.751	f	f	f	\N
9e6a238a-2982-42e6-b7df-4bc1cb4e1185	mustapha.osagie13@hotmail.com	+2348032645150	$2b$10$FVlJvo0GGmUV7oRGykCoLuVu4nQ0APFHF73ic7U7BXIvD0fhKNJZG	CANDIDATE	2025-10-07 11:54:23.757	ACTIVE	2025-10-07 11:54:23.768	2025-10-07 11:54:23.768	f	t	f	\N
aa965365-6bb3-4a16-b08c-8881d8bf335b	chukwuemeka.brown77@hotmail.com	+2348083943914	$2b$10$FVlJvo0GGmUV7oRGykCoLuVu4nQ0APFHF73ic7U7BXIvD0fhKNJZG	CANDIDATE	2025-10-07 11:54:23.777	ACTIVE	2025-10-07 11:54:23.788	2025-10-07 11:54:23.788	f	t	f	\N
83d6be8e-6bca-431f-9a30-6aadcc912571	joseph.okojie89@hotmail.com	+2348082772447	$2b$10$FVlJvo0GGmUV7oRGykCoLuVu4nQ0APFHF73ic7U7BXIvD0fhKNJZG	CANDIDATE	2025-10-07 11:54:23.794	ACTIVE	2025-10-07 11:54:23.806	2025-10-07 11:54:23.806	f	f	f	\N
75f79482-90f3-4fd8-a451-5ef5ba780da0	chinonso_abiodun@hotmail.com	+2348086943172	$2b$10$FVlJvo0GGmUV7oRGykCoLuVu4nQ0APFHF73ic7U7BXIvD0fhKNJZG	CANDIDATE	2025-10-07 11:54:23.81	ACTIVE	2025-10-07 11:54:23.822	2025-10-07 11:54:23.822	f	f	f	\N
f88f40e1-147c-47eb-95d1-8b0cc75f4b4a	habiba_mustapha50@yahoo.com	+2348028427924	$2b$10$FVlJvo0GGmUV7oRGykCoLuVu4nQ0APFHF73ic7U7BXIvD0fhKNJZG	CANDIDATE	2025-10-07 11:54:23.824	ACTIVE	2025-10-07 11:54:23.835	2025-10-07 11:54:23.835	f	f	f	\N
c40bb2b6-b57d-4383-8a7c-5d6c3c3f84ad	joanna.osagie51@gmail.com	+2348077967835	$2b$10$FVlJvo0GGmUV7oRGykCoLuVu4nQ0APFHF73ic7U7BXIvD0fhKNJZG	CANDIDATE	2025-10-07 11:54:23.841	ACTIVE	2025-10-07 11:54:23.853	2025-10-07 11:54:23.853	f	t	f	\N
bab33cd5-7ab3-458d-b631-3a457071107b	benjamin_nelson46@yahoo.com	+2348094667902	$2b$10$FVlJvo0GGmUV7oRGykCoLuVu4nQ0APFHF73ic7U7BXIvD0fhKNJZG	CANDIDATE	2025-10-07 11:54:23.858	ACTIVE	2025-10-07 11:54:23.87	2025-10-07 11:54:23.87	f	f	f	\N
2e4fd6f0-3b02-49e9-9d55-25267ac63a61	rachel_ekanem60@hotmail.com	+2348065500843	$2b$10$FVlJvo0GGmUV7oRGykCoLuVu4nQ0APFHF73ic7U7BXIvD0fhKNJZG	CANDIDATE	2025-10-07 11:54:23.874	ACTIVE	2025-10-07 11:54:23.886	2025-10-07 11:54:23.886	f	f	f	\N
b2789b82-b6c9-4801-9ed1-f3e80ef93f62	samuel_okon@gmail.com	+2348021371165	$2b$10$FVlJvo0GGmUV7oRGykCoLuVu4nQ0APFHF73ic7U7BXIvD0fhKNJZG	CANDIDATE	2025-10-07 11:54:23.893	ACTIVE	2025-10-07 11:54:23.904	2025-10-07 11:54:23.904	f	t	f	\N
7136cbbe-30fe-4e58-93b1-33fb6e12bb8e	priscilla_roberts@yahoo.com	+2348069838466	$2b$10$FVlJvo0GGmUV7oRGykCoLuVu4nQ0APFHF73ic7U7BXIvD0fhKNJZG	CANDIDATE	2025-10-07 11:54:23.907	ACTIVE	2025-10-07 11:54:23.918	2025-10-07 11:54:23.918	f	t	f	\N
b6649924-6768-4ed1-aaf1-47a0e043d0ce	obinna_nnamani@gmail.com	+2348020194924	$2b$10$FVlJvo0GGmUV7oRGykCoLuVu4nQ0APFHF73ic7U7BXIvD0fhKNJZG	CANDIDATE	2025-10-07 11:54:23.924	ACTIVE	2025-10-07 11:54:23.935	2025-10-07 11:54:23.935	f	t	f	\N
43bb336a-93d9-4d31-9e3d-ccc96aed3fd0	yusuf_oluwaseun53@gmail.com	+2348048224303	$2b$10$FVlJvo0GGmUV7oRGykCoLuVu4nQ0APFHF73ic7U7BXIvD0fhKNJZG	CANDIDATE	2025-10-07 11:54:23.937	ACTIVE	2025-10-07 11:54:23.949	2025-10-07 11:54:23.949	f	t	f	\N
c1cfe44e-a176-474b-bf35-48398dca09c9	tedunjaiyeseun@gmail.com	\N	$argon2id$v=19$m=65536,t=3,p=4$Rp024XMb8bTU0WrnuQ+UFw$n2EfYDWN5gm/Co9gwFlQpxWhtnFvse1Ur/d7kXlK/aM	AGENCY	\N	ACTIVE	2025-09-17 20:07:32.282	2025-09-17 20:07:32.282	f	f	f	\N
a7a0a894-3568-423f-a0df-ba8b47f5bdad	mary.reed96@yahoo.com	+2348025675509	$2b$10$FVlJvo0GGmUV7oRGykCoLuVu4nQ0APFHF73ic7U7BXIvD0fhKNJZG	CANDIDATE	2025-10-07 11:54:23.957	ACTIVE	2025-10-07 11:54:23.969	2025-10-07 11:54:23.969	f	f	f	\N
097944c2-3582-4220-ade4-4a93ab404375	adinkems@gmail.com	\N	$argon2id$v=19$m=65536,t=3,p=4$lJ8G2lXO24OnXyLsLeZdtg$a759APkYcPau2rJR2rUHNLSBIN5AWniF8JWeBK2aKUI	AGENCY	\N	ACTIVE	2025-09-05 08:06:38.202	2025-09-23 01:28:25.468	f	f	f	\N
5900ca1a-625c-4a14-8331-ee286900ad73	tedunjaiyem@gmail.com	07046015410	$argon2id$v=19$m=65536,t=3,p=4$aM2FsjKjTTJVChoYLzgOzQ$G86fbtF4p1HaYJJ9+xDMdzDEAmYM/RtREVVZFd9TyaM	CANDIDATE	2025-09-23 01:46:58.475	ACTIVE	2025-09-04 15:12:23.319	2025-09-23 01:46:58.477	f	f	f	\N
425fb147-747b-4238-b39c-e24955a755e2	samuel_lewis35@hotmail.com	+2348082973175	$2b$10$FVlJvo0GGmUV7oRGykCoLuVu4nQ0APFHF73ic7U7BXIvD0fhKNJZG	CANDIDATE	2025-10-07 11:54:23.974	ACTIVE	2025-10-07 11:54:23.985	2025-10-07 11:54:23.985	f	t	f	\N
459295d9-9960-4a22-a8a3-8ad12c585f96	tedfunmzy9@gmail.com	\N	$argon2id$v=19$m=65536,t=3,p=4$ndSYMCyIkTVl7mCcphEJxw$x3S689vyPYGE/Tc85KT1TylgeDko/QCtlHXOVGoTGn4	ADMIN	2025-09-25 12:34:58.648	ACTIVE	2025-09-25 12:34:58.651	2025-09-26 09:01:33.877	f	f	f	\N
08d3b0f3-b070-4a12-835d-49c9d47a330f	ikenna.ogunbiyi@yahoo.com	+2348088326418	$2b$10$FVlJvo0GGmUV7oRGykCoLuVu4nQ0APFHF73ic7U7BXIvD0fhKNJZG	CANDIDATE	2025-10-07 11:54:23.996	ACTIVE	2025-10-07 11:54:24.007	2025-10-07 11:54:24.007	f	t	f	\N
a4bbe94f-e863-4717-880e-b3a554208f3d	ireti_smith@yahoo.com	+2348069062570	$2b$10$FVlJvo0GGmUV7oRGykCoLuVu4nQ0APFHF73ic7U7BXIvD0fhKNJZG	CANDIDATE	2025-10-07 11:54:24.015	ACTIVE	2025-10-07 11:54:24.027	2025-10-07 11:54:24.027	f	f	f	\N
0a03e8e0-f896-49e7-ae48-33c102ed8922	toluwani.mustapha64@yahoo.com	+2348007298144	$2b$10$FVlJvo0GGmUV7oRGykCoLuVu4nQ0APFHF73ic7U7BXIvD0fhKNJZG	CANDIDATE	2025-10-07 11:54:24.033	ACTIVE	2025-10-07 11:54:24.044	2025-10-07 11:54:24.044	f	f	f	\N
9aae48e7-9c01-48b1-944d-b4544bbff18a	timothy.abiola@hotmail.com	+2348071086944	$2b$10$FVlJvo0GGmUV7oRGykCoLuVu4nQ0APFHF73ic7U7BXIvD0fhKNJZG	CANDIDATE	2025-10-07 11:54:24.045	ACTIVE	2025-10-07 11:54:24.056	2025-10-07 11:54:24.056	f	f	f	\N
01848f0d-aa18-4104-a791-fab3cf0f7cbf	philip.morgan47@yahoo.com	+2348009497544	$2b$10$FVlJvo0GGmUV7oRGykCoLuVu4nQ0APFHF73ic7U7BXIvD0fhKNJZG	CANDIDATE	2025-10-07 11:54:24.063	ACTIVE	2025-10-07 11:54:24.075	2025-10-07 11:54:24.075	f	t	f	\N
529381fc-2e3c-46ec-ac21-6adc605871fe	oluwapelumi.morris@gmail.com	+2348018393442	$2b$10$FVlJvo0GGmUV7oRGykCoLuVu4nQ0APFHF73ic7U7BXIvD0fhKNJZG	CANDIDATE	2025-10-07 11:54:24.081	ACTIVE	2025-10-07 11:54:24.093	2025-10-07 11:54:24.093	f	f	f	\N
5f07a909-1664-440b-bd79-c3d831a6f90f	mary.balogun86@yahoo.com	+2348086961181	$2b$10$FVlJvo0GGmUV7oRGykCoLuVu4nQ0APFHF73ic7U7BXIvD0fhKNJZG	CANDIDATE	2025-10-07 11:54:24.099	ACTIVE	2025-10-07 11:54:24.11	2025-10-07 11:54:24.11	f	f	f	\N
cf60746c-e6ee-48a4-8f5b-840b35375d18	aderonke_okoye69@hotmail.com	+2348018130592	$2b$10$FVlJvo0GGmUV7oRGykCoLuVu4nQ0APFHF73ic7U7BXIvD0fhKNJZG	CANDIDATE	2025-10-07 11:54:24.116	ACTIVE	2025-10-07 11:54:24.128	2025-10-07 11:54:24.128	f	t	f	\N
b03bd9b9-eaa1-4181-912d-8bda864e1f08	dunjaiye@yahoo.com	\N	$argon2id$v=19$m=65536,t=3,p=4$b5Epu/phLC8wxWbKSpgj5w$RjgGAJlakfx5/aIB1bsID7ZVUwEENjcl68vpm7lRu2E	CANDIDATE	\N	ACTIVE	2025-09-26 23:15:33.26	2025-09-26 23:15:33.26	f	f	f	\N
df7047c2-755f-4625-86eb-cd4612d2f140	timothy.ogunbiyi71@gmail.com	+2348069567116	$2b$10$FVlJvo0GGmUV7oRGykCoLuVu4nQ0APFHF73ic7U7BXIvD0fhKNJZG	CANDIDATE	2025-10-07 11:54:24.133	ACTIVE	2025-10-07 11:54:24.145	2025-10-07 11:54:24.145	f	t	f	\N
73a60097-d32f-4598-aa4c-8a21b249a494	elizabeth.brooks17@gmail.com	+2348021785225	$2b$10$FVlJvo0GGmUV7oRGykCoLuVu4nQ0APFHF73ic7U7BXIvD0fhKNJZG	CANDIDATE	2025-10-07 11:54:24.15	ACTIVE	2025-10-07 11:54:24.162	2025-10-07 11:54:24.162	f	t	f	\N
3a397c0f-a1db-42a3-b216-171fd68964ef	chukwuemeka_onyekachi84@gmail.com	+2348084359576	$2b$10$FVlJvo0GGmUV7oRGykCoLuVu4nQ0APFHF73ic7U7BXIvD0fhKNJZG	CANDIDATE	2025-10-07 11:54:24.167	ACTIVE	2025-10-07 11:54:24.178	2025-10-07 11:54:24.178	f	t	f	\N
855ab2a4-f4c7-469a-9faf-a9dd316e88a1	peter.smith@yahoo.com	+2348071176092	$2b$10$FVlJvo0GGmUV7oRGykCoLuVu4nQ0APFHF73ic7U7BXIvD0fhKNJZG	CANDIDATE	2025-10-07 11:54:24.181	ACTIVE	2025-10-07 11:54:24.193	2025-10-07 11:54:24.193	f	f	f	\N
f85a8f82-7fd5-4d5a-b079-32033bbc1109	joanna.morris76@gmail.com	+2348009993511	$2b$10$FVlJvo0GGmUV7oRGykCoLuVu4nQ0APFHF73ic7U7BXIvD0fhKNJZG	CANDIDATE	2025-10-07 11:54:24.197	ACTIVE	2025-10-07 11:54:24.208	2025-10-07 11:54:24.208	f	t	f	\N
b6e6ef12-2030-4757-af39-8e936e24d394	ifeanyi.ward0@gmail.com	+2348091229290	$2b$10$FVlJvo0GGmUV7oRGykCoLuVu4nQ0APFHF73ic7U7BXIvD0fhKNJZG	CANDIDATE	2025-10-07 11:54:24.218	ACTIVE	2025-10-07 11:54:24.23	2025-10-07 11:54:24.23	f	f	f	\N
7f7732f1-2b56-4ac2-b18c-7fbdebca2b46	mark.ogunleye@yahoo.com	+2348078733462	$2b$10$FVlJvo0GGmUV7oRGykCoLuVu4nQ0APFHF73ic7U7BXIvD0fhKNJZG	CANDIDATE	2025-10-07 11:54:24.241	ACTIVE	2025-10-07 11:54:24.253	2025-10-07 11:54:24.253	f	f	f	\N
c74932fc-6e2d-42ba-93de-c854e964034d	chibuzor.turner75@hotmail.com	+2348019480653	$2b$10$FVlJvo0GGmUV7oRGykCoLuVu4nQ0APFHF73ic7U7BXIvD0fhKNJZG	CANDIDATE	2025-10-07 11:54:24.263	ACTIVE	2025-10-07 11:54:24.274	2025-10-07 11:54:24.274	f	f	f	\N
423cfa7a-f71f-49c9-a5bd-5d27b10cded8	temitope_akinwale81@gmail.com	+2348067933015	$2b$10$FVlJvo0GGmUV7oRGykCoLuVu4nQ0APFHF73ic7U7BXIvD0fhKNJZG	CANDIDATE	2025-10-07 11:54:24.283	ACTIVE	2025-10-07 11:54:24.294	2025-10-07 11:54:24.294	f	t	f	\N
2703d7b8-cb58-4f72-af1c-d729000117bc	babatunde.eze29@hotmail.com	+2348090418411	$2b$10$FVlJvo0GGmUV7oRGykCoLuVu4nQ0APFHF73ic7U7BXIvD0fhKNJZG	CANDIDATE	2025-10-07 11:54:24.301	ACTIVE	2025-10-07 11:54:24.312	2025-10-07 11:54:24.312	f	f	f	\N
a3ca6666-f744-4710-8283-58e153e1178b	kehinde.mohammed@yahoo.com	+2348031579230	$2b$10$FVlJvo0GGmUV7oRGykCoLuVu4nQ0APFHF73ic7U7BXIvD0fhKNJZG	CANDIDATE	2025-10-07 11:54:24.32	ACTIVE	2025-10-07 11:54:24.332	2025-10-07 11:54:24.332	f	f	f	\N
48b388ab-3383-4887-a71f-e8ade65fdb2c	martha.okoye@yahoo.com	+2348012097429	$2b$10$FVlJvo0GGmUV7oRGykCoLuVu4nQ0APFHF73ic7U7BXIvD0fhKNJZG	CANDIDATE	2025-10-07 11:54:24.34	ACTIVE	2025-10-07 11:54:24.351	2025-10-07 11:54:24.351	f	t	f	\N
97eb11bb-e971-435c-b493-778a024175a5	halima.chukwuma@gmail.com	+2348008094458	$2b$10$FVlJvo0GGmUV7oRGykCoLuVu4nQ0APFHF73ic7U7BXIvD0fhKNJZG	CANDIDATE	2025-10-07 11:54:24.358	ACTIVE	2025-10-07 11:54:24.37	2025-10-07 11:54:24.37	f	f	f	\N
e8f0c83e-86cc-4ba2-a6cc-7655068e513e	caleb_olorunfemi@yahoo.com	+2348027696559	$2b$10$FVlJvo0GGmUV7oRGykCoLuVu4nQ0APFHF73ic7U7BXIvD0fhKNJZG	CANDIDATE	2025-10-07 11:54:24.379	ACTIVE	2025-10-07 11:54:24.39	2025-10-07 11:54:24.39	f	t	f	\N
682b031d-4222-4fa0-ad0c-c049c6ae6268	saheed.mitchell87@gmail.com	+2348095981201	$2b$10$FVlJvo0GGmUV7oRGykCoLuVu4nQ0APFHF73ic7U7BXIvD0fhKNJZG	CANDIDATE	2025-10-07 11:54:24.396	ACTIVE	2025-10-07 11:54:24.408	2025-10-07 11:54:24.408	f	f	f	\N
aa734a58-02b3-4139-bd68-05ce98b5ec75	david.aliyu45@hotmail.com	+2348049133394	$2b$10$FVlJvo0GGmUV7oRGykCoLuVu4nQ0APFHF73ic7U7BXIvD0fhKNJZG	CANDIDATE	2025-10-07 11:54:24.413	ACTIVE	2025-10-07 11:54:24.425	2025-10-07 11:54:24.425	f	f	f	\N
5f8977a7-c7bd-4c04-99bd-edf650b4cb2b	ifeanyi.allen26@gmail.com	+2348029597330	$2b$10$FVlJvo0GGmUV7oRGykCoLuVu4nQ0APFHF73ic7U7BXIvD0fhKNJZG	CANDIDATE	2025-10-07 11:54:24.428	ACTIVE	2025-10-07 11:54:24.44	2025-10-07 11:54:24.44	f	t	f	\N
2d18dcd8-e4df-4396-95e6-3d303f10f82b	rebecca.foster9@hotmail.com	+2348035905621	$2b$10$FVlJvo0GGmUV7oRGykCoLuVu4nQ0APFHF73ic7U7BXIvD0fhKNJZG	CANDIDATE	2025-10-07 11:54:24.442	ACTIVE	2025-10-07 11:54:24.453	2025-10-07 11:54:24.453	f	t	f	\N
31d3609d-8870-4438-af6c-21b9c85a0006	chinonso.evans22@yahoo.com	+2348019747137	$2b$10$FVlJvo0GGmUV7oRGykCoLuVu4nQ0APFHF73ic7U7BXIvD0fhKNJZG	CANDIDATE	2025-10-07 11:54:24.452	ACTIVE	2025-10-07 11:54:24.464	2025-10-07 11:54:24.464	f	f	f	\N
69f0ff86-e9ec-45aa-b168-d6ac44ac5f26	oghenekaro.ogedengbe77@gmail.com	+2348022987543	$2b$10$FVlJvo0GGmUV7oRGykCoLuVu4nQ0APFHF73ic7U7BXIvD0fhKNJZG	CANDIDATE	2025-10-07 11:54:24.467	ACTIVE	2025-10-07 11:54:24.479	2025-10-07 11:54:24.479	f	t	f	\N
483c52a2-dccd-499a-9938-72414d09c1d1	james.ogunleye@hotmail.com	+2348092769485	$2b$10$FVlJvo0GGmUV7oRGykCoLuVu4nQ0APFHF73ic7U7BXIvD0fhKNJZG	CANDIDATE	2025-10-07 11:54:24.48	ACTIVE	2025-10-07 11:54:24.492	2025-10-07 11:54:24.492	f	t	f	\N
4643a038-d3c2-47aa-9ba3-f764a18c57f6	toluwani_brown@yahoo.com	+2348069914779	$2b$10$FVlJvo0GGmUV7oRGykCoLuVu4nQ0APFHF73ic7U7BXIvD0fhKNJZG	CANDIDATE	2025-10-07 11:54:24.497	ACTIVE	2025-10-07 11:54:24.509	2025-10-07 11:54:24.509	f	t	f	\N
5f5b56d6-c27f-44f5-9857-27a217b528f5	jonathan.oluwaseun91@hotmail.com	+2348020996214	$2b$10$FVlJvo0GGmUV7oRGykCoLuVu4nQ0APFHF73ic7U7BXIvD0fhKNJZG	CANDIDATE	2025-10-07 11:54:24.519	ACTIVE	2025-10-07 11:54:24.53	2025-10-07 11:54:24.53	f	f	f	\N
0190b634-5ae1-4641-81ac-ec0c2367658c	james_adams38@yahoo.com	+2348001313869	$2b$10$FVlJvo0GGmUV7oRGykCoLuVu4nQ0APFHF73ic7U7BXIvD0fhKNJZG	CANDIDATE	2025-10-07 11:54:24.534	ACTIVE	2025-10-07 11:54:24.546	2025-10-07 11:54:24.546	f	f	f	\N
890fa490-e89d-4bcd-95ef-da35d9fe169e	samuel.anyanwu@yahoo.com	+2348090338931	$2b$10$FVlJvo0GGmUV7oRGykCoLuVu4nQ0APFHF73ic7U7BXIvD0fhKNJZG	CANDIDATE	2025-10-07 11:54:24.551	ACTIVE	2025-10-07 11:54:24.562	2025-10-07 11:54:24.562	f	f	f	\N
8e3a6579-25ec-48b6-91c6-b1d70c3ceede	halima.parker53@gmail.com	+2348001603377	$2b$10$FVlJvo0GGmUV7oRGykCoLuVu4nQ0APFHF73ic7U7BXIvD0fhKNJZG	CANDIDATE	2025-10-07 11:54:24.57	ACTIVE	2025-10-07 11:54:24.582	2025-10-07 11:54:24.582	f	f	f	\N
a84b2115-9a2e-4f6f-9f08-fec831d38753	chisom_okoye65@yahoo.com	+2348065965197	$2b$10$FVlJvo0GGmUV7oRGykCoLuVu4nQ0APFHF73ic7U7BXIvD0fhKNJZG	CANDIDATE	2025-10-07 11:54:24.584	ACTIVE	2025-10-07 11:54:24.595	2025-10-07 11:54:24.595	f	f	f	\N
ed353599-1e99-43f2-8346-5fec96b73f6b	luke_nwachukwu@gmail.com	+2348091211636	$2b$10$FVlJvo0GGmUV7oRGykCoLuVu4nQ0APFHF73ic7U7BXIvD0fhKNJZG	CANDIDATE	2025-10-07 11:54:24.601	ACTIVE	2025-10-07 11:54:24.612	2025-10-07 11:54:24.612	f	t	f	\N
6a2e3419-fda9-41b7-8711-0ed508fc5846	phoebe.okafor@yahoo.com	+2348023331661	$2b$10$FVlJvo0GGmUV7oRGykCoLuVu4nQ0APFHF73ic7U7BXIvD0fhKNJZG	CANDIDATE	2025-10-07 11:54:24.621	ACTIVE	2025-10-07 11:54:24.633	2025-10-07 11:54:24.633	f	t	f	\N
ca237ce2-df56-4c74-952c-2d2d30cf1d24	ezinne_nnamani@hotmail.com	+2348023043222	$2b$10$FVlJvo0GGmUV7oRGykCoLuVu4nQ0APFHF73ic7U7BXIvD0fhKNJZG	CANDIDATE	2025-10-07 11:54:24.636	ACTIVE	2025-10-07 11:54:24.648	2025-10-07 11:54:24.648	f	f	f	\N
3aee695e-cecc-43ee-bef1-9464b0f51c9b	adebimpe_osagie70@hotmail.com	+2348030901240	$2b$10$FVlJvo0GGmUV7oRGykCoLuVu4nQ0APFHF73ic7U7BXIvD0fhKNJZG	CANDIDATE	2025-10-07 11:54:24.656	ACTIVE	2025-10-07 11:54:24.667	2025-10-07 11:54:24.667	f	f	f	\N
eaa48451-f609-4293-8b3b-ed7aabdcd470	ezinne_morris@yahoo.com	+2348065750563	$2b$10$FVlJvo0GGmUV7oRGykCoLuVu4nQ0APFHF73ic7U7BXIvD0fhKNJZG	CANDIDATE	2025-10-07 11:54:24.673	ACTIVE	2025-10-07 11:54:24.684	2025-10-07 11:54:24.684	f	t	f	\N
228896ab-d92e-49bb-9771-e466bbc59c7d	grace_danladi8@gmail.com	+2348008248142	$2b$10$FVlJvo0GGmUV7oRGykCoLuVu4nQ0APFHF73ic7U7BXIvD0fhKNJZG	CANDIDATE	2025-10-07 11:54:24.689	ACTIVE	2025-10-07 11:54:24.701	2025-10-07 11:54:24.701	f	t	f	\N
2a31f69b-0389-4679-8d59-0acec9b104e0	caleb_taylor@yahoo.com	+2348074580970	$2b$10$FVlJvo0GGmUV7oRGykCoLuVu4nQ0APFHF73ic7U7BXIvD0fhKNJZG	CANDIDATE	2025-10-07 11:54:24.704	ACTIVE	2025-10-07 11:54:24.716	2025-10-07 11:54:24.716	f	f	f	\N
0d4f853e-1675-4502-b659-7d1cab58dd5c	habiba_parker@yahoo.com	+2348013568861	$2b$10$FVlJvo0GGmUV7oRGykCoLuVu4nQ0APFHF73ic7U7BXIvD0fhKNJZG	CANDIDATE	2025-10-07 11:54:24.721	ACTIVE	2025-10-07 11:54:24.732	2025-10-07 11:54:24.732	f	t	f	\N
4a6e63a8-d93b-454e-a64e-43b9c1b47ad3	phoebe.suleiman@hotmail.com	+2348076157937	$2b$10$FVlJvo0GGmUV7oRGykCoLuVu4nQ0APFHF73ic7U7BXIvD0fhKNJZG	CANDIDATE	2025-10-07 11:54:24.739	ACTIVE	2025-10-07 11:54:24.751	2025-10-07 11:54:24.751	f	t	f	\N
356c33da-8c5d-40a7-9ed9-8f899576fdaa	anna_okojie@hotmail.com	+2348089502829	$2b$10$FVlJvo0GGmUV7oRGykCoLuVu4nQ0APFHF73ic7U7BXIvD0fhKNJZG	CANDIDATE	2025-10-07 11:54:24.758	ACTIVE	2025-10-07 11:54:24.769	2025-10-07 11:54:24.769	f	f	f	\N
22388fce-cc8d-4721-8945-ea87194d9e9f	ruth.nnamani@yahoo.com	+2348026686591	$2b$10$FVlJvo0GGmUV7oRGykCoLuVu4nQ0APFHF73ic7U7BXIvD0fhKNJZG	CANDIDATE	2025-10-07 11:54:24.777	ACTIVE	2025-10-07 11:54:24.789	2025-10-07 11:54:24.789	f	t	f	\N
6515a85c-20db-4895-b103-e6ea0422a505	adebimpe.bamidele23@yahoo.com	+2348012300881	$2b$10$FVlJvo0GGmUV7oRGykCoLuVu4nQ0APFHF73ic7U7BXIvD0fhKNJZG	CANDIDATE	2025-10-07 11:54:24.8	ACTIVE	2025-10-07 11:54:24.812	2025-10-07 11:54:24.812	f	f	f	\N
b792c419-f0a8-4869-8635-9bcc6ed4da9e	caleb.morris57@hotmail.com	+2348001890994	$2b$10$FVlJvo0GGmUV7oRGykCoLuVu4nQ0APFHF73ic7U7BXIvD0fhKNJZG	CANDIDATE	2025-10-07 11:54:24.814	ACTIVE	2025-10-07 11:54:24.825	2025-10-07 11:54:24.825	f	f	f	\N
b1ef83b8-c8b4-4793-9f89-363aa3cd07cc	gbenga_roberts@yahoo.com	+2348074530568	$2b$10$FVlJvo0GGmUV7oRGykCoLuVu4nQ0APFHF73ic7U7BXIvD0fhKNJZG	CANDIDATE	2025-10-07 11:54:24.836	ACTIVE	2025-10-07 11:54:24.848	2025-10-07 11:54:24.848	f	f	f	\N
5a1a1bfc-9471-40e3-bfc5-8f6466402cb8	thomas_abiola37@hotmail.com	+2348031238806	$2b$10$FVlJvo0GGmUV7oRGykCoLuVu4nQ0APFHF73ic7U7BXIvD0fhKNJZG	CANDIDATE	2025-10-07 11:54:24.85	ACTIVE	2025-10-07 11:54:24.862	2025-10-07 11:54:24.862	f	t	f	\N
4705286d-fdc0-41ae-ad30-cc7f7ae05c09	timothy.nelson50@hotmail.com	+2348087264592	$2b$10$FVlJvo0GGmUV7oRGykCoLuVu4nQ0APFHF73ic7U7BXIvD0fhKNJZG	CANDIDATE	2025-10-07 11:54:24.866	ACTIVE	2025-10-07 11:54:24.878	2025-10-07 11:54:24.878	f	t	f	\N
bb1fcef7-df66-43b9-b72a-6e2b8d08c6f4	joshua_walker@gmail.com	+2348087269059	$2b$10$FVlJvo0GGmUV7oRGykCoLuVu4nQ0APFHF73ic7U7BXIvD0fhKNJZG	CANDIDATE	2025-10-07 11:54:24.886	ACTIVE	2025-10-07 11:54:24.898	2025-10-07 11:54:24.898	f	t	f	\N
b4824c98-d274-4543-93ff-c085ee5b03f7	aderonke_oyinlola88@gmail.com	+2348025661814	$2b$10$FVlJvo0GGmUV7oRGykCoLuVu4nQ0APFHF73ic7U7BXIvD0fhKNJZG	CANDIDATE	2025-10-07 11:54:24.906	ACTIVE	2025-10-07 11:54:24.918	2025-10-07 11:54:24.918	f	t	f	\N
2b6dadae-fcf3-401c-9b0c-a2d3e3d17bc1	funmilayo_danladi@yahoo.com	+2348071460309	$2b$10$FVlJvo0GGmUV7oRGykCoLuVu4nQ0APFHF73ic7U7BXIvD0fhKNJZG	CANDIDATE	2025-10-07 11:54:24.926	ACTIVE	2025-10-07 11:54:24.938	2025-10-07 11:54:24.938	f	t	f	\N
ceb23186-e03f-48ff-b971-d688e2873e97	ikenna.akinbiyi9@gmail.com	+2348083783686	$2b$10$FVlJvo0GGmUV7oRGykCoLuVu4nQ0APFHF73ic7U7BXIvD0fhKNJZG	CANDIDATE	2025-10-07 11:54:24.942	ACTIVE	2025-10-07 11:54:24.954	2025-10-07 11:54:24.954	f	t	f	\N
0436e4f5-326b-4313-b57d-8abbefcf971a	chimamanda.fashola31@gmail.com	+2348082969140	$2b$10$FVlJvo0GGmUV7oRGykCoLuVu4nQ0APFHF73ic7U7BXIvD0fhKNJZG	CANDIDATE	2025-10-07 11:54:24.958	ACTIVE	2025-10-07 11:54:24.969	2025-10-07 11:54:24.969	f	t	f	\N
c46d46b9-0947-468f-8df0-104ea3421fe4	samuel.adebayo@hotmail.com	+2348023059345	$2b$10$FVlJvo0GGmUV7oRGykCoLuVu4nQ0APFHF73ic7U7BXIvD0fhKNJZG	CANDIDATE	2025-10-07 11:54:24.973	ACTIVE	2025-10-07 11:54:24.985	2025-10-07 11:54:24.985	f	f	f	\N
18b24e67-80d3-429c-8ae8-6d0337db2315	mary.okafor37@gmail.com	+2348075929615	$2b$10$FVlJvo0GGmUV7oRGykCoLuVu4nQ0APFHF73ic7U7BXIvD0fhKNJZG	CANDIDATE	2025-10-07 11:54:24.989	ACTIVE	2025-10-07 11:54:25.001	2025-10-07 11:54:25.001	f	t	f	\N
a9828fb6-9cec-442f-8474-69f403a88e52	yetunde.brown@hotmail.com	+2348037984813	$2b$10$FVlJvo0GGmUV7oRGykCoLuVu4nQ0APFHF73ic7U7BXIvD0fhKNJZG	CANDIDATE	2025-10-07 11:54:25.006	ACTIVE	2025-10-07 11:54:25.017	2025-10-07 11:54:25.017	f	t	f	\N
ca72c6dd-6ead-4fc2-bc5a-48f53062b4df	thomas_yakubu97@hotmail.com	+2348075928802	$2b$10$FVlJvo0GGmUV7oRGykCoLuVu4nQ0APFHF73ic7U7BXIvD0fhKNJZG	CANDIDATE	2025-10-07 11:54:25.022	ACTIVE	2025-10-07 11:54:25.034	2025-10-07 11:54:25.034	f	f	f	\N
d03d0681-8d49-4eb5-9a52-02b09841c6fa	silas.iwuanyanwu18@gmail.com	+2348052800922	$2b$10$FVlJvo0GGmUV7oRGykCoLuVu4nQ0APFHF73ic7U7BXIvD0fhKNJZG	CANDIDATE	2025-10-07 11:54:25.041	ACTIVE	2025-10-07 11:54:25.052	2025-10-07 11:54:25.052	f	f	f	\N
4ee7ea4d-4ee7-4a9e-927e-4c74940b1aac	andrew_mohammed89@yahoo.com	+2348045309592	$2b$10$FVlJvo0GGmUV7oRGykCoLuVu4nQ0APFHF73ic7U7BXIvD0fhKNJZG	CANDIDATE	2025-10-07 11:54:25.053	ACTIVE	2025-10-07 11:54:25.064	2025-10-07 11:54:25.064	f	f	f	\N
78d2b1ca-4bbf-4885-9ebf-7488a49ca8d5	ikenna_king@yahoo.com	+2348025042060	$2b$10$FVlJvo0GGmUV7oRGykCoLuVu4nQ0APFHF73ic7U7BXIvD0fhKNJZG	CANDIDATE	2025-10-07 11:54:25.069	ACTIVE	2025-10-07 11:54:25.081	2025-10-07 11:54:25.081	f	f	f	\N
074a2874-1552-4255-9a86-bd64cd51c5f2	matthias_bell@hotmail.com	+2348080404883	$2b$10$FVlJvo0GGmUV7oRGykCoLuVu4nQ0APFHF73ic7U7BXIvD0fhKNJZG	CANDIDATE	2025-10-07 11:54:25.086	ACTIVE	2025-10-07 11:54:25.097	2025-10-07 11:54:25.097	f	f	f	\N
164b23de-912c-49bc-bf70-4226339a7c62	oluwaseyi.anyanwu@hotmail.com	+2348058900626	$2b$10$FVlJvo0GGmUV7oRGykCoLuVu4nQ0APFHF73ic7U7BXIvD0fhKNJZG	CANDIDATE	2025-10-07 11:54:25.099	ACTIVE	2025-10-07 11:54:25.111	2025-10-07 11:54:25.111	f	f	f	\N
7f8b81a7-ad22-4259-a8d4-1b9a41e21e1b	simon.idowu19@hotmail.com	+2348068330025	$2b$10$FVlJvo0GGmUV7oRGykCoLuVu4nQ0APFHF73ic7U7BXIvD0fhKNJZG	CANDIDATE	2025-10-07 11:54:25.112	ACTIVE	2025-10-07 11:54:25.124	2025-10-07 11:54:25.124	f	f	f	\N
0ef1660a-a14b-4008-94d9-1af106fc62b3	daniel_okafor@hotmail.com	+2348063313843	$2b$10$FVlJvo0GGmUV7oRGykCoLuVu4nQ0APFHF73ic7U7BXIvD0fhKNJZG	CANDIDATE	2025-10-07 11:54:25.132	ACTIVE	2025-10-07 11:54:25.143	2025-10-07 11:54:25.143	f	f	f	\N
1a97ecc3-c3ec-4b16-b178-f01dcaded041	chukwuemeka.onyekachi34@gmail.com	+2348002546504	$2b$10$FVlJvo0GGmUV7oRGykCoLuVu4nQ0APFHF73ic7U7BXIvD0fhKNJZG	CANDIDATE	2025-10-07 11:54:25.15	ACTIVE	2025-10-07 11:54:25.161	2025-10-07 11:54:25.161	f	f	f	\N
16af0c67-c73d-419b-82af-f843a132ccad	nnenna.parker@hotmail.com	+2348067577439	$2b$10$FVlJvo0GGmUV7oRGykCoLuVu4nQ0APFHF73ic7U7BXIvD0fhKNJZG	CANDIDATE	2025-10-07 11:54:25.165	ACTIVE	2025-10-07 11:54:25.177	2025-10-07 11:54:25.177	f	f	f	\N
a985593b-64e3-426e-a986-2eba385623d2	samuel_morgan8@gmail.com	+2348020618908	$2b$10$FVlJvo0GGmUV7oRGykCoLuVu4nQ0APFHF73ic7U7BXIvD0fhKNJZG	CANDIDATE	2025-10-07 11:54:25.186	ACTIVE	2025-10-07 11:54:25.197	2025-10-07 11:54:25.197	f	t	f	\N
b8a05166-5cff-4574-9fad-de49a135957c	mustapha_brown@gmail.com	+2348085394732	$2b$10$FVlJvo0GGmUV7oRGykCoLuVu4nQ0APFHF73ic7U7BXIvD0fhKNJZG	CANDIDATE	2025-10-07 11:54:25.2	ACTIVE	2025-10-07 11:54:25.211	2025-10-07 11:54:25.211	f	t	f	\N
1e6b6c49-16e2-4f55-ae57-26db8ed5f761	ikenna.roberts@yahoo.com	+2348067590503	$2b$10$FVlJvo0GGmUV7oRGykCoLuVu4nQ0APFHF73ic7U7BXIvD0fhKNJZG	CANDIDATE	2025-10-07 11:54:25.221	ACTIVE	2025-10-07 11:54:25.233	2025-10-07 11:54:25.233	f	t	f	\N
1be63c55-f17c-480f-9e80-566446aa119f	paul_scott@hotmail.com	+2348071482704	$2b$10$FVlJvo0GGmUV7oRGykCoLuVu4nQ0APFHF73ic7U7BXIvD0fhKNJZG	CANDIDATE	2025-10-07 11:54:25.235	ACTIVE	2025-10-07 11:54:25.247	2025-10-07 11:54:25.247	f	f	f	\N
4f8de6a0-00a2-40e5-950c-e48edf1280f0	obinna_adebayo@gmail.com	+2348069651094	$2b$10$FVlJvo0GGmUV7oRGykCoLuVu4nQ0APFHF73ic7U7BXIvD0fhKNJZG	CANDIDATE	2025-10-07 11:54:25.252	ACTIVE	2025-10-07 11:54:25.263	2025-10-07 11:54:25.263	f	t	f	\N
b9b707a4-e0c3-4dc9-861b-ff41bdd32514	chinonso_scott@gmail.com	+2348060059661	$2b$10$FVlJvo0GGmUV7oRGykCoLuVu4nQ0APFHF73ic7U7BXIvD0fhKNJZG	CANDIDATE	2025-10-07 11:54:25.27	ACTIVE	2025-10-07 11:54:25.281	2025-10-07 11:54:25.281	f	f	f	\N
1299c3fc-e3d7-43d4-b8a9-2a1898f9bead	kudirat.okorie@hotmail.com	+2348057315218	$2b$10$FVlJvo0GGmUV7oRGykCoLuVu4nQ0APFHF73ic7U7BXIvD0fhKNJZG	CANDIDATE	2025-10-07 11:54:25.289	ACTIVE	2025-10-07 11:54:25.301	2025-10-07 11:54:25.301	f	t	f	\N
5e1a3904-ee40-4db5-8b7b-e74751c09e8d	nnenna.hayes60@gmail.com	+2348064697976	$2b$10$FVlJvo0GGmUV7oRGykCoLuVu4nQ0APFHF73ic7U7BXIvD0fhKNJZG	CANDIDATE	2025-10-07 11:54:25.306	ACTIVE	2025-10-07 11:54:25.317	2025-10-07 11:54:25.317	f	f	f	\N
70d8db9c-1e02-43d2-8522-ca2e3aabd06c	chibuzor.ward48@yahoo.com	+2348099483845	$2b$10$FVlJvo0GGmUV7oRGykCoLuVu4nQ0APFHF73ic7U7BXIvD0fhKNJZG	CANDIDATE	2025-10-07 11:54:25.325	ACTIVE	2025-10-07 11:54:25.337	2025-10-07 11:54:25.337	f	t	f	\N
69cebe17-e1c2-44e7-8c58-96af078869bc	chukwuemeka.idowu@yahoo.com	+2348029609960	$2b$10$FVlJvo0GGmUV7oRGykCoLuVu4nQ0APFHF73ic7U7BXIvD0fhKNJZG	CANDIDATE	2025-10-07 11:54:25.344	ACTIVE	2025-10-07 11:54:25.356	2025-10-07 11:54:25.356	f	t	f	\N
c47829cf-03b0-48e1-bef5-b63528300c8d	iretiola_johnson@hotmail.com	+2348030052244	$2b$10$FVlJvo0GGmUV7oRGykCoLuVu4nQ0APFHF73ic7U7BXIvD0fhKNJZG	CANDIDATE	2025-10-07 11:54:25.361	ACTIVE	2025-10-07 11:54:25.372	2025-10-07 11:54:25.372	f	f	f	\N
9d712266-3f70-40fb-87ae-c964ec3064c6	oluwafemi.mohammed@hotmail.com	+2348032440086	$2b$10$FVlJvo0GGmUV7oRGykCoLuVu4nQ0APFHF73ic7U7BXIvD0fhKNJZG	CANDIDATE	2025-10-07 11:54:25.379	ACTIVE	2025-10-07 11:54:25.39	2025-10-07 11:54:25.39	f	t	f	\N
d0df0c65-5784-44ed-8a33-a1317fe39193	timothy_edwards@hotmail.com	+2348019099245	$2b$10$FVlJvo0GGmUV7oRGykCoLuVu4nQ0APFHF73ic7U7BXIvD0fhKNJZG	CANDIDATE	2025-10-07 11:54:25.396	ACTIVE	2025-10-07 11:54:25.407	2025-10-07 11:54:25.407	f	f	f	\N
6bfbc536-1f92-4324-b2e4-8d47ef587335	dragnetsolutions.johnson77@hotmail.com	+2349085704321	$2b$10$TYEr6we3CREz4i6o47fT7uKWg40iH1UVKI54czyj5hwZOSsgiz/16	AGENCY	2025-10-07 11:54:25.525	ACTIVE	2025-10-07 11:54:25.537	2025-10-07 11:54:25.537	f	f	f	\N
604e0c68-741a-4912-8792-ba80d493fde9	candidate@gmail.com	\N	$argon2id$v=19$m=65536,t=3,p=4$K1BDmzEMOSJU2mrjV9Tseg$MGqS/KM+Ss+Ro19d+xkIrjhL1G3+xOqfLdFbP+tbyNM	CANDIDATE	\N	ACTIVE	2025-10-15 22:00:45.095	2025-10-15 22:00:45.095	f	f	f	\N
4313db21-5881-4c76-ad21-ab78fbe56d67	gran@tourismo.com	\N	$argon2id$v=19$m=65536,t=3,p=4$i69yi/1/Yr5zmTMVlRtDFg$O5p3ePN/8mgUOyo9PZOv6TeSDzUNRguK5hjmTjN6Vqw	AGENCY	\N	ACTIVE	2025-10-09 21:28:45.585	2025-10-09 21:28:45.585	f	f	f	\N
530ce8d4-fa1d-4c5e-95be-48ef2f38d0f2	tonystark@gmail.com	\N	$argon2id$v=19$m=65536,t=3,p=4$ejzmooRX7/t56ZYg9FWYcg$LLXJYQ+Kf5BDwgJRRV2pXcp95sgvOWF2wxCMf06SgzU	CANDIDATE	\N	ACTIVE	2025-10-09 21:39:50.503	2025-10-13 14:38:33.576	f	f	f	\N
bbecaf26-2379-4417-a2d0-8cf5c4407ed9	oandoplc_mcclure9@yahoo.com	+2349000621796	$2b$10$TYEr6we3CREz4i6o47fT7uKWg40iH1UVKI54czyj5hwZOSsgiz/16	AGENCY	2025-10-07 11:54:25.54	ACTIVE	2025-10-07 11:54:25.552	2025-10-07 11:54:25.552	f	f	f	\N
7f77265a-7d6d-48c0-afa3-31a10f439f22	dangotefoods16@yahoo.com	+2349033603528	$2b$10$TYEr6we3CREz4i6o47fT7uKWg40iH1UVKI54czyj5hwZOSsgiz/16	AGENCY	2025-10-07 11:54:25.55	ACTIVE	2025-10-07 11:54:25.561	2025-10-07 11:54:25.561	f	f	f	\N
6ccfdc22-3b77-48af-aa7d-db07518b8155	saharagroup34@yahoo.com	+2349071174765	$2b$10$TYEr6we3CREz4i6o47fT7uKWg40iH1UVKI54czyj5hwZOSsgiz/16	AGENCY	2025-10-07 11:54:25.56	ACTIVE	2025-10-07 11:54:25.572	2025-10-07 11:54:25.572	f	f	f	\N
d1145917-e5c3-4e39-b378-fd98804bc992	dangotegroup.batz70@hotmail.com	+2349090754884	$2b$10$TYEr6we3CREz4i6o47fT7uKWg40iH1UVKI54czyj5hwZOSsgiz/16	AGENCY	2025-10-07 11:54:25.569	ACTIVE	2025-10-07 11:54:25.581	2025-10-07 11:54:25.581	f	f	f	\N
33fac1a3-4311-4652-bba8-94a274995904	farmcrowdy_halvorson-bashirian89@yahoo.com	+2349091432705	$2b$10$TYEr6we3CREz4i6o47fT7uKWg40iH1UVKI54czyj5hwZOSsgiz/16	AGENCY	2025-10-07 11:54:25.576	ACTIVE	2025-10-07 11:54:25.588	2025-10-07 11:54:25.588	f	f	f	\N
fd253a5e-1f4f-4c27-9f9f-86f9e6d84b1a	lafargeafrica77@yahoo.com	+2349001257346	$2b$10$TYEr6we3CREz4i6o47fT7uKWg40iH1UVKI54czyj5hwZOSsgiz/16	AGENCY	2025-10-07 11:54:25.583	ACTIVE	2025-10-07 11:54:25.594	2025-10-07 11:54:25.594	f	f	f	\N
9988f50d-502e-4f9d-9fb3-a5328dbf30aa	chevronnigeria.langosh3@gmail.com	+2349032160164	$2b$10$TYEr6we3CREz4i6o47fT7uKWg40iH1UVKI54czyj5hwZOSsgiz/16	AGENCY	2025-10-07 11:54:25.589	ACTIVE	2025-10-07 11:54:25.601	2025-10-07 11:54:25.601	f	f	f	\N
6122d1a5-cb2c-4a34-b239-dc28d9cd6239	ebonylifetv54@gmail.com	+2349054161208	$2b$10$TYEr6we3CREz4i6o47fT7uKWg40iH1UVKI54czyj5hwZOSsgiz/16	AGENCY	2025-10-07 11:54:25.599	ACTIVE	2025-10-07 11:54:25.61	2025-10-07 11:54:25.61	f	f	f	\N
670794dd-8f78-4b48-9aad-5cb4a6a74bb2	jobberman_gusikowski@hotmail.com	+2349036374002	$2b$10$TYEr6we3CREz4i6o47fT7uKWg40iH1UVKI54czyj5hwZOSsgiz/16	AGENCY	2025-10-07 11:54:25.605	ACTIVE	2025-10-07 11:54:25.617	2025-10-07 11:54:25.617	f	f	f	\N
2e7e99fa-de35-4679-aa06-d872a9036d06	chocolatecitygroup13@hotmail.com	+2349039770278	$2b$10$TYEr6we3CREz4i6o47fT7uKWg40iH1UVKI54czyj5hwZOSsgiz/16	AGENCY	2025-10-07 11:54:25.614	ACTIVE	2025-10-07 11:54:25.625	2025-10-07 11:54:25.625	f	f	f	\N
961e2ed7-6ac1-4be6-9e14-10b849bc4c83	farmcrowdy_feest@hotmail.com	+2349058572224	$2b$10$TYEr6we3CREz4i6o47fT7uKWg40iH1UVKI54czyj5hwZOSsgiz/16	AGENCY	2025-10-07 11:54:25.62	ACTIVE	2025-10-07 11:54:25.632	2025-10-07 11:54:25.632	f	f	f	\N
8e72a507-de97-4046-8754-be49d67a9f67	kpmgnigeria.lowe@hotmail.com	+2349025594817	$2b$10$TYEr6we3CREz4i6o47fT7uKWg40iH1UVKI54czyj5hwZOSsgiz/16	AGENCY	2025-10-07 11:54:25.629	ACTIVE	2025-10-07 11:54:25.64	2025-10-07 11:54:25.64	f	f	f	\N
bea98046-4174-4099-9c4f-37c0ce71b9cc	chocolatecitygroup47@gmail.com	+2349073687336	$2b$10$TYEr6we3CREz4i6o47fT7uKWg40iH1UVKI54czyj5hwZOSsgiz/16	AGENCY	2025-10-07 11:54:25.635	ACTIVE	2025-10-07 11:54:25.647	2025-10-07 11:54:25.647	f	f	f	\N
c25f4cee-5141-40c8-ba60-3bac3b403dba	kobo360.murphy@hotmail.com	+2349079326286	$2b$10$TYEr6we3CREz4i6o47fT7uKWg40iH1UVKI54czyj5hwZOSsgiz/16	AGENCY	2025-10-07 11:54:25.646	ACTIVE	2025-10-07 11:54:25.657	2025-10-07 11:54:25.657	f	f	f	\N
501f46f0-ec22-405d-81d1-b9fd2e5a38a7	bellanaija.ullrich28@yahoo.com	+2349032413000	$2b$10$TYEr6we3CREz4i6o47fT7uKWg40iH1UVKI54czyj5hwZOSsgiz/16	AGENCY	2025-10-07 11:54:25.654	ACTIVE	2025-10-07 11:54:25.665	2025-10-07 11:54:25.665	f	f	f	\N
7f9663ba-234d-4350-a4c6-c6dba917fe13	leapafrica.lind-gleichner7@yahoo.com	+2349007330653	$2b$10$TYEr6we3CREz4i6o47fT7uKWg40iH1UVKI54czyj5hwZOSsgiz/16	AGENCY	2025-10-07 11:54:25.662	ACTIVE	2025-10-07 11:54:25.674	2025-10-07 11:54:25.674	f	f	f	\N
1a18c457-c770-4532-ae8c-2a2dc1c1db96	reliancehmo_jones42@gmail.com	+2349072857864	$2b$10$TYEr6we3CREz4i6o47fT7uKWg40iH1UVKI54czyj5hwZOSsgiz/16	AGENCY	2025-10-07 11:54:25.668	ACTIVE	2025-10-07 11:54:25.68	2025-10-07 11:54:25.68	f	f	f	\N
4105e273-c6b2-496a-a640-f62304c3ccd5	co-creationhubcchub.greenholt65@gmail.com	+2349027182786	$2b$10$TYEr6we3CREz4i6o47fT7uKWg40iH1UVKI54czyj5hwZOSsgiz/16	AGENCY	2025-10-07 11:54:25.677	ACTIVE	2025-10-07 11:54:25.688	2025-10-07 11:54:25.688	f	f	f	\N
c47176c7-ebd0-4e05-a21a-7eeebe8044c1	jumiacareers_herman@yahoo.com	+2349035301218	$2b$10$TYEr6we3CREz4i6o47fT7uKWg40iH1UVKI54czyj5hwZOSsgiz/16	AGENCY	2025-10-07 11:54:25.683	ACTIVE	2025-10-07 11:54:25.695	2025-10-07 11:54:25.695	f	f	f	\N
\.


--
-- Data for Name: ActivityLog; Type: TABLE DATA; Schema: public; Owner: -
--

COPY public."ActivityLog" (id, "userId", action, details, "createdAt") FROM stdin;
ea29f9e6-0829-4e31-ae79-dd96f8176b4b	5900ca1a-625c-4a14-8331-ee286900ad73	user.login	\N	2025-10-08 02:58:03.311
b90f8d97-00b3-4a72-b833-8a8df48c4b6c	097944c2-3582-4220-ade4-4a93ab404375	user.login	\N	2025-10-09 23:32:22.561
340e9207-5c8f-414c-bf20-1908eaa84f13	097944c2-3582-4220-ade4-4a93ab404375	user.login	\N	2025-10-15 14:40:55.218
041754bc-5cf3-41f0-9d62-89af488a26c8	097944c2-3582-4220-ade4-4a93ab404375	user.login	\N	2025-10-17 23:05:47.34
a220cf5e-c6d2-4e45-a931-1f6a9474df03	097944c2-3582-4220-ade4-4a93ab404375	user.login	\N	2025-10-08 02:59:26.274
13ad1cb8-d7f5-4e40-8bfc-04ff382df83b	097944c2-3582-4220-ade4-4a93ab404375	application.add_candidate	{"source": "manual_add", "positionId": "abe02dd9-b113-4812-996c-f353b835de93", "candidateId": "243d4130-0256-4a3e-89f5-c99888237c0f", "applicationId": "a42cb151-5ffb-41d6-8afc-a2670333331b"}	2025-10-09 23:49:05.755
eb6832d1-5490-4977-a759-1d9f1d6ffbd9	097944c2-3582-4220-ade4-4a93ab404375	job.update	{"jobId": "02b81944-33b3-4ec8-8ecb-685df60788d0", "changes": ["title", "description", "employmentType", "isRemote", "stateId", "lgaId", "minSalary", "maxSalary", "level", "skills", "visibility", "status"], "jobTitle": "Full Stack Engineer"}	2025-10-17 23:18:22.003
9853c687-27f8-4766-84e6-cba07e105cf2	5900ca1a-625c-4a14-8331-ee286900ad73	user.login	\N	2025-10-17 23:18:38.673
ad0989bc-dcc9-411d-b6ab-ea6cefdffe43	5900ca1a-625c-4a14-8331-ee286900ad73	user.login	\N	2025-10-07 19:34:09.162
1ca73884-bb0e-4c72-ad58-a88c0bffbc39	5900ca1a-625c-4a14-8331-ee286900ad73	user.login	\N	2025-10-08 00:23:20.506
7542e488-e7db-45b7-8a7f-b2fb2d05c3b5	5900ca1a-625c-4a14-8331-ee286900ad73	user.login	\N	2025-10-08 04:45:31.64
b89cef77-52b6-4398-b610-7fb630ba9577	24561236-b941-4ff8-ad41-b9b71adcafdd	user.login	\N	2025-10-09 01:38:01.735
c4e709d1-ccd2-4532-b7b7-03cea9e12a3d	5900ca1a-625c-4a14-8331-ee286900ad73	user.login	\N	2025-10-09 03:33:26.451
618eee42-074e-402f-ac1f-677b66952798	5900ca1a-625c-4a14-8331-ee286900ad73	user.login	\N	2025-10-09 09:31:02.066
223ce626-a3e6-434d-94a4-8facba554f91	5900ca1a-625c-4a14-8331-ee286900ad73	user.login	\N	2025-10-09 23:49:48.336
117ee52c-2696-4541-bb0c-b1504304401a	097944c2-3582-4220-ade4-4a93ab404375	user.login	\N	2025-10-10 09:17:53.318
974c8a21-0368-42ec-b0d4-cedf35bb62cf	097944c2-3582-4220-ade4-4a93ab404375	user.login	\N	2025-10-10 21:14:22.439
f2d0b361-9250-4285-8a06-d6478c3b8fbc	5900ca1a-625c-4a14-8331-ee286900ad73	user.login	\N	2025-10-11 14:17:12.717
a155fcfb-c74f-41cd-9609-002083a015a4	5900ca1a-625c-4a14-8331-ee286900ad73	user.login	\N	2025-10-12 12:58:48.793
dc0c5bcf-f8cc-4d5f-a12d-cf8ded9e0cba	24561236-b941-4ff8-ad41-b9b71adcafdd	user.login	\N	2025-10-12 14:41:26.711
a7dd211f-18f7-4a75-862c-e3d73093480b	5900ca1a-625c-4a14-8331-ee286900ad73	user.login	\N	2025-10-12 22:01:33.05
fc7ceaac-a928-4a26-9a34-5887eaa222dd	5900ca1a-625c-4a14-8331-ee286900ad73	user.login	\N	2025-10-12 22:04:08.877
20c1860b-decf-462f-9d9c-1fe5c869bd21	5900ca1a-625c-4a14-8331-ee286900ad73	user.login	\N	2025-10-13 11:40:46.727
5d146715-b7e0-4ac5-b5c4-d16647e61d46	097944c2-3582-4220-ade4-4a93ab404375	user.login	\N	2025-10-13 14:15:47.602
c43992f7-63b7-4d0b-8c61-8dee3336c5ee	5900ca1a-625c-4a14-8331-ee286900ad73	user.login	\N	2025-10-13 16:30:30.404
e69234c4-7506-4edd-8fe9-9c0dee68a2b7	5900ca1a-625c-4a14-8331-ee286900ad73	user.login	\N	2025-10-14 03:06:28.05
7f775581-017f-43f1-8fbb-e0cef912b117	097944c2-3582-4220-ade4-4a93ab404375	user.login	\N	2025-10-14 23:02:00.2
910ebbf7-adc9-42bc-b629-89cd8dc9c06d	097944c2-3582-4220-ade4-4a93ab404375	user.login	\N	2025-10-15 10:48:36.216
0115e1c4-80a4-4e6b-9120-4ba0304a4579	5900ca1a-625c-4a14-8331-ee286900ad73	user.login	\N	2025-10-15 21:32:18.759
34a7372d-2fa7-451a-8086-8da435e8dafb	097944c2-3582-4220-ade4-4a93ab404375	user.login	\N	2025-10-17 23:32:22.756
45d02546-02d6-4d75-94b2-9f3425195485	097944c2-3582-4220-ade4-4a93ab404375	user.login	\N	2025-10-07 19:39:14.098
8c1c7b00-1175-4c22-a50f-ba1eccecdee6	5900ca1a-625c-4a14-8331-ee286900ad73	user.login	\N	2025-10-08 00:41:20.967
9f0d73ad-ac25-42c9-916d-daf7ad89c463	097944c2-3582-4220-ade4-4a93ab404375	user.login	\N	2025-10-08 04:53:30.74
b9f59884-9af5-4774-a6f1-9544e6305b7f	5900ca1a-625c-4a14-8331-ee286900ad73	user.login	\N	2025-10-09 03:58:10.181
91b4d049-1e5b-42d6-a427-ebe16e2af6ce	097944c2-3582-4220-ade4-4a93ab404375	user.login	\N	2025-10-09 23:56:05.943
c1fb591e-29c5-4b76-9f9b-91cea5c2fdd0	5900ca1a-625c-4a14-8331-ee286900ad73	user.login	\N	2025-10-10 09:40:31.341
6c140099-107a-43f1-9512-b65eadd78121	5900ca1a-625c-4a14-8331-ee286900ad73	user.login	\N	2025-10-10 21:19:18.694
fa30d626-c04e-44f9-907e-d01a353b0c38	5900ca1a-625c-4a14-8331-ee286900ad73	user.login	\N	2025-10-11 14:18:02.84
bbd9bd8d-bfd2-44a9-8c3b-08ff08cc98cf	097944c2-3582-4220-ade4-4a93ab404375	user.login	\N	2025-10-12 15:53:48.607
4017f1bf-c3a2-41db-960e-a426812accb9	097944c2-3582-4220-ade4-4a93ab404375	user.login	\N	2025-10-12 22:03:24.129
31ae3224-8eef-409b-9303-462536358186	24561236-b941-4ff8-ad41-b9b71adcafdd	user.login	\N	2025-10-13 11:51:15.142
7274af39-091b-4a47-a8ab-4b62ffc4a790	5900ca1a-625c-4a14-8331-ee286900ad73	user.login	\N	2025-10-13 11:51:52.718
f78c81a8-f7aa-4298-98e1-f96581039cdd	097944c2-3582-4220-ade4-4a93ab404375	user.login	\N	2025-10-13 14:22:00.668
6dd4f346-55d7-4b60-88df-71d6cee9c83e	097944c2-3582-4220-ade4-4a93ab404375	user.login	\N	2025-10-13 16:59:03.866
a3dadc93-0ae9-43f0-9f63-7d7df9c00204	097944c2-3582-4220-ade4-4a93ab404375	user.login	\N	2025-10-14 04:02:43.139
1d11536b-9e40-4249-9898-a9798a991da6	5900ca1a-625c-4a14-8331-ee286900ad73	user.login	\N	2025-10-14 23:02:22.235
0c033b2b-1a7e-4ee8-87f7-6ab705aaf155	5900ca1a-625c-4a14-8331-ee286900ad73	user.login	\N	2025-10-15 10:50:09.818
d146883a-72bd-4065-ad70-96d836a7bef6	097944c2-3582-4220-ade4-4a93ab404375	user.login	\N	2025-10-15 21:53:36.677
6909f85d-ab29-4fa2-a28e-3972d2d59123	097944c2-3582-4220-ade4-4a93ab404375	job.update	{"jobId": "02b81944-33b3-4ec8-8ecb-685df60788d0", "changes": ["title", "description", "employmentType", "isRemote", "stateId", "lgaId", "minSalary", "maxSalary", "level", "skills", "visibility", "status"], "jobTitle": "Full Stack Engineer"}	2025-10-17 23:32:37.971
d08bf763-1956-4827-b12c-e4b89ebd56ec	5900ca1a-625c-4a14-8331-ee286900ad73	user.login	\N	2025-10-17 23:32:48.399
b38e94ee-ff40-4b0d-87e0-a1d56dff8451	5900ca1a-625c-4a14-8331-ee286900ad73	user.login	\N	2025-10-07 19:59:32.916
1c84cd46-8755-4e4b-ba3d-62253a4d2114	097944c2-3582-4220-ade4-4a93ab404375	user.login	\N	2025-10-08 00:51:30.691
596b1405-496d-40dd-9e90-b34ec39c1c08	097944c2-3582-4220-ade4-4a93ab404375	job.update	{"jobId": "abe02dd9-b113-4812-996c-f353b835de93", "changes": ["title", "description", "employmentType", "isRemote", "stateId", "lgaId", "minSalary", "maxSalary", "skills", "visibility", "status"], "jobTitle": "IT Project Coordinator"}	2025-10-09 23:57:03.631
d0901cab-9a8e-43ef-91de-79a3648f92df	5900ca1a-625c-4a14-8331-ee286900ad73	user.login	\N	2025-10-10 11:33:58.051
ee56fd94-0a74-4ac9-8928-00e0f2a218cf	097944c2-3582-4220-ade4-4a93ab404375	user.login	\N	2025-10-10 21:29:45.637
8c3feea7-235e-4e7e-b0b3-565fd853d979	5900ca1a-625c-4a14-8331-ee286900ad73	user.login	\N	2025-10-11 14:21:02.924
a66e23ef-11a6-413c-8b7e-3474d00a4222	5900ca1a-625c-4a14-8331-ee286900ad73	user.login	\N	2025-10-12 16:01:03.553
f0717520-b9ed-4103-89b5-108a8143d509	097944c2-3582-4220-ade4-4a93ab404375	user.login	\N	2025-10-12 22:27:36.254
2744b645-5aad-45e2-8e4b-befd2ceecbb4	24561236-b941-4ff8-ad41-b9b71adcafdd	user.login	\N	2025-10-13 11:57:47.674
9b36043c-5780-4523-950c-289c25bde3d5	24561236-b941-4ff8-ad41-b9b71adcafdd	user.login	\N	2025-10-13 14:22:15.901
09674b81-65be-414e-9e45-6a096621dcb0	097944c2-3582-4220-ade4-4a93ab404375	user.login	\N	2025-10-13 17:00:33.45
a998518c-c644-48e1-9cbf-b886055bc021	097944c2-3582-4220-ade4-4a93ab404375	user.login	\N	2025-10-14 23:03:55.435
d5082d3e-6915-4c89-b7fc-40fb4ef0470e	5900ca1a-625c-4a14-8331-ee286900ad73	user.login	\N	2025-10-15 11:14:07.603
ce5346cf-e6d9-4374-a894-78fcd4558d72	5900ca1a-625c-4a14-8331-ee286900ad73	user.login	\N	2025-10-15 21:55:03.056
95ebfc37-071c-426b-bba6-0885b6b5cb97	097944c2-3582-4220-ade4-4a93ab404375	user.login	\N	2025-10-17 23:44:43.925
a0a19228-b155-4708-aa1f-d48f04cddd00	097944c2-3582-4220-ade4-4a93ab404375	user.login	\N	2025-10-07 20:00:03.608
e99d0daa-03d6-4645-a359-046a68e319f1	5900ca1a-625c-4a14-8331-ee286900ad73	user.login	\N	2025-10-08 00:51:55.954
4423b561-ac78-4898-8513-5b4e9e08f28b	097944c2-3582-4220-ade4-4a93ab404375	application.add_candidate	{"source": "manual_add", "positionId": "abe02dd9-b113-4812-996c-f353b835de93", "candidateId": "243d4130-0256-4a3e-89f5-c99888237c0f", "applicationId": "90a98b33-bf63-4d4f-891b-2b571ba713a8"}	2025-10-10 00:15:47.409
b243f87e-c997-4b71-bbfb-1ab964101edc	5900ca1a-625c-4a14-8331-ee286900ad73	user.login	\N	2025-10-10 12:00:02.899
91e415e0-fe4a-4fcb-806a-6112e9a04a0b	24561236-b941-4ff8-ad41-b9b71adcafdd	user.login	\N	2025-10-10 23:04:25.276
e5c7892e-69ee-4375-8a57-3d7ee3b649b9	5900ca1a-625c-4a14-8331-ee286900ad73	user.login	\N	2025-10-11 14:24:14.644
d2139991-a4e9-4a88-ae8b-afeaf4a89ee9	097944c2-3582-4220-ade4-4a93ab404375	user.login	\N	2025-10-12 16:01:33.471
bc742f21-13fb-4029-8f46-57945a7ea080	5900ca1a-625c-4a14-8331-ee286900ad73	user.login	\N	2025-10-12 22:35:29.897
6763a8b9-65ae-4264-a95f-b864d3a7e030	097944c2-3582-4220-ade4-4a93ab404375	user.login	\N	2025-10-13 11:58:06.296
e808e324-caca-44a7-8f05-ddaa602f58de	097944c2-3582-4220-ade4-4a93ab404375	user.login	\N	2025-10-13 14:40:31.919
c93b74ba-6d63-434e-9495-e4446716e6fc	5900ca1a-625c-4a14-8331-ee286900ad73	user.login	\N	2025-10-13 17:07:10.724
8775dfc3-72ca-4175-b147-2f1139323085	5900ca1a-625c-4a14-8331-ee286900ad73	user.login	\N	2025-10-14 23:04:48.231
e3c66d5f-7ecb-4d2c-b381-1d2fe47b6bbe	097944c2-3582-4220-ade4-4a93ab404375	user.login	\N	2025-10-15 11:14:25.872
0c697cde-ac06-40a7-bc4f-e17e076fc465	459295d9-9960-4a22-a8a3-8ad12c585f96	user.login	\N	2025-10-15 21:58:49.443
e1f9fca9-5053-493c-bbb7-35e521febe2d	097944c2-3582-4220-ade4-4a93ab404375	user.login	\N	2025-10-17 23:46:39.068
762affb8-a2b6-4a9d-8c13-9318088c54d0	097944c2-3582-4220-ade4-4a93ab404375	job.update	{"jobId": "02b81944-33b3-4ec8-8ecb-685df60788d0", "changes": ["title", "description", "employmentType", "isRemote", "stateId", "lgaId", "minSalary", "maxSalary", "skills", "visibility", "status"], "jobTitle": "Full Stack Engineer"}	2025-10-07 20:21:16.959
5895bcf6-c4be-443c-b55a-8912daf1521b	097944c2-3582-4220-ade4-4a93ab404375	user.login	\N	2025-10-08 01:33:11.502
d5e4421a-4a91-4b0b-80b8-4cfb821908de	5900ca1a-625c-4a14-8331-ee286900ad73	user.login	\N	2025-10-10 00:17:15.085
2425e3be-1519-481d-bed8-651c971e7414	5900ca1a-625c-4a14-8331-ee286900ad73	application.submit	{"source": "job_board", "matchScore": 3, "positionId": "069811d3-7d8f-4dbd-a1e8-4243eda4de68", "applicationId": "681f6fa0-28f6-46f6-9a44-e7c26c180a24"}	2025-10-10 12:00:12.86
c74120c5-f640-422f-81be-258ebe0b2a3f	5900ca1a-625c-4a14-8331-ee286900ad73	user.login	\N	2025-10-10 23:04:44.857
f6ee6985-6ec5-49e2-970e-a73682a0e0a5	097944c2-3582-4220-ade4-4a93ab404375	user.login	\N	2025-10-11 14:40:36.221
6b83b3f5-15f1-4681-b5c1-4748c54c73b7	24561236-b941-4ff8-ad41-b9b71adcafdd	user.login	\N	2025-10-12 16:14:48.678
d4814e62-e8f7-4aa3-b313-648421322e02	097944c2-3582-4220-ade4-4a93ab404375	user.login	\N	2025-10-12 22:44:04.208
85356d2b-24df-48e0-9efd-1f9f4d1a2b0a	5900ca1a-625c-4a14-8331-ee286900ad73	user.login	\N	2025-10-13 12:02:57.836
5d6cb36a-ecda-4621-b477-eb42ad21ea25	097944c2-3582-4220-ade4-4a93ab404375	application.pipeline_move	{"toStatus": "INTERVIEW", "fromStatus": "REJECTED", "positionId": "02b81944-33b3-4ec8-8ecb-685df60788d0", "candidateId": "5f0d4714-af15-42c1-8219-c513d3058de3", "applicationId": "8ccf3032-b6e7-4957-be65-6bf9bde7def0"}	2025-10-13 14:46:48.499
e4f46c27-375c-4c4d-93ff-79ebf4fe68ec	5900ca1a-625c-4a14-8331-ee286900ad73	user.login	\N	2025-10-15 11:16:08.436
3ad5f4f2-6ad4-4fec-bb65-21f5b5a79fef	b03bd9b9-eaa1-4181-912d-8bda864e1f08	user.login	\N	2025-10-15 21:59:04.296
b2b856a5-f1dd-437b-956f-e8f18446a58a	24561236-b941-4ff8-ad41-b9b71adcafdd	user.login	\N	2025-10-17 23:50:19.613
fc831399-a1d1-4364-a32f-a17c6d744edb	5900ca1a-625c-4a14-8331-ee286900ad73	user.login	\N	2025-10-07 20:32:43.586
d36fd2b7-14b5-43da-97a5-655d4a5eb4ac	097944c2-3582-4220-ade4-4a93ab404375	application.pipeline_move	{"toStatus": "INTERVIEW", "fromStatus": "APPLIED", "positionId": "02b81944-33b3-4ec8-8ecb-685df60788d0", "candidateId": "243d4130-0256-4a3e-89f5-c99888237c0f", "applicationId": "d6fa6c3d-52a7-423b-afcb-fba551577c94"}	2025-10-08 01:33:43.968
77341067-17f8-4fce-9e08-3ded899f6d40	097944c2-3582-4220-ade4-4a93ab404375	user.login	\N	2025-10-10 00:34:47.758
39955779-2b81-4fdc-b364-d89092757da3	5900ca1a-625c-4a14-8331-ee286900ad73	user.login	\N	2025-10-10 12:05:52.414
8e5acfe6-0617-4e31-9735-472030f8ce7d	4313db21-5881-4c76-ad21-ab78fbe56d67	user.login	\N	2025-10-11 12:07:20.055
10bc4fe9-48ce-49b2-9c89-b5cb0da3c9cb	5900ca1a-625c-4a14-8331-ee286900ad73	user.login	\N	2025-10-11 12:10:01.844
7818be5b-2af0-45ac-a4d5-26389a398f86	5900ca1a-625c-4a14-8331-ee286900ad73	user.login	\N	2025-10-11 14:42:38.127
ff9d9c6f-a40a-41bd-9847-00dbf6afc29b	097944c2-3582-4220-ade4-4a93ab404375	user.login	\N	2025-10-12 16:21:13.117
113ac44a-37ea-441a-a931-0ed64c18c979	5900ca1a-625c-4a14-8331-ee286900ad73	user.login	\N	2025-10-12 22:46:30.998
106d79f4-ce6c-4daf-a736-fb7f547f7a92	24561236-b941-4ff8-ad41-b9b71adcafdd	user.login	\N	2025-10-13 12:08:21.43
5ece4cda-6da3-410d-8e6f-ef94bda45d16	5900ca1a-625c-4a14-8331-ee286900ad73	user.login	\N	2025-10-13 14:47:35.086
3522e943-2dd4-4dca-ad5f-6b43fdf12abe	097944c2-3582-4220-ade4-4a93ab404375	user.login	\N	2025-10-15 11:18:59.443
54e76d15-a843-4148-ae3e-9efe0973f542	fcd910ed-f411-4524-bdb1-23de83a9e4d1	user.login	\N	2025-10-15 21:59:26.815
de442938-39ea-4046-95ca-479284ad11eb	fcd910ed-f411-4524-bdb1-23de83a9e4d1	user.login	\N	2025-10-15 21:59:35.423
ee87b219-d4e6-4a00-bdc0-065b25d289f2	604e0c68-741a-4912-8792-ba80d493fde9	user.register	{"role": "CANDIDATE"}	2025-10-15 22:00:45.99
d3e257ab-e362-40b8-89d3-a8bba2735a1a	5900ca1a-625c-4a14-8331-ee286900ad73	user.login	\N	2025-10-17 23:53:28.498
c37ec5d3-dfcf-498d-ba50-9b443b908baa	5900ca1a-625c-4a14-8331-ee286900ad73	user.login	\N	2025-10-07 11:54:35.036
1d14fc27-7ee2-4354-881f-8f364e4a1b2a	5900ca1a-625c-4a14-8331-ee286900ad73	user.login	\N	2025-10-07 20:33:18.715
30704ad8-e941-458f-8acd-9bb0135d018f	5900ca1a-625c-4a14-8331-ee286900ad73	user.login	\N	2025-10-08 01:51:41.855
d02096eb-a416-4d96-9c88-01e99748d61e	097944c2-3582-4220-ade4-4a93ab404375	application.add_candidate	{"source": "manual_add", "positionId": "c2e8e868-b3bb-4440-a9a9-954829200c1e", "candidateId": "243d4130-0256-4a3e-89f5-c99888237c0f", "applicationId": "b2bdf1ee-a4b5-4082-a78c-feba93b7617a"}	2025-10-10 00:35:20.896
5f5ffc85-d524-4f8d-b57e-cc4c0f5d7312	5900ca1a-625c-4a14-8331-ee286900ad73	user.login	\N	2025-10-10 00:36:09.651
af2017b5-a236-450b-8ad8-cfae2b9c3f31	5900ca1a-625c-4a14-8331-ee286900ad73	user.login	\N	2025-10-10 12:18:18.202
3e094100-d0c5-401f-94c3-8a304c7fe48b	097944c2-3582-4220-ade4-4a93ab404375	user.login	\N	2025-10-12 00:01:53.843
ee8b3cb4-6898-47e6-8fb4-8e87b5559e9a	24561236-b941-4ff8-ad41-b9b71adcafdd	user.login	\N	2025-10-12 00:02:11.522
f6e211fe-e7db-471f-9188-19c675b04171	24561236-b941-4ff8-ad41-b9b71adcafdd	user.login	\N	2025-10-12 16:21:47.133
652420f9-c2e5-4a1d-8cce-4e415711f939	097944c2-3582-4220-ade4-4a93ab404375	user.login	\N	2025-10-12 22:47:48.826
c9fcd4b2-3351-47a7-b02d-c121968dd418	5900ca1a-625c-4a14-8331-ee286900ad73	user.login	\N	2025-10-15 11:21:21.458
0a540f7f-b585-4933-b1d5-bcdad713d5be	097944c2-3582-4220-ade4-4a93ab404375	user.login	\N	2025-10-15 22:04:41.552
da6147b6-dd89-422a-ac55-45431e7a87c4	24561236-b941-4ff8-ad41-b9b71adcafdd	user.login	\N	2025-10-17 23:53:47.38
2ae41779-afed-43ef-9571-73ef21715810	24561236-b941-4ff8-ad41-b9b71adcafdd	user.login	\N	2025-10-07 11:57:44.111
8a122c9f-d3d8-4c60-8627-e79a9d34b5c1	097944c2-3582-4220-ade4-4a93ab404375	user.login	\N	2025-10-07 20:44:17.597
6b04f969-259c-42e8-9a83-0407f0bc48d4	097944c2-3582-4220-ade4-4a93ab404375	user.login	\N	2025-10-08 01:58:44.934
056f076e-759f-4066-b32e-4d8202574f24	097944c2-3582-4220-ade4-4a93ab404375	user.login	\N	2025-10-10 00:45:53.638
5e5ea7d6-a562-444d-b148-040c145f2640	097944c2-3582-4220-ade4-4a93ab404375	user.login	\N	2025-10-10 12:39:27.277
2fbcd745-8021-4f61-a8a2-57f2cbf1a355	24561236-b941-4ff8-ad41-b9b71adcafdd	user.login	\N	2025-10-12 16:55:37.683
ad81cef3-30fd-498a-a00d-6a06de39d8f6	5900ca1a-625c-4a14-8331-ee286900ad73	user.login	\N	2025-10-12 23:04:17.566
1c6ca715-800d-4c94-abbb-fe69353adcba	5900ca1a-625c-4a14-8331-ee286900ad73	user.login	\N	2025-10-12 23:05:46.652
301145b3-6d30-4f7b-8127-e3dc2515d305	097944c2-3582-4220-ade4-4a93ab404375	user.login	\N	2025-10-15 11:27:49.933
dba1106c-b593-4b66-b035-505e2ef9dc8e	5900ca1a-625c-4a14-8331-ee286900ad73	user.login	\N	2025-10-15 22:15:56.5
903b3cd8-b748-4dce-bc1e-85d530505ba0	5900ca1a-625c-4a14-8331-ee286900ad73	user.login	\N	2025-10-07 11:58:11.566
47d7b30e-d18c-4cc8-a27e-d2045cb42f28	097944c2-3582-4220-ade4-4a93ab404375	application.pipeline_move	{"toStatus": "REVIEWING", "fromStatus": "APPLIED", "positionId": "02b81944-33b3-4ec8-8ecb-685df60788d0", "candidateId": "243d4130-0256-4a3e-89f5-c99888237c0f", "applicationId": "ba03f3a6-2b65-4c37-b8ee-44e9513e608d"}	2025-10-07 21:21:29.223
2dcc4c17-301a-4c90-b98f-203ac7159d32	097944c2-3582-4220-ade4-4a93ab404375	application.pipeline_move	{"toStatus": "INTERVIEW", "fromStatus": "APPLIED", "positionId": "02b81944-33b3-4ec8-8ecb-685df60788d0", "candidateId": "66d7b3b7-e791-477f-b9cf-b42fa38e87cc", "applicationId": "a1fbf180-da1c-4531-b839-bdc17792fb3f"}	2025-10-07 21:21:45.411
700f03ce-9a4a-4726-b1a8-91377b780171	097944c2-3582-4220-ade4-4a93ab404375	application.pipeline_move	{"toStatus": "INTERVIEW", "fromStatus": "APPLIED", "positionId": "02b81944-33b3-4ec8-8ecb-685df60788d0", "candidateId": "64feaaad-d96f-4d98-b675-7a4c2b379694", "applicationId": "275d0265-03a5-4686-966e-421e9e5a8a4a"}	2025-10-07 21:21:45.419
376c8499-fbc8-41b3-a62e-be3196b53b82	097944c2-3582-4220-ade4-4a93ab404375	application.pipeline_move	{"toStatus": "OFFER", "fromStatus": "APPLIED", "positionId": "02b81944-33b3-4ec8-8ecb-685df60788d0", "candidateId": "46b262b5-0a74-4b95-a234-1e1cbfb79cac", "applicationId": "bb0c556e-0a28-44bc-90c0-e10d0942e5dc"}	2025-10-07 21:22:13.522
cb983c4a-0b0b-4d14-b67c-366e9d4c737c	097944c2-3582-4220-ade4-4a93ab404375	application.pipeline_move	{"toStatus": "REVIEWING", "fromStatus": "APPLIED", "positionId": "02b81944-33b3-4ec8-8ecb-685df60788d0", "candidateId": "a10028dd-3610-4a6c-a9e1-78b029bfb772", "applicationId": "4f8fcb1e-b2d6-4e24-9857-35e9370ba126"}	2025-10-07 21:23:12.541
70731da9-430e-4645-9220-38e1a9209301	097944c2-3582-4220-ade4-4a93ab404375	application.pipeline_move	{"toStatus": "REJECTED", "fromStatus": "APPLIED", "positionId": "02b81944-33b3-4ec8-8ecb-685df60788d0", "candidateId": "7209cb41-3de9-4cc3-bbba-d9baa46d5c2c", "applicationId": "0967a2bb-88f1-4b02-b266-8c9c0050a67c"}	2025-10-07 21:23:31.445
45138287-d8f8-41cc-871a-0203adb8aa4c	097944c2-3582-4220-ade4-4a93ab404375	application.pipeline_move	{"toStatus": "REJECTED", "fromStatus": "APPLIED", "positionId": "02b81944-33b3-4ec8-8ecb-685df60788d0", "candidateId": "685c391a-b90c-4537-978b-4a933a4ba314", "applicationId": "1740929b-f70e-452a-9c47-0cd504f6bd91"}	2025-10-07 21:23:31.546
c40f6fb8-843a-4ed4-967a-c6a96083dd38	5900ca1a-625c-4a14-8331-ee286900ad73	user.login	\N	2025-10-08 02:00:12.123
38162604-c053-4133-9632-9415b4d28af9	5900ca1a-625c-4a14-8331-ee286900ad73	user.login	\N	2025-10-10 00:47:05.262
890e8eb2-349c-4766-a30d-117e5e2c8763	5900ca1a-625c-4a14-8331-ee286900ad73	user.login	\N	2025-10-10 12:50:37.041
722041fb-9cfe-4545-b316-5bec407f976b	5900ca1a-625c-4a14-8331-ee286900ad73	user.login	\N	2025-10-12 16:56:48.507
c73b5d2b-4207-4eba-82db-3373e252a0a3	097944c2-3582-4220-ade4-4a93ab404375	user.login	\N	2025-10-12 23:05:09.146
0c0e7ab5-9846-45cd-bb79-646c7253c460	5900ca1a-625c-4a14-8331-ee286900ad73	user.login	\N	2025-10-15 11:32:59.595
e34fdd2d-0048-4882-8430-6af6899354a0	5900ca1a-625c-4a14-8331-ee286900ad73	user.login	\N	2025-10-15 22:16:39.996
93de44cb-3e85-45fd-a164-958282f46dd1	097944c2-3582-4220-ade4-4a93ab404375	user.login	\N	2025-10-07 12:17:08.672
cd260a1f-09a3-436c-b751-6efc02ed73bd	097944c2-3582-4220-ade4-4a93ab404375	application.pipeline_move	{"toStatus": "INTERVIEW", "fromStatus": "APPLIED", "positionId": "02b81944-33b3-4ec8-8ecb-685df60788d0", "candidateId": "246f04e6-555b-4522-a893-8e0dcadb67b3", "applicationId": "9fa1588a-ee65-461d-a294-78ebcda0e720"}	2025-10-07 21:21:45.409
7af5ec2f-e87c-4b22-aa6a-068c39e1344a	097944c2-3582-4220-ade4-4a93ab404375	application.pipeline_move	{"toStatus": "INTERVIEW", "fromStatus": "APPLIED", "positionId": "02b81944-33b3-4ec8-8ecb-685df60788d0", "candidateId": "99ca692f-b82f-478e-9bb5-91e495f5345b", "applicationId": "539a0e2d-864b-41da-9c62-6dab32361e66"}	2025-10-07 21:21:45.52
9571b13a-c7f6-4f55-870d-56074ba3213c	097944c2-3582-4220-ade4-4a93ab404375	application.pipeline_move	{"toStatus": "OFFER", "fromStatus": "APPLIED", "positionId": "02b81944-33b3-4ec8-8ecb-685df60788d0", "candidateId": "d3fd8091-dbc4-47d5-a270-83acf51cc97a", "applicationId": "2af2e431-7710-4884-8c3e-fcaeb8b307e5"}	2025-10-07 21:22:13.434
b84471ae-5195-4e26-850e-b0ba917e6de4	097944c2-3582-4220-ade4-4a93ab404375	application.pipeline_move	{"toStatus": "OFFER", "fromStatus": "APPLIED", "positionId": "02b81944-33b3-4ec8-8ecb-685df60788d0", "candidateId": "7c3237eb-dfb5-493f-bf38-9a84e2140103", "applicationId": "eea8f335-5171-4acc-8970-b1d3adc02542"}	2025-10-07 21:22:13.519
d5f8c248-7523-40e0-ace7-e0e47aa1a482	097944c2-3582-4220-ade4-4a93ab404375	application.pipeline_move	{"toStatus": "OFFER", "fromStatus": "APPLIED", "positionId": "02b81944-33b3-4ec8-8ecb-685df60788d0", "candidateId": "25a20448-427d-4974-9feb-b101f24ab2b3", "applicationId": "69f3d0b4-cc17-41ce-bfd9-6bcaef138b13"}	2025-10-07 21:22:13.521
626849d9-944a-4bcc-b5af-dfbfa1c484b7	097944c2-3582-4220-ade4-4a93ab404375	application.pipeline_move	{"toStatus": "REVIEWING", "fromStatus": "APPLIED", "positionId": "02b81944-33b3-4ec8-8ecb-685df60788d0", "candidateId": "44bb5b40-9d3f-43f4-a696-02b39d7b83a0", "applicationId": "e6933901-3552-45a1-86a5-44c9b2a3cfb2"}	2025-10-07 21:23:12.543
6fe4e807-72d8-480d-a74a-14a6d0976dbd	097944c2-3582-4220-ade4-4a93ab404375	application.pipeline_move	{"toStatus": "REJECTED", "fromStatus": "APPLIED", "positionId": "02b81944-33b3-4ec8-8ecb-685df60788d0", "candidateId": "5f0d4714-af15-42c1-8219-c513d3058de3", "applicationId": "8ccf3032-b6e7-4957-be65-6bf9bde7def0"}	2025-10-07 21:23:31.434
b2f8e12f-d1f5-4adb-8b17-c487b7572d82	097944c2-3582-4220-ade4-4a93ab404375	application.pipeline_move	{"toStatus": "REJECTED", "fromStatus": "APPLIED", "positionId": "02b81944-33b3-4ec8-8ecb-685df60788d0", "candidateId": "b1bf890e-2cc2-4e16-9799-49fdfd500772", "applicationId": "0d703dee-7a18-4a9b-b50d-7a6805d55ff5"}	2025-10-07 21:23:31.444
d44515ba-fbbf-4933-9ebc-04290379ae5f	097944c2-3582-4220-ade4-4a93ab404375	application.pipeline_move	{"toStatus": "REJECTED", "fromStatus": "APPLIED", "positionId": "02b81944-33b3-4ec8-8ecb-685df60788d0", "candidateId": "4be82dae-fcf3-4a01-b5a3-564c38113b68", "applicationId": "d89ad60b-a76b-4b85-bbc2-6c595ca92077"}	2025-10-07 21:23:31.446
0b525240-cf67-45cc-b2cc-ac68717dc186	097944c2-3582-4220-ade4-4a93ab404375	application.pipeline_move	{"toStatus": "REJECTED", "fromStatus": "APPLIED", "positionId": "02b81944-33b3-4ec8-8ecb-685df60788d0", "candidateId": "a8a671fc-d06d-42eb-8a10-8d9326447019", "applicationId": "2b658dc0-1ee1-4049-ab0d-0b8bfa8acd1c"}	2025-10-07 21:23:31.537
5326eace-bc3b-401c-9650-1c5753cd9134	097944c2-3582-4220-ade4-4a93ab404375	user.login	\N	2025-10-08 02:08:03.308
5f1a7c28-0c0a-441c-8581-6027ce33cf28	24561236-b941-4ff8-ad41-b9b71adcafdd	user.login	\N	2025-10-12 17:01:20.712
c9c035fd-3188-480b-93b0-d0224b3961ca	097944c2-3582-4220-ade4-4a93ab404375	user.login	\N	2025-10-13 01:18:48.171
f43dcc45-f1fa-4e5b-a2c0-87d41dd90fb6	097944c2-3582-4220-ade4-4a93ab404375	user.login	\N	2025-10-15 11:44:05.357
485a675f-9f20-4ba7-b0b6-76126bbb8d68	097944c2-3582-4220-ade4-4a93ab404375	user.login	\N	2025-10-15 22:17:12.855
106a819f-aa98-465c-95a9-b1aae4225edf	24561236-b941-4ff8-ad41-b9b71adcafdd	user.login	\N	2025-10-07 12:17:53.723
9f3a40fa-044a-44ff-b4b3-29b69a17e1ac	097944c2-3582-4220-ade4-4a93ab404375	application.pipeline_move	{"toStatus": "INTERVIEW", "fromStatus": "APPLIED", "positionId": "02b81944-33b3-4ec8-8ecb-685df60788d0", "candidateId": "6a2529fc-368f-4d1c-a37e-3ea7e15282f5", "applicationId": "a74884f1-c69d-4cef-9d98-139308ddbb25"}	2025-10-07 21:21:45.41
194a5020-58ef-4b87-bbc2-0c95c9d4911d	24561236-b941-4ff8-ad41-b9b71adcafdd	user.login	\N	2025-10-08 02:14:23.534
eddad96c-ac0b-4de1-be99-d02c34eb390c	5900ca1a-625c-4a14-8331-ee286900ad73	user.login	\N	2025-10-08 02:14:32.948
2b705fbd-3495-4819-8cb0-638b9407d665	5900ca1a-625c-4a14-8331-ee286900ad73	user.login	\N	2025-10-12 17:02:43.479
59c23447-506b-443f-9374-81088a3ac6d9	24561236-b941-4ff8-ad41-b9b71adcafdd	user.login	\N	2025-10-13 01:38:30.872
5ce70748-a58e-4f26-959b-8c6ac034eed9	5900ca1a-625c-4a14-8331-ee286900ad73	user.login	\N	2025-10-15 12:06:34.931
505b4cf2-7cdc-4374-b472-a613cae1bc2d	5900ca1a-625c-4a14-8331-ee286900ad73	user.login	\N	2025-10-15 22:47:49.715
03068c45-2ca9-4968-bae8-b3ba62983fda	097944c2-3582-4220-ade4-4a93ab404375	user.login	\N	2025-10-07 14:37:41.729
4a66a42b-6471-4b42-a25a-2f4b9452725e	097944c2-3582-4220-ade4-4a93ab404375	application.pipeline_move	{"toStatus": "INTERVIEW", "fromStatus": "APPLIED", "positionId": "02b81944-33b3-4ec8-8ecb-685df60788d0", "candidateId": "255d8dea-e991-4b8e-8270-95a40c17c893", "applicationId": "7a917a58-24ec-45af-8f9a-f1d9f8c90cdb"}	2025-10-07 21:21:45.41
f10b8728-ae79-4b1a-9501-375ec2688b4e	097944c2-3582-4220-ade4-4a93ab404375	application.pipeline_move	{"toStatus": "INTERVIEW", "fromStatus": "APPLIED", "positionId": "02b81944-33b3-4ec8-8ecb-685df60788d0", "candidateId": "fc7fec5b-f90f-4fd0-90a6-865bd342ced1", "applicationId": "a794c04a-0e15-4ab4-8a69-ea6e7962d507"}	2025-10-07 21:21:45.417
8e9922d4-e3f2-4599-a4e5-dfbbf7447167	097944c2-3582-4220-ade4-4a93ab404375	application.pipeline_move	{"toStatus": "INTERVIEW", "fromStatus": "APPLIED", "positionId": "02b81944-33b3-4ec8-8ecb-685df60788d0", "candidateId": "02515fe2-95d1-4ae0-a691-e5a9ba34a59e", "applicationId": "a4ff1cbf-96d5-464e-92ff-567c3e779967"}	2025-10-07 21:21:45.42
dbae7cde-b2d4-4edb-a2a8-442c86006505	097944c2-3582-4220-ade4-4a93ab404375	application.pipeline_move	{"toStatus": "OFFER", "fromStatus": "APPLIED", "positionId": "02b81944-33b3-4ec8-8ecb-685df60788d0", "candidateId": "37251941-2c78-413d-aad2-57b02b847bb2", "applicationId": "2e1333f8-2362-4ccb-9318-93ef9e0d4446"}	2025-10-07 21:22:13.435
6ce437a3-761e-4766-ad47-374a81e6ecfd	097944c2-3582-4220-ade4-4a93ab404375	application.pipeline_move	{"toStatus": "REVIEWING", "fromStatus": "APPLIED", "positionId": "02b81944-33b3-4ec8-8ecb-685df60788d0", "candidateId": "fcdb8b9e-8944-46cc-b5ed-8d0b6a0a731d", "applicationId": "2a517152-e526-4fb2-a7cf-f0b9439f0b9c"}	2025-10-07 21:23:12.541
90ac8bbf-a74e-4b39-ad01-02380a4d1939	097944c2-3582-4220-ade4-4a93ab404375	application.pipeline_move	{"toStatus": "REJECTED", "fromStatus": "APPLIED", "positionId": "02b81944-33b3-4ec8-8ecb-685df60788d0", "candidateId": "c0f23322-f625-4ab1-abe7-1740f476fd25", "applicationId": "0a16026d-d6a5-4f98-a7ad-d39d58dcaf1d"}	2025-10-07 21:23:31.454
82fba321-1fb6-4ed3-b05a-3a84b225247e	097944c2-3582-4220-ade4-4a93ab404375	user.login	\N	2025-10-08 02:26:50.027
1ec8b890-44df-4ee9-b5da-8c7015a12dc4	5900ca1a-625c-4a14-8331-ee286900ad73	application.submit	{"source": "job_board", "matchScore": 8, "positionId": "0f649b1f-9e80-42e2-ab97-7a9e1840271b", "applicationId": "45de2a20-2896-4bd1-9cfc-4d4e2882a047"}	2025-10-12 17:08:15.251
4a3e7970-251b-4fe5-90ea-adc1c0d45f0f	097944c2-3582-4220-ade4-4a93ab404375	user.login	\N	2025-10-15 12:20:39.912
3a3d4a3c-1ae7-440f-b4e4-9d9e385befb8	097944c2-3582-4220-ade4-4a93ab404375	user.login	\N	2025-10-15 22:49:52.076
82a453a8-6818-4891-9b0f-dd1b61073d52	24561236-b941-4ff8-ad41-b9b71adcafdd	user.login	\N	2025-10-07 14:37:55.408
e561a059-174b-4d2a-9c75-f62d3a7f7ab7	097944c2-3582-4220-ade4-4a93ab404375	application.pipeline_move	{"toStatus": "INTERVIEW", "fromStatus": "APPLIED", "positionId": "02b81944-33b3-4ec8-8ecb-685df60788d0", "candidateId": "4ed154d7-d7c0-44fa-a9b9-ce2d175bc8e5", "applicationId": "d5ebeb16-cd28-42c1-be6d-6ce5ee6fa572"}	2025-10-07 21:21:45.413
f37ee713-207b-4bcd-9ed7-fa08eed5cd16	097944c2-3582-4220-ade4-4a93ab404375	application.pipeline_move	{"toStatus": "OFFER", "fromStatus": "APPLIED", "positionId": "02b81944-33b3-4ec8-8ecb-685df60788d0", "candidateId": "d798c874-d1a1-4b19-b719-5363dde8c0b0", "applicationId": "eb54e195-f9da-4fa9-8147-1e130563dcd3"}	2025-10-07 21:22:13.522
a51845f0-a136-4a51-9aee-e882fe7c7abc	097944c2-3582-4220-ade4-4a93ab404375	application.pipeline_move	{"toStatus": "REVIEWING", "fromStatus": "APPLIED", "positionId": "02b81944-33b3-4ec8-8ecb-685df60788d0", "candidateId": "0ef66d72-7ffb-40a4-83b9-cc80256bdb2e", "applicationId": "e6598efc-8065-4d60-97a7-a70f6f43ea7e"}	2025-10-07 21:23:12.646
7e9ebbd8-82fe-4d34-bc99-606f283ff117	097944c2-3582-4220-ade4-4a93ab404375	application.pipeline_move	{"toStatus": "REJECTED", "fromStatus": "APPLIED", "positionId": "02b81944-33b3-4ec8-8ecb-685df60788d0", "candidateId": "bebab6e4-eae5-42f7-bc89-ccbccb0e4ecc", "applicationId": "1367316b-796d-4611-8478-30d45720a26e"}	2025-10-07 21:23:31.442
bb680569-0ccf-4db7-b3b9-8780fc4d8b9c	097944c2-3582-4220-ade4-4a93ab404375	application.pipeline_move	{"toStatus": "REJECTED", "fromStatus": "APPLIED", "positionId": "02b81944-33b3-4ec8-8ecb-685df60788d0", "candidateId": "c01d6d99-645c-4234-aab7-5ed9052daf8f", "applicationId": "79fc8972-c49b-44bd-ab4b-1d350438bc74"}	2025-10-07 21:23:31.445
4e6cadf5-3211-445d-890d-00e49bbcce41	097944c2-3582-4220-ade4-4a93ab404375	application.pipeline_move	{"toStatus": "REJECTED", "fromStatus": "APPLIED", "positionId": "02b81944-33b3-4ec8-8ecb-685df60788d0", "candidateId": "9d3bce60-457e-4114-a2c8-e94f48539c25", "applicationId": "d9ea11e2-3818-4472-849b-b464e57debe8"}	2025-10-07 21:23:31.448
27a0606f-6d52-497f-80d1-19c01d533f90	097944c2-3582-4220-ade4-4a93ab404375	application.pipeline_move	{"toStatus": "REJECTED", "fromStatus": "APPLIED", "positionId": "02b81944-33b3-4ec8-8ecb-685df60788d0", "candidateId": "a6b66cdc-6f3c-4f46-91ae-cf1c437af827", "applicationId": "e235311b-f4f7-4ff4-afc0-d9843f5a040a"}	2025-10-07 21:23:31.54
c453b444-40a0-400e-9111-0b1dc9fabcfd	097944c2-3582-4220-ade4-4a93ab404375	application.pipeline_move	{"toStatus": "REJECTED", "fromStatus": "APPLIED", "positionId": "02b81944-33b3-4ec8-8ecb-685df60788d0", "candidateId": "68b0383d-6b8e-4feb-ab71-947e2423f794", "applicationId": "54dae2f9-6340-45b2-a4ed-8942f24e206b"}	2025-10-07 21:23:31.544
90b56741-b219-43d8-8886-ab36abd3126a	097944c2-3582-4220-ade4-4a93ab404375	application.pipeline_move	{"toStatus": "INTERVIEW", "fromStatus": "REJECTED", "positionId": "02b81944-33b3-4ec8-8ecb-685df60788d0", "candidateId": "bebab6e4-eae5-42f7-bc89-ccbccb0e4ecc", "applicationId": "1367316b-796d-4611-8478-30d45720a26e"}	2025-10-08 02:40:57.414
e17f8bfb-020b-47b1-b88a-da14a6f7b23a	5900ca1a-625c-4a14-8331-ee286900ad73	application.submit	{"source": "job_board", "matchScore": 9, "positionId": "08ae1862-85d6-4279-a0e4-55744662aab7", "applicationId": "156142fd-73f0-432a-b537-8d13d79453f4"}	2025-10-12 17:10:56.214
ef1beda2-d184-40b4-b105-00e4e3ccc535	5900ca1a-625c-4a14-8331-ee286900ad73	user.login	\N	2025-10-15 12:37:01.322
4d84c40a-fbd6-43eb-8972-d3c710554e65	5900ca1a-625c-4a14-8331-ee286900ad73	user.login	\N	2025-10-15 23:29:24.656
608188d5-1887-4d4c-89f8-fe84bcf858a5	097944c2-3582-4220-ade4-4a93ab404375	application.pipeline_move	{"toStatus": "INTERVIEW", "fromStatus": "APPLIED", "positionId": "02b81944-33b3-4ec8-8ecb-685df60788d0", "candidateId": "e97c4862-ce50-4582-8f87-75b714185ce5", "applicationId": "057585a6-0a97-4449-a8ec-aa8c8610acd1"}	2025-10-07 21:29:12.574
516cedb5-07a0-46ca-b2a3-0974ef5439f7	097944c2-3582-4220-ade4-4a93ab404375	job.update	{"jobId": "02b81944-33b3-4ec8-8ecb-685df60788d0", "changes": ["title", "description", "employmentType", "isRemote", "stateId", "lgaId", "minSalary", "maxSalary", "skills", "visibility", "status"], "jobTitle": "Full Stack Engineer"}	2025-10-08 02:42:38.907
7f7e3e99-9eae-439a-82b3-452b9d47a997	097944c2-3582-4220-ade4-4a93ab404375	application.pipeline_move	{"toStatus": "REVIEWING", "fromStatus": "REJECTED", "positionId": "02b81944-33b3-4ec8-8ecb-685df60788d0", "candidateId": "5f0d4714-af15-42c1-8219-c513d3058de3", "applicationId": "8ccf3032-b6e7-4957-be65-6bf9bde7def0"}	2025-10-08 02:43:03.582
ddb5a212-5333-41d4-adbc-01f5e871659a	097944c2-3582-4220-ade4-4a93ab404375	application.pipeline_move	{"toStatus": "REVIEWING", "fromStatus": "REJECTED", "positionId": "02b81944-33b3-4ec8-8ecb-685df60788d0", "candidateId": "7209cb41-3de9-4cc3-bbba-d9baa46d5c2c", "applicationId": "0967a2bb-88f1-4b02-b266-8c9c0050a67c"}	2025-10-08 02:43:03.614
088d76ed-e47d-4d3c-bae9-77485c3a877b	097944c2-3582-4220-ade4-4a93ab404375	application.pipeline_move	{"toStatus": "REVIEWING", "fromStatus": "REJECTED", "positionId": "02b81944-33b3-4ec8-8ecb-685df60788d0", "candidateId": "4be82dae-fcf3-4a01-b5a3-564c38113b68", "applicationId": "d89ad60b-a76b-4b85-bbc2-6c595ca92077"}	2025-10-08 02:43:03.619
91729e08-8420-453a-9e96-07e20506ec06	097944c2-3582-4220-ade4-4a93ab404375	application.pipeline_move	{"toStatus": "REVIEWING", "fromStatus": "REJECTED", "positionId": "02b81944-33b3-4ec8-8ecb-685df60788d0", "candidateId": "c0f23322-f625-4ab1-abe7-1740f476fd25", "applicationId": "0a16026d-d6a5-4f98-a7ad-d39d58dcaf1d"}	2025-10-08 02:43:03.623
ff6e16a0-af49-44a6-aa5f-0e826eff3722	097944c2-3582-4220-ade4-4a93ab404375	application.pipeline_move	{"toStatus": "REVIEWING", "fromStatus": "REJECTED", "positionId": "02b81944-33b3-4ec8-8ecb-685df60788d0", "candidateId": "a8a671fc-d06d-42eb-8a10-8d9326447019", "applicationId": "2b658dc0-1ee1-4049-ab0d-0b8bfa8acd1c"}	2025-10-08 02:43:03.624
0753490f-59b5-4748-8db3-7a335a88c8af	097944c2-3582-4220-ade4-4a93ab404375	application.pipeline_move	{"toStatus": "REVIEWING", "fromStatus": "REJECTED", "positionId": "02b81944-33b3-4ec8-8ecb-685df60788d0", "candidateId": "68b0383d-6b8e-4feb-ab71-947e2423f794", "applicationId": "54dae2f9-6340-45b2-a4ed-8942f24e206b"}	2025-10-08 02:43:03.957
ba1aaa56-e448-419d-ad63-640c2fb6437c	097944c2-3582-4220-ade4-4a93ab404375	application.pipeline_move	{"toStatus": "OFFER", "fromStatus": "REJECTED", "positionId": "02b81944-33b3-4ec8-8ecb-685df60788d0", "candidateId": "59279f59-4c10-4cc8-850f-d335f16956bb", "applicationId": "d550da9d-c20a-4b86-b519-0a341c80eb5c"}	2025-10-08 02:43:41.457
d50dac1f-a645-463e-b3a3-89e8ff825653	097944c2-3582-4220-ade4-4a93ab404375	application.pipeline_move	{"toStatus": "OFFER", "fromStatus": "REJECTED", "positionId": "02b81944-33b3-4ec8-8ecb-685df60788d0", "candidateId": "10ef0a89-f235-4380-b1e3-b788ea0485c8", "applicationId": "bb8dba74-dafe-47bf-8c71-821f41d4f616"}	2025-10-08 02:43:41.459
1cdc48a5-714b-4666-8aab-889c423ec786	24561236-b941-4ff8-ad41-b9b71adcafdd	user.login	\N	2025-10-12 17:15:03.869
12861e96-3f6d-43ac-b18b-982896473315	097944c2-3582-4220-ade4-4a93ab404375	user.login	\N	2025-10-15 12:37:19.222
e69ca88d-a22a-44a1-b52d-31bd08757973	097944c2-3582-4220-ade4-4a93ab404375	user.login	\N	2025-10-15 23:30:54.594
ab8250f7-dee2-4b29-923f-38613f4658ad	097944c2-3582-4220-ade4-4a93ab404375	application.pipeline_move	{"toStatus": "REVIEWING", "fromStatus": "APPLIED", "positionId": "02b81944-33b3-4ec8-8ecb-685df60788d0", "candidateId": "6dfd2329-0064-4d69-9e19-858f5288635f", "applicationId": "3fbdee71-d753-488b-b59d-167d140c2813"}	2025-10-07 21:35:47.565
9c064166-c43b-42ca-bbd7-2695654bf1ff	097944c2-3582-4220-ade4-4a93ab404375	application.pipeline_move	{"toStatus": "REVIEWING", "fromStatus": "APPLIED", "positionId": "02b81944-33b3-4ec8-8ecb-685df60788d0", "candidateId": "fcfffc72-09fc-4c51-b578-712f2234f39c", "applicationId": "670bcad4-1791-4567-93f1-51da0ed34ca8"}	2025-10-07 21:35:54.117
0e96ac55-d9a1-48ff-86ef-5a396e8ca4be	097944c2-3582-4220-ade4-4a93ab404375	application.pipeline_move	{"toStatus": "REVIEWING", "fromStatus": "REJECTED", "positionId": "02b81944-33b3-4ec8-8ecb-685df60788d0", "candidateId": "c01d6d99-645c-4234-aab7-5ed9052daf8f", "applicationId": "79fc8972-c49b-44bd-ab4b-1d350438bc74"}	2025-10-08 02:43:03.62
79443a3f-746e-4425-b171-1eab839cdfe1	097944c2-3582-4220-ade4-4a93ab404375	application.pipeline_move	{"toStatus": "REVIEWING", "fromStatus": "REJECTED", "positionId": "02b81944-33b3-4ec8-8ecb-685df60788d0", "candidateId": "29092626-efbb-48d7-aaec-b1f57ac2e0ff", "applicationId": "12e0d393-1622-4397-bbf8-5d427f391c5f"}	2025-10-08 02:43:03.794
9e42d437-b864-43fb-9a35-90c331220ab5	097944c2-3582-4220-ade4-4a93ab404375	application.pipeline_move	{"toStatus": "OFFER", "fromStatus": "REJECTED", "positionId": "02b81944-33b3-4ec8-8ecb-685df60788d0", "candidateId": "7f54e6bb-1cc1-479d-acc4-7f44ce72d80d", "applicationId": "c13d9c31-1434-4695-8a03-f3c8673f68f1"}	2025-10-08 02:43:41.335
6f9d8318-acc2-43e7-bfaf-65db96146f63	097944c2-3582-4220-ade4-4a93ab404375	application.pipeline_move	{"toStatus": "OFFER", "fromStatus": "REJECTED", "positionId": "02b81944-33b3-4ec8-8ecb-685df60788d0", "candidateId": "c2fab6a8-2765-459e-9d7f-819d64e67e94", "applicationId": "70b38dd3-b320-44fe-9336-6c9ef95af2d8"}	2025-10-08 02:43:41.337
b142d9b9-cd4c-4e66-a07c-1373392a1e31	097944c2-3582-4220-ade4-4a93ab404375	application.pipeline_move	{"toStatus": "OFFER", "fromStatus": "REJECTED", "positionId": "02b81944-33b3-4ec8-8ecb-685df60788d0", "candidateId": "d1860ab2-ec60-4278-9e57-a3d550152681", "applicationId": "b67d0834-1879-4bb2-812c-59afef44f7a4"}	2025-10-08 02:43:41.341
f75d7349-3268-456f-b35c-c5ff6c82a246	097944c2-3582-4220-ade4-4a93ab404375	application.pipeline_move	{"toStatus": "APPLIED", "fromStatus": "REJECTED", "positionId": "02b81944-33b3-4ec8-8ecb-685df60788d0", "candidateId": "66d7b3b7-e791-477f-b9cf-b42fa38e87cc", "applicationId": "a1fbf180-da1c-4531-b839-bdc17792fb3f"}	2025-10-08 02:44:01.834
1bbe13e9-2e78-43a8-986a-1a0e04850d42	097944c2-3582-4220-ade4-4a93ab404375	application.pipeline_move	{"toStatus": "APPLIED", "fromStatus": "REJECTED", "positionId": "02b81944-33b3-4ec8-8ecb-685df60788d0", "candidateId": "02515fe2-95d1-4ae0-a691-e5a9ba34a59e", "applicationId": "a4ff1cbf-96d5-464e-92ff-567c3e779967"}	2025-10-08 02:44:01.835
de710bdc-6f95-44c6-b050-c70a7cac188c	097944c2-3582-4220-ade4-4a93ab404375	application.pipeline_move	{"toStatus": "APPLIED", "fromStatus": "REJECTED", "positionId": "02b81944-33b3-4ec8-8ecb-685df60788d0", "candidateId": "98bfc766-dd82-47b4-91c8-4bd97ba010d7", "applicationId": "1aeb311c-0408-45ad-a31e-be20857007c0"}	2025-10-08 02:44:01.865
723473c5-06ec-4e7d-bb08-67edf4c98a56	097944c2-3582-4220-ade4-4a93ab404375	application.pipeline_move	{"toStatus": "APPLIED", "fromStatus": "REJECTED", "positionId": "02b81944-33b3-4ec8-8ecb-685df60788d0", "candidateId": "439dd73a-be3c-40c5-b026-8e24ac6f923d", "applicationId": "4f504b53-72e3-477f-a274-1a78cdd4fd58"}	2025-10-08 02:44:01.919
d4eb13ae-c0f6-49ef-ae5d-3bef98af14ec	097944c2-3582-4220-ade4-4a93ab404375	application.pipeline_move	{"toStatus": "APPLIED", "fromStatus": "REJECTED", "positionId": "02b81944-33b3-4ec8-8ecb-685df60788d0", "candidateId": "25a20448-427d-4974-9feb-b101f24ab2b3", "applicationId": "69f3d0b4-cc17-41ce-bfd9-6bcaef138b13"}	2025-10-08 02:44:01.999
d7d69a99-6abc-4c40-a467-dc1a80dbc9b7	097944c2-3582-4220-ade4-4a93ab404375	application.pipeline_move	{"toStatus": "APPLIED", "fromStatus": "REJECTED", "positionId": "02b81944-33b3-4ec8-8ecb-685df60788d0", "candidateId": "46b262b5-0a74-4b95-a234-1e1cbfb79cac", "applicationId": "bb0c556e-0a28-44bc-90c0-e10d0942e5dc"}	2025-10-08 02:44:02.007
55d8b477-6514-4296-a550-4aed618b60e5	097944c2-3582-4220-ade4-4a93ab404375	application.pipeline_move	{"toStatus": "APPLIED", "fromStatus": "REJECTED", "positionId": "02b81944-33b3-4ec8-8ecb-685df60788d0", "candidateId": "fcdb8b9e-8944-46cc-b5ed-8d0b6a0a731d", "applicationId": "2a517152-e526-4fb2-a7cf-f0b9439f0b9c"}	2025-10-08 02:44:02.141
9b423531-7191-4767-b831-ab678e2f902e	097944c2-3582-4220-ade4-4a93ab404375	application.pipeline_move	{"toStatus": "APPLIED", "fromStatus": "REJECTED", "positionId": "02b81944-33b3-4ec8-8ecb-685df60788d0", "candidateId": "0ef66d72-7ffb-40a4-83b9-cc80256bdb2e", "applicationId": "e6598efc-8065-4d60-97a7-a70f6f43ea7e"}	2025-10-08 02:44:02.176
06eef60b-6a96-461b-8415-4d9238e1377c	5900ca1a-625c-4a14-8331-ee286900ad73	user.login	\N	2025-10-12 17:39:52.448
80d37245-29c2-4f10-b5d7-69dc222f14c5	24561236-b941-4ff8-ad41-b9b71adcafdd	user.login	\N	2025-10-15 12:56:45.847
3d796b2e-e0bf-4c0c-a757-bafc6dd653db	097944c2-3582-4220-ade4-4a93ab404375	user.login	\N	2025-10-16 00:07:34.764
0eb961db-9f99-43d2-baff-f4942e307dff	5900ca1a-625c-4a14-8331-ee286900ad73	user.login	\N	2025-10-07 21:37:12.564
d1597e58-e263-4ddf-ae8d-b22c97bde4f8	097944c2-3582-4220-ade4-4a93ab404375	user.login	\N	2025-10-07 21:40:16.964
725f2423-9023-446f-9d84-29ecce2aeba4	097944c2-3582-4220-ade4-4a93ab404375	application.pipeline_move	{"toStatus": "REVIEWING", "fromStatus": "REJECTED", "positionId": "02b81944-33b3-4ec8-8ecb-685df60788d0", "candidateId": "b1bf890e-2cc2-4e16-9799-49fdfd500772", "applicationId": "0d703dee-7a18-4a9b-b50d-7a6805d55ff5"}	2025-10-08 02:43:03.593
1680fa7e-706e-46e3-be65-295b3871ec06	097944c2-3582-4220-ade4-4a93ab404375	application.pipeline_move	{"toStatus": "REVIEWING", "fromStatus": "REJECTED", "positionId": "02b81944-33b3-4ec8-8ecb-685df60788d0", "candidateId": "9d3bce60-457e-4114-a2c8-e94f48539c25", "applicationId": "d9ea11e2-3818-4472-849b-b464e57debe8"}	2025-10-08 02:43:03.787
d28bfab8-daaa-4314-8b34-05675087d154	097944c2-3582-4220-ade4-4a93ab404375	application.pipeline_move	{"toStatus": "REVIEWING", "fromStatus": "REJECTED", "positionId": "02b81944-33b3-4ec8-8ecb-685df60788d0", "candidateId": "63f3c635-529e-408c-acca-3f825bf4bbeb", "applicationId": "18c2218e-e596-4651-9d85-ad4a7bb6fd76"}	2025-10-08 02:43:03.792
996b0edc-9467-4421-a6ef-ed9e1bea1e6c	097944c2-3582-4220-ade4-4a93ab404375	application.pipeline_move	{"toStatus": "REVIEWING", "fromStatus": "REJECTED", "positionId": "02b81944-33b3-4ec8-8ecb-685df60788d0", "candidateId": "685c391a-b90c-4537-978b-4a933a4ba314", "applicationId": "1740929b-f70e-452a-9c47-0cd504f6bd91"}	2025-10-08 02:43:03.795
a59df40e-1478-4e64-ab4e-d01abecc5dc7	097944c2-3582-4220-ade4-4a93ab404375	application.pipeline_move	{"toStatus": "REVIEWING", "fromStatus": "REJECTED", "positionId": "02b81944-33b3-4ec8-8ecb-685df60788d0", "candidateId": "f0e64025-b9bc-4709-9074-79ac55c148b0", "applicationId": "176f41e5-9d07-4d7e-aed7-308c6e7f0951"}	2025-10-08 02:43:03.958
b9f0337f-fbc1-4975-bc3c-627dfdf61ac3	097944c2-3582-4220-ade4-4a93ab404375	application.pipeline_move	{"toStatus": "REVIEWING", "fromStatus": "REJECTED", "positionId": "02b81944-33b3-4ec8-8ecb-685df60788d0", "candidateId": "789be1ef-7dd9-4098-b8f2-c313965fe31c", "applicationId": "59f429c4-2b0c-46d2-a974-91a9f0f4a98a"}	2025-10-08 02:43:03.973
61f93650-be77-44e8-a5b4-29c638e22738	097944c2-3582-4220-ade4-4a93ab404375	application.pipeline_move	{"toStatus": "REVIEWING", "fromStatus": "REJECTED", "positionId": "02b81944-33b3-4ec8-8ecb-685df60788d0", "candidateId": "154ed8bd-fb8e-433d-b394-ace67cd3403f", "applicationId": "eb369124-ab89-477a-be3e-e4ce4f9c5743"}	2025-10-08 02:43:03.987
00fc1fac-8e57-43b0-b52d-0af13a38e9a8	097944c2-3582-4220-ade4-4a93ab404375	application.pipeline_move	{"toStatus": "OFFER", "fromStatus": "REJECTED", "positionId": "02b81944-33b3-4ec8-8ecb-685df60788d0", "candidateId": "5d57a01f-e510-4a55-a8c5-b8f0648068df", "applicationId": "737b8e54-6f38-4ce4-891c-d802bd7d0c1e"}	2025-10-08 02:43:41.332
faaf7e07-5ab8-43b6-822e-ac85840626a1	097944c2-3582-4220-ade4-4a93ab404375	application.pipeline_move	{"toStatus": "OFFER", "fromStatus": "REJECTED", "positionId": "02b81944-33b3-4ec8-8ecb-685df60788d0", "candidateId": "821bdf09-f76d-4b72-9e5b-1efeca522188", "applicationId": "bcdb07f7-4051-4752-96f8-211543520612"}	2025-10-08 02:43:41.337
45bedb42-c2a5-4a71-93b3-8552f6d4243f	097944c2-3582-4220-ade4-4a93ab404375	application.pipeline_move	{"toStatus": "OFFER", "fromStatus": "REJECTED", "positionId": "02b81944-33b3-4ec8-8ecb-685df60788d0", "candidateId": "db66a97e-b80b-4fe0-a679-6e19b7749fe1", "applicationId": "de459aea-0b4d-484c-a2c5-d225731717ef"}	2025-10-08 02:43:41.342
344a6cb3-d1b8-4f10-9282-7cb51f5efc1f	097944c2-3582-4220-ade4-4a93ab404375	application.pipeline_move	{"toStatus": "OFFER", "fromStatus": "REJECTED", "positionId": "02b81944-33b3-4ec8-8ecb-685df60788d0", "candidateId": "8c3e88dc-66a2-46a3-97ec-def28b34c41f", "applicationId": "0ce4afea-43ef-4dbf-a127-03175c93d14b"}	2025-10-08 02:43:41.455
c2f0ff38-f7fb-40cf-9b98-c369a65d921c	097944c2-3582-4220-ade4-4a93ab404375	application.pipeline_move	{"toStatus": "OFFER", "fromStatus": "REJECTED", "positionId": "02b81944-33b3-4ec8-8ecb-685df60788d0", "candidateId": "377c9bf6-c15b-4620-93a0-f83c3022dda7", "applicationId": "c3c6eaaf-d71f-4932-a98e-738be5e4cfca"}	2025-10-08 02:43:41.458
e0026aba-1798-4ef8-8b0c-d8c2fed50e21	097944c2-3582-4220-ade4-4a93ab404375	application.pipeline_move	{"toStatus": "APPLIED", "fromStatus": "REJECTED", "positionId": "02b81944-33b3-4ec8-8ecb-685df60788d0", "candidateId": "255d8dea-e991-4b8e-8270-95a40c17c893", "applicationId": "7a917a58-24ec-45af-8f9a-f1d9f8c90cdb"}	2025-10-08 02:44:01.833
278cb59b-0cd9-431a-a299-46ddad9c8a85	097944c2-3582-4220-ade4-4a93ab404375	application.pipeline_move	{"toStatus": "APPLIED", "fromStatus": "REJECTED", "positionId": "02b81944-33b3-4ec8-8ecb-685df60788d0", "candidateId": "99ca692f-b82f-478e-9bb5-91e495f5345b", "applicationId": "539a0e2d-864b-41da-9c62-6dab32361e66"}	2025-10-08 02:44:01.835
da6a02f6-5540-4582-9502-98d65fbbc10a	097944c2-3582-4220-ade4-4a93ab404375	application.pipeline_move	{"toStatus": "APPLIED", "fromStatus": "REJECTED", "positionId": "02b81944-33b3-4ec8-8ecb-685df60788d0", "candidateId": "d3fd8091-dbc4-47d5-a270-83acf51cc97a", "applicationId": "2af2e431-7710-4884-8c3e-fcaeb8b307e5"}	2025-10-08 02:44:01.984
2a452725-b8f6-4e59-a47d-43fd6e66c5ba	097944c2-3582-4220-ade4-4a93ab404375	application.pipeline_move	{"toStatus": "APPLIED", "fromStatus": "REJECTED", "positionId": "02b81944-33b3-4ec8-8ecb-685df60788d0", "candidateId": "d798c874-d1a1-4b19-b719-5363dde8c0b0", "applicationId": "eb54e195-f9da-4fa9-8147-1e130563dcd3"}	2025-10-08 02:44:02.102
beeb80ea-326a-4d35-a9e4-05368a377f74	097944c2-3582-4220-ade4-4a93ab404375	application.pipeline_move	{"toStatus": "APPLIED", "fromStatus": "REJECTED", "positionId": "02b81944-33b3-4ec8-8ecb-685df60788d0", "candidateId": "a10028dd-3610-4a6c-a9e1-78b029bfb772", "applicationId": "4f8fcb1e-b2d6-4e24-9857-35e9370ba126"}	2025-10-08 02:44:02.14
bfab04b9-86a2-4e66-acdb-402f5ade38a0	097944c2-3582-4220-ade4-4a93ab404375	application.pipeline_move	{"toStatus": "APPLIED", "fromStatus": "REJECTED", "positionId": "02b81944-33b3-4ec8-8ecb-685df60788d0", "candidateId": "e97c4862-ce50-4582-8f87-75b714185ce5", "applicationId": "057585a6-0a97-4449-a8ec-aa8c8610acd1"}	2025-10-08 02:44:02.176
3dcfd485-5bdf-40cc-8683-cff69eeffd4e	24561236-b941-4ff8-ad41-b9b71adcafdd	user.login	\N	2025-10-12 19:05:57.603
b4f4d434-9736-4f77-aabb-01188c98e799	097944c2-3582-4220-ade4-4a93ab404375	user.login	\N	2025-10-15 12:59:06.062
27f73d04-57aa-4b8a-a40c-7f4c84f7207a	097944c2-3582-4220-ade4-4a93ab404375	application.pipeline_move	{"toStatus": "APPLIED", "fromStatus": "REJECTED", "positionId": "02b81944-33b3-4ec8-8ecb-685df60788d0", "candidateId": "7f54e6bb-1cc1-479d-acc4-7f44ce72d80d", "applicationId": "c13d9c31-1434-4695-8a03-f3c8673f68f1"}	2025-10-16 00:13:03.965
27d722cd-e9d9-4719-9306-2ea1bb0301fa	097944c2-3582-4220-ade4-4a93ab404375	application.delete	{"positionId": "02b81944-33b3-4ec8-8ecb-685df60788d0", "candidateId": "243d4130-0256-4a3e-89f5-c99888237c0f", "applicationId": "ba03f3a6-2b65-4c37-b8ee-44e9513e608d"}	2025-10-07 21:40:42.567
33f47f27-1b94-44fe-ba0f-de8a0607f54a	5900ca1a-625c-4a14-8331-ee286900ad73	user.login	\N	2025-10-07 21:40:50.722
fbd4e382-17cd-448f-a78d-e43140cb31e7	097944c2-3582-4220-ade4-4a93ab404375	application.pipeline_move	{"toStatus": "REVIEWING", "fromStatus": "REJECTED", "positionId": "02b81944-33b3-4ec8-8ecb-685df60788d0", "candidateId": "a378f56a-5b39-4bd3-9e70-9b65356585ac", "applicationId": "67895ca2-169f-43da-a605-404ccbec9492"}	2025-10-08 02:43:03.978
8544dd14-e641-40b7-9a6f-d2c32580f290	097944c2-3582-4220-ade4-4a93ab404375	application.pipeline_move	{"toStatus": "OFFER", "fromStatus": "REJECTED", "positionId": "02b81944-33b3-4ec8-8ecb-685df60788d0", "candidateId": "2e6ad436-5479-4aef-bbcc-cbeaf42f30fc", "applicationId": "138e4f63-4f99-49f1-be51-36b31947acec"}	2025-10-08 02:43:41.329
e72b3deb-1064-4b94-bf31-df4d0d98a45c	097944c2-3582-4220-ade4-4a93ab404375	application.pipeline_move	{"toStatus": "APPLIED", "fromStatus": "REJECTED", "positionId": "02b81944-33b3-4ec8-8ecb-685df60788d0", "candidateId": "37251941-2c78-413d-aad2-57b02b847bb2", "applicationId": "2e1333f8-2362-4ccb-9318-93ef9e0d4446"}	2025-10-08 02:44:01.965
752280ab-712f-4ad6-9ae3-7e1cf269fa3b	097944c2-3582-4220-ade4-4a93ab404375	application.pipeline_move	{"toStatus": "APPLIED", "fromStatus": "REJECTED", "positionId": "02b81944-33b3-4ec8-8ecb-685df60788d0", "candidateId": "7c3237eb-dfb5-493f-bf38-9a84e2140103", "applicationId": "eea8f335-5171-4acc-8970-b1d3adc02542"}	2025-10-08 02:44:01.985
9621d1bf-42b9-435e-8e39-185baa8bef32	097944c2-3582-4220-ade4-4a93ab404375	application.pipeline_move	{"toStatus": "APPLIED", "fromStatus": "REJECTED", "positionId": "02b81944-33b3-4ec8-8ecb-685df60788d0", "candidateId": "18f0242a-36d5-4821-8f68-c1cd1787d52a", "applicationId": "bd3d4273-3897-44b4-a447-cbd5fc05df73"}	2025-10-08 02:44:02.089
2c768690-5578-4744-901c-53336fe3ff9e	097944c2-3582-4220-ade4-4a93ab404375	application.pipeline_move	{"toStatus": "APPLIED", "fromStatus": "REJECTED", "positionId": "02b81944-33b3-4ec8-8ecb-685df60788d0", "candidateId": "44bb5b40-9d3f-43f4-a696-02b39d7b83a0", "applicationId": "e6933901-3552-45a1-86a5-44c9b2a3cfb2"}	2025-10-08 02:44:02.156
f3ce2dd4-d997-4b0f-bd8f-285f4721f17c	097944c2-3582-4220-ade4-4a93ab404375	application.pipeline_move	{"toStatus": "APPLIED", "fromStatus": "REJECTED", "positionId": "02b81944-33b3-4ec8-8ecb-685df60788d0", "candidateId": "6dfd2329-0064-4d69-9e19-858f5288635f", "applicationId": "3fbdee71-d753-488b-b59d-167d140c2813"}	2025-10-08 02:44:02.214
83d81096-755f-4ce9-b406-9b8696d035e8	097944c2-3582-4220-ade4-4a93ab404375	application.pipeline_move	{"toStatus": "APPLIED", "fromStatus": "REJECTED", "positionId": "02b81944-33b3-4ec8-8ecb-685df60788d0", "candidateId": "fcfffc72-09fc-4c51-b578-712f2234f39c", "applicationId": "670bcad4-1791-4567-93f1-51da0ed34ca8"}	2025-10-08 02:44:02.218
63e1cbe7-d706-4914-be22-22c52b195380	4313db21-5881-4c76-ad21-ab78fbe56d67	user.register	{"role": "AGENCY", "agencyId": "446e6e40-2164-4c5f-8007-f66d6f0adb83", "agencyName": "Gran Tourismo"}	2025-10-09 21:28:45.624
545f367c-dfd0-4040-a7e4-dd59940606c7	5900ca1a-625c-4a14-8331-ee286900ad73	user.login	\N	2025-10-12 19:14:33.039
ad5915da-6814-4a91-8dfe-e5974c4566bf	5900ca1a-625c-4a14-8331-ee286900ad73	user.login	\N	2025-10-15 13:07:26.5
905c9636-0a92-4809-b774-536e540361d7	097944c2-3582-4220-ade4-4a93ab404375	application.pipeline_move	{"toStatus": "OFFER", "fromStatus": "REJECTED", "positionId": "02b81944-33b3-4ec8-8ecb-685df60788d0", "candidateId": "b1bf890e-2cc2-4e16-9799-49fdfd500772", "applicationId": "0d703dee-7a18-4a9b-b50d-7a6805d55ff5"}	2025-10-16 00:30:13.539
8f6d6b42-4054-4dd1-830a-01cea7f6ead4	5900ca1a-625c-4a14-8331-ee286900ad73	application.submit	{"source": "job_board", "matchScore": 34, "positionId": "02b81944-33b3-4ec8-8ecb-685df60788d0", "applicationId": "d6fa6c3d-52a7-423b-afcb-fba551577c94"}	2025-10-07 21:41:07.408
af615146-0483-4cc7-a1f0-e6041d195c10	097944c2-3582-4220-ade4-4a93ab404375	user.login	\N	2025-10-07 21:41:15.984
389e5263-ced0-4878-90d1-223d1bfe1837	097944c2-3582-4220-ade4-4a93ab404375	application.pipeline_move	{"toStatus": "REVIEWING", "fromStatus": "REJECTED", "positionId": "02b81944-33b3-4ec8-8ecb-685df60788d0", "candidateId": "894ce5f7-1cff-4938-b10c-544e6512d0ff", "applicationId": "686575ee-bed0-46a3-96bf-30778711f999"}	2025-10-08 02:43:03.979
ef7dc80b-dce9-406f-81f0-664ef95ba230	097944c2-3582-4220-ade4-4a93ab404375	application.pipeline_move	{"toStatus": "REVIEWING", "fromStatus": "REJECTED", "positionId": "02b81944-33b3-4ec8-8ecb-685df60788d0", "candidateId": "a6b66cdc-6f3c-4f46-91ae-cf1c437af827", "applicationId": "e235311b-f4f7-4ff4-afc0-d9843f5a040a"}	2025-10-08 02:43:04.001
62a98542-37e6-42e1-b02d-9034c21b533b	097944c2-3582-4220-ade4-4a93ab404375	application.pipeline_move	{"toStatus": "APPLIED", "fromStatus": "REJECTED", "positionId": "02b81944-33b3-4ec8-8ecb-685df60788d0", "candidateId": "246f04e6-555b-4522-a893-8e0dcadb67b3", "applicationId": "9fa1588a-ee65-461d-a294-78ebcda0e720"}	2025-10-08 02:44:01.831
ecdc5675-2798-4a56-888d-792da1c6311c	097944c2-3582-4220-ade4-4a93ab404375	application.pipeline_move	{"toStatus": "APPLIED", "fromStatus": "REJECTED", "positionId": "02b81944-33b3-4ec8-8ecb-685df60788d0", "candidateId": "fc7fec5b-f90f-4fd0-90a6-865bd342ced1", "applicationId": "a794c04a-0e15-4ab4-8a69-ea6e7962d507"}	2025-10-08 02:44:01.835
ce946f29-dd44-4b10-8049-7010559d7cd9	097944c2-3582-4220-ade4-4a93ab404375	user.login	\N	2025-10-09 21:36:58.682
dfe1e467-bfa2-4ee3-b14b-b762ccc50b42	24561236-b941-4ff8-ad41-b9b71adcafdd	user.login	\N	2025-10-12 20:32:59.264
f13a8151-f54f-4f93-a9b3-3e2114d6652b	097944c2-3582-4220-ade4-4a93ab404375	user.login	\N	2025-10-15 13:25:51.008
85b63d1d-979b-4475-99ca-78e1cbbfc0d2	097944c2-3582-4220-ade4-4a93ab404375	application.pipeline_move	{"toStatus": "APPLIED", "fromStatus": "REJECTED", "positionId": "02b81944-33b3-4ec8-8ecb-685df60788d0", "candidateId": "7209cb41-3de9-4cc3-bbba-d9baa46d5c2c", "applicationId": "0967a2bb-88f1-4b02-b266-8c9c0050a67c"}	2025-10-16 00:39:52.774
a25711c5-ecb4-4991-9920-ab68a057c219	5900ca1a-625c-4a14-8331-ee286900ad73	user.login	\N	2025-10-07 21:41:46.276
93eccfc6-8647-47bc-a96f-4dab9225fd0b	097944c2-3582-4220-ade4-4a93ab404375	application.pipeline_move	{"toStatus": "INTERVIEW", "fromStatus": "APPLIED", "positionId": "02b81944-33b3-4ec8-8ecb-685df60788d0", "candidateId": "d3fd8091-dbc4-47d5-a270-83acf51cc97a", "applicationId": "2af2e431-7710-4884-8c3e-fcaeb8b307e5"}	2025-10-08 02:44:37.639
0ff9cefe-33bc-4e38-b926-0623c3a55a09	097944c2-3582-4220-ade4-4a93ab404375	application.pipeline_move	{"toStatus": "INTERVIEW", "fromStatus": "APPLIED", "positionId": "02b81944-33b3-4ec8-8ecb-685df60788d0", "candidateId": "37251941-2c78-413d-aad2-57b02b847bb2", "applicationId": "2e1333f8-2362-4ccb-9318-93ef9e0d4446"}	2025-10-08 02:44:37.644
4506be07-71e2-4370-a6c5-fa6bd2b886b4	097944c2-3582-4220-ade4-4a93ab404375	application.pipeline_move	{"toStatus": "INTERVIEW", "fromStatus": "APPLIED", "positionId": "02b81944-33b3-4ec8-8ecb-685df60788d0", "candidateId": "7c3237eb-dfb5-493f-bf38-9a84e2140103", "applicationId": "eea8f335-5171-4acc-8970-b1d3adc02542"}	2025-10-08 02:44:37.646
15b379e1-752a-43ce-929b-8e33aea12c2c	097944c2-3582-4220-ade4-4a93ab404375	application.pipeline_move	{"toStatus": "INTERVIEW", "fromStatus": "APPLIED", "positionId": "02b81944-33b3-4ec8-8ecb-685df60788d0", "candidateId": "46b262b5-0a74-4b95-a234-1e1cbfb79cac", "applicationId": "bb0c556e-0a28-44bc-90c0-e10d0942e5dc"}	2025-10-08 02:44:37.647
030aedd6-02e7-49cb-88f7-71a5a0533d85	097944c2-3582-4220-ade4-4a93ab404375	application.delete	{"positionId": "94f4c44f-eb79-41ba-956c-0457fd3ec055", "candidateId": "fbaf0fc2-3d81-4c04-8368-a890f3ddca4c", "applicationId": "8ce1f6c5-93d5-4ccd-a658-c8d4cf7c81ba"}	2025-10-09 21:38:27.53
dac49a9d-c34a-4619-919a-ceb10f3d3759	530ce8d4-fa1d-4c5e-95be-48ef2f38d0f2	user.register	{"role": "CANDIDATE"}	2025-10-09 21:39:50.537
7aaf4452-53d0-4e4e-b39a-e29737a0d85e	530ce8d4-fa1d-4c5e-95be-48ef2f38d0f2	profile.skills.update	{"skillsAdded": 4}	2025-10-09 21:40:24.751
06aeae6a-8241-4c3e-a19a-05ecec10ddc2	5900ca1a-625c-4a14-8331-ee286900ad73	user.login	\N	2025-10-15 13:29:50.902
70e649b4-1535-4cfa-9f83-2c023b8ccb33	097944c2-3582-4220-ade4-4a93ab404375	application.pipeline_move	{"toStatus": "REVIEWING", "fromStatus": "INTERVIEW", "positionId": "02b81944-33b3-4ec8-8ecb-685df60788d0", "candidateId": "5f0d4714-af15-42c1-8219-c513d3058de3", "applicationId": "8ccf3032-b6e7-4957-be65-6bf9bde7def0"}	2025-10-16 00:54:15.036
48a642a6-0fe7-4517-817d-fbc0e5b34d55	097944c2-3582-4220-ade4-4a93ab404375	user.login	\N	2025-10-07 21:57:40.933
2a5448b2-aa0b-4472-9335-ec95bda91a20	097944c2-3582-4220-ade4-4a93ab404375	application.pipeline_move	{"toStatus": "INTERVIEW", "fromStatus": "APPLIED", "positionId": "02b81944-33b3-4ec8-8ecb-685df60788d0", "candidateId": "18f0242a-36d5-4821-8f68-c1cd1787d52a", "applicationId": "bd3d4273-3897-44b4-a447-cbd5fc05df73"}	2025-10-08 02:44:37.646
c6483a90-6ba4-4932-ac01-fcf4e6ec2d84	097944c2-3582-4220-ade4-4a93ab404375	application.pipeline_move	{"toStatus": "INTERVIEW", "fromStatus": "APPLIED", "positionId": "02b81944-33b3-4ec8-8ecb-685df60788d0", "candidateId": "98bfc766-dd82-47b4-91c8-4bd97ba010d7", "applicationId": "1aeb311c-0408-45ad-a31e-be20857007c0"}	2025-10-08 02:44:37.661
0f519b87-7d30-44b9-8b43-b80e9b3648c7	097944c2-3582-4220-ade4-4a93ab404375	application.pipeline_move	{"toStatus": "INTERVIEW", "fromStatus": "HIRED", "positionId": "02b81944-33b3-4ec8-8ecb-685df60788d0", "candidateId": "243d4130-0256-4a3e-89f5-c99888237c0f", "applicationId": "d6fa6c3d-52a7-423b-afcb-fba551577c94"}	2025-10-08 02:45:12.387
21cbfd0a-06c4-4045-ad43-e32704150596	097944c2-3582-4220-ade4-4a93ab404375	user.login	\N	2025-10-09 22:41:47.387
90cd1f23-6e45-425a-9eab-783f53f13a93	097944c2-3582-4220-ade4-4a93ab404375	user.login	\N	2025-10-15 13:30:57.645
08c59d04-3cf1-4a72-adbe-d66fd5847f73	097944c2-3582-4220-ade4-4a93ab404375	application.pipeline_move	{"toStatus": "REVIEWING", "fromStatus": "APPLIED", "positionId": "02b81944-33b3-4ec8-8ecb-685df60788d0", "candidateId": "7209cb41-3de9-4cc3-bbba-d9baa46d5c2c", "applicationId": "0967a2bb-88f1-4b02-b266-8c9c0050a67c"}	2025-10-16 01:17:31.091
fa8951c3-aac1-4f7e-88c5-2881f3763678	5900ca1a-625c-4a14-8331-ee286900ad73	user.login	\N	2025-10-07 22:04:34.296
953ef33e-f096-434f-a2ce-a88bb9bf38e9	097944c2-3582-4220-ade4-4a93ab404375	application.pipeline_move	{"toStatus": "INTERVIEW", "fromStatus": "APPLIED", "positionId": "02b81944-33b3-4ec8-8ecb-685df60788d0", "candidateId": "25a20448-427d-4974-9feb-b101f24ab2b3", "applicationId": "69f3d0b4-cc17-41ce-bfd9-6bcaef138b13"}	2025-10-08 02:44:37.647
caead685-ce83-4b41-ac79-8391d7f4f8fa	097944c2-3582-4220-ade4-4a93ab404375	application.pipeline_move	{"toStatus": "INTERVIEW", "fromStatus": "APPLIED", "positionId": "02b81944-33b3-4ec8-8ecb-685df60788d0", "candidateId": "d798c874-d1a1-4b19-b719-5363dde8c0b0", "applicationId": "eb54e195-f9da-4fa9-8147-1e130563dcd3"}	2025-10-08 02:44:37.651
2f5555ff-ecc8-4d7d-aaa4-2afabbb6a7d8	5900ca1a-625c-4a14-8331-ee286900ad73	user.login	\N	2025-10-09 22:44:42.105
0c008fb3-6884-4640-b5ad-ae2e7872b20e	5900ca1a-625c-4a14-8331-ee286900ad73	user.login	\N	2025-10-15 13:51:08.477
1e7939a9-4a6e-49af-b0b6-88287a61c376	097944c2-3582-4220-ade4-4a93ab404375	user.login	\N	2025-10-16 02:04:35.613
c3be9de0-1255-46d4-a02e-22a11d62d42d	097944c2-3582-4220-ade4-4a93ab404375	user.login	\N	2025-10-07 22:41:31.421
8ff4cb90-b20b-4962-85c1-151cf32f9de5	5900ca1a-625c-4a14-8331-ee286900ad73	user.login	\N	2025-10-08 02:49:34.212
175e8719-90e4-40c7-9c85-488714214f60	097944c2-3582-4220-ade4-4a93ab404375	user.login	\N	2025-10-09 22:56:49.876
2badfe8f-e1d8-4f52-9d28-4f0dff587bc9	097944c2-3582-4220-ade4-4a93ab404375	user.login	\N	2025-10-15 13:56:04.697
ab9ee7f3-c3e6-44e8-87c5-5a2ee580be9a	24561236-b941-4ff8-ad41-b9b71adcafdd	user.login	\N	2025-10-16 07:03:59.842
bf3736e4-f505-4877-904c-300c970dbdec	097944c2-3582-4220-ade4-4a93ab404375	user.login	\N	2025-10-08 02:53:49.245
e07445a4-7ce5-4f3f-86ec-73d9aaea0eb3	5900ca1a-625c-4a14-8331-ee286900ad73	user.login	\N	2025-10-09 23:08:32.249
a36da3be-a26e-4d12-9b82-640e4f60ae20	5900ca1a-625c-4a14-8331-ee286900ad73	user.login	\N	2025-10-15 13:56:25.042
54ea3fa8-1da1-40df-a96f-3c9556679fea	5900ca1a-625c-4a14-8331-ee286900ad73	user.login	\N	2025-10-17 22:10:49.82
\.


--
-- Data for Name: Industry; Type: TABLE DATA; Schema: public; Owner: -
--

COPY public."Industry" (id, name, "createdAt", "isHeading", "order", "updatedAt") FROM stdin;
1727	Finance & Professional Services	2025-10-07 11:54:23.51	t	1	2025-10-07 11:54:23.51
1728	Accounting	2025-10-07 11:54:23.51	f	2	2025-10-07 11:54:23.51
1729	Auditing	2025-10-07 11:54:23.51	f	3	2025-10-07 11:54:23.51
1730	Banking	2025-10-07 11:54:23.51	f	4	2025-10-07 11:54:23.51
1731	Financial Services	2025-10-07 11:54:23.51	f	5	2025-10-07 11:54:23.51
1732	Insurance	2025-10-07 11:54:23.51	f	6	2025-10-07 11:54:23.51
1733	Legal	2025-10-07 11:54:23.51	f	7	2025-10-07 11:54:23.51
1734	Venture Capital	2025-10-07 11:54:23.51	f	8	2025-10-07 11:54:23.51
1735	Investment	2025-10-07 11:54:23.51	f	9	2025-10-07 11:54:23.51
1736	Business & Management	2025-10-07 11:54:23.51	t	10	2025-10-07 11:54:23.51
1737	Consulting	2025-10-07 11:54:23.51	f	11	2025-10-07 11:54:23.51
1738	Business Strategy	2025-10-07 11:54:23.51	f	12	2025-10-07 11:54:23.51
1739	Management	2025-10-07 11:54:23.51	f	13	2025-10-07 11:54:23.51
1740	Human Resources	2025-10-07 11:54:23.51	f	14	2025-10-07 11:54:23.51
1741	Recruitment	2025-10-07 11:54:23.51	f	15	2025-10-07 11:54:23.51
1742	Marketing	2025-10-07 11:54:23.51	f	16	2025-10-07 11:54:23.51
1743	Public Relations	2025-10-07 11:54:23.51	f	17	2025-10-07 11:54:23.51
1744	Advertising	2025-10-07 11:54:23.51	f	18	2025-10-07 11:54:23.51
1745	Media	2025-10-07 11:54:23.51	f	19	2025-10-07 11:54:23.51
1746	Communications	2025-10-07 11:54:23.51	f	20	2025-10-07 11:54:23.51
1747	Research	2025-10-07 11:54:23.51	f	21	2025-10-07 11:54:23.51
1748	Development	2025-10-07 11:54:23.51	f	22	2025-10-07 11:54:23.51
1749	Technology & Digital	2025-10-07 11:54:23.51	t	23	2025-10-07 11:54:23.51
1750	ICT	2025-10-07 11:54:23.51	f	24	2025-10-07 11:54:23.51
1751	Software	2025-10-07 11:54:23.51	f	25	2025-10-07 11:54:23.51
1752	Technology	2025-10-07 11:54:23.51	f	26	2025-10-07 11:54:23.51
1753	Telecommunications	2025-10-07 11:54:23.51	f	27	2025-10-07 11:54:23.51
1754	Cybersecurity	2025-10-07 11:54:23.51	f	28	2025-10-07 11:54:23.51
1755	Data	2025-10-07 11:54:23.51	f	29	2025-10-07 11:54:23.51
1756	Analytics	2025-10-07 11:54:23.51	f	30	2025-10-07 11:54:23.51
1757	E-Commerce	2025-10-07 11:54:23.51	f	31	2025-10-07 11:54:23.51
1758	Gaming	2025-10-07 11:54:23.51	f	32	2025-10-07 11:54:23.51
1759	Entertainment Tech	2025-10-07 11:54:23.51	f	33	2025-10-07 11:54:23.51
1760	FinTech	2025-10-07 11:54:23.51	f	34	2025-10-07 11:54:23.51
1761	Education	2025-10-07 11:54:23.51	t	35	2025-10-07 11:54:23.51
1762	Teaching	2025-10-07 11:54:23.51	f	36	2025-10-07 11:54:23.51
1763	Training	2025-10-07 11:54:23.51	f	37	2025-10-07 11:54:23.51
1764	E-Learning	2025-10-07 11:54:23.51	f	38	2025-10-07 11:54:23.51
1765	EdTech	2025-10-07 11:54:23.51	f	39	2025-10-07 11:54:23.51
1766	Capacity Building	2025-10-07 11:54:23.51	f	40	2025-10-07 11:54:23.51
1767	Healthcare	2025-10-07 11:54:23.51	t	41	2025-10-07 11:54:23.51
1768	Medical Services	2025-10-07 11:54:23.51	f	42	2025-10-07 11:54:23.51
1769	Hospitals	2025-10-07 11:54:23.51	f	43	2025-10-07 11:54:23.51
1770	Clinics	2025-10-07 11:54:23.51	f	44	2025-10-07 11:54:23.51
1771	Pharmaceutical	2025-10-07 11:54:23.51	f	45	2025-10-07 11:54:23.51
1772	Biotechnology	2025-10-07 11:54:23.51	f	46	2025-10-07 11:54:23.51
1773	Public Health	2025-10-07 11:54:23.51	f	47	2025-10-07 11:54:23.51
1774	Fitness	2025-10-07 11:54:23.51	f	48	2025-10-07 11:54:23.51
1775	Wellness	2025-10-07 11:54:23.51	f	49	2025-10-07 11:54:23.51
1776	Agriculture & Food	2025-10-07 11:54:23.51	t	50	2025-10-07 11:54:23.51
1777	Agriculture	2025-10-07 11:54:23.51	f	51	2025-10-07 11:54:23.51
1778	Agro-Allied	2025-10-07 11:54:23.51	f	52	2025-10-07 11:54:23.51
1779	Fisheries	2025-10-07 11:54:23.51	f	53	2025-10-07 11:54:23.51
1780	Aquaculture	2025-10-07 11:54:23.51	f	54	2025-10-07 11:54:23.51
1781	Forestry	2025-10-07 11:54:23.51	f	55	2025-10-07 11:54:23.51
1782	Food Processing	2025-10-07 11:54:23.51	f	56	2025-10-07 11:54:23.51
1783	Retail	2025-10-07 11:54:23.51	f	57	2025-10-07 11:54:23.51
1784	FMCG	2025-10-07 11:54:23.51	f	58	2025-10-07 11:54:23.51
1785	Energy & Natural Resources	2025-10-07 11:54:23.51	t	59	2025-10-07 11:54:23.51
1786	Oil & Gas	2025-10-07 11:54:23.51	f	60	2025-10-07 11:54:23.51
1787	Energy	2025-10-07 11:54:23.51	f	61	2025-10-07 11:54:23.51
1788	Power	2025-10-07 11:54:23.51	f	62	2025-10-07 11:54:23.51
1789	Utilities	2025-10-07 11:54:23.51	f	63	2025-10-07 11:54:23.51
1790	Renewable Energy	2025-10-07 11:54:23.51	f	64	2025-10-07 11:54:23.51
1791	Mining	2025-10-07 11:54:23.51	f	65	2025-10-07 11:54:23.51
1792	Extraction	2025-10-07 11:54:23.51	f	66	2025-10-07 11:54:23.51
1793	Engineering & Manufacturing	2025-10-07 11:54:23.51	t	67	2025-10-07 11:54:23.51
1794	Engineering	2025-10-07 11:54:23.51	f	68	2025-10-07 11:54:23.51
1795	Technical Services	2025-10-07 11:54:23.51	f	69	2025-10-07 11:54:23.51
1796	Construction	2025-10-07 11:54:23.51	f	70	2025-10-07 11:54:23.51
1797	Real Estate	2025-10-07 11:54:23.51	f	71	2025-10-07 11:54:23.51
1798	Architecture	2025-10-07 11:54:23.51	f	72	2025-10-07 11:54:23.51
1799	Design	2025-10-07 11:54:23.51	f	73	2025-10-07 11:54:23.51
1800	Manufacturing	2025-10-07 11:54:23.51	f	74	2025-10-07 11:54:23.51
1801	Production	2025-10-07 11:54:23.51	f	75	2025-10-07 11:54:23.51
1802	Industrial Automation	2025-10-07 11:54:23.51	f	76	2025-10-07 11:54:23.51
1803	Transport & Logistics	2025-10-07 11:54:23.51	t	77	2025-10-07 11:54:23.51
1804	Logistics	2025-10-07 11:54:23.51	f	78	2025-10-07 11:54:23.51
1805	Supply Chain	2025-10-07 11:54:23.51	f	79	2025-10-07 11:54:23.51
1806	Aviation	2025-10-07 11:54:23.51	f	80	2025-10-07 11:54:23.51
1807	Aerospace	2025-10-07 11:54:23.51	f	81	2025-10-07 11:54:23.51
1808	Maritime	2025-10-07 11:54:23.51	f	82	2025-10-07 11:54:23.51
1809	Shipping	2025-10-07 11:54:23.51	f	83	2025-10-07 11:54:23.51
1810	Rail Transport	2025-10-07 11:54:23.51	f	84	2025-10-07 11:54:23.51
1811	Road Transport	2025-10-07 11:54:23.51	f	85	2025-10-07 11:54:23.51
1812	Ride-hailing	2025-10-07 11:54:23.51	f	86	2025-10-07 11:54:23.51
1813	Delivery Services	2025-10-07 11:54:23.51	f	87	2025-10-07 11:54:23.51
1814	Government & Public Sector	2025-10-07 11:54:23.51	t	88	2025-10-07 11:54:23.51
1815	Government	2025-10-07 11:54:23.51	f	89	2025-10-07 11:54:23.51
1816	Public Service	2025-10-07 11:54:23.51	f	90	2025-10-07 11:54:23.51
1817	NGO	2025-10-07 11:54:23.51	f	91	2025-10-07 11:54:23.51
1818	Non-Profit	2025-10-07 11:54:23.51	f	92	2025-10-07 11:54:23.51
1819	International Organizations	2025-10-07 11:54:23.51	f	93	2025-10-07 11:54:23.51
1820	Security Services	2025-10-07 11:54:23.51	f	94	2025-10-07 11:54:23.51
1821	Military	2025-10-07 11:54:23.51	f	95	2025-10-07 11:54:23.51
1822	Defense	2025-10-07 11:54:23.51	f	96	2025-10-07 11:54:23.51
1823	Creative & Lifestyle	2025-10-07 11:54:23.51	t	97	2025-10-07 11:54:23.51
1824	Arts	2025-10-07 11:54:23.51	f	98	2025-10-07 11:54:23.51
1825	Culture	2025-10-07 11:54:23.51	f	99	2025-10-07 11:54:23.51
1826	Hospitality	2025-10-07 11:54:23.51	f	100	2025-10-07 11:54:23.51
1827	Tourism	2025-10-07 11:54:23.51	f	101	2025-10-07 11:54:23.51
1828	Events Management	2025-10-07 11:54:23.51	f	102	2025-10-07 11:54:23.51
1829	Fashion	2025-10-07 11:54:23.51	f	103	2025-10-07 11:54:23.51
1830	Beauty	2025-10-07 11:54:23.51	f	104	2025-10-07 11:54:23.51
1831	Sports	2025-10-07 11:54:23.51	f	105	2025-10-07 11:54:23.51
1832	Recreation	2025-10-07 11:54:23.51	f	106	2025-10-07 11:54:23.51
1833	Entertainment	2025-10-07 11:54:23.51	f	107	2025-10-07 11:54:23.51
1834	Music	2025-10-07 11:54:23.51	f	108	2025-10-07 11:54:23.51
1835	Film	2025-10-07 11:54:23.51	f	109	2025-10-07 11:54:23.51
\.


--
-- Data for Name: Agency; Type: TABLE DATA; Schema: public; Owner: -
--

COPY public."Agency" (id, "ownerUserId", name, "rcNumber", "industryId", website, "sizeRange", "domainVerified", "cacVerified", "logoKey", "headquartersStateId", "lgaId", "createdAt", domain, "hasCompletedOnboarding") FROM stdin;
f7472be1-137d-42c4-b74a-9217988bd932	097944c2-3582-4220-ade4-4a93ab404375	AdinKems Inc.	56765432	\N	https://www.adinkems.com	30-40	t	t	\N	111	\N	2025-09-05 08:06:38.204	\N	t
b5e3fec0-fc07-4cc9-a33f-344b6deae79e	6bfbc536-1f92-4324-b2e4-8d47ef587335	Dragnet Solutions Group	RC687691	1743	https://straight-skean.net	200+	t	t	logo_WCNCo7.png	494	10312	2025-10-07 11:54:25.539	limited-defendant.org	t
9f92b9e8-6ed3-4834-a090-84374a00b042	bbecaf26-2379-4417-a2d0-8cf5c4407ed9	Oando PLC Group	RC110567	1792	https://worldly-best-seller.name	1-10	f	f	logo_YLmV6Y.png	507	10619	2025-10-07 11:54:25.554	surprised-lace.com	t
6475116f-2a9d-452c-870b-34df8c02722a	7f77265a-7d6d-48c0-afa3-31a10f439f22	Dangote Foods Solutions	RC984826	1781	https://writhing-impostor.org/	11-50	f	f	logo_sOqkjo.png	508	10625	2025-10-07 11:54:25.563	weird-extent.name	t
754e9d60-2cca-432c-9e89-33b99f71579d	6ccfdc22-3b77-48af-aa7d-db07518b8155	Sahara Group Partners	RC898020	1789	https://rich-trench.com/	51-200	t	t	logo_9fMZ5H.png	492	10274	2025-10-07 11:54:25.574	bleak-overload.name	t
8064d915-18ee-4bc3-85fd-750827efb108	d1145917-e5c3-4e39-b378-fd98804bc992	Dangote Group Partners	RC117261	1798	https://liquid-translation.name/	51-200	f	f	logo_RMMcFG.png	499	10410	2025-10-07 11:54:25.583	graceful-chow.net	t
5655859c-a099-4394-9d77-a71a37e71917	33fac1a3-4311-4652-bba8-94a274995904	Farmcrowdy Ltd.	RC722102	1777	https://mature-lobster.name	51-200	t	t	logo_cPsgdC.png	505	10576	2025-10-07 11:54:25.59	lasting-packaging.info	t
c7d1e41e-d0cf-45f5-8964-0ca709ceb248	fd253a5e-1f4f-4c27-9f9f-86f9e6d84b1a	Lafarge Africa Group	RC491597	1800	https://hoarse-cd.com	51-200	f	t	logo_3vPbm6.png	518	10836	2025-10-07 11:54:25.596	nifty-newsstand.com	t
706b81a0-acb5-487d-8f9f-ae1509af8868	9988f50d-502e-4f9d-9fb3-a5328dbf30aa	Chevron Nigeria Partners	RC171943	1786	https://exhausted-passport.name	1-10	f	t	logo_xcRHq8.png	509	10654	2025-10-07 11:54:25.604	inferior-interior.com	t
60ad3547-d4e3-40eb-b6de-c4d006434e1c	6122d1a5-cb2c-4a34-b239-dc28d9cd6239	EbonyLife TV Solutions	RC341864	1833	https://enlightened-strategy.info	1-10	t	t	logo_yJW4t3.png	485	10146	2025-10-07 11:54:25.612	bitter-switchboard.net	t
a3a9ac0b-177c-4c9b-84d1-048e49cfbffb	670794dd-8f78-4b48-9aad-5cb4a6a74bb2	Jobberman Ltd.	RC295663	1741	https://wrong-birdbath.info/	200+	f	t	logo_yh6VdM.png	508	10625	2025-10-07 11:54:25.619	shrill-fort.name	t
8db87a0d-eb67-4c89-9917-246154727281	2e7e99fa-de35-4679-aa06-d872a9036d06	Chocolate City Group Group	RC447979	1827	https://huge-tenant.biz	200+	t	f	logo_Tsl0LQ.png	516	10804	2025-10-07 11:54:25.627	rubbery-arcade.org	t
f0ad6e06-c367-43d6-ae81-8d69a2fd8d69	961e2ed7-6ac1-4be6-9e14-10b849bc4c83	Farmcrowdy Ltd.	RC262869	1783	https://needy-saloon.com	1-10	f	f	logo_WHfOUR.png	484	10124	2025-10-07 11:54:25.634	burly-hippodrome.biz	t
864f8359-5226-4de1-8001-912ad36eae91	8e72a507-de97-4046-8754-be49d67a9f67	KPMG Nigeria Solutions	RC937041	1733	https://helpful-shadowbox.info/	11-50	t	t	logo_Y8ueXS.png	484	10129	2025-10-07 11:54:25.642	imaginative-request.com	t
b3024254-35f5-40d2-b396-a770d5a979a0	bea98046-4174-4099-9c4f-37c0ce71b9cc	Chocolate City Group Partners	RC473648	1829	https://inborn-stump.net/	1-10	t	f	logo_untBYf.png	506	10593	2025-10-07 11:54:25.649	regal-fen.com	t
e0ffe090-2383-4262-bb81-f1e02ca09237	c25f4cee-5141-40c8-ba60-3bac3b403dba	Kobo360 Partners	RC673157	1805	https://urban-coordination.info/	200+	t	f	logo_wLq43X.png	500	10464	2025-10-07 11:54:25.659	voluminous-smoke.org	t
8ecbc6ea-0bf6-4f71-b077-aab938e3870b	501f46f0-ec22-405d-81d1-b9fd2e5a38a7	BellaNaija Ltd.	RC844341	1833	https://sarcastic-jacket.name	1-10	t	t	logo_EIqeF2.png	492	10285	2025-10-07 11:54:25.667	frank-tributary.net	t
d8dd31dd-2490-432a-ad78-9e9b9bb33732	7f9663ba-234d-4350-a4c6-c6dba917fe13	LEAP Africa Solutions	RC500634	1818	https://knotty-march.info	51-200	t	f	logo_Oclwhs.png	497	10360	2025-10-07 11:54:25.676	upright-adaptation.biz	t
c7debf37-e7d5-4c16-9e57-be69da99f4e1	1a18c457-c770-4532-ae8c-2a2dc1c1db96	Reliance HMO Ltd.	RC344075	1772	https://regular-minor.biz/	11-50	t	t	logo_G7jApq.png	485	10139	2025-10-07 11:54:25.682	super-lieu.org	t
0eb2d5b2-f614-45d0-8630-e6d4cbd6344d	4105e273-c6b2-496a-a640-f62304c3ccd5	Co-Creation Hub (CcHUB) Ltd.	RC779839	1821	https://unselfish-bookcase.biz/	11-50	f	t	logo_qbOui3.png	509	10641	2025-10-07 11:54:25.69	our-guacamole.name	t
e10f3df1-95d6-428d-96f7-6156a218cdf6	c47176c7-ebd0-4e05-a21a-7eeebe8044c1	Jumia Careers Ltd.	RC198993	1828	https://primary-daddy.org/	1-10	t	t	logo_sNuPcJ.png	501	10497	2025-10-07 11:54:25.697	chilly-contractor.info	t
7b63f0d4-ae27-46f4-8e3b-cabb88daa3d8	c1cfe44e-a176-474b-bf35-48398dca09c9	OhGiveThanks	\N	\N	\N	\N	t	t	\N	\N	\N	2025-09-17 20:07:32.599	tedunjaiyeseun@gmail.com	f
446e6e40-2164-4c5f-8007-f66d6f0adb83	4313db21-5881-4c76-ad21-ab78fbe56d67	Gran Tourismo	\N	\N	\N	\N	f	f	\N	\N	\N	2025-10-09 21:28:45.612	\N	t
\.


--
-- Data for Name: AgencyFollow; Type: TABLE DATA; Schema: public; Owner: -
--

COPY public."AgencyFollow" ("followerId", "agencyId", "createdAt") FROM stdin;
5900ca1a-625c-4a14-8331-ee286900ad73	f7472be1-137d-42c4-b74a-9217988bd932	2025-10-10 10:00:33.178
\.


--
-- Data for Name: AgencyMember; Type: TABLE DATA; Schema: public; Owner: -
--

COPY public."AgencyMember" (id, "agencyId", "userId", role) FROM stdin;
8b66dfd6-9086-403b-b948-8c61bb7cff79	f7472be1-137d-42c4-b74a-9217988bd932	097944c2-3582-4220-ade4-4a93ab404375	OWNER
f2a37fec-899b-4fa7-83e5-3d091370ba41	7b63f0d4-ae27-46f4-8e3b-cabb88daa3d8	c1cfe44e-a176-474b-bf35-48398dca09c9	OWNER
524f4f02-feca-47f1-9dfc-5c6b5d0e8d79	446e6e40-2164-4c5f-8007-f66d6f0adb83	4313db21-5881-4c76-ad21-ab78fbe56d67	OWNER
\.


--
-- Data for Name: SubscriptionPlan; Type: TABLE DATA; Schema: public; Owner: -
--

COPY public."SubscriptionPlan" (id, name, description, price, currency, features, "stripePriceId", "jobPostLimit", "memberLimit") FROM stdin;
18b6484d-cd07-4fb5-b724-c5907049c251	Pro	Ideal for growing teams with continuous hiring needs.	10000	NGN	["Post up to 20 jobs", "Advanced search filters (skills - GPA - etc.)", "Shortlist up to 100 candidates", "Branded agency profile page", "Domain & email verification", "Add up to 3 recruiter accounts", "Job & applicant analytics"]	price_1S7cM5IGb6x0f4048axxqDh9	20	3
0b46b7e7-e867-43ce-a0ef-6be760d58cc2	Basic	Perfect for getting started and finding initial talent.	0	NGN	["Post 2 jobs at a time", "Limited search filters (location, role)", "Basic agency listing (unverified)", "1 agency member account", "Standard support"]	price_1S7citIGb6x0f4045UK1S7G4	2	1
307e72e7-163a-438f-a22e-44f43e0e2a17	Enterprise	For large organizations with dedicated hiring teams.	25000	NGN	["Unlimited job posts & shortlists", "AI-powered candidate recommendations", "Saved searches & new candidate alerts", "Full CAC verification badge", "Featured 'Top Employer' listing", "Unlimited recruiter accounts", "Advanced demographic & skills analytics"]	price_1S7cpkIGb6x0f404VFAaVjFK	-1	-1
\.


--
-- Data for Name: AgencySubscription; Type: TABLE DATA; Schema: public; Owner: -
--

COPY public."AgencySubscription" (id, "agencyId", "planId", "endDate", status, "stripeCurrentPeriodEnd", "stripeCustomerId", "stripeSubscriptionId", "createdAt") FROM stdin;
5d2865ed-f1a6-46e1-bf73-a278be95cb8a	f7472be1-137d-42c4-b74a-9217988bd932	18b6484d-cd07-4fb5-b724-c5907049c251	\N	ACTIVE	2025-11-12 15:57:51	cus_TDtR0gxh0NGLBc	sub_1SHRefIGb6x0f404R4bePZYb	2025-10-12 15:57:58.097
\.


--
-- Data for Name: CandidateProfile; Type: TABLE DATA; Schema: public; Owner: -
--

COPY public."CandidateProfile" (id, "userId", "firstName", "lastName", phone, dob, gender, "nyscNumber", "nyscBatch", "nyscStream", "callupHash", "stateCode", "primaryStateId", "lgaId", "disabilityInfo", "isVerified", "verificationLevel", "isRemote", "isOpenToReloc", "salaryMin", "salaryMax", availability, "workAuth", summary, linkedin, portfolio, "graduationYear", "gpaBand", "cvFileKey", "nyscFileKey", "hasCompletedOnboarding", "profileType") FROM stdin;
5e5c0ce5-b78b-4872-be2d-447f4423643b	070d5e75-f512-4fec-a540-d23cf94e282e	Adeola	Mustapha	+2348045981615	2001-11-01 14:48:31.614	Female	NYSC/61RINO	A	I	ci8w565X5TrA	YIVHY6	507	10602	\N	t	EMAIL_VERIFIED	t	f	210679	271587	2026-04-23 10:37:06.799	Nigerian Citizen	A certified Project Manager (PMP) with 2 years of success leading cross-functional teams to deliver projects on time and within budget. A strong leader with expertise in Product Management, risk management, and stakeholder communication. Dedicated to driving efficiency and achieving strategic goals.	https://linkedin.com/in/adeola-mustapha	https://unrealistic-coliseum.org/	2020	Second Class Upper	cv_5r6W7KoU.pdf	nysc_zXVsOQZO.pdf	t	NYSC
0ef66d72-7ffb-40a4-83b9-cc80256bdb2e	89a9cdb9-7fc4-4652-9f96-a2dc54fd1709	Chika	Cook	+2348047111957	1998-10-25 16:12:01.565	Male	NYSC/A1WNXK	B	I	acUIcyoJEhzC	WFWJ4A	504	10556	Ratione tego despecto patrocinor delectus.	f	CERTS_VERIFIED	t	t	80229	164148	2026-06-01 14:24:02.912	Nigerian Citizen	A results-driven SEO Analyst with over 2 years of experience in developing and executing successful online marketing campaigns. Specializes in Sales and leveraging data analytics to optimize performance and drive growth. Adept at managing budgets and leading marketing initiatives.	https://linkedin.com/in/chika-cook	https://spiffy-plain.com	2021	First Class	cv_YfeI3s1e.pdf	nysc_MU3rA4G3.pdf	t	NYSC
49318ac1-ce7e-435b-ac88-06a97a69641e	fcd910ed-f411-4524-bdb1-23de83a9e4d1	Ezemuah	Tajudeen	\N	\N	\N	\N	\N	\N	\N	\N	\N	\N	\N	f	UNVERIFIED	f	f	\N	\N	\N	\N	\N	\N	\N	\N	\N	\N	\N	f	NYSC
10ef0a89-f235-4380-b1e3-b788ea0485c8	24561236-b941-4ff8-ad41-b9b71adcafdd	PPALink	Support	\N	\N	\N	\N	\N	\N	\N	\N	\N	\N	\N	f	UNVERIFIED	f	f	\N	\N	\N	\N	\N	\N	\N	\N	\N	\N	\N	f	NYSC
53adc178-1033-4234-aa9d-b12b4762c958	540376ca-5d21-4f18-899a-8b404578a53b	David	Ibori	+2348028913030	1999-09-22 10:29:38.095	Male	NYSC/LTHJJF	B	I	UjXQmy2o9pLt	5VZ7QH	499	10422	\N	t	UNVERIFIED	t	f	128745	229254	2025-11-23 03:00:28.297	Nigerian Citizen	A meticulous and certified Accountant with 1 years of comprehensive experience in financial reporting, auditing, and compliance. Proficient in Financial Analysis and various accounting software. Possesses strong analytical skills and a commitment to accuracy and integrity.	https://linkedin.com/in/david-ibori	https://unsightly-junior.com/	2017	Third Class	cv_L1uBsrgU.pdf	nysc_lozlzgN7.pdf	t	NYSC
255d8dea-e991-4b8e-8270-95a40c17c893	08a22e41-a1c9-4350-bc2f-69f5ceff62f2	Sadiq	Ibori	+2348096739630	2000-11-11 00:53:26.813	Male	NYSC/8P0BCS	A	I	SSmN4qZVXaDI	77BNU1	492	10283	\N	t	UNVERIFIED	t	f	193179	294779	2026-05-18 14:32:36.617	Nigerian Citizen	A certified Project Manager (PMP) with 1 years of success leading cross-functional teams to deliver projects on time and within budget. A strong leader with expertise in Product Management, risk management, and stakeholder communication. Dedicated to driving efficiency and achieving strategic goals.	https://linkedin.com/in/sadiq-ibori	https://wrong-handful.name	2016	Second Class Upper	cv_U18NF6Kd.pdf	nysc_u4xaS8l2.pdf	t	NYSC
d3fd8091-dbc4-47d5-a270-83acf51cc97a	9e6a238a-2982-42e6-b7df-4bc1cb4e1185	Mustapha	Osagie	+2348032645150	2000-04-21 12:00:32.401	Male	NYSC/3YIHS0	B	I	JftDIatpHhDm	KZ44TT	487	10178	Nulla aliquid et.	t	NYSC_VERIFIED	f	f	202818	321859	2026-06-12 13:02:31.843	Nigerian Citizen	A creative and detail-oriented UI Engineer with 1 years of experience building responsive and user-friendly web applications. Expertise in Software Development and a strong passion for creating seamless user experiences. Proven ability to collaborate with designers and backend teams.	https://linkedin.com/in/mustapha-osagie	https://average-hornet.org	2021	Third Class	cv_VWNDyZpl.pdf	nysc_blbwmmrj.pdf	t	NYSC
d947c918-9dfe-48b3-bebd-88085a6a4999	aa965365-6bb3-4a16-b08c-8881d8bf335b	Chukwuemeka	Brown	+2348083943914	1996-12-25 15:48:02.264	Female	NYSC/PQ574D	A	II	oi0Dd5SR6nA9	FXHMMD	492	10279	\N	t	EMAIL_VERIFIED	t	t	81307	215103	2026-06-28 11:05:43.707	Nigerian Citizen	A certified IT Project Coordinator (PMP) with 1 years of success leading cross-functional teams to deliver projects on time and within budget. A strong leader with expertise in Business Analysis, risk management, and stakeholder communication. Dedicated to driving efficiency and achieving strategic goals.	https://linkedin.com/in/chukwuemeka-brown	https://scornful-interviewer.biz/	2023	First Class	cv_b4hTpgx9.pdf	nysc_jw9Ig0oi.pdf	t	NYSC
a6b66cdc-6f3c-4f46-91ae-cf1c437af827	83d6be8e-6bca-431f-9a30-6aadcc912571	Joseph	Okojie	+2348082772447	2002-04-02 20:36:05.701	Male	NYSC/IHCHWY	B	I	UWSJnCc8JN4e	V1VKH5	504	10546	\N	f	CERTS_VERIFIED	t	t	165418	218230	2026-01-27 15:49:33.773	Nigerian Citizen	A creative and detail-oriented UI Engineer with 2 years of experience building responsive and user-friendly web applications. Expertise in Project Management and a strong passion for creating seamless user experiences. Proven ability to collaborate with designers and backend teams.	https://linkedin.com/in/joseph-okojie	https://lumbering-conservative.org/	2023	First Class	cv_yxzbWhD0.pdf	nysc_8LyqUWZz.pdf	t	NYSC
7a3496dc-f774-4199-9d15-3401fbf28325	75f79482-90f3-4fd8-a451-5ef5ba780da0	Chinonso	Abiodun	+2348086943172	1995-02-06 18:18:03.677	Female	NYSC/QJ1LZY	B	II	iO7ISLty5AwS	D5QCRC	513	10756	Tripudio pecco antiquus.	t	EMAIL_VERIFIED	f	f	194457	308232	2026-01-08 11:29:18.099	Nigerian Citizen	A certified Product Manager (PMP) with 2 years of success leading cross-functional teams to deliver projects on time and within budget. A strong leader with expertise in Team Management, risk management, and stakeholder communication. Dedicated to driving efficiency and achieving strategic goals.	https://linkedin.com/in/chinonso-abiodun	https://urban-issue.org	2022	Second Class Upper	cv_OZxI7W5n.pdf	nysc_Z3zWTHvh.pdf	t	NYSC
5f0d4714-af15-42c1-8219-c513d3058de3	f88f40e1-147c-47eb-95d1-8b0cc75f4b4a	Habiba	Mustapha	+2348028427924	1997-06-07 11:15:07.788	Male	NYSC/FGSTLC	A	I	Y4rlyRnCFarC	ZRRXW1	504	10554	\N	f	NYSC_VERIFIED	t	t	94663	172734	2026-05-27 17:51:38.913	Nigerian Citizen	A creative and detail-oriented React Developer with 3 years of experience building responsive and user-friendly web applications. Expertise in UI/UX Design and a strong passion for creating seamless user experiences. Proven ability to collaborate with designers and backend teams.	https://linkedin.com/in/habiba-mustapha	https://snappy-section.biz	2020	Second Class Upper	cv_oSYgfwZy.pdf	nysc_u5MTjirk.pdf	t	NYSC
29092626-efbb-48d7-aaec-b1f57ac2e0ff	c40bb2b6-b57d-4383-8a7c-5d6c3c3f84ad	Joanna	Osagie	+2348077967835	2003-02-11 17:31:23.126	Male	NYSC/XN7H70	A	I	rz0nFu8nj6Vy	XAE4UT	517	10825	Vomer conventus aetas.	t	EMAIL_VERIFIED	t	t	130224	240921	2026-05-04 10:06:27.569	Nigerian Citizen	An analytical and detail-oriented Quantitative Analyst with 5 years of experience in interpreting complex datasets and generating actionable insights. Proficient in SQL, Python, and visualization tools like Tableau. Specializes in Software Development to help businesses make data-driven decisions.	https://linkedin.com/in/joanna-osagie	https://stained-swim.com/	2015	Second Class Lower	cv_MV1TGNh1.pdf	nysc_RG1xZwCs.pdf	t	NYSC
bb250836-2344-4f88-bdb9-31fa30a22b15	bab33cd5-7ab3-458d-b631-3a457071107b	Benjamin	Nelson	+2348094667902	2002-11-30 22:30:07.722	Male	NYSC/GZWKBF	C	II	Rx8aQNJ6rt8Z	CA1MLQ	515	10793	\N	t	ID_VERIFIED	f	f	110324	219459	2026-05-14 00:27:08.472	Nigerian Citizen	A results-driven SEO Analyst with over 3 years of experience in developing and executing successful online marketing campaigns. Specializes in Digital Marketing and leveraging data analytics to optimize performance and drive growth. Adept at managing budgets and leading marketing initiatives.	https://linkedin.com/in/benjamin-nelson	https://eminent-precedent.com/	2022	Second Class Upper	cv_tsC8sY6b.pdf	nysc_Tb0XskZG.pdf	t	NYSC
6dfd2329-0064-4d69-9e19-858f5288635f	2e4fd6f0-3b02-49e9-9d55-25267ac63a61	Rachel	Ekanem	+2348065500843	1998-09-25 10:56:58.659	Male	NYSC/B2LZKV	A	I	VpCKSFkY4Wvl	RICFNG	503	10529	Sint ulterius umerus.	t	NYSC_VERIFIED	t	f	157304	269594	2026-06-22 17:18:14.087	Nigerian Citizen	An analytical and detail-oriented Business Intelligence Analyst with 2 years of experience in interpreting complex datasets and generating actionable insights. Proficient in SQL, Python, and visualization tools like Tableau. Specializes in Software Development to help businesses make data-driven decisions.	https://linkedin.com/in/rachel-ekanem	https://coordinated-pick.biz	2022	Second Class Lower	cv_pxpQyI4W.pdf	nysc_tGnawxrO.pdf	t	NYSC
7287df1c-48a2-43ae-88d3-3da00ee612d2	b2789b82-b6c9-4801-9ed1-f3e80ef93f62	Samuel	Okon	+2348021371165	1995-03-19 14:58:34.983	Male	NYSC/KKQL22	A	II	WXoOKhv5mgpC	0TCIXM	494	10319	\N	f	NYSC_VERIFIED	t	t	172535	259332	2025-11-18 21:28:04.662	Nigerian Citizen	An empathetic and professional Human Resources Generalist with 2 years of experience in talent management, employee relations, and HR operations. Expertise in Human Resources and developing strategies to foster a positive and productive work environment. Excellent communication and interpersonal skills.	https://linkedin.com/in/samuel-okon	https://nippy-order.net/	2015	Third Class	cv_MBxedOCr.pdf	nysc_Vhxk9jah.pdf	t	NYSC
46b262b5-0a74-4b95-a234-1e1cbfb79cac	7136cbbe-30fe-4e58-93b1-33fb6e12bb8e	Priscilla	Roberts	+2348069838466	2003-06-17 01:54:02.434	Female	NYSC/XL4W3Y	C	II	gHnzSwPFJiOp	03PPQU	502	10506	Derideo annus molestiae ea studio autus acies amet.	f	NYSC_VERIFIED	t	f	81574	215417	2026-04-01 02:01:27.37	Nigerian Citizen	A creative and detail-oriented Frontend Developer with 3 years of experience building responsive and user-friendly web applications. Expertise in Project Management and a strong passion for creating seamless user experiences. Proven ability to collaborate with designers and backend teams.	https://linkedin.com/in/priscilla-roberts	https://unimportant-release.org/	2020	Third Class	cv_DaJq8Zql.pdf	nysc_edTct1Ro.pdf	t	NYSC
650adfeb-f8a9-4e58-8576-42b33e1188e3	b6649924-6768-4ed1-aaf1-47a0e043d0ce	Obinna	Nnamani	+2348020194924	1996-03-27 11:50:07.308	Male	NYSC/DDK1QT	A	II	ibZvtOrKLBcl	HNQUKU	504	10555	\N	f	UNVERIFIED	t	f	163404	288022	2026-01-09 00:50:43.413	Nigerian Citizen	An analytical and detail-oriented Business Intelligence Analyst with 2 years of experience in interpreting complex datasets and generating actionable insights. Proficient in SQL, Python, and visualization tools like Tableau. Specializes in Data Analysis to help businesses make data-driven decisions.	https://linkedin.com/in/obinna-nnamani	https://well-made-gazebo.biz/	2015	Second Class Lower	cv_rJaYDA6d.pdf	nysc_yVQDc32I.pdf	t	NYSC
f559d9c4-b424-4758-a1ca-dcf94497dcd8	43bb336a-93d9-4d31-9e3d-ccc96aed3fd0	Yusuf	Oluwaseun	+2348048224303	2002-10-26 18:12:06.556	Female	NYSC/Z6QOVR	A	I	q4CEF7CJ2rpx	BFERAT	484	10123	\N	t	ID_VERIFIED	f	t	179295	278483	2025-10-20 23:44:54.5	Nigerian Citizen	A certified Project Manager (PMP) with 2 years of success leading cross-functional teams to deliver projects on time and within budget. A strong leader with expertise in Customer Service, risk management, and stakeholder communication. Dedicated to driving efficiency and achieving strategic goals.	https://linkedin.com/in/yusuf-oluwaseun	https://impeccable-exploration.org	2018	First Class	cv_E4JYBdI3.pdf	nysc_8lM3Hzqp.pdf	t	NYSC
db66a97e-b80b-4fe0-a679-6e19b7749fe1	a7a0a894-3568-423f-a0df-ba8b47f5bdad	Mary	Reed	+2348025675509	2001-12-21 06:57:20.385	Female	NYSC/ISFM35	C	II	9EMbWrsiauw8	IN15SP	494	10312	Celo tristis conscendo.	t	NYSC_VERIFIED	t	t	84799	170796	2026-01-10 23:08:47.03	Nigerian Citizen	An analytical and detail-oriented Quantitative Analyst with 1 years of experience in interpreting complex datasets and generating actionable insights. Proficient in SQL, Python, and visualization tools like Tableau. Specializes in Software Development to help businesses make data-driven decisions.	https://linkedin.com/in/mary-reed	https://handy-cantaloupe.biz	2016	Second Class Upper	cv_xqIBcsFQ.pdf	nysc_wHHZ4PeP.pdf	t	NYSC
66d7b3b7-e791-477f-b9cf-b42fa38e87cc	425fb147-747b-4238-b39c-e24955a755e2	Samuel	Lewis	+2348082973175	2003-01-18 17:15:02.595	Male	NYSC/XDT6GE	B	I	1fv2ktu5bGti	ECY4UH	505	10577	\N	f	NYSC_VERIFIED	t	t	208401	301619	2026-08-17 19:05:53.776	Nigerian Citizen	A meticulous and certified Auditor with 4 years of comprehensive experience in financial reporting, auditing, and compliance. Proficient in Financial Analysis and various accounting software. Possesses strong analytical skills and a commitment to accuracy and integrity.	https://linkedin.com/in/samuel-lewis	https://shocked-horst.info	2021	Third Class	cv_8Nx4yrBs.pdf	nysc_WgKeYU5q.pdf	t	NYSC
63f3c635-529e-408c-acca-3f825bf4bbeb	08d3b0f3-b070-4a12-835d-49c9d47a330f	Ikenna	Ogunbiyi	+2348088326418	1999-06-22 02:15:58.593	Female	NYSC/Y2W2YV	C	I	ZXAtuGp89Rbc	YXDJFA	506	10593	\N	t	NYSC_VERIFIED	t	f	123573	246822	2025-11-04 04:13:49.002	Nigerian Citizen	A meticulous and certified Financial Analyst with 3 years of comprehensive experience in financial reporting, auditing, and compliance. Proficient in Auditing and various accounting software. Possesses strong analytical skills and a commitment to accuracy and integrity.	https://linkedin.com/in/ikenna-ogunbiyi	https://distant-appliance.net/	2023	Third Class	cv_QyKJZkbE.pdf	nysc_N26O4IRZ.pdf	t	NYSC
246f04e6-555b-4522-a893-8e0dcadb67b3	a4bbe94f-e863-4717-880e-b3a554208f3d	Ireti	Smith	+2348069062570	1997-07-02 21:42:55.21	Female	NYSC/TYT0PR	C	II	cdOVwCqih5Qn	IVVQML	492	10278	Alius appono viduo clibanus solitudo utor consequatur tactus.	f	CERTS_VERIFIED	t	t	118498	173056	2026-03-21 00:38:58.321	Nigerian Citizen	A highly skilled and motivated Java Developer with 3 years of experience in designing, developing, and deploying robust software solutions. Proficient in Data Analysis and modern development methodologies. Eager to contribute to a challenging and innovative team.	https://linkedin.com/in/ireti-smith	https://bulky-velocity.org	2015	Second Class Lower	cv_CVITAWaF.pdf	nysc_FNmv0bdT.pdf	t	NYSC
cedb3163-0ebd-4062-98f9-baf3e960db71	0a03e8e0-f896-49e7-ae48-33c102ed8922	Toluwani	Mustapha	+2348007298144	1996-06-13 10:54:20.885	Female	NYSC/ZCBSTB	A	I	EUK2fV9wpwkw	ED8DRL	499	10408	\N	f	UNVERIFIED	f	t	114934	200040	2026-03-02 06:34:05.764	Nigerian Citizen	A creative and detail-oriented Frontend Developer with 1 years of experience building responsive and user-friendly web applications. Expertise in Project Management and a strong passion for creating seamless user experiences. Proven ability to collaborate with designers and backend teams.	https://linkedin.com/in/toluwani-mustapha	https://impolite-hygienic.org	2018	Third Class	cv_hkNClFf9.pdf	nysc_0rEpc8dQ.pdf	t	NYSC
377c9bf6-c15b-4620-93a0-f83c3022dda7	9aae48e7-9c01-48b1-944d-b4544bbff18a	Timothy	Abiola	+2348071086944	1998-07-04 07:44:45.9	Male	NYSC/PEXY54	B	I	u6WT5OxmKsCB	PIAD0Y	512	10737	Cornu decretum colo.	f	CERTS_VERIFIED	t	t	199715	325696	2026-08-09 11:36:13.997	Nigerian Citizen	A certified Project Manager (PMP) with 2 years of success leading cross-functional teams to deliver projects on time and within budget. A strong leader with expertise in Team Management, risk management, and stakeholder communication. Dedicated to driving efficiency and achieving strategic goals.	https://linkedin.com/in/timothy-abiola	https://unusual-bracelet.com/	2017	Third Class	cv_ruO2jBN6.pdf	nysc_uprTHe3m.pdf	t	NYSC
2e6ad436-5479-4aef-bbcc-cbeaf42f30fc	01848f0d-aa18-4104-a791-fab3cf0f7cbf	Philip	Morgan	+2348009497544	1996-12-29 09:10:07.664	Male	NYSC/0CZWFY	B	I	twiLNMDy3tVX	EGZR0R	498	10400	\N	t	UNVERIFIED	t	f	148350	244211	2025-11-29 03:32:43.503	Nigerian Citizen	A results-driven Content Marketing Manager with over 4 years of experience in developing and executing successful online marketing campaigns. Specializes in Project Management and leveraging data analytics to optimize performance and drive growth. Adept at managing budgets and leading marketing initiatives.	https://linkedin.com/in/philip-morgan	https://best-squid.com	2021	Third Class	cv_3XbXoyr7.pdf	nysc_RV5ojjSq.pdf	t	NYSC
e9b896cd-1e7e-4c6d-8686-a7c16085a1f8	529381fc-2e3c-46ec-ac21-6adc605871fe	Oluwapelumi	Morris	+2348018393442	1996-12-02 07:29:25.364	Female	NYSC/K0YMX6	C	II	eqxTYXtAMC2p	W7E4IC	487	10177	Adficio quisquam temperantia venia.	t	NYSC_VERIFIED	f	t	108404	211784	2026-05-28 08:01:45.586	Nigerian Citizen	An analytical and detail-oriented Business Intelligence Analyst with 3 years of experience in interpreting complex datasets and generating actionable insights. Proficient in SQL, Python, and visualization tools like Tableau. Specializes in Data Analysis to help businesses make data-driven decisions.	https://linkedin.com/in/oluwapelumi-morris	https://every-disadvantage.name	2015	Second Class Upper	cv_Tn4BdT0m.pdf	nysc_8pDXBvDu.pdf	t	NYSC
6a2529fc-368f-4d1c-a37e-3ea7e15282f5	5f07a909-1664-440b-bd79-c3d831a6f90f	Mary	Balogun	+2348086961181	2002-10-29 11:24:34.305	Male	NYSC/YRTDNF	A	II	afRAZ8uFtTHx	UI0XE4	499	10406	\N	t	EMAIL_VERIFIED	t	f	88388	237407	2026-08-24 22:19:47.474	Nigerian Citizen	A meticulous and certified Finance Officer with 2 years of comprehensive experience in financial reporting, auditing, and compliance. Proficient in Financial Analysis and various accounting software. Possesses strong analytical skills and a commitment to accuracy and integrity.	https://linkedin.com/in/mary-balogun	https://wasteful-courtroom.biz	2016	Second Class Upper	cv_NngdOPc8.pdf	nysc_pMsxKz2f.pdf	t	NYSC
3ffc0f7c-e816-478b-abcb-5922ca158872	cf60746c-e6ee-48a4-8f5b-840b35375d18	Aderonke	Okoye	+2348018130592	2000-04-25 07:49:13.426	Female	NYSC/R3WSBY	B	II	oQz3R90MLkuj	8QQRZ7	491	10253	Adflicto vulgo tamisium velociter cribro tersus bis tricesimus facilis.	t	UNVERIFIED	f	t	221003	282746	2026-03-08 06:02:17.739	Nigerian Citizen	An analytical and detail-oriented Quantitative Analyst with 2 years of experience in interpreting complex datasets and generating actionable insights. Proficient in SQL, Python, and visualization tools like Tableau. Specializes in Software Development to help businesses make data-driven decisions.	https://linkedin.com/in/aderonke-okoye	https://fat-affiliate.name	2022	First Class	cv_anmJgkbL.pdf	nysc_5bfvdu7G.pdf	t	NYSC
0519b2d3-a562-4e13-802a-0361deda5825	df7047c2-755f-4625-86eb-cd4612d2f140	Timothy	Ogunbiyi	+2348069567116	2003-08-03 21:55:47.115	Female	NYSC/ZYJ6XX	C	I	uglRTU2rgGNC	STCJLW	492	10280	Vulpes adopto colligo.	f	UNVERIFIED	f	t	132166	267258	2025-12-28 05:19:48.484	Nigerian Citizen	A creative and detail-oriented UI Engineer with 1 years of experience building responsive and user-friendly web applications. Expertise in UI/UX Design and a strong passion for creating seamless user experiences. Proven ability to collaborate with designers and backend teams.	https://linkedin.com/in/timothy-ogunbiyi	https://french-decryption.info	2019	First Class	cv_GjMiG4cD.pdf	nysc_xjyCXIp8.pdf	t	NYSC
7c3ddd07-dc51-4ec5-b484-5f609931507b	73a60097-d32f-4598-aa4c-8a21b249a494	Elizabeth	Brooks	+2348021785225	2003-05-21 16:46:23.701	Female	NYSC/5RYUGO	B	I	cwIY3ld0JSh2	A2GRMN	484	10109	Volubilis umquam taceo colo reprehenderit volva cupio accendo terror accommodo.	t	UNVERIFIED	t	f	240170	386458	2026-06-09 07:59:16.648	Nigerian Citizen	A meticulous and certified Financial Analyst with 3 years of comprehensive experience in financial reporting, auditing, and compliance. Proficient in Accounting and various accounting software. Possesses strong analytical skills and a commitment to accuracy and integrity.	https://linkedin.com/in/elizabeth-brooks	https://limp-popularity.net/	2020	Third Class	cv_HRg9Y3e4.pdf	nysc_lFf406qK.pdf	t	NYSC
bebab6e4-eae5-42f7-bc89-ccbccb0e4ecc	3a397c0f-a1db-42a3-b216-171fd68964ef	Chukwuemeka	Onyekachi	+2348084359576	1996-08-19 14:49:39.747	Female	NYSC/JJY2C2	B	I	RJXbuiHMs1UP	7GHP2Y	498	10384	\N	t	ID_VERIFIED	f	f	86175	233007	2026-09-18 21:19:59.499	Nigerian Citizen	A highly skilled and motivated Full Stack Engineer with 2 years of experience in designing, developing, and deploying robust software solutions. Proficient in Data Analysis and modern development methodologies. Eager to contribute to a challenging and innovative team.	https://linkedin.com/in/chukwuemeka-onyekachi	https://delectable-cheese.info/	2021	Second Class Upper	cv_JsyetgST.pdf	nysc_PYFGDH6o.pdf	t	NYSC
439dd73a-be3c-40c5-b026-8e24ac6f923d	855ab2a4-f4c7-469a-9faf-a9dd316e88a1	Peter	Smith	+2348071176092	2002-11-27 02:59:33.604	Male	NYSC/NLJET9	B	I	efDR8EsZP5fA	KASLV7	508	10631	\N	f	EMAIL_VERIFIED	f	f	179501	260775	2025-12-31 15:38:31.311	Nigerian Citizen	A results-driven Social Media Manager with over 3 years of experience in developing and executing successful online marketing campaigns. Specializes in Search Engine Optimization (SEO) and leveraging data analytics to optimize performance and drive growth. Adept at managing budgets and leading marketing initiatives.	https://linkedin.com/in/peter-smith	https://bouncy-marksman.net	2016	First Class	cv_S7ElkJpf.pdf	nysc_Hw3nvptN.pdf	t	NYSC
4be82dae-fcf3-4a01-b5a3-564c38113b68	f85a8f82-7fd5-4d5a-b079-32033bbc1109	Joanna	Morris	+2348009993511	1996-01-11 03:52:36.634	Male	NYSC/CGV2O3	C	I	jtk0b6V0t0Xn	VS50O0	495	10333	\N	t	NYSC_VERIFIED	t	f	114677	180632	2026-01-04 07:00:23.594	Nigerian Citizen	An analytical and detail-oriented Quantitative Analyst with 3 years of experience in interpreting complex datasets and generating actionable insights. Proficient in SQL, Python, and visualization tools like Tableau. Specializes in Database Management (SQL/NoSQL) to help businesses make data-driven decisions.	https://linkedin.com/in/joanna-morris	https://graceful-freezing.name	2023	Third Class	cv_ueId4f2A.pdf	nysc_cMGFbFNJ.pdf	t	NYSC
68b0383d-6b8e-4feb-ab71-947e2423f794	b6e6ef12-2030-4757-af39-8e936e24d394	Ifeanyi	Ward	+2348091229290	2001-09-06 15:26:34.77	Female	NYSC/IGFBR9	C	II	z33x7bDmOIyQ	ROGCMN	499	10403	\N	t	UNVERIFIED	t	f	222884	304940	2025-11-02 08:34:39.687	Nigerian Citizen	A results-driven Digital Marketing Specialist with over 4 years of experience in developing and executing successful online marketing campaigns. Specializes in Search Engine Optimization (SEO) and leveraging data analytics to optimize performance and drive growth. Adept at managing budgets and leading marketing initiatives.	https://linkedin.com/in/ifeanyi-ward	https://hateful-freckle.org/	2021	Second Class Upper	cv_17l9MIrd.pdf	nysc_36IXzrNY.pdf	t	NYSC
73d8e3c4-b703-4b07-b921-fbee47bb6510	7f7732f1-2b56-4ac2-b18c-7fbdebca2b46	Mark	Ogunleye	+2348078733462	2000-06-13 10:51:03.148	Female	NYSC/SIS8JW	A	I	rDkFTlgheSX5	CKCIQT	504	10561	Denique ars tremo curtus suscipio tantum.	f	ID_VERIFIED	t	f	138448	218279	2026-05-19 06:18:26.979	Nigerian Citizen	A creative and detail-oriented UI Engineer with 2 years of experience building responsive and user-friendly web applications. Expertise in Project Management and a strong passion for creating seamless user experiences. Proven ability to collaborate with designers and backend teams.	https://linkedin.com/in/mark-ogunleye	https://formal-premeditation.org	2015	First Class	cv_0RydHIaW.pdf	nysc_Ts87phgB.pdf	t	NYSC
b4e9885f-6e0d-45e5-9d1d-15193c5b4da7	604e0c68-741a-4912-8792-ba80d493fde9	Candidate	User	\N	\N	\N	\N	\N	\N	\N	\N	\N	\N	\N	f	UNVERIFIED	f	f	\N	\N	\N	\N	\N	\N	\N	\N	\N	\N	\N	t	NYSC
a8a671fc-d06d-42eb-8a10-8d9326447019	c74932fc-6e2d-42ba-93de-c854e964034d	Chibuzor	Turner	+2348019480653	1997-04-17 06:33:46.476	Female	NYSC/XGOJYC	C	I	9eZKOYQ3R9qg	CR2TM7	510	10671	Ante rem adipiscor tyrannus pectus.	t	CERTS_VERIFIED	f	f	243008	334090	2026-08-18 04:23:00.464	Nigerian Citizen	An empathetic and professional HR Business Partner with 3 years of experience in talent management, employee relations, and HR operations. Expertise in Customer Service and developing strategies to foster a positive and productive work environment. Excellent communication and interpersonal skills.	https://linkedin.com/in/chibuzor-turner	https://enraged-effector.net	2020	First Class	cv_lczF0rb8.pdf	nysc_IW0sdRyK.pdf	t	NYSC
98bfc766-dd82-47b4-91c8-4bd97ba010d7	423cfa7a-f71f-49c9-a5bd-5d27b10cded8	Temitope	Akinwale	+2348067933015	2002-11-19 05:12:51.473	Male	NYSC/VCRMIY	B	I	x0ZJ6e54OGDb	NJBOKF	492	10286	Curiositas vilis depraedor explicabo nisi cupio cubicularis.	f	UNVERIFIED	f	t	210507	343384	2026-05-27 06:39:14.094	Nigerian Citizen	A results-driven Social Media Manager with over 3 years of experience in developing and executing successful online marketing campaigns. Specializes in Search Engine Optimization (SEO) and leveraging data analytics to optimize performance and drive growth. Adept at managing budgets and leading marketing initiatives.	https://linkedin.com/in/temitope-akinwale	https://medium-cook.net/	2019	Third Class	cv_7jArP2WZ.pdf	nysc_W3PFMbKd.pdf	t	NYSC
44bb5b40-9d3f-43f4-a696-02b39d7b83a0	2703d7b8-cb58-4f72-af1c-d729000117bc	Babatunde	Eze	+2348090418411	2002-05-28 04:31:57.081	Female	NYSC/LJM9TK	B	II	YCLKrycnLZuf	3H1JYU	507	10618	Surculus averto abbas.	f	EMAIL_VERIFIED	t	t	196202	309183	2026-05-09 21:49:06.603	Nigerian Citizen	A highly skilled and motivated Backend Developer with 2 years of experience in designing, developing, and deploying robust software solutions. Proficient in Project Management and modern development methodologies. Eager to contribute to a challenging and innovative team.	https://linkedin.com/in/babatunde-eze	https://squeaky-league.net/	2015	Third Class	cv_AlHmKAjP.pdf	nysc_DzEe5o2E.pdf	t	NYSC
e88bec17-86c4-46a8-94fe-56232bab560e	a3ca6666-f744-4710-8283-58e153e1178b	Kehinde	Mohammed	+2348031579230	2003-09-18 02:43:16.291	Male	NYSC/QNCYO3	A	II	G0fl0N4oKzmI	FCDRAK	509	10654	Cupio cariosus traho.	f	UNVERIFIED	f	t	94342	191468	2026-04-18 17:39:39.193	Nigerian Citizen	An empathetic and professional HR Business Partner with 3 years of experience in talent management, employee relations, and HR operations. Expertise in Customer Service and developing strategies to foster a positive and productive work environment. Excellent communication and interpersonal skills.	https://linkedin.com/in/kehinde-mohammed	https://handy-flu.net/	2021	Second Class Lower	cv_CacBhUb0.pdf	nysc_WixvZuZY.pdf	t	NYSC
450895a3-6fc1-43d6-b49f-8f74d3da4ea5	48b388ab-3383-4887-a71f-e8ade65fdb2c	Martha	Okoye	+2348012097429	2001-07-25 04:43:29.944	Female	NYSC/NALCYE	A	II	7hLEEHghgHlT	WGWXCN	516	10811	\N	t	NYSC_VERIFIED	f	t	184692	315409	2025-10-22 13:15:04.19	Nigerian Citizen	An analytical and detail-oriented Quantitative Analyst with 2 years of experience in interpreting complex datasets and generating actionable insights. Proficient in SQL, Python, and visualization tools like Tableau. Specializes in Software Development to help businesses make data-driven decisions.	https://linkedin.com/in/martha-okoye	https://spirited-casket.biz	2015	Third Class	cv_pLJtxQDv.pdf	nysc_nsD41KqV.pdf	t	NYSC
726bda34-8a98-475d-827d-baac0acd8a4c	97eb11bb-e971-435c-b493-778a024175a5	Halima	Chukwuma	+2348008094458	2002-07-06 17:15:39.896	Male	NYSC/P8VCXO	C	I	7nJaO1jzl84f	S50ZW5	503	10531	Sit summa vorago tricesimus officia.	f	NYSC_VERIFIED	f	f	170420	307608	2026-06-28 08:47:19.864	Nigerian Citizen	A meticulous and certified Finance Officer with 2 years of comprehensive experience in financial reporting, auditing, and compliance. Proficient in Data Analysis and various accounting software. Possesses strong analytical skills and a commitment to accuracy and integrity.	https://linkedin.com/in/halima-chukwuma	https://dull-freckle.name/	2015	First Class	cv_0Evho9P0.pdf	nysc_dRSK5b4T.pdf	t	NYSC
889668a4-df21-4930-a933-4f0b984ece77	e8f0c83e-86cc-4ba2-a6cc-7655068e513e	Caleb	Olorunfemi	+2348027696559	1995-04-04 10:59:05.944	Female	NYSC/WWJX9Y	B	II	oVKf8DINVbIQ	52ZVAB	490	10236	Corrumpo viridis at speculum tamquam inflammatio subseco dedico aurum.	t	NYSC_VERIFIED	f	f	204589	348998	2026-05-06 01:38:05.649	Nigerian Citizen	A highly skilled and motivated Java Developer with 1 years of experience in designing, developing, and deploying robust software solutions. Proficient in Backend Development and modern development methodologies. Eager to contribute to a challenging and innovative team.	https://linkedin.com/in/caleb-olorunfemi	https://ill-fated-shark.org	2016	Second Class Upper	cv_DTuLi4y4.pdf	nysc_xGfA4ZPB.pdf	t	NYSC
d8eb5f31-9ee3-4285-a80c-64d2dbbbfeda	682b031d-4222-4fa0-ad0c-c049c6ae6268	Saheed	Mitchell	+2348095981201	2000-08-20 19:26:18.975	Male	NYSC/Y3GPOJ	C	I	kZo4G04vzrN4	5HV41X	493	10291	Sollicito nostrum brevis contabesco.	t	EMAIL_VERIFIED	f	t	244239	306562	2026-01-20 00:51:53.648	Nigerian Citizen	A highly skilled and motivated Full Stack Engineer with 2 years of experience in designing, developing, and deploying robust software solutions. Proficient in Project Management and modern development methodologies. Eager to contribute to a challenging and innovative team.	https://linkedin.com/in/saheed-mitchell	https://insignificant-providence.org	2022	First Class	cv_3SdE7mF0.pdf	nysc_VWRsNOWU.pdf	t	NYSC
fc7fec5b-f90f-4fd0-90a6-865bd342ced1	aa734a58-02b3-4139-bd68-05ce98b5ec75	David	Aliyu	+2348049133394	2003-05-27 13:31:00.361	Male	NYSC/VBFIN3	A	II	96jT6KOgaAuT	GQIIQW	511	10705	Villa cerno delectatio amoveo denuncio.	f	ID_VERIFIED	t	t	197241	253882	2025-11-04 16:31:54.483	Nigerian Citizen	An analytical and detail-oriented Quantitative Analyst with 1 years of experience in interpreting complex datasets and generating actionable insights. Proficient in SQL, Python, and visualization tools like Tableau. Specializes in Software Development to help businesses make data-driven decisions.	https://linkedin.com/in/david-aliyu	https://exhausted-basket.info	2020	Third Class	cv_iOSYjcqZ.pdf	nysc_to66Tbpy.pdf	t	NYSC
d3dadcf9-542c-4b26-9f09-37c6e81aa7e0	5f8977a7-c7bd-4c04-99bd-edf650b4cb2b	Ifeanyi	Allen	+2348029597330	1996-02-10 16:28:15.658	Female	NYSC/N4NPOU	A	II	nE8Fv2tSpxyd	8T5PX8	497	10362	\N	f	UNVERIFIED	f	t	127015	252176	2026-01-26 21:11:30.718	Nigerian Citizen	A certified Scrum Master (PMP) with 2 years of success leading cross-functional teams to deliver projects on time and within budget. A strong leader with expertise in Project Management, risk management, and stakeholder communication. Dedicated to driving efficiency and achieving strategic goals.	https://linkedin.com/in/ifeanyi-allen	https://showy-massage.com/	2021	Third Class	cv_KCGCTkS0.pdf	nysc_YseX09m0.pdf	t	NYSC
7f54e6bb-1cc1-479d-acc4-7f44ce72d80d	2d18dcd8-e4df-4396-95e6-3d303f10f82b	Rebecca	Foster	+2348035905621	1999-10-25 11:15:08.94	Male	NYSC/SXCHKQ	A	II	y95k7aERtJNV	QF0CUP	513	10751	\N	f	NYSC_VERIFIED	f	f	230661	299480	2026-03-23 07:38:24.495	Nigerian Citizen	A highly skilled and motivated Software Engineer with 1 years of experience in designing, developing, and deploying robust software solutions. Proficient in Project Management and modern development methodologies. Eager to contribute to a challenging and innovative team.	https://linkedin.com/in/rebecca-foster	https://pointed-markup.info	2019	Second Class Lower	cv_jyyPjsNI.pdf	nysc_QxO6JDGC.pdf	t	NYSC
7bd200ce-a25e-4cd5-8700-9e1b8a8699f4	31d3609d-8870-4438-af6c-21b9c85a0006	Chinonso	Evans	+2348019747137	1996-12-16 11:47:41.028	Female	NYSC/X2GF3K	A	II	vNZ2FCDO9vVD	9YYZCX	505	10577	\N	t	EMAIL_VERIFIED	f	t	208259	340486	2026-09-30 21:40:15.198	Nigerian Citizen	A results-driven Content Marketing Manager with over 2 years of experience in developing and executing successful online marketing campaigns. Specializes in Sales and leveraging data analytics to optimize performance and drive growth. Adept at managing budgets and leading marketing initiatives.	https://linkedin.com/in/chinonso-evans	https://alienated-tuxedo.biz/	2017	Second Class Upper	cv_npRCSQky.pdf	nysc_yKyJ4Th3.pdf	t	NYSC
8254cef1-015f-4cdb-9d32-34d894f373ca	69f0ff86-e9ec-45aa-b168-d6ac44ac5f26	Oghenekaro	Ogedengbe	+2348022987543	1997-07-13 18:08:41.881	Female	NYSC/JDWJFE	C	I	rrhln9al7PD9	ZXZMCC	518	10833	Peccatus tunc triduana velociter arx nulla error vinitor.	t	NYSC_VERIFIED	f	f	175704	277611	2025-12-28 02:32:23.992	Nigerian Citizen	An analytical and detail-oriented Data Analyst with 2 years of experience in interpreting complex datasets and generating actionable insights. Proficient in SQL, Python, and visualization tools like Tableau. Specializes in Database Management (SQL/NoSQL) to help businesses make data-driven decisions.	https://linkedin.com/in/oghenekaro-ogedengbe	https://energetic-pulse.biz/	2021	Second Class Lower	cv_zvwwMMEs.pdf	nysc_H8loPZvq.pdf	t	NYSC
d1860ab2-ec60-4278-9e57-a3d550152681	483c52a2-dccd-499a-9938-72414d09c1d1	James	Ogunleye	+2348092769485	1996-04-27 10:34:57.727	Male	NYSC/KHIUZX	A	II	xZrzerPuhj78	J0FFJG	514	10764	Auctus adopto clementia texo utrum spiritus sint cunctatio odit deleo.	t	EMAIL_VERIFIED	f	f	150295	291382	2026-07-24 09:15:51.482	Nigerian Citizen	A creative and detail-oriented Frontend Developer with 3 years of experience building responsive and user-friendly web applications. Expertise in Project Management and a strong passion for creating seamless user experiences. Proven ability to collaborate with designers and backend teams.	https://linkedin.com/in/james-ogunleye	https://near-label.com	2017	Third Class	cv_IjIvbr73.pdf	nysc_5CAUmifc.pdf	t	NYSC
18f0242a-36d5-4821-8f68-c1cd1787d52a	4643a038-d3c2-47aa-9ba3-f764a18c57f6	Toluwani	Brown	+2348069914779	2000-09-15 12:45:16.583	Female	NYSC/O7T1ED	C	I	z5RnMBtHw4Sp	3OWNVH	488	10203	\N	f	ID_VERIFIED	f	t	221718	324037	2026-01-15 17:25:09.483	Nigerian Citizen	A creative and detail-oriented Web Developer with 4 years of experience building responsive and user-friendly web applications. Expertise in Software Development and a strong passion for creating seamless user experiences. Proven ability to collaborate with designers and backend teams.	https://linkedin.com/in/toluwani-brown	https://unlucky-design.name	2015	Third Class	cv_5izFuqYK.pdf	nysc_WSblGDae.pdf	t	NYSC
894ce5f7-1cff-4938-b10c-544e6512d0ff	5f5b56d6-c27f-44f5-9857-27a217b528f5	Jonathan	Oluwaseun	+2348020996214	2000-09-09 10:32:11.049	Female	NYSC/NE5JGN	A	II	Z1PBcsCmivjd	NJU5BQ	487	10175	Delectatio voluptates voluntarius thalassinus amplitudo umbra delicate.	f	UNVERIFIED	f	t	189005	310970	2025-11-08 01:34:07.401	Nigerian Citizen	A certified Scrum Master (PMP) with 2 years of success leading cross-functional teams to deliver projects on time and within budget. A strong leader with expertise in Customer Service, risk management, and stakeholder communication. Dedicated to driving efficiency and achieving strategic goals.	https://linkedin.com/in/jonathan-oluwaseun	https://sophisticated-decision.net	2019	Second Class Lower	cv_fUAK4JOc.pdf	nysc_fVTuF0M5.pdf	t	NYSC
789be1ef-7dd9-4098-b8f2-c313965fe31c	0190b634-5ae1-4641-81ac-ec0c2367658c	James	Adams	+2348001313869	1995-05-01 09:12:01.602	Female	NYSC/S7CRFZ	A	I	LqHZywyxL4ye	SFXQ5P	497	10353	Repellendus dedecor carpo inventore stella crapula annus alienus.	t	CERTS_VERIFIED	f	f	192736	243034	2026-01-18 17:39:18.786	Nigerian Citizen	An empathetic and professional Recruitment Specialist with 1 years of experience in talent management, employee relations, and HR operations. Expertise in Customer Service and developing strategies to foster a positive and productive work environment. Excellent communication and interpersonal skills.	https://linkedin.com/in/james-adams	https://sandy-traditionalism.org	2019	Second Class Upper	cv_VB9WuMzK.pdf	nysc_qFHnwmJ6.pdf	t	NYSC
02515fe2-95d1-4ae0-a691-e5a9ba34a59e	890fa490-e89d-4bcd-95ef-da35d9fe169e	Samuel	Anyanwu	+2348090338931	2002-12-07 22:41:35.359	Female	NYSC/11JURR	B	I	SllQ1Wajyo1f	0QSM3Q	511	10717	Comes tamen turba autem adfectus minima concido villa.	f	CERTS_VERIFIED	t	f	104240	236409	2026-07-30 12:32:55.398	Nigerian Citizen	A certified Scrum Master (PMP) with 3 years of success leading cross-functional teams to deliver projects on time and within budget. A strong leader with expertise in Business Analysis, risk management, and stakeholder communication. Dedicated to driving efficiency and achieving strategic goals.	https://linkedin.com/in/samuel-anyanwu	https://necessary-innovation.net	2017	Second Class Upper	cv_PlXz9UVy.pdf	nysc_AZXbRsZD.pdf	t	NYSC
f0e64025-b9bc-4709-9074-79ac55c148b0	8e3a6579-25ec-48b6-91c6-b1d70c3ceede	Halima	Parker	+2348001603377	1998-06-07 08:53:36.899	Male	NYSC/KMSC0M	B	II	5D1gzLBkSrTE	LUX0WL	496	10343	Triduana tres delego.	t	CERTS_VERIFIED	f	f	217241	327526	2026-01-20 14:19:32.482	Nigerian Citizen	A meticulous and certified Auditor with 2 years of comprehensive experience in financial reporting, auditing, and compliance. Proficient in Accounting and various accounting software. Possesses strong analytical skills and a commitment to accuracy and integrity.	https://linkedin.com/in/halima-parker	https://warmhearted-airline.name	2023	First Class	cv_Y3Bb0jiW.pdf	nysc_u2lAV4kk.pdf	t	NYSC
d798c874-d1a1-4b19-b719-5363dde8c0b0	a84b2115-9a2e-4f6f-9f08-fec831d38753	Chisom	Okoye	+2348065965197	1998-07-09 15:21:29.696	Female	NYSC/M5XBWG	B	II	zL73XzUVFMVd	MKBT6N	498	10396	\N	f	ID_VERIFIED	f	f	155641	283124	2026-04-24 18:47:13.808	Nigerian Citizen	A results-driven SEO Analyst with over 3 years of experience in developing and executing successful online marketing campaigns. Specializes in Data Analysis and leveraging data analytics to optimize performance and drive growth. Adept at managing budgets and leading marketing initiatives.	https://linkedin.com/in/chisom-okoye	https://secret-disclosure.name	2021	Second Class Lower	cv_zdhRVwoS.pdf	nysc_FTiA3oFO.pdf	t	NYSC
37251941-2c78-413d-aad2-57b02b847bb2	ed353599-1e99-43f2-8346-5fec96b73f6b	Luke	Nwachukwu	+2348091211636	1995-09-07 16:35:02.546	Male	NYSC/GEZ12V	C	I	PyhKT2kkLe25	4NAOTG	485	10134	Animi cum surgo earum traho sunt tyrannus sit tenus.	t	ID_VERIFIED	t	t	144614	211919	2026-01-29 06:12:31.881	Nigerian Citizen	A creative and detail-oriented Web Developer with 3 years of experience building responsive and user-friendly web applications. Expertise in Software Development and a strong passion for creating seamless user experiences. Proven ability to collaborate with designers and backend teams.	https://linkedin.com/in/luke-nwachukwu	https://neighboring-issue.com	2022	Second Class Upper	cv_FqbsAT9w.pdf	nysc_yVKw4umT.pdf	t	NYSC
74390c49-b551-4147-991b-424af2030880	6a2e3419-fda9-41b7-8711-0ed508fc5846	Phoebe	Okafor	+2348023331661	2002-10-27 07:49:35.29	Male	NYSC/QIPTNP	B	II	0owmEW8mMkBN	TCRB3O	497	10361	\N	t	UNVERIFIED	t	t	138817	203890	2026-03-17 03:50:07.473	Nigerian Citizen	A highly skilled and motivated Software Engineer with 4 years of experience in designing, developing, and deploying robust software solutions. Proficient in Software Development and modern development methodologies. Eager to contribute to a challenging and innovative team.	https://linkedin.com/in/phoebe-okafor	https://lucky-joy.name	2019	Third Class	cv_4HwIdpwk.pdf	nysc_ufNBOnTQ.pdf	t	NYSC
4ed154d7-d7c0-44fa-a9b9-ce2d175bc8e5	ca237ce2-df56-4c74-952c-2d2d30cf1d24	Ezinne	Nnamani	+2348023043222	2002-04-01 23:40:51.381	Female	NYSC/B1D920	B	I	0ZDTIqvLjR3E	XY41TN	516	10808	Adipiscor sulum ulterius deprecator adamo argentum.	f	EMAIL_VERIFIED	t	f	191772	305059	2026-06-20 14:23:43.077	Nigerian Citizen	A meticulous and certified Accountant with 3 years of comprehensive experience in financial reporting, auditing, and compliance. Proficient in Financial Analysis and various accounting software. Possesses strong analytical skills and a commitment to accuracy and integrity.	https://linkedin.com/in/ezinne-nnamani	https://usable-collectivization.name/	2023	Third Class	cv_UNfpDDSG.pdf	nysc_pw00RGS4.pdf	t	NYSC
e905740e-28a4-423a-901c-49c2e31784f2	3aee695e-cecc-43ee-bef1-9464b0f51c9b	Adebimpe	Osagie	+2348030901240	1995-04-22 05:20:10.435	Male	NYSC/YZJSZ2	B	II	hjkYUAVi15gH	MKGCPX	511	10708	Asper dicta viriliter calco.	f	UNVERIFIED	t	f	150301	239617	2025-12-31 02:35:38.383	Nigerian Citizen	A meticulous and certified Financial Analyst with 3 years of comprehensive experience in financial reporting, auditing, and compliance. Proficient in Business Analysis and various accounting software. Possesses strong analytical skills and a commitment to accuracy and integrity.	https://linkedin.com/in/adebimpe-osagie	https://milky-thunderbolt.org	2023	First Class	cv_Um44Cnxn.pdf	nysc_H6FMzhdZ.pdf	t	NYSC
5d57a01f-e510-4a55-a8c5-b8f0648068df	eaa48451-f609-4293-8b3b-ed7aabdcd470	Ezinne	Morris	+2348065750563	1995-03-18 18:11:54.037	Female	NYSC/RMTX6H	B	I	DUhKaCGI2jic	DBAI3N	489	10209	Officia alii votum tener voluptatibus.	t	CERTS_VERIFIED	t	f	140638	285345	2026-03-03 02:45:32.39	Nigerian Citizen	An analytical and detail-oriented Data Scientist with 1 years of experience in interpreting complex datasets and generating actionable insights. Proficient in SQL, Python, and visualization tools like Tableau. Specializes in Database Management (SQL/NoSQL) to help businesses make data-driven decisions.	https://linkedin.com/in/ezinne-morris	https://careless-farm.org	2016	Third Class	cv_8o08C2UA.pdf	nysc_Vyq9i2zy.pdf	t	NYSC
40f501e6-384f-419d-b0e7-1c304fb3d670	228896ab-d92e-49bb-9771-e466bbc59c7d	Grace	Danladi	+2348008248142	1996-03-26 09:25:54.849	Male	NYSC/SSJBMB	A	I	4retk44vWuPD	JHB0FJ	501	10484	\N	t	NYSC_VERIFIED	f	t	189363	326200	2026-09-15 13:35:11.428	Nigerian Citizen	A highly skilled and motivated Backend Developer with 1 years of experience in designing, developing, and deploying robust software solutions. Proficient in Software Development and modern development methodologies. Eager to contribute to a challenging and innovative team.	https://linkedin.com/in/grace-danladi	https://negligible-courtroom.name/	2016	Second Class Lower	cv_IBlMcJYU.pdf	nysc_VN25T40v.pdf	t	NYSC
b3b1e73f-aa31-4fdf-9a12-57b3a6c9157d	2a31f69b-0389-4679-8d59-0acec9b104e0	Caleb	Taylor	+2348074580970	2002-04-29 09:52:09.462	Female	NYSC/CPNPBT	A	II	0Bx8o56YaZGE	ST5XM5	488	10200	\N	t	UNVERIFIED	t	f	91713	174983	2026-02-13 10:58:38.789	Nigerian Citizen	An empathetic and professional Human Resources Generalist with 1 years of experience in talent management, employee relations, and HR operations. Expertise in Human Resources and developing strategies to foster a positive and productive work environment. Excellent communication and interpersonal skills.	https://linkedin.com/in/caleb-taylor	https://exalted-understanding.biz/	2022	Third Class	cv_KirgYtM4.pdf	nysc_JUqHGqrh.pdf	t	NYSC
aadaa421-4713-403f-8b29-c6f279ee3c05	0d4f853e-1675-4502-b659-7d1cab58dd5c	Habiba	Parker	+2348013568861	2002-01-28 02:26:31.114	Male	NYSC/7U8HAJ	B	I	atrsQIGR6u5Q	TB6LLW	486	10169	\N	f	UNVERIFIED	t	t	205336	281554	2026-05-08 19:05:51.31	Nigerian Citizen	A certified Product Manager (PMP) with 4 years of success leading cross-functional teams to deliver projects on time and within budget. A strong leader with expertise in Team Management, risk management, and stakeholder communication. Dedicated to driving efficiency and achieving strategic goals.	https://linkedin.com/in/habiba-parker	https://compassionate-individual.name/	2016	Second Class Upper	cv_WiwkjlIe.pdf	nysc_k8ENCtHO.pdf	t	NYSC
c72809bd-10fb-41cb-bfc4-561b9f82139a	4a6e63a8-d93b-454e-a64e-43b9c1b47ad3	Phoebe	Suleiman	+2348076157937	1997-05-29 22:30:56.99	Male	NYSC/69ZYOX	A	I	p904xVTcyJnM	YQA6K0	503	10541	\N	t	NYSC_VERIFIED	f	t	244374	313683	2026-05-25 23:32:41.358	Nigerian Citizen	A creative and detail-oriented Frontend Developer with 5 years of experience building responsive and user-friendly web applications. Expertise in Software Development and a strong passion for creating seamless user experiences. Proven ability to collaborate with designers and backend teams.	https://linkedin.com/in/phoebe-suleiman	https://earnest-hepatitis.net/	2023	Second Class Lower	cv_LLDmzCyr.pdf	nysc_0FZ8qlBo.pdf	t	NYSC
1dbc2749-3594-4ca0-bbb3-002a7b553d9d	356c33da-8c5d-40a7-9ed9-8f899576fdaa	Anna	Okojie	+2348089502829	1999-04-28 16:07:38.819	Male	NYSC/XOVB0G	A	I	ruDCLBXa7Yek	YJXPXR	496	10343	\N	f	CERTS_VERIFIED	t	f	160972	239323	2026-09-19 11:37:00.893	Nigerian Citizen	An empathetic and professional Recruitment Specialist with 4 years of experience in talent management, employee relations, and HR operations. Expertise in Project Management and developing strategies to foster a positive and productive work environment. Excellent communication and interpersonal skills.	https://linkedin.com/in/anna-okojie	https://yellowish-mousse.net	2022	Third Class	cv_cIfu4jWH.pdf	nysc_dDNJpMhP.pdf	t	NYSC
8eaa9738-46fa-4df0-be55-48b75509c895	22388fce-cc8d-4721-8945-ea87194d9e9f	Ruth	Nnamani	+2348026686591	2000-08-15 11:02:59.562	Male	NYSC/OFRQGC	A	II	B7DkdAOhnJHa	UI80WP	484	10131	\N	f	CERTS_VERIFIED	f	f	214040	344331	2026-04-19 06:59:07.782	Nigerian Citizen	An analytical and detail-oriented Business Intelligence Analyst with 4 years of experience in interpreting complex datasets and generating actionable insights. Proficient in SQL, Python, and visualization tools like Tableau. Specializes in Business Analysis to help businesses make data-driven decisions.	https://linkedin.com/in/ruth-nnamani	https://impressionable-cutlet.net/	2022	Second Class Upper	cv_Hjd4AZWM.pdf	nysc_gaMhuXti.pdf	t	NYSC
b1bf890e-2cc2-4e16-9799-49fdfd500772	6515a85c-20db-4895-b103-e6ea0422a505	Adebimpe	Bamidele	+2348012300881	2001-03-27 09:54:45.97	Male	NYSC/O3OJ2V	C	I	lQuOCHSSgBmE	QJODTB	497	10362	\N	t	CERTS_VERIFIED	t	t	98304	189162	2026-07-30 21:38:26.204	Nigerian Citizen	An analytical and detail-oriented Data Scientist with 1 years of experience in interpreting complex datasets and generating actionable insights. Proficient in SQL, Python, and visualization tools like Tableau. Specializes in Business Analysis to help businesses make data-driven decisions.	https://linkedin.com/in/adebimpe-bamidele	https://grave-grandson.info	2019	Second Class Upper	cv_XgPiJqo4.pdf	nysc_myVDGaS5.pdf	t	NYSC
45d59e1f-f3f9-43dc-a487-a6770fce5e4f	b792c419-f0a8-4869-8635-9bcc6ed4da9e	Caleb	Morris	+2348001890994	1994-12-08 04:26:03.935	Male	NYSC/TSPBAX	C	II	4c3mjOCQ4woM	MIJWRJ	518	10833	\N	f	EMAIL_VERIFIED	t	t	178993	289020	2026-07-17 19:34:43.013	Nigerian Citizen	A highly skilled and motivated Full Stack Engineer with 4 years of experience in designing, developing, and deploying robust software solutions. Proficient in Backend Development and modern development methodologies. Eager to contribute to a challenging and innovative team.	https://linkedin.com/in/caleb-morris	https://ragged-crest.net	2016	First Class	cv_3XpuG44y.pdf	nysc_KgRrwwfZ.pdf	t	NYSC
154ed8bd-fb8e-433d-b394-ace67cd3403f	b1ef83b8-c8b4-4793-9f89-363aa3cd07cc	Gbenga	Roberts	+2348074530568	1996-09-07 16:47:18.14	Female	NYSC/RAV1RC	B	I	jNMJG7Kg3omg	XBZWA8	495	10327	Apparatus curso iusto.	t	CERTS_VERIFIED	f	t	213932	314674	2026-10-03 07:44:38.974	Nigerian Citizen	An analytical and detail-oriented Business Intelligence Analyst with 1 years of experience in interpreting complex datasets and generating actionable insights. Proficient in SQL, Python, and visualization tools like Tableau. Specializes in Software Development to help businesses make data-driven decisions.	https://linkedin.com/in/gbenga-roberts	https://zany-pepper.com/	2016	Third Class	cv_v0RdZ0lR.pdf	nysc_vF7VDzaR.pdf	t	NYSC
d203b277-c8e3-42d5-88ce-2dcfcaf9f911	5a1a1bfc-9471-40e3-bfc5-8f6466402cb8	Thomas	Abiola	+2348031238806	2001-07-31 19:14:27.693	Female	NYSC/AENLQR	A	I	G61gHpGuV36x	YQMGPS	508	10621	\N	f	UNVERIFIED	t	f	129402	251272	2026-04-23 18:59:30.516	Nigerian Citizen	An empathetic and professional Recruitment Specialist with 1 years of experience in talent management, employee relations, and HR operations. Expertise in Recruitment and developing strategies to foster a positive and productive work environment. Excellent communication and interpersonal skills.	https://linkedin.com/in/thomas-abiola	https://miserly-marksman.org	2015	Third Class	cv_EydnT5fu.pdf	nysc_JeIkH7Dn.pdf	t	NYSC
7c3237eb-dfb5-493f-bf38-9a84e2140103	4705286d-fdc0-41ae-ad30-cc7f7ae05c09	Timothy	Nelson	+2348087264592	1999-12-07 17:18:51.381	Male	NYSC/DYTIXK	C	II	pNn5SJUDcHCC	PTHZUW	493	10298	\N	f	ID_VERIFIED	f	t	230431	312141	2026-04-22 20:59:42.281	Nigerian Citizen	An analytical and detail-oriented Data Scientist with 2 years of experience in interpreting complex datasets and generating actionable insights. Proficient in SQL, Python, and visualization tools like Tableau. Specializes in Business Analysis to help businesses make data-driven decisions.	https://linkedin.com/in/timothy-nelson	https://warlike-shadowbox.com	2017	Third Class	cv_PSrKGDZo.pdf	nysc_z68bywql.pdf	t	NYSC
a378f56a-5b39-4bd3-9e70-9b65356585ac	bb1fcef7-df66-43b9-b72a-6e2b8d08c6f4	Joshua	Walker	+2348087269059	2003-01-14 15:39:26.051	Female	NYSC/BDL657	A	II	BxZxovOAeqOI	1QF7EJ	517	10824	\N	t	ID_VERIFIED	f	t	162755	224920	2026-06-05 22:51:14.792	Nigerian Citizen	A creative and detail-oriented Frontend Developer with 3 years of experience building responsive and user-friendly web applications. Expertise in Software Development and a strong passion for creating seamless user experiences. Proven ability to collaborate with designers and backend teams.	https://linkedin.com/in/joshua-walker	https://severe-publication.net	2019	Third Class	cv_MYbXrZh2.pdf	nysc_1tphui4S.pdf	t	NYSC
821bdf09-f76d-4b72-9e5b-1efeca522188	b4824c98-d274-4543-93ff-c085ee5b03f7	Aderonke	Oyinlola	+2348025661814	1998-02-27 02:14:06.082	Male	NYSC/ISYMRI	A	I	pix2c6rjJMhP	KWOSX9	488	10196	Ciminatio dicta nulla.	t	ID_VERIFIED	t	t	124709	181883	2026-03-02 02:56:44.671	Nigerian Citizen	A creative and detail-oriented Frontend Developer with 5 years of experience building responsive and user-friendly web applications. Expertise in UI/UX Design and a strong passion for creating seamless user experiences. Proven ability to collaborate with designers and backend teams.	https://linkedin.com/in/aderonke-oyinlola	https://careless-nucleotidase.com	2023	Second Class Lower	cv_seWzHvbX.pdf	nysc_V4WbF3DA.pdf	t	NYSC
c01d6d99-645c-4234-aab7-5ed9052daf8f	2b6dadae-fcf3-401c-9b0c-a2d3e3d17bc1	Funmilayo	Danladi	+2348071460309	1999-06-11 12:11:44.561	Female	NYSC/VZ82TY	B	I	3uWO3I88LkzG	6V1GUB	509	10645	\N	t	CERTS_VERIFIED	f	t	238463	324294	2025-12-07 09:19:01.333	Nigerian Citizen	A creative and detail-oriented React Developer with 2 years of experience building responsive and user-friendly web applications. Expertise in Frontend Development and a strong passion for creating seamless user experiences. Proven ability to collaborate with designers and backend teams.	https://linkedin.com/in/funmilayo-danladi	https://thorny-countess.com	2016	Second Class Upper	cv_8bapVF0a.pdf	nysc_iynaR2l9.pdf	t	NYSC
59279f59-4c10-4cc8-850f-d335f16956bb	ceb23186-e03f-48ff-b971-d688e2873e97	Ikenna	Akinbiyi	+2348083783686	2002-03-12 10:34:22.077	Male	NYSC/5479Y7	B	I	zZ3Aj6zOAZ2Q	ZFALGJ	494	10307	Consuasor aveho absens venio agnitio bellicus eveniet utor.	f	CERTS_VERIFIED	t	f	182963	233809	2026-05-04 06:16:07.089	Nigerian Citizen	A results-driven Digital Marketing Specialist with over 1 years of experience in developing and executing successful online marketing campaigns. Specializes in Project Management and leveraging data analytics to optimize performance and drive growth. Adept at managing budgets and leading marketing initiatives.	https://linkedin.com/in/ikenna-akinbiyi	https://wicked-caption.org	2021	Second Class Upper	cv_Z5tLKIyg.pdf	nysc_EAxwaRl1.pdf	t	NYSC
25a20448-427d-4974-9feb-b101f24ab2b3	0436e4f5-326b-4313-b57d-8abbefcf971a	Chimamanda	Fashola	+2348082969140	1998-10-04 08:51:34.02	Female	NYSC/MCB9CY	C	II	aQ2PloDzPQnV	MBD0DT	505	10577	\N	f	ID_VERIFIED	t	t	236472	288469	2026-08-03 19:50:37.121	Nigerian Citizen	A highly skilled and motivated Backend Developer with 5 years of experience in designing, developing, and deploying robust software solutions. Proficient in Data Analysis and modern development methodologies. Eager to contribute to a challenging and innovative team.	https://linkedin.com/in/chimamanda-fashola	https://scratchy-window.com	2017	First Class	cv_ojWcu1yb.pdf	nysc_SZwo0PJL.pdf	t	NYSC
685c391a-b90c-4537-978b-4a933a4ba314	c46d46b9-0947-468f-8df0-104ea3421fe4	Samuel	Adebayo	+2348023059345	2002-05-05 07:01:31.838	Female	NYSC/OGMULU	B	II	JpjTMRAudvtI	NHWED1	505	10567	\N	f	ID_VERIFIED	f	f	104740	180821	2026-06-25 09:46:45.193	Nigerian Citizen	An analytical and detail-oriented Data Analyst with 2 years of experience in interpreting complex datasets and generating actionable insights. Proficient in SQL, Python, and visualization tools like Tableau. Specializes in Database Management (SQL/NoSQL) to help businesses make data-driven decisions.	https://linkedin.com/in/samuel-adebayo	https://political-eyebrow.biz	2021	Second Class Upper	cv_hIfJnK4D.pdf	nysc_E4dW5pde.pdf	t	NYSC
8c3e88dc-66a2-46a3-97ec-def28b34c41f	18b24e67-80d3-429c-8ae8-6d0337db2315	Mary	Okafor	+2348075929615	2000-03-05 19:46:25.463	Female	NYSC/1EDMIX	A	I	ENizwDU8cEly	XJJ4ZS	492	10280	\N	f	EMAIL_VERIFIED	t	t	86447	206564	2025-12-16 23:09:52.454	Nigerian Citizen	A results-driven Social Media Manager with over 2 years of experience in developing and executing successful online marketing campaigns. Specializes in Sales and leveraging data analytics to optimize performance and drive growth. Adept at managing budgets and leading marketing initiatives.	https://linkedin.com/in/mary-okafor	https://fruitful-singing.net/	2019	Second Class Upper	cv_a0qOPK2n.pdf	nysc_WLmYVjun.pdf	t	NYSC
b17ef250-cf87-43a5-aa3f-daea024a1fda	a9828fb6-9cec-442f-8474-69f403a88e52	Yetunde	Brown	+2348037984813	1995-01-15 11:01:22.127	Female	NYSC/95WJV9	A	I	qGKSaUeOitxW	QZSVGZ	494	10318	\N	f	UNVERIFIED	f	t	243231	371722	2026-06-08 06:33:22.458	Nigerian Citizen	A meticulous and certified Finance Officer with 1 years of comprehensive experience in financial reporting, auditing, and compliance. Proficient in Data Analysis and various accounting software. Possesses strong analytical skills and a commitment to accuracy and integrity.	https://linkedin.com/in/yetunde-brown	https://frugal-wedding.com	2020	Third Class	cv_SOQ6L8yF.pdf	nysc_jzvlpA63.pdf	t	NYSC
4f61536d-795b-4fd1-918d-c11997752119	ca72c6dd-6ead-4fc2-bc5a-48f53062b4df	Thomas	Yakubu	+2348075928802	2003-08-24 12:19:42.426	Female	NYSC/NPRYAB	C	II	U6YBR7BRHZQx	CRQGSU	482	10076	Suadeo eligendi sursum sonitus doloribus acsi ustulo error.	f	CERTS_VERIFIED	f	t	121505	219547	2026-09-24 15:07:47.025	Nigerian Citizen	A certified Product Manager (PMP) with 2 years of success leading cross-functional teams to deliver projects on time and within budget. A strong leader with expertise in Team Management, risk management, and stakeholder communication. Dedicated to driving efficiency and achieving strategic goals.	https://linkedin.com/in/thomas-yakubu	https://scientific-galoshes.info	2021	Second Class Upper	cv_b8nKkx0o.pdf	nysc_PflX1pN6.pdf	t	NYSC
e97c4862-ce50-4582-8f87-75b714185ce5	d03d0681-8d49-4eb5-9a52-02b09841c6fa	Silas	Iwuanyanwu	+2348052800922	2000-08-12 05:07:09.319	Male	NYSC/SGTILB	C	I	7RfHfFrmOWRf	THRVXB	482	10079	Verumtamen corpus patruus.	t	UNVERIFIED	t	f	151098	244707	2025-12-03 10:41:01.16	Nigerian Citizen	A highly skilled and motivated Java Developer with 1 years of experience in designing, developing, and deploying robust software solutions. Proficient in Data Analysis and modern development methodologies. Eager to contribute to a challenging and innovative team.	https://linkedin.com/in/silas-iwuanyanwu	https://raw-cinema.name/	2019	Second Class Upper	cv_XZ7mFJFH.pdf	nysc_OySqNvVv.pdf	t	NYSC
86b27714-8d0d-42ee-b074-0598180b6cd8	4ee7ea4d-4ee7-4a9e-927e-4c74940b1aac	Andrew	Mohammed	+2348045309592	1997-11-03 10:48:37.488	Male	NYSC/LUXISX	B	II	buEF2p9VFqEZ	6ETAE5	510	10661	\N	t	NYSC_VERIFIED	t	f	96850	196508	2026-05-27 06:34:51.023	Nigerian Citizen	A results-driven Digital Marketing Specialist with over 3 years of experience in developing and executing successful online marketing campaigns. Specializes in Digital Marketing and leveraging data analytics to optimize performance and drive growth. Adept at managing budgets and leading marketing initiatives.	https://linkedin.com/in/andrew-mohammed	https://lumbering-instance.com	2019	Second Class Lower	cv_orJszEix.pdf	nysc_CJPXn5Cj.pdf	t	NYSC
38622052-887b-4d9c-8dc5-5f2e2980f10d	78d2b1ca-4bbf-4885-9ebf-7488a49ca8d5	Ikenna	King	+2348025042060	2002-01-28 02:43:51.974	Male	NYSC/J3GBHR	C	I	sx4BJZVXybxj	9I9ANK	485	10133	Cunabula amissio optio accedo alveus pecco apparatus cultellus praesentium commodi.	t	NYSC_VERIFIED	t	f	217792	333341	2026-05-20 14:09:25.191	Nigerian Citizen	An empathetic and professional Recruitment Specialist with 1 years of experience in talent management, employee relations, and HR operations. Expertise in Human Resources and developing strategies to foster a positive and productive work environment. Excellent communication and interpersonal skills.	https://linkedin.com/in/ikenna-king	https://digital-parade.com/	2018	Second Class Upper	cv_SgebD4vN.pdf	nysc_h396RpC3.pdf	t	NYSC
efe58aa4-b10c-4a49-a0ac-798c0df4cf21	074a2874-1552-4255-9a86-bd64cd51c5f2	Matthias	Bell	+2348080404883	2001-11-08 00:11:30.431	Female	NYSC/OBEDLL	A	II	izhmXGKPrOJ0	V6ZHIE	499	10415	Conor aro pecco cras terebro aspicio blandior aegrus cribro coruscus.	t	EMAIL_VERIFIED	t	t	226917	317689	2025-10-21 20:43:12.193	Nigerian Citizen	A certified Scrum Master (PMP) with 1 years of success leading cross-functional teams to deliver projects on time and within budget. A strong leader with expertise in Product Management, risk management, and stakeholder communication. Dedicated to driving efficiency and achieving strategic goals.	https://linkedin.com/in/matthias-bell	https://blond-switchboard.info	2020	Second Class Upper	cv_zNw0uN44.pdf	nysc_kfm9OHRg.pdf	t	NYSC
9d3bce60-457e-4114-a2c8-e94f48539c25	164b23de-912c-49bc-bf70-4226339a7c62	Oluwaseyi	Anyanwu	+2348058900626	2001-10-28 15:28:00.675	Male	NYSC/D5ETZC	A	II	tAbUGSsTDCfw	AYANLV	494	10307	\N	t	UNVERIFIED	f	f	154872	299742	2026-07-27 15:09:48.183	Nigerian Citizen	A highly skilled and motivated Backend Developer with 1 years of experience in designing, developing, and deploying robust software solutions. Proficient in Backend Development and modern development methodologies. Eager to contribute to a challenging and innovative team.	https://linkedin.com/in/oluwaseyi-anyanwu	https://minor-emergent.net	2017	First Class	cv_eLr8bJZ9.pdf	nysc_1D9AbkC9.pdf	t	NYSC
7209cb41-3de9-4cc3-bbba-d9baa46d5c2c	7f8b81a7-ad22-4259-a8d4-1b9a41e21e1b	Simon	Idowu	+2348068330025	1997-08-24 23:28:30.615	Female	NYSC/BLTDRM	A	I	QjxXWdQvRKOc	RR4SFP	483	10100	Collum aestus dedecor cognatus architecto turbo adopto adamo.	t	EMAIL_VERIFIED	t	t	138389	203172	2025-12-17 08:12:49.818	Nigerian Citizen	A highly skilled and motivated Java Developer with 4 years of experience in designing, developing, and deploying robust software solutions. Proficient in Backend Development and modern development methodologies. Eager to contribute to a challenging and innovative team.	https://linkedin.com/in/simon-idowu	https://velvety-experience.biz	2019	Second Class Lower	cv_N0QCCiE7.pdf	nysc_9RHjLCuj.pdf	t	NYSC
6265af98-287d-4ca8-9711-b2f7971b44d3	0ef1660a-a14b-4008-94d9-1af106fc62b3	Daniel	Okafor	+2348063313843	1996-06-30 17:11:17.681	Male	NYSC/OLBAOY	B	I	DDmiKlXVUqw3	5DNG6E	502	10517	\N	f	NYSC_VERIFIED	f	t	190572	307288	2026-04-18 08:25:13.357	Nigerian Citizen	A meticulous and certified Accountant with 1 years of comprehensive experience in financial reporting, auditing, and compliance. Proficient in Data Analysis and various accounting software. Possesses strong analytical skills and a commitment to accuracy and integrity.	https://linkedin.com/in/daniel-okafor	https://proper-luck.com	2016	Second Class Upper	cv_S2vI5ET6.pdf	nysc_CTdsuoPt.pdf	t	NYSC
a10028dd-3610-4a6c-a9e1-78b029bfb772	1a97ecc3-c3ec-4b16-b178-f01dcaded041	Chukwuemeka	Onyekachi	+2348002546504	2003-09-09 18:24:50.998	Female	NYSC/ZH36DU	A	II	y5H0Gt5ntyct	4AT0JW	511	10717	\N	f	UNVERIFIED	t	f	208322	348888	2025-12-10 13:38:24.495	Nigerian Citizen	An empathetic and professional Human Resources Generalist with 3 years of experience in talent management, employee relations, and HR operations. Expertise in Recruitment and developing strategies to foster a positive and productive work environment. Excellent communication and interpersonal skills.	https://linkedin.com/in/chukwuemeka-onyekachi	https://untrue-drive.info	2016	Second Class Upper	cv_A7mXAL8s.pdf	nysc_6zpXKcK5.pdf	t	NYSC
fcdb8b9e-8944-46cc-b5ed-8d0b6a0a731d	16af0c67-c73d-419b-82af-f843a132ccad	Nnenna	Parker	+2348067577439	2000-11-11 03:16:20.703	Female	NYSC/1U2EIE	C	I	9GBFftYJNA4c	Q8DQKW	500	10441	\N	t	ID_VERIFIED	t	t	179071	306856	2025-11-02 10:16:58.436	Nigerian Citizen	An empathetic and professional Human Resources Generalist with 3 years of experience in talent management, employee relations, and HR operations. Expertise in Recruitment and developing strategies to foster a positive and productive work environment. Excellent communication and interpersonal skills.	https://linkedin.com/in/nnenna-parker	https://great-plugin.org	2023	Second Class Upper	cv_IPUCcwBU.pdf	nysc_cNAWDqWZ.pdf	t	NYSC
6b880489-6bb6-4de4-8878-10061fe261ef	a985593b-64e3-426e-a986-2eba385623d2	Samuel	Morgan	+2348020618908	1996-05-03 18:29:24.439	Male	NYSC/9CTF6T	A	I	T6rSDMdMZPiW	ELQYGY	501	10479	Tolero decet acerbitas triduana totidem blandior depereo.	f	CERTS_VERIFIED	f	f	124266	221185	2026-01-15 18:43:01.937	Nigerian Citizen	An empathetic and professional Human Resources Generalist with 1 years of experience in talent management, employee relations, and HR operations. Expertise in Human Resources and developing strategies to foster a positive and productive work environment. Excellent communication and interpersonal skills.	https://linkedin.com/in/samuel-morgan	https://agile-outlaw.info	2023	Second Class Upper	cv_A01p34B8.pdf	nysc_rPzXFfaI.pdf	t	NYSC
8d8921cb-05b3-42da-b018-a4379ff3d0af	530ce8d4-fa1d-4c5e-95be-48ef2f38d0f2	Tony	Stark	\N	\N	\N	\N	\N	\N	\N	\N	\N	\N	\N	f	UNVERIFIED	f	f	\N	\N	\N	\N	\N	\N	\N	\N	\N	\N	\N	t	PROFESSIONAL
64feaaad-d96f-4d98-b675-7a4c2b379694	70d8db9c-1e02-43d2-8522-ca2e3aabd06c	Chibuzor	Ward	+2348099483845	1999-12-18 21:33:36.462	Male	NYSC/TXWR5R	B	I	qpavpGTsi3R1	WDYCKV	508	10623	\N	t	ID_VERIFIED	f	t	184042	327275	2026-08-07 18:00:14.322	Nigerian Citizen	An analytical and detail-oriented Data Analyst with 5 years of experience in interpreting complex datasets and generating actionable insights. Proficient in SQL, Python, and visualization tools like Tableau. Specializes in Database Management (SQL/NoSQL) to help businesses make data-driven decisions.	https://linkedin.com/in/chibuzor-ward	https://lined-alb.name	2019	Third Class	cv_fHZ39L6l.pdf	nysc_63MZGGxX.pdf	t	NYSC
7fcbadc2-11e9-4caf-a555-8353993f9247	b8a05166-5cff-4574-9fad-de49a135957c	Mustapha	Brown	+2348085394732	1997-07-05 09:25:32.226	Male	NYSC/OZTDED	C	I	6qz8ByhSLNH9	MU6AIU	489	10221	Usque calculus decimus.	f	NYSC_VERIFIED	f	f	227365	377157	2025-12-11 02:47:01.497	Nigerian Citizen	A highly skilled and motivated Full Stack Engineer with 2 years of experience in designing, developing, and deploying robust software solutions. Proficient in Frontend Development and modern development methodologies. Eager to contribute to a challenging and innovative team.	https://linkedin.com/in/mustapha-brown	https://curly-haversack.net/	2017	Second Class Upper	cv_L1RY1O0m.pdf	nysc_3ZZUG9nv.pdf	t	NYSC
fcfffc72-09fc-4c51-b578-712f2234f39c	1e6b6c49-16e2-4f55-ae57-26db8ed5f761	Ikenna	Roberts	+2348067590503	2002-04-24 02:48:20.92	Female	NYSC/S74DKA	A	II	4IlYHbc374cw	WPOZBU	516	10808	\N	t	CERTS_VERIFIED	t	t	225221	307694	2026-04-20 15:17:10.62	Nigerian Citizen	A meticulous and certified Accountant with 1 years of comprehensive experience in financial reporting, auditing, and compliance. Proficient in Accounting and various accounting software. Possesses strong analytical skills and a commitment to accuracy and integrity.	https://linkedin.com/in/ikenna-roberts	https://insecure-cake.com/	2020	Second Class Upper	cv_7FoDzktG.pdf	nysc_GjrIAdK6.pdf	t	NYSC
8008b63c-0949-4abc-b968-0362d6166c46	1be63c55-f17c-480f-9e80-566446aa119f	Paul	Scott	+2348071482704	2002-09-29 02:00:01.197	Male	NYSC/UIMWFD	C	I	f9C6TZCwPDiq	ALCPFJ	518	10833	\N	t	CERTS_VERIFIED	t	t	103472	187937	2026-08-01 10:12:12.669	Nigerian Citizen	A highly skilled and motivated Java Developer with 2 years of experience in designing, developing, and deploying robust software solutions. Proficient in Frontend Development and modern development methodologies. Eager to contribute to a challenging and innovative team.	https://linkedin.com/in/paul-scott	https://numb-fraudster.name/	2021	Second Class Lower	cv_YYDcEBN0.pdf	nysc_RV8B7LJl.pdf	t	NYSC
c0f23322-f625-4ab1-abe7-1740f476fd25	4f8de6a0-00a2-40e5-950c-e48edf1280f0	Obinna	Adebayo	+2348069651094	1999-04-10 05:05:39.167	Female	NYSC/BCVT5C	C	I	fbE8yICT2byc	W0GPKF	503	10528	Vociferor vorago ustilo.	t	UNVERIFIED	f	f	235312	315039	2026-09-28 20:00:32.412	Nigerian Citizen	A results-driven Digital Marketing Specialist with over 3 years of experience in developing and executing successful online marketing campaigns. Specializes in Project Management and leveraging data analytics to optimize performance and drive growth. Adept at managing budgets and leading marketing initiatives.	https://linkedin.com/in/obinna-adebayo	https://ragged-masterpiece.com	2018	Third Class	cv_Q7bTlUZX.pdf	nysc_PHELfC2v.pdf	t	NYSC
e348e2cd-0e49-4a08-b7a4-5c9cddca1c2f	b9b707a4-e0c3-4dc9-861b-ff41bdd32514	Chinonso	Scott	+2348060059661	2001-04-08 01:55:32.347	Male	NYSC/KGPGFM	A	II	RFb3pdilF2Pk	WW1DMK	518	10836	\N	t	UNVERIFIED	t	f	239760	303101	2026-02-25 15:39:05.227	Nigerian Citizen	A creative and detail-oriented Frontend Developer with 3 years of experience building responsive and user-friendly web applications. Expertise in UI/UX Design and a strong passion for creating seamless user experiences. Proven ability to collaborate with designers and backend teams.	https://linkedin.com/in/chinonso-scott	https://sneaky-godfather.org/	2022	Second Class Lower	cv_jUunXD2s.pdf	nysc_eqDccxst.pdf	t	NYSC
9865676c-b9ee-458b-88ac-3b28d54bef4e	1299c3fc-e3d7-43d4-b8a9-2a1898f9bead	Kudirat	Okorie	+2348057315218	1999-06-09 20:08:18.605	Male	NYSC/ICEQVL	C	II	R45l6IQ1IsLV	RRRRCY	509	10648	Cogo commodi suppellex.	f	UNVERIFIED	f	t	159716	284081	2026-08-24 18:25:40.433	Nigerian Citizen	A meticulous and certified Accountant with 3 years of comprehensive experience in financial reporting, auditing, and compliance. Proficient in Financial Analysis and various accounting software. Possesses strong analytical skills and a commitment to accuracy and integrity.	https://linkedin.com/in/kudirat-okorie	https://faint-switch.org/	2023	Second Class Lower	cv_20sthyOU.pdf	nysc_H9aRBDjj.pdf	t	NYSC
e464f07c-5724-4d2f-afe0-619a1f5f2253	5e1a3904-ee40-4db5-8b7b-e74751c09e8d	Nnenna	Hayes	+2348064697976	1997-12-09 21:42:32.326	Female	NYSC/0LTLT0	B	II	JKCovmrZdRgb	A8CS9H	503	10537	\N	f	UNVERIFIED	t	t	114946	238819	2026-04-05 05:17:33.261	Nigerian Citizen	A highly skilled and motivated Full Stack Engineer with 3 years of experience in designing, developing, and deploying robust software solutions. Proficient in Project Management and modern development methodologies. Eager to contribute to a challenging and innovative team.	https://linkedin.com/in/nnenna-hayes	https://made-up-pants.net/	2015	Third Class	cv_5d0oc0QP.pdf	nysc_eprDKvrd.pdf	t	NYSC
aaba02c6-9583-4e09-b9cf-fddc15f08401	69cebe17-e1c2-44e7-8c58-96af078869bc	Chukwuemeka	Idowu	+2348029609960	2001-04-05 16:00:23.014	Female	NYSC/LHWBFT	C	I	kaub5Ydu5u9I	EPPISR	499	10408	Vilis comminor ait iste deleo caute alioqui.	t	ID_VERIFIED	t	f	224742	345086	2025-12-29 21:59:51.948	Nigerian Citizen	A results-driven Digital Marketing Specialist with over 2 years of experience in developing and executing successful online marketing campaigns. Specializes in Data Analysis and leveraging data analytics to optimize performance and drive growth. Adept at managing budgets and leading marketing initiatives.	https://linkedin.com/in/chukwuemeka-idowu	https://joyful-cardboard.biz	2021	Third Class	cv_emaKtbLn.pdf	nysc_n2HyAO8g.pdf	t	NYSC
c2fab6a8-2765-459e-9d7f-819d64e67e94	c47829cf-03b0-48e1-bef5-b63528300c8d	Iretiola	Johnson	+2348030052244	1994-11-18 22:18:10.307	Female	NYSC/P9GSCX	B	I	O61ADJrv8GtO	IDAXEI	513	10760	Decretum nisi amissio atrocitas arbustum suspendo.	t	ID_VERIFIED	f	f	140912	249231	2026-04-04 12:02:45.803	Nigerian Citizen	A certified Project Manager (PMP) with 7 years of success leading cross-functional teams to deliver projects on time and within budget. A strong leader with expertise in Team Management, risk management, and stakeholder communication. Dedicated to driving efficiency and achieving strategic goals.	https://linkedin.com/in/iretiola-johnson	https://obedient-completion.com	2018	Third Class	cv_IrxnCe9T.pdf	nysc_Y1nMIXR3.pdf	t	NYSC
3b6d839e-c30f-483f-9779-e513907dd66b	9d712266-3f70-40fb-87ae-c964ec3064c6	Oluwafemi	Mohammed	+2348032440086	2001-01-13 10:26:00.294	Female	NYSC/LRZG5K	A	I	t2ltGGk6ugWg	9OX9DZ	494	10306	\N	f	UNVERIFIED	f	t	151716	254316	2026-06-03 11:34:13.774	Nigerian Citizen	A creative and detail-oriented Web Developer with 4 years of experience building responsive and user-friendly web applications. Expertise in Project Management and a strong passion for creating seamless user experiences. Proven ability to collaborate with designers and backend teams.	https://linkedin.com/in/oluwafemi-mohammed	https://close-retrospectivity.com	2018	Second Class Lower	cv_fGC6wAdg.pdf	nysc_ASF0U2lV.pdf	t	NYSC
99ca692f-b82f-478e-9bb5-91e495f5345b	d0df0c65-5784-44ed-8a33-a1317fe39193	Timothy	Edwards	+2348019099245	2001-12-30 05:12:20.953	Female	NYSC/ANI3OX	A	II	W6MpQWmpKL4H	NSUC8R	512	10721	Curto thema thymum candidus tribuo.	f	ID_VERIFIED	f	t	150481	246923	2026-03-07 03:02:12.363	Nigerian Citizen	A certified Scrum Master (PMP) with 1 years of success leading cross-functional teams to deliver projects on time and within budget. A strong leader with expertise in Team Management, risk management, and stakeholder communication. Dedicated to driving efficiency and achieving strategic goals.	https://linkedin.com/in/timothy-edwards	https://spherical-mathematics.name	2015	First Class	cv_DnpGYUgv.pdf	nysc_I0uDLY3c.pdf	t	NYSC
243d4130-0256-4a3e-89f5-c99888237c0f	5900ca1a-625c-4a14-8331-ee286900ad73	Matthew	Tedunjaiye	07046015410	2001-05-09 00:00:00	\N	\N	Batch B	Stream 2	\N	\N	185	\N	\N	t	NYSC_VERIFIED	t	t	250000	\N	\N	\N	Full Stack Developer specializing in the PERN stack (PostgreSQL, Express, React, Node) with TypeScript. Skilled in building scalable APIs, intuitive frontends, and optimized database systems. Passionate about clean code, performance, and delivering impactful digital solutions. Oludasile PPALink.	https://linkedin.com/in/tobyt50/	https://github.com/tobyt50	2024	\N	users/5900ca1a-625c-4a14-8331-ee286900ad73/cv/7048761f-4312-4c94-ac15-e496ab66297b.pdf	users/5900ca1a-625c-4a14-8331-ee286900ad73/nysc_document/df0b5f97-4057-4ca3-8a5e-f52351f8c970.pdf	t	NYSC
\.


--
-- Data for Name: Position; Type: TABLE DATA; Schema: public; Owner: -
--

COPY public."Position" (id, "agencyId", title, description, "employmentType", "isRemote", "stateId", "lgaId", "minSalary", "maxSalary", "skillsReq", visibility, status, "createdAt", "updatedAt", level) FROM stdin;
f8461e88-6de1-4508-a9d7-14a371bd5674	b5e3fec0-fc07-4cc9-a33f-344b6deae79e	Dynamic Creative Assistant	Civis confero validus arcesso esse caritas. Sit conduco defluo harum admoveo vestrum. Aedificium capillus atrox atrocitas culpa.\nAdeptio creator illo. Pecus claro acquiro acidus color. Animadverto terra accedo tandem taedium apto vilitas torrens.\nAudax tyrannus comparo. Tum canis deleniti temperantia peccatus confero. Demulceo cito careo usus vel molestias atavus vulgivagus commodo coma.	FULLTIME	f	494	10312	133061	324683	\N	PUBLIC	OPEN	2025-10-07 11:54:25.543	2025-10-07 11:54:25.543	ENTRY
7117bb6f-4e59-4762-8a97-6c90b579a364	b5e3fec0-fc07-4cc9-a33f-344b6deae79e	Forward Configuration Manager	Supellex vaco adipisci aperio quidem territo concido volo auxilium autem. Tamdiu cetera suspendo. Casso corona creptio pauci avaritia.\nCertus minima neque thalassinus absorbeo tutamen verecundia. Tolero desipio nulla accommodo vox crinis. Sordeo demonstro attollo adamo cicuta.\nCunae vel tamen terreo centum aliqua theologus. Tremo aeger umquam ars pecus possimus arcus. Suffoco utrum carpo claro cubicularis.	NYSC	t	494	10312	80584	291990	\N	PUBLIC	OPEN	2025-10-07 11:54:25.547	2025-10-07 11:54:25.547	ENTRY
eeffff4e-6fce-4688-abe7-e77dbe4b53d8	b5e3fec0-fc07-4cc9-a33f-344b6deae79e	Human Response Producer	Carpo uter taedium. Fugit ulciscor valetudo qui. Consequuntur sufficio pariatur dolorum claustrum aranea bibo thymbra delego triduana.\nEa altus vaco voveo pax amicitia cado debitis. Tener uterque defessus vestigium votum color contabesco dolores theologus. Ullam spero vergo amplexus illo.\nArgentum tamisium utrimque arbitro rem. Nemo via beatae angulus atque venustas. Unus derideo allatus apostolus calco tristis argentum cilicium vulpes.	CONTRACT	t	494	10312	148550	174289	\N	PUBLIC	OPEN	2025-10-07 11:54:25.55	2025-10-07 11:54:25.55	ENTRY
580f7a6c-726c-43ef-b4ce-59473802bbac	9f92b9e8-6ed3-4834-a090-84374a00b042	International Solutions Designer	Tollo torqueo surgo cupiditas ipsam celebrer tardus tabula minima solium. Ager unus tutis adfero depono celer terreo thesis. Stips sustineo depopulo.\nTruculenter demulceo clibanus ter. Tondeo terminatio annus voluptatibus cunctatio vinculum abeo. Tondeo accusamus tui averto creta textor aegre aggredior decor.\nUrbanus tardus ipsam absens suffragium totus. Ciminatio cribro vereor delectatio voveo abstergo capitulus cognomen. Esse armarium ascit.	CONTRACT	f	507	10619	124191	254462	\N	PUBLIC	OPEN	2025-10-07 11:54:25.556	2025-10-07 11:54:25.556	ENTRY
fcb98c7a-f52c-4259-bf17-b7081727c238	9f92b9e8-6ed3-4834-a090-84374a00b042	Customer Data Representative	Venia admoneo ascisco. Barba antiquus cunabula vesica administratio solutio coniuratio annus repudiandae. Admoneo spargo tolero.\nAttero desparatus asper tonsor summopere. Est volo statua civitas verbum. Textus demergo curto denuo solium volva benevolentia paens toties.\nAptus coniecto attollo abeo illo valens eligendi teres delicate dedico. Comedo valde laboriosam thermae minima capto acer vomito arcesso. Sub defessus accusamus versus avaritia admoneo aestas tenetur.	INTERN	f	507	10619	97071	378060	\N	PUBLIC	OPEN	2025-10-07 11:54:25.559	2025-10-07 11:54:25.559	ENTRY
74029ff4-2cee-4199-80d2-f038693b55e2	6475116f-2a9d-452c-870b-34df8c02722a	Senior Mobility Director	Deleniti cubicularis tutis sum amo conatus voluntarius cura apud molestias. Aeger speculum tergo umquam tantillus sub voco vitiosus vestigium asper. Maxime tempore votum placeat demitto tollo minima capillus stips aeger.\nSpiculum concedo apparatus delectatio arcus aestus aptus summisse voluptatem color. Versus adipiscor caritas. Vorax consequuntur contabesco suggero.\nUrbanus quis supellex tonsor sub audax copiose. Vilis possimus aptus vespillo admitto. Voluptas ducimus commodi tergiversatio stipes.	NYSC	t	508	10625	148301	381195	\N	PUBLIC	OPEN	2025-10-07 11:54:25.565	2025-10-07 11:54:25.565	ENTRY
cc93bc7f-3687-4618-99a8-62c69bd7f95b	6475116f-2a9d-452c-870b-34df8c02722a	National Branding Producer	Cumque tenuis vacuus toties nesciunt concedo. Super statua deduco delinquo civitas thymum armarium. Cariosus trans inflammatio tutamen suppono.\nVox fugit desino quo aduro tepidus absorbeo. Communis spes torrens bos dens valetudo verto. Apostolus surgo degenero synagoga delectus basium derideo.\nConiecto nobis aro soleo vacuus sonitus adipiscor. Arcus vestrum volo adinventitias tam terebro velut absorbeo velit. Depopulo inventore amitto uberrime.	NYSC	f	508	10625	93157	174424	\N	PUBLIC	OPEN	2025-10-07 11:54:25.568	2025-10-07 11:54:25.568	ENTRY
0ce9169d-7684-4518-b334-44c1dd254e53	6475116f-2a9d-452c-870b-34df8c02722a	Human Response Agent	Thermae consequatur totidem vorax torqueo dolores utique ducimus at dicta. Varius in tametsi accommodo illo totam timidus ad. Viriliter adhaero admitto patria asporto turba super suffragium adhaero.\nAbeo hic animadverto cogo. Eaque dolorem eligendi vulgaris pectus alter. Arto usitas tersus spectaculum bellicus conor atavus patruus.\nMolestiae neque eos eius. Cervus confugo annus antepono aetas vomito. Nisi utique aperte ager demitto vorax vae viduo.	INTERN	t	508	10625	127652	300822	\N	PUBLIC	OPEN	2025-10-07 11:54:25.57	2025-10-07 11:54:25.57	ENTRY
7c3e713d-0964-4969-8e0c-e60eb135915c	754e9d60-2cca-432c-9e89-33b99f71579d	Investor Program Assistant	Thorax tametsi corporis sopor terebro recusandae vinco dedecor. Confugo totam supellex accendo dens testimonium cum. Tabgo viriliter toties colo commemoro templum vallum totidem una.\nVomer conitor demo. Adipiscor demergo acquiro virga colo uterque rem illum cornu molestiae. Verbum amplus tero totidem constans.\nVestigium amplitudo verumtamen tergiversatio commodi claudeo aeneus. Suffoco suadeo aspernatur coma arbor occaecati. Tyrannus cum teres ustilo undique adficio aiunt qui.	FULLTIME	t	492	10274	140666	188845	\N	PUBLIC	OPEN	2025-10-07 11:54:25.577	2025-10-07 11:54:25.577	ENTRY
499ece4e-16c6-4c93-96d0-a4b27bb61ff4	754e9d60-2cca-432c-9e89-33b99f71579d	International Optimization Facilitator	Infit tenuis absum urbs aqua dens alias. Aperio unde aeger. Conturbo tam subiungo aliquid bellum.\nTenus adicio atavus. Videlicet ullam vitium. Venustas tres adfero amet carpo rerum consequuntur.\nCorrigo laudantium tutamen earum ater validus adulatio. Civis nostrum cunctatio casso trans. Harum suggero validus esse.	FULLTIME	f	492	10274	120935	298799	\N	PUBLIC	OPEN	2025-10-07 11:54:25.579	2025-10-07 11:54:25.579	ENTRY
c81c8370-4be2-4ffb-bf9b-954d1d65eed6	8064d915-18ee-4bc3-85fd-750827efb108	Global Response Coordinator	Arbor absens chirographum cum crudelis. Taceo vulariter crinis spargo reiciendis tamen subiungo statua. Benevolentia tenuis nisi deprimo arbustum.\nTenetur ducimus corrumpo. Quas bardus suppono officiis speciosus blanditiis nesciunt cursus tendo cauda. Rem balbus corpus tribuo ciminatio aliquid.\nTandem somniculosus demens patior cunae chirographum velit correptius trucido. Stultus quam arcus cohors asperiores. Tibi tutis infit arcesso toties.	PARTTIME	f	499	10410	88425	337046	\N	PUBLIC	OPEN	2025-10-07 11:54:25.585	2025-10-07 11:54:25.585	ENTRY
9ca9099f-4ea6-48d5-9746-50c196710769	5655859c-a099-4394-9d77-a71a37e71917	Customer Factors Associate	Combibo cubicularis contego conculco quisquam cito crepusculum depromo pax. Carmen delectus cogito clibanus utique creta. Thymum texo accommodo uredo.\nVulticulus attero sub advoco soluta agnosco aestas civitas. Veritas defungo curis demergo veniam validus doloremque tabula ager delicate. Accusamus velum auctus sumo correptius cultellus compono dolores auxilium.\nAnser vesper una. Voluptas nostrum amplitudo. Sortitus velut tabesco alias.	PARTTIME	t	505	10576	126870	180468	\N	PUBLIC	OPEN	2025-10-07 11:54:25.592	2025-10-07 11:54:25.592	ENTRY
c9ed23b6-1628-4193-aa19-c3f9f0ccc6cb	c7d1e41e-d0cf-45f5-8964-0ca709ceb248	International Quality Planner	Tantillus sordeo ultra corroboro terminatio. Curto comprehendo abscido tibi. Amitto creator infit voluptatum ultio acquiro corrumpo iure.\nDefendo et cometes harum vero cicuta eos. Coaegresco adduco defungo atque vel. Accendo omnis suffragium ventus sponte sol cena comitatus.\nAra aggredior nisi. Adversus aequitas attero. Recusandae defleo pecco laboriosam carpo et vulgivagus complectus suscipio.	NYSC	f	518	10836	103889	184826	\N	PUBLIC	OPEN	2025-10-07 11:54:25.598	2025-10-07 11:54:25.598	ENTRY
99ffdb00-2dcd-4a06-bac2-5ee1428070f9	706b81a0-acb5-487d-8f9f-ae1509af8868	District Program Representative	Numquam degenero debeo nulla. Stips amiculum attollo cohors vergo comptus cernuus. Tabgo alii similique aliquid vicissitudo dapifer necessitatibus ter.\nTimidus suscipit tametsi tot. Talus magnam coaegresco nobis cena caecus carmen. Maiores tergeo vox cena.\nCrux cometes tolero similique acidus. Patruus quod autus vado ascisco via acer. Tantum deleo temptatio aequitas crebro tempora defleo audax capitulus.	FULLTIME	t	509	10654	105488	183294	\N	PUBLIC	OPEN	2025-10-07 11:54:25.606	2025-10-07 11:54:25.606	ENTRY
c81de777-47c8-4a13-898e-85046357ab4f	706b81a0-acb5-487d-8f9f-ae1509af8868	Lead Infrastructure Facilitator	Casus defero turba. Vitiosus volutabrum ducimus vespillo eius viscus. Admoveo trans patior antepono suus.\nAmicitia cumque umquam delego vespillo. Degusto video pectus temporibus eum apto. Creber admitto angulus strenuus crepusculum vomer degenero.\nCampana amicitia sodalitas. Cubo occaecati quisquam decumbo victoria. Quos officia praesentium vesco natus urbanus viscus xiphias absconditus aer.	INTERN	f	509	10654	137965	287831	\N	PUBLIC	OPEN	2025-10-07 11:54:25.608	2025-10-07 11:54:25.608	ENTRY
1c8d0bba-600c-4720-b94b-f81753234a2b	60ad3547-d4e3-40eb-b6de-c4d006434e1c	Investor Group Manager	Id venia adflicto ut summopere vindico. Porro voluptas custodia. Vociferor acerbitas assumenda derelinquo adaugeo capillus vestrum.\nUtroque thalassinus turba voluptas arma. Distinctio desolo videlicet tego ullus amplitudo comburo. Teres cui repellat.\nCarbo ager quis sperno cohors solus administratio odit arma. Subseco amicitia cohibeo carpo patior una. Ut territo cunabula ut soleo laudantium desparatus audax valeo tenetur.	CONTRACT	f	485	10146	139657	166255	\N	PUBLIC	OPEN	2025-10-07 11:54:25.615	2025-10-07 11:54:25.615	ENTRY
70e5981f-cd46-44e4-ab53-2004ef3e5085	a3a9ac0b-177c-4c9b-84d1-048e49cfbffb	Investor Assurance Specialist	Vae angustus conservo maiores aeternus aut fugiat voro solium correptius. Assentator victus pel suspendo veritas utrum textor. Molestias deorsum alienus.\nVobis beatus vociferor soluta. Approbo tonsor alius demergo occaecati conatus suppellex repellendus. Absum ver ocer arbitro tot cedo amplitudo terra.\nPorro thorax amplus terra atqui. Ancilla suscipit cibo utrum denuncio colo commodi adsidue speculum agnosco. Adulatio curto vivo.	PARTTIME	t	508	10625	112534	168988	\N	PUBLIC	OPEN	2025-10-07 11:54:25.621	2025-10-07 11:54:25.621	ENTRY
32a8051a-0770-4e28-8c47-11c63cdaf0dc	a3a9ac0b-177c-4c9b-84d1-048e49cfbffb	Dynamic Branding Architect	Canto vobis aptus conatus patior cado trucido velum victus. Victoria benigne credo. Cena a sit succurro circumvenio.\nAegre arto unde arma adfectus desolo versus. Repudiandae curia depono tametsi. Audio colo acerbitas thorax antepono tui dapifer.\nSolio umerus sublime tergo spiculum quam concido ea advoco cito. Subiungo a degenero voluntarius totam traho cresco voluntarius. Teneo basium quisquam abduco abbas depono venustas deleo.	INTERN	t	508	10625	115351	289754	\N	PUBLIC	OPEN	2025-10-07 11:54:25.623	2025-10-07 11:54:25.623	ENTRY
30f5d522-fab1-4e46-994c-12b48ff5ca9d	8db87a0d-eb67-4c89-9917-246154727281	Internal Tactics Coordinator	Utroque spargo socius pax decens. Accusator voluptate cohaero vigor vigilo synagoga. Caterva voluptatem argumentum super basium odit amet dolor.\nNeque usus accusamus. Neque venustas adsum decens. Comes utique sint perferendis ipsum vulgaris carbo anser.\nUniverse conitor admoneo suspendo aliquam alii cicuta tabgo pariatur angelus. Impedit at aeneus amplitudo vae. Consequuntur asperiores spiculum virga aeger decumbo stillicidium.	FULLTIME	t	516	10804	142408	229765	\N	PUBLIC	OPEN	2025-10-07 11:54:25.63	2025-10-07 11:54:25.63	ENTRY
ba2477eb-350e-4eec-9b11-e0c2543ca2d4	f0ad6e06-c367-43d6-ae81-8d69a2fd8d69	Customer Quality Specialist	Tredecim accendo una aeger calamitas. Deputo derelinquo vehemens vulpes ea creator defaeco cauda. Quae arto catena aequitas.\nVersus cuppedia cursim compello agnosco vicinus vergo sto dapifer. Texo despecto deserunt communis fugit volaticus consequatur. Neque stillicidium sortitus surgo casso.\nUtilis vos varius sollers angustus vero acceptus. Occaecati iure vos quasi calcar vorago amitto. Tumultus amicitia vindico cultellus comes deserunt.	PARTTIME	f	484	10124	110895	249484	\N	PUBLIC	OPEN	2025-10-07 11:54:25.636	2025-10-07 11:54:25.636	ENTRY
a0770d09-f5a5-4d17-9072-bfa9d5e215e1	f0ad6e06-c367-43d6-ae81-8d69a2fd8d69	Legacy Branding Developer	Audax dedecor tabella nemo ultio curso terra. Curto amissio vulnus approbo vestrum certus caveo derideo claudeo tonsor. Tamdiu una carmen ut reiciendis audax.\nLaboriosam callide deludo taceo vallum thema. Arbustum sub sapiente confugo iste cui paens tergo cursim. Conduco vulgus tot cognatus accommodo cultura amissio.\nAiunt laborum defendo quod vester aspicio umerus tui crux rem. Aurum civis deputo error cubicularis temptatio. Clarus xiphias validus degenero dedico utpote tutis beatae universe adsuesco.	NYSC	f	484	10124	87491	277141	\N	PUBLIC	OPEN	2025-10-07 11:54:25.638	2025-10-07 11:54:25.638	ENTRY
c9e36914-2452-4f3f-b461-527e903772af	864f8359-5226-4de1-8001-912ad36eae91	Dynamic Applications Associate	Reprehenderit cohaero vos. Undique tardus conturbo aurum concido theca. Supra crinis cervus verto toties pax appono.\nAperte bonus altus comitatus sublime villa textor vae solvo patria. Ullam velut pel nihil cilicium numquam cubo appello conqueror crebro. Deficio angustus adfectus vigor sponte quod.\nCras patrocinor colligo compono debeo adipisci demum antea. Stipes aperte concido. Amoveo verbum aedificium impedit tam confero triumphus.	CONTRACT	f	484	10129	117257	225928	\N	PUBLIC	OPEN	2025-10-07 11:54:25.644	2025-10-07 11:54:25.644	ENTRY
1b4fa14f-82a1-4e65-9925-a9c17951f3e9	b3024254-35f5-40d2-b396-a770d5a979a0	Central Functionality Facilitator	Architecto adstringo audentia defluo vinculum. Caste distinctio ex auctor. Acsi cohors amita voluptates valde voluptatem amo complectus.\nCensura decimus talis subseco cauda argentum. Cerno totam quaerat voluptatum. Administratio caries debeo carmen adstringo ago vinco.\nTollo solvo deporto cimentarius spargo templum abundans. Architecto carbo carmen infit vomito tabella usque quod placeat. Cito nulla nesciunt doloribus ait admiratio.	NYSC	t	506	10593	123307	334774	\N	PUBLIC	OPEN	2025-10-07 11:54:25.651	2025-10-07 11:54:25.651	ENTRY
1c5c4cb7-5c8b-48f7-8495-5603bc25a16f	b3024254-35f5-40d2-b396-a770d5a979a0	Future Paradigm Designer	Esse quos amitto ars crapula. Labore auctor cruentus delectatio sui vitiosus numquam degusto dolor. Depereo corporis coerceo alius occaecati aggero.\nVerbera creptio tempore auctus cilicium custodia vindico. Acsi quis adfero vomer caelestis candidus stipes reprehenderit. Deripio usitas demergo maxime vesica.\nExpedita votum asporto torqueo sol tubineus arbor sublime. Illum caritas delinquo pel adfero et libero auctor. Adduco sequi consequatur ambulo.	INTERN	f	506	10593	89795	331269	\N	PUBLIC	OPEN	2025-10-07 11:54:25.653	2025-10-07 11:54:25.653	ENTRY
9473d351-194d-43b3-826f-81d86de50a8f	b3024254-35f5-40d2-b396-a770d5a979a0	International Security Producer	Astrum utique uberrime vulnero. Strenuus terga communis canonicus culpa virga trepide. Provident officiis compono vester supplanto succedo ulterius.\nAlter alioqui amplexus coniuratio utrum distinctio desino. Tot cubitum amiculum caput peior denego cura. Audax vilis taedium acceptus demulceo cura dignissimos.\nStrenuus communis molestiae decumbo. Arbor laudantium totidem audeo ducimus. Veritatis cupressus vulnus desidero.	INTERN	f	506	10593	122387	314105	\N	PUBLIC	OPEN	2025-10-07 11:54:25.655	2025-10-07 11:54:25.655	ENTRY
68337d39-f4d1-4490-8b3c-d41bf404dfb4	e0ffe090-2383-4262-bb81-f1e02ca09237	Future Implementation Developer	Adflicto umerus addo subito aggero ambitus vesper adstringo uredo totus. Demoror vobis defungo campana vobis similique atqui decimus quam. Truculenter ustilo abundans vulgus terga pecus compello.\nTolero ait vinitor ullam. Temptatio casus tot. Sto depono audeo ait truculenter vociferor clamo consectetur aiunt tunc.\nDefungo degero sub taceo compello. Uxor quisquam aurum callide acquiro tubineus. Adhuc tero neque culpo ara corrigo asporto venio cogito.	CONTRACT	t	500	10464	81191	333745	\N	PUBLIC	OPEN	2025-10-07 11:54:25.661	2025-10-07 11:54:25.661	ENTRY
338a5644-7446-40d6-b16e-637eba13b012	e0ffe090-2383-4262-bb81-f1e02ca09237	Lead Intranet Associate	Cumque vigor tabesco valeo conor rerum casso atavus acervus argentum. Spiculum alii claro abundans repudiandae assumenda aliquam. Tactus derideo utique.\nTabella crepusculum sub amoveo deputo thesis vallum arto. Earum videlicet valde spoliatio averto. Combibo numquam curiositas.\nTutamen spiculum currus similique vester minus verto cruciamentum tergeo. Apto textilis denego alter tenuis vehemens cribro vallum adhuc. Campana odit aggredior statua aliquam dicta umbra labore tergiversatio.	NYSC	f	500	10464	119333	286673	\N	PUBLIC	OPEN	2025-10-07 11:54:25.663	2025-10-07 11:54:25.663	ENTRY
d5b0ae6d-3a50-48ab-9a0b-e64c6b9ad0df	8ecbc6ea-0bf6-4f71-b077-aab938e3870b	Direct Factors Manager	Tibi trepide utroque cernuus cibus sonitus a. Atrocitas attollo tyrannus nemo. Iusto abundans eos.\nCompono cetera cunctatio venia vestrum quam aliquid. Patrocinor autem harum vis pecco animadverto adsidue ventito blandior voluptate. Molestias artificiose acsi autus nisi tergum odio convoco tabella vicinus.\nNecessitatibus aveho adsidue tripudio cattus veritatis amicitia cauda sequi. Usitas pauci et. Clibanus canto placeat vetus tabula cruciamentum caries.	NYSC	t	492	10285	85980	252797	\N	PUBLIC	OPEN	2025-10-07 11:54:25.67	2025-10-07 11:54:25.67	ENTRY
d98719a1-05ef-46cb-94b4-1d3332969af0	8ecbc6ea-0bf6-4f71-b077-aab938e3870b	National Web Analyst	Solvo vulgivagus a acies modi sustineo. Perferendis esse atrocitas claro desino. Audacia deprecator terror cultura cupressus vero adicio cunctatio.\nCogito viduo credo tego thesis paulatim vulticulus itaque campana arbitro. Curiositas validus suppellex vulticulus corrumpo. Qui vulgaris calamitas aegre cubo acquiro demo conculco tricesimus chirographum.\nTraho molestias voluntarius tot suffoco ars derelinquo conqueror adficio. Commodo veritatis aer voluptate autem occaecati temptatio aiunt vae. Spargo ipsum despecto adulatio correptius aestas eum.	FULLTIME	t	492	10285	92361	325614	\N	PUBLIC	OPEN	2025-10-07 11:54:25.672	2025-10-07 11:54:25.672	ENTRY
f4972a1f-7f86-4f54-8054-074ccca0bfea	d8dd31dd-2490-432a-ad78-9e9b9bb33732	Investor Solutions Supervisor	Sint spero textor amaritudo adsum victoria valens usque. Cervus adsum necessitatibus. Quae neque ubi spiculum.\nDedico vorax comis ascisco conor cursus avaritia creo. Conduco suppellex cunabula virtus delego bis asper. Temperantia administratio dolore maiores tertius color cena.\nAequitas amicitia amo vesco comprehendo adipisci alo solum turpis. Accendo voco defero spes quam. Cuius confugo asper reprehenderit tui.	PARTTIME	t	497	10360	134232	244737	\N	PUBLIC	OPEN	2025-10-07 11:54:25.678	2025-10-07 11:54:25.678	ENTRY
fe581a49-3258-4fa2-af33-35930fe4b0fc	c7debf37-e7d5-4c16-9e57-be69da99f4e1	Forward Tactics Architect	Consequuntur comis vilis averto. Aggero anser conventus aranea abscido curo infit derelinquo sollicito considero. Dicta conspergo crapula viriliter cedo.\nDoloribus alter vobis contigo autus quia. Comes vociferor carpo colo aureus curtus umbra quod corporis commemoro. Venia votum turbo abbas solvo accommodo.\nCorrumpo aeneus antea blanditiis vorago ustulo vespillo statua accedo. Conitor videlicet super carcer. Calco comedo abeo cruentus avaritia.	PARTTIME	f	485	10139	119105	375863	\N	PUBLIC	OPEN	2025-10-07 11:54:25.684	2025-10-07 11:54:25.684	ENTRY
e6bd2ee3-20f5-488e-bc6d-b67533fe0fce	c7debf37-e7d5-4c16-9e57-be69da99f4e1	Investor Tactics Liaison	Excepturi amissio vesper tepesco sollers cogito tubineus. Avarus cenaculum vilitas. Tibi depulso conitor demulceo.\nCopiose valde utrum traho texo talio. Corona vigor deripio clam curiositas cito defendo tam congregatio decet. Carpo ab suffoco.\nDebitis auditor textilis iusto capto trepide annus esse collum. Absque depulso tantum nesciunt absum sollers. Defendo mollitia suscipit aegrotatio decipio.	INTERN	t	485	10139	142567	247363	\N	PUBLIC	OPEN	2025-10-07 11:54:25.686	2025-10-07 11:54:25.686	ENTRY
154aeadd-1dc4-400f-a492-3cc25f9a6ec9	0eb2d5b2-f614-45d0-8630-e6d4cbd6344d	Corporate Metrics Strategist	Agnosco vesco speciosus defendo tonsor. Acceptus capto vesco. Sono tenax tutamen bellicus asper ipsa dens colligo vitiosus.\nPel cupressus theca decor stella audio cruciamentum. Curia vester minima causa tricesimus ars umbra patior umerus. Bis cuius dicta complectus urbanus altus torrens aliqua.\nDicta magni coniuratio vomica coaegresco. Spoliatio adsuesco pecus tametsi vere. Ipsa congregatio defleo clementia carcer acquiro aperio solium solitudo necessitatibus.	PARTTIME	t	509	10641	141875	315613	\N	PUBLIC	OPEN	2025-10-07 11:54:25.693	2025-10-07 11:54:25.693	ENTRY
b0d18b39-dd73-44ae-bc86-1e9bf880d60a	e10f3df1-95d6-428d-96f7-6156a218cdf6	Principal Communications Planner	Constans aut provident cernuus. Asperiores crapula campana desipio est. Coepi theatrum volutabrum.\nAequus suffragium ciminatio succurro caries turbo comptus veritas crepusculum. Cohaero fugit adeptio alius cito. Valde beatae tamisium repellendus coerceo summisse.\nBalbus vester subvenio utrum reprehenderit. Triduana aestivus vinco universe amitto aperio tergiversatio demo. Angulus tibi desolo utique cubicularis depulso.	PARTTIME	f	501	10497	129979	292677	\N	PUBLIC	OPEN	2025-10-07 11:54:25.699	2025-10-07 11:54:25.699	ENTRY
644c3174-6a03-484c-bf1e-23f1fc5102d3	e10f3df1-95d6-428d-96f7-6156a218cdf6	Forward Communications Associate	Corrigo spoliatio perferendis rerum adfectus veritatis xiphias thema. Agnosco recusandae supra adaugeo. Asperiores facere viridis eaque.\nConor arcus vicissitudo cupressus nisi quia deporto alienus placeat. Desolo benigne spero demum spero demum nemo. Copiose corrumpo valde coniecto vito delinquo amiculum.\nAb victoria veniam comparo tolero campana vetus trepide. Avaritia adhaero vere vapulus rerum culpa tibi aegrus vester. Umbra arx convoco summopere solium.	FULLTIME	t	501	10497	136702	333376	\N	PUBLIC	OPEN	2025-10-07 11:54:25.701	2025-10-07 11:54:25.701	ENTRY
c2e8e868-b3bb-4440-a9a9-954829200c1e	f7472be1-137d-42c4-b74a-9217988bd932	UI Engineer	\n**About AdinKems Inc.**\nSecured incremental portal We are a leading firm in the Frontend Developer sector, committed to innovation and excellence. Our team is growing, and we are looking for a passionate and driven individual to join us.\n\n**Role Overview**\nWe are seeking a talented UI Engineer to contribute to our dynamic team. The ideal candidate will be responsible for [Primary Responsibility 1, e.g., developing scalable web applications], [Primary Responsibility 2, e.g., collaborating with cross-functional teams], and [Primary Responsibility 3, e.g., maintaining code quality and best practices]. This role offers a unique opportunity to work on exciting projects and make a significant impact.\n\n**Key Responsibilities**\n- Ars molestiae peior avarus ancilla et appello amplexus utor.\n- Capitulus recusandae cernuus calculus.\n- Comparo volutabrum cicuta atrocitas volo vicissitudo in vestigium ea tametsi.\n- Tametsi subiungo acidus corrumpo dolorem adsum tibi adficio sto candidus.\n\n**Qualifications**\n- Bachelor's degree in Web Design & Development or a related field.\n- Proven experience with technologies like Project Management.\n- Strong problem-solving skills and attention to detail.\n- Excellent communication and teamwork abilities.\n    	INTERN	t	\N	\N	105637	185800	\N	PUBLIC	CLOSED	2025-10-07 11:54:25.783	2025-10-10 00:47:13.587	ENTRY
c22c452c-70b5-415a-990d-631be2e34efc	b3024254-35f5-40d2-b396-a770d5a979a0	Backend Developer	\n**About Chocolate City Group Partners**\nPhased responsive conglomeration We are a leading firm in the Software Developer sector, committed to innovation and excellence. Our team is growing, and we are looking for a passionate and driven individual to join us.\n\n**Role Overview**\nWe are seeking a talented Backend Developer to contribute to our dynamic team. The ideal candidate will be responsible for [Primary Responsibility 1, e.g., developing scalable web applications], [Primary Responsibility 2, e.g., collaborating with cross-functional teams], and [Primary Responsibility 3, e.g., maintaining code quality and best practices]. This role offers a unique opportunity to work on exciting projects and make a significant impact.\n\n**Key Responsibilities**\n- Pectus aptus adflicto corrupti confugo conspergo.\n- Curriculum tribuo molestias peior.\n- Sublime bardus cibus.\n- Aliqua subseco vir viscus curiositas subiungo aequitas ante.\n\n**Qualifications**\n- Bachelor's degree in Computer Science or a related field.\n- Proven experience with technologies like Frontend Development.\n- Strong problem-solving skills and attention to detail.\n- Excellent communication and teamwork abilities.\n    	PARTTIME	t	\N	\N	165765	331335	\N	PUBLIC	OPEN	2025-10-07 11:54:25.716	2025-10-07 11:54:25.716	ENTRY
4c811de1-1dd4-4c3d-8788-dabaa239ccfd	e0ffe090-2383-4262-bb81-f1e02ca09237	HR Business Partner	\n**About Kobo360 Partners**\nAdaptive human-resource benchmark We are a leading firm in the HR Specialist sector, committed to innovation and excellence. Our team is growing, and we are looking for a passionate and driven individual to join us.\n\n**Role Overview**\nWe are seeking a talented HR Business Partner to contribute to our dynamic team. The ideal candidate will be responsible for [Primary Responsibility 1, e.g., developing scalable web applications], [Primary Responsibility 2, e.g., collaborating with cross-functional teams], and [Primary Responsibility 3, e.g., maintaining code quality and best practices]. This role offers a unique opportunity to work on exciting projects and make a significant impact.\n\n**Key Responsibilities**\n- Arto tollo crebro.\n- Adopto vel quo suggero spargo dolore accusator ipsa decimus.\n- Credo vigilo trans venia repellat sumo ubi tardus correptius solus.\n- Numquam attonbitus numquam.\n\n**Qualifications**\n- Bachelor's degree in Human Resources Management or a related field.\n- Proven experience with technologies like Customer Service.\n- Strong problem-solving skills and attention to detail.\n- Excellent communication and teamwork abilities.\n    	CONTRACT	t	\N	\N	127258	289828	\N	PUBLIC	OPEN	2025-10-07 11:54:25.724	2025-10-07 11:54:25.724	ENTRY
f1b83f3d-a680-48d5-b844-c5fe18a6106d	706b81a0-acb5-487d-8f9f-ae1509af8868	SEO Analyst	\n**About Chevron Nigeria Partners**\nSeamless interactive support We are a leading firm in the Digital Marketer sector, committed to innovation and excellence. Our team is growing, and we are looking for a passionate and driven individual to join us.\n\n**Role Overview**\nWe are seeking a talented SEO Analyst to contribute to our dynamic team. The ideal candidate will be responsible for [Primary Responsibility 1, e.g., developing scalable web applications], [Primary Responsibility 2, e.g., collaborating with cross-functional teams], and [Primary Responsibility 3, e.g., maintaining code quality and best practices]. This role offers a unique opportunity to work on exciting projects and make a significant impact.\n\n**Key Responsibilities**\n- Suasoria trado suasoria synagoga una bellicus absens.\n- Vetus cursus utilis.\n- Aliqua capitulus comis vado umbra templum cultura explicabo.\n- Cresco suffragium aggredior dolorum autus.\n\n**Qualifications**\n- Bachelor's degree in Economics or a related field.\n- Proven experience with technologies like Project Management.\n- Strong problem-solving skills and attention to detail.\n- Excellent communication and teamwork abilities.\n    	CONTRACT	f	511	10714	150275	302796	\N	PUBLIC	OPEN	2025-10-07 11:54:25.729	2025-10-07 11:54:25.729	ENTRY
ff2e9c19-2bd2-46e3-a1e3-e108409dbc72	c7d1e41e-d0cf-45f5-8964-0ca709ceb248	Backend Developer	\n**About Lafarge Africa Group**\nOperative executive complexity We are a leading firm in the Software Developer sector, committed to innovation and excellence. Our team is growing, and we are looking for a passionate and driven individual to join us.\n\n**Role Overview**\nWe are seeking a talented Backend Developer to contribute to our dynamic team. The ideal candidate will be responsible for [Primary Responsibility 1, e.g., developing scalable web applications], [Primary Responsibility 2, e.g., collaborating with cross-functional teams], and [Primary Responsibility 3, e.g., maintaining code quality and best practices]. This role offers a unique opportunity to work on exciting projects and make a significant impact.\n\n**Key Responsibilities**\n- Usus cicuta terga aetas credo appositus debeo.\n- Cresco varius vere abutor adicio.\n- Attollo solum taceo verumtamen tribuo crudelis.\n- Surgo caelum crudelis terga cupio similique tabella pectus pariatur.\n\n**Qualifications**\n- Bachelor's degree in Information Technology or a related field.\n- Proven experience with technologies like Frontend Development.\n- Strong problem-solving skills and attention to detail.\n- Excellent communication and teamwork abilities.\n    	NYSC	t	\N	\N	240215	331254	\N	PUBLIC	OPEN	2025-10-07 11:54:25.734	2025-10-07 11:54:25.734	ENTRY
ce284afe-b7c1-43c5-83d1-2e8a2bd5d209	9f92b9e8-6ed3-4834-a090-84374a00b042	Finance Officer	\n**About Oando PLC Group**\nReduced intangible parallelism We are a leading firm in the Accountant sector, committed to innovation and excellence. Our team is growing, and we are looking for a passionate and driven individual to join us.\n\n**Role Overview**\nWe are seeking a talented Finance Officer to contribute to our dynamic team. The ideal candidate will be responsible for [Primary Responsibility 1, e.g., developing scalable web applications], [Primary Responsibility 2, e.g., collaborating with cross-functional teams], and [Primary Responsibility 3, e.g., maintaining code quality and best practices]. This role offers a unique opportunity to work on exciting projects and make a significant impact.\n\n**Key Responsibilities**\n- Subnecto absorbeo aequus conspergo.\n- Suasoria basium tametsi terreo vacuus numquam.\n- Nisi demoror sufficio ultra audio balbus deinde.\n- Comparo textus via arguo tristis.\n\n**Qualifications**\n- Bachelor's degree in Banking and Finance or a related field.\n- Proven experience with technologies like Data Analysis.\n- Strong problem-solving skills and attention to detail.\n- Excellent communication and teamwork abilities.\n    	PARTTIME	f	486	10170	112363	275928	\N	PUBLIC	OPEN	2025-10-07 11:54:25.738	2025-10-07 11:54:25.738	ENTRY
b3d9a35b-fe02-40b6-a2c6-15ebaf3abd6d	e0ffe090-2383-4262-bb81-f1e02ca09237	Talent Acquisition Manager	\n**About Kobo360 Partners**\nSustainable mobile alliance We are a leading firm in the HR Specialist sector, committed to innovation and excellence. Our team is growing, and we are looking for a passionate and driven individual to join us.\n\n**Role Overview**\nWe are seeking a talented Talent Acquisition Manager to contribute to our dynamic team. The ideal candidate will be responsible for [Primary Responsibility 1, e.g., developing scalable web applications], [Primary Responsibility 2, e.g., collaborating with cross-functional teams], and [Primary Responsibility 3, e.g., maintaining code quality and best practices]. This role offers a unique opportunity to work on exciting projects and make a significant impact.\n\n**Key Responsibilities**\n- Reiciendis cavus aveho tamquam conturbo velit speculum statua fugit delicate.\n- Velum quo desipio vitae bestia celebrer aufero.\n- Ut aegrus vester cariosus thorax crux modi temeritas tersus sit.\n- Quae beatus ter turba viscus canonicus tracto clementia adipisci constans.\n\n**Qualifications**\n- Bachelor's degree in Industrial Relations or a related field.\n- Proven experience with technologies like Project Management.\n- Strong problem-solving skills and attention to detail.\n- Excellent communication and teamwork abilities.\n    	CONTRACT	f	485	10150	189157	328506	\N	PUBLIC	OPEN	2025-10-07 11:54:25.742	2025-10-07 11:54:25.742	ENTRY
f8b9f0d4-4751-4ab9-925c-2afcad681d9b	c7debf37-e7d5-4c16-9e57-be69da99f4e1	Business Intelligence Analyst	\n**About Reliance HMO Ltd.**\nPolarised local success We are a leading firm in the Data Analyst sector, committed to innovation and excellence. Our team is growing, and we are looking for a passionate and driven individual to join us.\n\n**Role Overview**\nWe are seeking a talented Business Intelligence Analyst to contribute to our dynamic team. The ideal candidate will be responsible for [Primary Responsibility 1, e.g., developing scalable web applications], [Primary Responsibility 2, e.g., collaborating with cross-functional teams], and [Primary Responsibility 3, e.g., maintaining code quality and best practices]. This role offers a unique opportunity to work on exciting projects and make a significant impact.\n\n**Key Responsibilities**\n- Defetiscor cervus celebrer sollicito aequitas numquam defessus tantillus atavus solus.\n- Brevis sol cohaero avarus tersus beatus ver administratio.\n- Charisma magni angulus approbo vita coma compello.\n- Vulnus delego stella.\n\n**Qualifications**\n- Bachelor's degree in Mathematics or a related field.\n- Proven experience with technologies like Data Analysis.\n- Strong problem-solving skills and attention to detail.\n- Excellent communication and teamwork abilities.\n    	CONTRACT	f	497	10355	114173	223217	\N	PUBLIC	OPEN	2025-10-07 11:54:25.747	2025-10-07 11:54:25.747	ENTRY
9d9f9968-04ac-4230-a419-3982e99f6ad6	f0ad6e06-c367-43d6-ae81-8d69a2fd8d69	Recruitment Specialist	\n**About Farmcrowdy Ltd.**\nSharable exuding hub We are a leading firm in the HR Specialist sector, committed to innovation and excellence. Our team is growing, and we are looking for a passionate and driven individual to join us.\n\n**Role Overview**\nWe are seeking a talented Recruitment Specialist to contribute to our dynamic team. The ideal candidate will be responsible for [Primary Responsibility 1, e.g., developing scalable web applications], [Primary Responsibility 2, e.g., collaborating with cross-functional teams], and [Primary Responsibility 3, e.g., maintaining code quality and best practices]. This role offers a unique opportunity to work on exciting projects and make a significant impact.\n\n**Key Responsibilities**\n- Validus arceo ipsa cotidie suus vicissitudo.\n- Quas decretum deludo optio calco alioqui talis delego valeo urbanus.\n- Confido sumptus avaritia creber comes labore.\n- Brevis cito tutis tenetur theatrum volup voro.\n\n**Qualifications**\n- Bachelor's degree in Human Resources Management or a related field.\n- Proven experience with technologies like Human Resources.\n- Strong problem-solving skills and attention to detail.\n- Excellent communication and teamwork abilities.\n    	NYSC	f	493	10294	93218	263788	\N	PUBLIC	OPEN	2025-10-07 11:54:25.751	2025-10-07 11:54:25.751	ENTRY
9636528b-7f08-4735-8cf8-e826604da348	f7472be1-137d-42c4-b74a-9217988bd932	React Developer	\n**About AdinKems Inc.**\nEnhanced impactful success We are a leading firm in the Frontend Developer sector, committed to innovation and excellence. Our team is growing, and we are looking for a passionate and driven individual to join us.\n\n**Role Overview**\nWe are seeking a talented React Developer to contribute to our dynamic team. The ideal candidate will be responsible for [Primary Responsibility 1, e.g., developing scalable web applications], [Primary Responsibility 2, e.g., collaborating with cross-functional teams], and [Primary Responsibility 3, e.g., maintaining code quality and best practices]. This role offers a unique opportunity to work on exciting projects and make a significant impact.\n\n**Key Responsibilities**\n- Volo bis subvenio nobis.\n- Vulnus cohibeo caute compello temporibus ara.\n- Vorax agnitio benevolentia tamen.\n- Tantum viriliter audentia truculenter summisse.\n\n**Qualifications**\n- Bachelor's degree in Information Technology or a related field.\n- Proven experience with technologies like Project Management.\n- Strong problem-solving skills and attention to detail.\n- Excellent communication and teamwork abilities.\n    	INTERN	f	485	10145	207555	402830	\N	PUBLIC	OPEN	2025-10-07 11:54:25.755	2025-10-07 11:54:25.755	ENTRY
b6b93a21-8922-471b-bb9b-e604821e2255	864f8359-5226-4de1-8001-912ad36eae91	Recruitment Specialist	\n**About KPMG Nigeria Solutions**\nManaged fresh-thinking microservice We are a leading firm in the HR Specialist sector, committed to innovation and excellence. Our team is growing, and we are looking for a passionate and driven individual to join us.\n\n**Role Overview**\nWe are seeking a talented Recruitment Specialist to contribute to our dynamic team. The ideal candidate will be responsible for [Primary Responsibility 1, e.g., developing scalable web applications], [Primary Responsibility 2, e.g., collaborating with cross-functional teams], and [Primary Responsibility 3, e.g., maintaining code quality and best practices]. This role offers a unique opportunity to work on exciting projects and make a significant impact.\n\n**Key Responsibilities**\n- Barba degenero caries.\n- Suppono voveo territo damno derideo cena.\n- Demens quidem copiose uxor tandem.\n- Argumentum verus crinis trucido sapiente cibo.\n\n**Qualifications**\n- Bachelor's degree in Industrial Relations or a related field.\n- Proven experience with technologies like Customer Service.\n- Strong problem-solving skills and attention to detail.\n- Excellent communication and teamwork abilities.\n    	INTERN	t	\N	\N	205896	265496	\N	PUBLIC	OPEN	2025-10-07 11:54:25.759	2025-10-07 11:54:25.759	ENTRY
33457dde-223e-4f37-aff4-ea519954f1ce	b3024254-35f5-40d2-b396-a770d5a979a0	Web Developer	\n**About Chocolate City Group Partners**\nCustomer-focused maximized instruction set We are a leading firm in the Frontend Developer sector, committed to innovation and excellence. Our team is growing, and we are looking for a passionate and driven individual to join us.\n\n**Role Overview**\nWe are seeking a talented Web Developer to contribute to our dynamic team. The ideal candidate will be responsible for [Primary Responsibility 1, e.g., developing scalable web applications], [Primary Responsibility 2, e.g., collaborating with cross-functional teams], and [Primary Responsibility 3, e.g., maintaining code quality and best practices]. This role offers a unique opportunity to work on exciting projects and make a significant impact.\n\n**Key Responsibilities**\n- Utilis acidus terga.\n- Cervus sophismata sopor.\n- Degenero nemo somniculosus delego.\n- Acidus denuo nisi tabula vapulus teneo ultra ex denuncio.\n\n**Qualifications**\n- Bachelor's degree in Web Design & Development or a related field.\n- Proven experience with technologies like Frontend Development.\n- Strong problem-solving skills and attention to detail.\n- Excellent communication and teamwork abilities.\n    	CONTRACT	t	\N	\N	146245	260401	\N	PUBLIC	OPEN	2025-10-07 11:54:25.763	2025-10-07 11:54:25.763	ENTRY
6bd52408-0b54-49dd-ba87-bcef731f8588	e10f3df1-95d6-428d-96f7-6156a218cdf6	Project Manager	\n**About Jumia Careers Ltd.**\nSeamless heuristic neural-net We are a leading firm in the Project Manager sector, committed to innovation and excellence. Our team is growing, and we are looking for a passionate and driven individual to join us.\n\n**Role Overview**\nWe are seeking a talented Project Manager to contribute to our dynamic team. The ideal candidate will be responsible for [Primary Responsibility 1, e.g., developing scalable web applications], [Primary Responsibility 2, e.g., collaborating with cross-functional teams], and [Primary Responsibility 3, e.g., maintaining code quality and best practices]. This role offers a unique opportunity to work on exciting projects and make a significant impact.\n\n**Key Responsibilities**\n- Deporto venia claro tertius velociter amissio armarium delego quo.\n- Uxor cogito caecus uterque.\n- Solitudo eligendi vestrum vox.\n- Ante blandior condico volaticus vulticulus umbra creptio.\n\n**Qualifications**\n- Bachelor's degree in Information Technology or a related field.\n- Proven experience with technologies like Customer Service.\n- Strong problem-solving skills and attention to detail.\n- Excellent communication and teamwork abilities.\n    	INTERN	f	518	10832	140662	332653	\N	PUBLIC	OPEN	2025-10-07 11:54:25.767	2025-10-07 11:54:25.767	ENTRY
eae5cbaa-848b-4c87-9465-0ede265a48b3	8db87a0d-eb67-4c89-9917-246154727281	Social Media Manager	\n**About Chocolate City Group Group**\nSecured client-server service-desk We are a leading firm in the Digital Marketer sector, committed to innovation and excellence. Our team is growing, and we are looking for a passionate and driven individual to join us.\n\n**Role Overview**\nWe are seeking a talented Social Media Manager to contribute to our dynamic team. The ideal candidate will be responsible for [Primary Responsibility 1, e.g., developing scalable web applications], [Primary Responsibility 2, e.g., collaborating with cross-functional teams], and [Primary Responsibility 3, e.g., maintaining code quality and best practices]. This role offers a unique opportunity to work on exciting projects and make a significant impact.\n\n**Key Responsibilities**\n- Tenus illum velum.\n- Tardus turbo addo trucido deficio apostolus valetudo dolor.\n- Ultra illum vinculum ademptio.\n- Tondeo celer altus votum armarium fugit trans vigilo dolorum.\n\n**Qualifications**\n- Bachelor's degree in Mass Communication or a related field.\n- Proven experience with technologies like Data Analysis.\n- Strong problem-solving skills and attention to detail.\n- Excellent communication and teamwork abilities.\n    	INTERN	f	492	10285	185049	369197	\N	PUBLIC	OPEN	2025-10-07 11:54:25.771	2025-10-07 11:54:25.771	ENTRY
4cdd2724-b7c5-470f-9e8d-d709e9bfb893	e0ffe090-2383-4262-bb81-f1e02ca09237	SEO Analyst	\n**About Kobo360 Partners**\nDiverse regional analyzer We are a leading firm in the Digital Marketer sector, committed to innovation and excellence. Our team is growing, and we are looking for a passionate and driven individual to join us.\n\n**Role Overview**\nWe are seeking a talented SEO Analyst to contribute to our dynamic team. The ideal candidate will be responsible for [Primary Responsibility 1, e.g., developing scalable web applications], [Primary Responsibility 2, e.g., collaborating with cross-functional teams], and [Primary Responsibility 3, e.g., maintaining code quality and best practices]. This role offers a unique opportunity to work on exciting projects and make a significant impact.\n\n**Key Responsibilities**\n- Aeternus iure calamitas delicate thermae amaritudo perspiciatis aegrus cumque.\n- Audentia minus cunabula terreo thema convoco.\n- Ulciscor una concido tego assentator usitas degusto.\n- Depopulo ex suppellex talis apparatus.\n\n**Qualifications**\n- Bachelor's degree in Mass Communication or a related field.\n- Proven experience with technologies like Data Analysis.\n- Strong problem-solving skills and attention to detail.\n- Excellent communication and teamwork abilities.\n    	PARTTIME	t	\N	\N	205689	294331	\N	PUBLIC	OPEN	2025-10-07 11:54:25.775	2025-10-07 11:54:25.775	ENTRY
1c9264a0-0d9e-44a1-a6a6-5febd7195965	60ad3547-d4e3-40eb-b6de-c4d006434e1c	Auditor	\n**About EbonyLife TV Solutions**\nOptional scalable artificial intelligence We are a leading firm in the Accountant sector, committed to innovation and excellence. Our team is growing, and we are looking for a passionate and driven individual to join us.\n\n**Role Overview**\nWe are seeking a talented Auditor to contribute to our dynamic team. The ideal candidate will be responsible for [Primary Responsibility 1, e.g., developing scalable web applications], [Primary Responsibility 2, e.g., collaborating with cross-functional teams], and [Primary Responsibility 3, e.g., maintaining code quality and best practices]. This role offers a unique opportunity to work on exciting projects and make a significant impact.\n\n**Key Responsibilities**\n- Creptio admoneo traho.\n- Enim ultra bardus vinum benevolentia libero.\n- Defungo concedo atqui creber sortitus sordeo attollo coniecto.\n- Coniecto cribro verecundia bis.\n\n**Qualifications**\n- Bachelor's degree in Economics or a related field.\n- Proven experience with technologies like Data Analysis.\n- Strong problem-solving skills and attention to detail.\n- Excellent communication and teamwork abilities.\n    	PARTTIME	f	500	10428	97322	263876	\N	PUBLIC	OPEN	2025-10-07 11:54:25.779	2025-10-07 11:54:25.779	ENTRY
6a12bee8-f3ce-4a39-b6aa-57ce18fae52e	8064d915-18ee-4bc3-85fd-750827efb108	Content Marketing Manager	\n**About Dangote Group Partners**\nPhased bifurcated implementation We are a leading firm in the Digital Marketer sector, committed to innovation and excellence. Our team is growing, and we are looking for a passionate and driven individual to join us.\n\n**Role Overview**\nWe are seeking a talented Content Marketing Manager to contribute to our dynamic team. The ideal candidate will be responsible for [Primary Responsibility 1, e.g., developing scalable web applications], [Primary Responsibility 2, e.g., collaborating with cross-functional teams], and [Primary Responsibility 3, e.g., maintaining code quality and best practices]. This role offers a unique opportunity to work on exciting projects and make a significant impact.\n\n**Key Responsibilities**\n- Titulus infit ipsam curia acidus perferendis.\n- Eaque odit tego.\n- Aqua alo volubilis sollicito collum xiphias ulciscor qui spargo.\n- Celebrer excepturi adfero thorax repudiandae.\n\n**Qualifications**\n- Bachelor's degree in Business Administration or a related field.\n- Proven experience with technologies like Digital Marketing.\n- Strong problem-solving skills and attention to detail.\n- Excellent communication and teamwork abilities.\n    	NYSC	t	\N	\N	153857	220355	\N	PUBLIC	OPEN	2025-10-07 11:54:25.786	2025-10-07 11:54:25.786	ENTRY
08ae1862-85d6-4279-a0e4-55744662aab7	706b81a0-acb5-487d-8f9f-ae1509af8868	Data Scientist	\n**About Chevron Nigeria Partners**\nExpanded intangible product We are a leading firm in the Data Analyst sector, committed to innovation and excellence. Our team is growing, and we are looking for a passionate and driven individual to join us.\n\n**Role Overview**\nWe are seeking a talented Data Scientist to contribute to our dynamic team. The ideal candidate will be responsible for [Primary Responsibility 1, e.g., developing scalable web applications], [Primary Responsibility 2, e.g., collaborating with cross-functional teams], and [Primary Responsibility 3, e.g., maintaining code quality and best practices]. This role offers a unique opportunity to work on exciting projects and make a significant impact.\n\n**Key Responsibilities**\n- Aequus reprehenderit cunctatio cunae illum angulus vomica arbustum arbitro vir.\n- Nobis vobis vado volutabrum adipiscor suppono uberrime.\n- Abscido adaugeo appono virtus hic.\n- Casso soluta canonicus ara virtus compello.\n\n**Qualifications**\n- Bachelor's degree in Economics or a related field.\n- Proven experience with technologies like Software Development.\n- Strong problem-solving skills and attention to detail.\n- Excellent communication and teamwork abilities.\n    	NYSC	f	505	10562	239333	347483	\N	PUBLIC	OPEN	2025-10-07 11:54:25.79	2025-10-07 11:54:25.79	ENTRY
ac5e8a02-30f6-4647-bd7b-fc422883013b	6475116f-2a9d-452c-870b-34df8c02722a	Auditor	\n**About Dangote Foods Solutions**\nExclusive modular core We are a leading firm in the Accountant sector, committed to innovation and excellence. Our team is growing, and we are looking for a passionate and driven individual to join us.\n\n**Role Overview**\nWe are seeking a talented Auditor to contribute to our dynamic team. The ideal candidate will be responsible for [Primary Responsibility 1, e.g., developing scalable web applications], [Primary Responsibility 2, e.g., collaborating with cross-functional teams], and [Primary Responsibility 3, e.g., maintaining code quality and best practices]. This role offers a unique opportunity to work on exciting projects and make a significant impact.\n\n**Key Responsibilities**\n- Crustulum creber acer degusto adicio angustus venustas.\n- Crebro animi attero decipio verus aranea adeptio necessitatibus.\n- Magni ciminatio avaritia tondeo surculus.\n- Complectus argumentum surgo.\n\n**Qualifications**\n- Bachelor's degree in Economics or a related field.\n- Proven experience with technologies like Accounting.\n- Strong problem-solving skills and attention to detail.\n- Excellent communication and teamwork abilities.\n    	INTERN	f	493	10298	81801	164922	\N	PUBLIC	OPEN	2025-10-07 11:54:25.794	2025-10-07 11:54:25.794	ENTRY
3a1b1ff7-5990-4786-ad07-84426cb46d4b	8ecbc6ea-0bf6-4f71-b077-aab938e3870b	Frontend Developer	\n**About BellaNaija Ltd.**\nCustomizable client-driven algorithm We are a leading firm in the Frontend Developer sector, committed to innovation and excellence. Our team is growing, and we are looking for a passionate and driven individual to join us.\n\n**Role Overview**\nWe are seeking a talented Frontend Developer to contribute to our dynamic team. The ideal candidate will be responsible for [Primary Responsibility 1, e.g., developing scalable web applications], [Primary Responsibility 2, e.g., collaborating with cross-functional teams], and [Primary Responsibility 3, e.g., maintaining code quality and best practices]. This role offers a unique opportunity to work on exciting projects and make a significant impact.\n\n**Key Responsibilities**\n- Brevis angulus voveo tyrannus pauci.\n- Aequitas coaegresco cum ascisco tandem desino.\n- Artificiose accusator subseco totus casus debilito desparatus arbor cotidie.\n- Statua subseco textus stultus quod.\n\n**Qualifications**\n- Bachelor's degree in Web Design & Development or a related field.\n- Proven experience with technologies like Project Management.\n- Strong problem-solving skills and attention to detail.\n- Excellent communication and teamwork abilities.\n    	INTERN	f	494	10313	93356	184031	\N	PUBLIC	OPEN	2025-10-07 11:54:25.798	2025-10-07 11:54:25.798	ENTRY
9e537688-fcd4-4957-a93c-0db281d8dfd9	8064d915-18ee-4bc3-85fd-750827efb108	React Developer	\n**About Dangote Group Partners**\nSustainable systematic application We are a leading firm in the Frontend Developer sector, committed to innovation and excellence. Our team is growing, and we are looking for a passionate and driven individual to join us.\n\n**Role Overview**\nWe are seeking a talented React Developer to contribute to our dynamic team. The ideal candidate will be responsible for [Primary Responsibility 1, e.g., developing scalable web applications], [Primary Responsibility 2, e.g., collaborating with cross-functional teams], and [Primary Responsibility 3, e.g., maintaining code quality and best practices]. This role offers a unique opportunity to work on exciting projects and make a significant impact.\n\n**Key Responsibilities**\n- Nihil audio solitudo.\n- Adiuvo depopulo cubo.\n- Stipes stipes civis adsidue incidunt.\n- Vos ustulo denique tredecim.\n\n**Qualifications**\n- Bachelor's degree in Web Design & Development or a related field.\n- Proven experience with technologies like UI/UX Design.\n- Strong problem-solving skills and attention to detail.\n- Excellent communication and teamwork abilities.\n    	PARTTIME	f	495	10322	226538	344810	\N	PUBLIC	OPEN	2025-10-07 11:54:25.802	2025-10-07 11:54:25.802	ENTRY
d8f95276-4809-4d63-a64e-25ea7ff24da7	60ad3547-d4e3-40eb-b6de-c4d006434e1c	Project Manager	\n**About EbonyLife TV Solutions**\nImplemented responsive algorithm We are a leading firm in the Project Manager sector, committed to innovation and excellence. Our team is growing, and we are looking for a passionate and driven individual to join us.\n\n**Role Overview**\nWe are seeking a talented Project Manager to contribute to our dynamic team. The ideal candidate will be responsible for [Primary Responsibility 1, e.g., developing scalable web applications], [Primary Responsibility 2, e.g., collaborating with cross-functional teams], and [Primary Responsibility 3, e.g., maintaining code quality and best practices]. This role offers a unique opportunity to work on exciting projects and make a significant impact.\n\n**Key Responsibilities**\n- Aetas ventosus acervus expedita audeo adeptio amissio.\n- Id ante synagoga blandior tondeo utilis vergo velut antea.\n- Adversus iste est bene.\n- Cauda vilicus cogito sumo caelestis vir velociter aperte.\n\n**Qualifications**\n- Bachelor's degree in Project Management or a related field.\n- Proven experience with technologies like Project Management.\n- Strong problem-solving skills and attention to detail.\n- Excellent communication and teamwork abilities.\n    	FULLTIME	t	\N	\N	102947	238657	\N	PUBLIC	OPEN	2025-10-07 11:54:25.806	2025-10-07 11:54:25.806	ENTRY
4eff156a-0f7e-4777-8e3d-68533ed074e2	0eb2d5b2-f614-45d0-8630-e6d4cbd6344d	SEO Analyst	\n**About Co-Creation Hub (CcHUB) Ltd.**\nSynchronised radical pricing structure We are a leading firm in the Digital Marketer sector, committed to innovation and excellence. Our team is growing, and we are looking for a passionate and driven individual to join us.\n\n**Role Overview**\nWe are seeking a talented SEO Analyst to contribute to our dynamic team. The ideal candidate will be responsible for [Primary Responsibility 1, e.g., developing scalable web applications], [Primary Responsibility 2, e.g., collaborating with cross-functional teams], and [Primary Responsibility 3, e.g., maintaining code quality and best practices]. This role offers a unique opportunity to work on exciting projects and make a significant impact.\n\n**Key Responsibilities**\n- Velociter videlicet terebro accedo debilito.\n- Necessitatibus colligo cimentarius vicissitudo iusto venio.\n- Somniculosus canto conventus adicio patruus traho adflicto pauper taceo.\n- Benigne vero amplexus eligendi.\n\n**Qualifications**\n- Bachelor's degree in Marketing or a related field.\n- Proven experience with technologies like Sales.\n- Strong problem-solving skills and attention to detail.\n- Excellent communication and teamwork abilities.\n    	CONTRACT	f	501	10471	164972	288702	\N	PUBLIC	OPEN	2025-10-07 11:54:25.81	2025-10-07 11:54:25.81	ENTRY
d50ebb17-b4e3-4269-b4f5-73f5e721f14e	9f92b9e8-6ed3-4834-a090-84374a00b042	HR Business Partner	\n**About Oando PLC Group**\nOptimized modular success We are a leading firm in the HR Specialist sector, committed to innovation and excellence. Our team is growing, and we are looking for a passionate and driven individual to join us.\n\n**Role Overview**\nWe are seeking a talented HR Business Partner to contribute to our dynamic team. The ideal candidate will be responsible for [Primary Responsibility 1, e.g., developing scalable web applications], [Primary Responsibility 2, e.g., collaborating with cross-functional teams], and [Primary Responsibility 3, e.g., maintaining code quality and best practices]. This role offers a unique opportunity to work on exciting projects and make a significant impact.\n\n**Key Responsibilities**\n- Vestrum cresco pax corona voluptate conculco.\n- Cogito attonbitus laboriosam.\n- Vos urbanus cura.\n- Bene perspiciatis deporto succurro arx.\n\n**Qualifications**\n- Bachelor's degree in Business Administration or a related field.\n- Proven experience with technologies like Human Resources.\n- Strong problem-solving skills and attention to detail.\n- Excellent communication and teamwork abilities.\n    	PARTTIME	f	515	10784	167292	363876	\N	PUBLIC	OPEN	2025-10-07 11:54:25.814	2025-10-07 11:54:25.814	ENTRY
4a967007-05a1-4abd-935b-25777ebf6b9a	0eb2d5b2-f614-45d0-8630-e6d4cbd6344d	HR Business Partner	\n**About Co-Creation Hub (CcHUB) Ltd.**\nProfound data-driven intranet We are a leading firm in the HR Specialist sector, committed to innovation and excellence. Our team is growing, and we are looking for a passionate and driven individual to join us.\n\n**Role Overview**\nWe are seeking a talented HR Business Partner to contribute to our dynamic team. The ideal candidate will be responsible for [Primary Responsibility 1, e.g., developing scalable web applications], [Primary Responsibility 2, e.g., collaborating with cross-functional teams], and [Primary Responsibility 3, e.g., maintaining code quality and best practices]. This role offers a unique opportunity to work on exciting projects and make a significant impact.\n\n**Key Responsibilities**\n- Ustilo aequitas thema supplanto recusandae possimus illum textus aliquam thalassinus.\n- Cauda dolor cauda aliqua sint carpo tepidus.\n- Quibusdam copia sollers adulatio cauda desipio cuius volva.\n- Supellex defendo ad demonstro defendo.\n\n**Qualifications**\n- Bachelor's degree in Industrial Relations or a related field.\n- Proven experience with technologies like Project Management.\n- Strong problem-solving skills and attention to detail.\n- Excellent communication and teamwork abilities.\n    	NYSC	f	505	10569	120091	316085	\N	PUBLIC	OPEN	2025-10-07 11:54:25.818	2025-10-07 11:54:25.818	ENTRY
51461c04-9e71-497b-a3b1-1aa5c97b2af8	8db87a0d-eb67-4c89-9917-246154727281	Content Marketing Manager	\n**About Chocolate City Group Group**\nProfound mission-critical success We are a leading firm in the Digital Marketer sector, committed to innovation and excellence. Our team is growing, and we are looking for a passionate and driven individual to join us.\n\n**Role Overview**\nWe are seeking a talented Content Marketing Manager to contribute to our dynamic team. The ideal candidate will be responsible for [Primary Responsibility 1, e.g., developing scalable web applications], [Primary Responsibility 2, e.g., collaborating with cross-functional teams], and [Primary Responsibility 3, e.g., maintaining code quality and best practices]. This role offers a unique opportunity to work on exciting projects and make a significant impact.\n\n**Key Responsibilities**\n- Deserunt aveho assumenda strues suasoria.\n- Corona subiungo contra.\n- Considero contra defessus quos viscus.\n- Temeritas beatae arma surgo subnecto spiculum.\n\n**Qualifications**\n- Bachelor's degree in Business Administration or a related field.\n- Proven experience with technologies like Sales.\n- Strong problem-solving skills and attention to detail.\n- Excellent communication and teamwork abilities.\n    	FULLTIME	f	502	10523	182254	305317	\N	PUBLIC	OPEN	2025-10-07 11:54:25.822	2025-10-07 11:54:25.822	ENTRY
1c9adc88-46a0-4042-9951-bc349a699e73	9f92b9e8-6ed3-4834-a090-84374a00b042	Scrum Master	\n**About Oando PLC Group**\nMonitored analyzing synergy We are a leading firm in the Project Manager sector, committed to innovation and excellence. Our team is growing, and we are looking for a passionate and driven individual to join us.\n\n**Role Overview**\nWe are seeking a talented Scrum Master to contribute to our dynamic team. The ideal candidate will be responsible for [Primary Responsibility 1, e.g., developing scalable web applications], [Primary Responsibility 2, e.g., collaborating with cross-functional teams], and [Primary Responsibility 3, e.g., maintaining code quality and best practices]. This role offers a unique opportunity to work on exciting projects and make a significant impact.\n\n**Key Responsibilities**\n- Thermae agnitio accusantium coma tremo.\n- Arcesso tactus amoveo ratione curtus curia asperiores angulus exercitationem.\n- Tamquam confido derideo patior stillicidium compono esse conventus verus tenetur.\n- Unus absum similique verbum.\n\n**Qualifications**\n- Bachelor's degree in Business Administration or a related field.\n- Proven experience with technologies like Project Management.\n- Strong problem-solving skills and attention to detail.\n- Excellent communication and teamwork abilities.\n    	NYSC	f	502	10521	113867	312862	\N	PUBLIC	OPEN	2025-10-07 11:54:25.826	2025-10-07 11:54:25.826	ENTRY
37965e48-124b-4eb5-97c4-4af1cbfd97b9	7b63f0d4-ae27-46f4-8e3b-cabb88daa3d8	Content Marketing Manager	\n**About OhGiveThanks**\nPublic-key intermediate interface We are a leading firm in the Digital Marketer sector, committed to innovation and excellence. Our team is growing, and we are looking for a passionate and driven individual to join us.\n\n**Role Overview**\nWe are seeking a talented Content Marketing Manager to contribute to our dynamic team. The ideal candidate will be responsible for [Primary Responsibility 1, e.g., developing scalable web applications], [Primary Responsibility 2, e.g., collaborating with cross-functional teams], and [Primary Responsibility 3, e.g., maintaining code quality and best practices]. This role offers a unique opportunity to work on exciting projects and make a significant impact.\n\n**Key Responsibilities**\n- Arcesso summa terga abscido dapifer clibanus.\n- Solium sint tenetur autus trado.\n- Depopulo caries deputo.\n- Voluptate damnatio rem aestus.\n\n**Qualifications**\n- Bachelor's degree in Economics or a related field.\n- Proven experience with technologies like Sales.\n- Strong problem-solving skills and attention to detail.\n- Excellent communication and teamwork abilities.\n    	FULLTIME	f	492	10277	136490	290029	\N	PUBLIC	OPEN	2025-10-07 11:54:25.83	2025-10-07 11:54:25.83	ENTRY
4cc78892-e113-46d8-a285-dc8983f7afc4	8ecbc6ea-0bf6-4f71-b077-aab938e3870b	SEO Analyst	\n**About BellaNaija Ltd.**\nManaged secondary challenge We are a leading firm in the Digital Marketer sector, committed to innovation and excellence. Our team is growing, and we are looking for a passionate and driven individual to join us.\n\n**Role Overview**\nWe are seeking a talented SEO Analyst to contribute to our dynamic team. The ideal candidate will be responsible for [Primary Responsibility 1, e.g., developing scalable web applications], [Primary Responsibility 2, e.g., collaborating with cross-functional teams], and [Primary Responsibility 3, e.g., maintaining code quality and best practices]. This role offers a unique opportunity to work on exciting projects and make a significant impact.\n\n**Key Responsibilities**\n- Studio terminatio depulso ustilo aranea.\n- Confero socius bardus brevis.\n- Amor reprehenderit defaeco averto veritas.\n- Absens una caritas torqueo vorax coma volo esse curto.\n\n**Qualifications**\n- Bachelor's degree in Economics or a related field.\n- Proven experience with technologies like Digital Marketing.\n- Strong problem-solving skills and attention to detail.\n- Excellent communication and teamwork abilities.\n    	NYSC	t	\N	\N	145838	211832	\N	PUBLIC	OPEN	2025-10-07 11:54:25.834	2025-10-07 11:54:25.834	ENTRY
68860d3f-e700-445f-ab5a-9cdc7f240de4	a3a9ac0b-177c-4c9b-84d1-048e49cfbffb	Content Marketing Manager	\n**About Jobberman Ltd.**\nErgonomic bifurcated strategy We are a leading firm in the Digital Marketer sector, committed to innovation and excellence. Our team is growing, and we are looking for a passionate and driven individual to join us.\n\n**Role Overview**\nWe are seeking a talented Content Marketing Manager to contribute to our dynamic team. The ideal candidate will be responsible for [Primary Responsibility 1, e.g., developing scalable web applications], [Primary Responsibility 2, e.g., collaborating with cross-functional teams], and [Primary Responsibility 3, e.g., maintaining code quality and best practices]. This role offers a unique opportunity to work on exciting projects and make a significant impact.\n\n**Key Responsibilities**\n- Quam voluntarius abduco sto molestiae aliquam cicuta amplus desipio.\n- Tremo inventore circumvenio soleo totam spes sustineo accommodo coniecto.\n- Turbo ago congregatio aedificium eaque animi ipsam aeternus cunabula.\n- Cursim vos charisma benigne.\n\n**Qualifications**\n- Bachelor's degree in Mass Communication or a related field.\n- Proven experience with technologies like Project Management.\n- Strong problem-solving skills and attention to detail.\n- Excellent communication and teamwork abilities.\n    	INTERN	f	497	10353	209890	323047	\N	PUBLIC	OPEN	2025-10-07 11:54:25.837	2025-10-07 11:54:25.837	ENTRY
4ef36e2c-0d34-436d-8d08-3d777cdc0775	5655859c-a099-4394-9d77-a71a37e71917	React Developer	\n**About Farmcrowdy Ltd.**\nEnhanced coherent project We are a leading firm in the Frontend Developer sector, committed to innovation and excellence. Our team is growing, and we are looking for a passionate and driven individual to join us.\n\n**Role Overview**\nWe are seeking a talented React Developer to contribute to our dynamic team. The ideal candidate will be responsible for [Primary Responsibility 1, e.g., developing scalable web applications], [Primary Responsibility 2, e.g., collaborating with cross-functional teams], and [Primary Responsibility 3, e.g., maintaining code quality and best practices]. This role offers a unique opportunity to work on exciting projects and make a significant impact.\n\n**Key Responsibilities**\n- Vaco blandior volubilis necessitatibus supellex corpus vix comprehendo succurro animus.\n- Arcesso contabesco curo.\n- Angulus colo distinctio vicissitudo.\n- Saepe dolor cito voluntarius absque traho tristis beatae.\n\n**Qualifications**\n- Bachelor's degree in Information Technology or a related field.\n- Proven experience with technologies like Frontend Development.\n- Strong problem-solving skills and attention to detail.\n- Excellent communication and teamwork abilities.\n    	FULLTIME	f	506	10588	173051	296706	\N	PUBLIC	OPEN	2025-10-07 11:54:25.841	2025-10-07 11:54:25.841	ENTRY
57a057fa-46ea-4b8f-9277-d0f31e1af640	754e9d60-2cca-432c-9e89-33b99f71579d	Frontend Developer	\n**About Sahara Group Partners**\nProfound hybrid moratorium We are a leading firm in the Frontend Developer sector, committed to innovation and excellence. Our team is growing, and we are looking for a passionate and driven individual to join us.\n\n**Role Overview**\nWe are seeking a talented Frontend Developer to contribute to our dynamic team. The ideal candidate will be responsible for [Primary Responsibility 1, e.g., developing scalable web applications], [Primary Responsibility 2, e.g., collaborating with cross-functional teams], and [Primary Responsibility 3, e.g., maintaining code quality and best practices]. This role offers a unique opportunity to work on exciting projects and make a significant impact.\n\n**Key Responsibilities**\n- Vilitas adflicto amet conitor arbustum impedit ante.\n- Verus repellendus cumque eum cinis nulla.\n- Soleo adsidue teneo.\n- Correptius cariosus tantillus distinctio quis tepidus valetudo caritas bestia.\n\n**Qualifications**\n- Bachelor's degree in Computer Science or a related field.\n- Proven experience with technologies like Software Development.\n- Strong problem-solving skills and attention to detail.\n- Excellent communication and teamwork abilities.\n    	CONTRACT	t	\N	\N	202496	390052	\N	PUBLIC	OPEN	2025-10-07 11:54:25.845	2025-10-07 11:54:25.845	ENTRY
672db0ba-7f0a-4fd1-ab26-dfbdb926d255	c7debf37-e7d5-4c16-9e57-be69da99f4e1	IT Project Coordinator	\n**About Reliance HMO Ltd.**\nConfigurable full-range paradigm We are a leading firm in the Project Manager sector, committed to innovation and excellence. Our team is growing, and we are looking for a passionate and driven individual to join us.\n\n**Role Overview**\nWe are seeking a talented IT Project Coordinator to contribute to our dynamic team. The ideal candidate will be responsible for [Primary Responsibility 1, e.g., developing scalable web applications], [Primary Responsibility 2, e.g., collaborating with cross-functional teams], and [Primary Responsibility 3, e.g., maintaining code quality and best practices]. This role offers a unique opportunity to work on exciting projects and make a significant impact.\n\n**Key Responsibilities**\n- Advoco amaritudo speculum victoria utrum solvo ancilla civitas videlicet textilis.\n- Sursum cornu degusto voveo alii.\n- Coepi coaegresco civitas verto tremo.\n- Aspicio assentator asperiores tam timor.\n\n**Qualifications**\n- Bachelor's degree in Project Management or a related field.\n- Proven experience with technologies like Team Management.\n- Strong problem-solving skills and attention to detail.\n- Excellent communication and teamwork abilities.\n    	NYSC	t	\N	\N	192472	287955	\N	PUBLIC	OPEN	2025-10-07 11:54:25.849	2025-10-07 11:54:25.849	ENTRY
12b4e02f-851e-48b0-bfba-b747ec4da446	e10f3df1-95d6-428d-96f7-6156a218cdf6	Scrum Master	\n**About Jumia Careers Ltd.**\nFocused tertiary installation We are a leading firm in the Project Manager sector, committed to innovation and excellence. Our team is growing, and we are looking for a passionate and driven individual to join us.\n\n**Role Overview**\nWe are seeking a talented Scrum Master to contribute to our dynamic team. The ideal candidate will be responsible for [Primary Responsibility 1, e.g., developing scalable web applications], [Primary Responsibility 2, e.g., collaborating with cross-functional teams], and [Primary Responsibility 3, e.g., maintaining code quality and best practices]. This role offers a unique opportunity to work on exciting projects and make a significant impact.\n\n**Key Responsibilities**\n- Cubitum sordeo chirographum defungo quos benevolentia natus crebro delinquo.\n- Denique admoneo corrumpo omnis amplus confido cura ea contigo valetudo.\n- Collum tot conor deorsum.\n- Currus cito videlicet adsuesco cibo suffragium laborum demergo doloribus tero.\n\n**Qualifications**\n- Bachelor's degree in Engineering or a related field.\n- Proven experience with technologies like Business Analysis.\n- Strong problem-solving skills and attention to detail.\n- Excellent communication and teamwork abilities.\n    	CONTRACT	f	513	10757	144278	304250	\N	PUBLIC	OPEN	2025-10-07 11:54:25.853	2025-10-07 11:54:25.853	ENTRY
35307e7c-c981-4b39-8384-645aadd164db	0eb2d5b2-f614-45d0-8630-e6d4cbd6344d	UI Engineer	\n**About Co-Creation Hub (CcHUB) Ltd.**\nAutomated executive ability We are a leading firm in the Frontend Developer sector, committed to innovation and excellence. Our team is growing, and we are looking for a passionate and driven individual to join us.\n\n**Role Overview**\nWe are seeking a talented UI Engineer to contribute to our dynamic team. The ideal candidate will be responsible for [Primary Responsibility 1, e.g., developing scalable web applications], [Primary Responsibility 2, e.g., collaborating with cross-functional teams], and [Primary Responsibility 3, e.g., maintaining code quality and best practices]. This role offers a unique opportunity to work on exciting projects and make a significant impact.\n\n**Key Responsibilities**\n- Cruciamentum ustulo aggredior explicabo quaerat villa amitto tametsi.\n- Aspicio alveus terra vinitor calculus.\n- Vel decumbo ea coadunatio thesaurus strues depulso tumultus decretum beatus.\n- Aequus barba supellex attero voro aggredior textus.\n\n**Qualifications**\n- Bachelor's degree in Computer Science or a related field.\n- Proven experience with technologies like Software Development.\n- Strong problem-solving skills and attention to detail.\n- Excellent communication and teamwork abilities.\n    	PARTTIME	t	\N	\N	235831	384529	\N	PUBLIC	OPEN	2025-10-07 11:54:25.857	2025-10-07 11:54:25.857	ENTRY
f841b55e-c2ad-4208-9d6f-8446f4df920e	6475116f-2a9d-452c-870b-34df8c02722a	SEO Analyst	\n**About Dangote Foods Solutions**\nAI-driven actuating circuit We are a leading firm in the Digital Marketer sector, committed to innovation and excellence. Our team is growing, and we are looking for a passionate and driven individual to join us.\n\n**Role Overview**\nWe are seeking a talented SEO Analyst to contribute to our dynamic team. The ideal candidate will be responsible for [Primary Responsibility 1, e.g., developing scalable web applications], [Primary Responsibility 2, e.g., collaborating with cross-functional teams], and [Primary Responsibility 3, e.g., maintaining code quality and best practices]. This role offers a unique opportunity to work on exciting projects and make a significant impact.\n\n**Key Responsibilities**\n- Cunabula sequi despecto.\n- Dolor viduo demitto verto adhuc comes templum deleniti.\n- Advoco laborum conduco studio viridis.\n- Apto voluptatum cubo cumque argentum curatio.\n\n**Qualifications**\n- Bachelor's degree in Mass Communication or a related field.\n- Proven experience with technologies like Sales.\n- Strong problem-solving skills and attention to detail.\n- Excellent communication and teamwork abilities.\n    	INTERN	f	508	10626	106517	291103	\N	PUBLIC	OPEN	2025-10-07 11:54:25.861	2025-10-07 11:54:25.861	ENTRY
069811d3-7d8f-4dbd-a1e8-4243eda4de68	754e9d60-2cca-432c-9e89-33b99f71579d	Product Manager	\n**About Sahara Group Partners**\nReactive real-time toolset We are a leading firm in the Project Manager sector, committed to innovation and excellence. Our team is growing, and we are looking for a passionate and driven individual to join us.\n\n**Role Overview**\nWe are seeking a talented Product Manager to contribute to our dynamic team. The ideal candidate will be responsible for [Primary Responsibility 1, e.g., developing scalable web applications], [Primary Responsibility 2, e.g., collaborating with cross-functional teams], and [Primary Responsibility 3, e.g., maintaining code quality and best practices]. This role offers a unique opportunity to work on exciting projects and make a significant impact.\n\n**Key Responsibilities**\n- Civitas uter acidus ambulo.\n- Qui voco tero vulticulus vindico comprehendo dolorem trepide.\n- Ad stipes spiritus quod vulnero asperiores vivo suffoco causa tamisium.\n- Adopto ago quod vita.\n\n**Qualifications**\n- Bachelor's degree in Business Administration or a related field.\n- Proven experience with technologies like Team Management.\n- Strong problem-solving skills and attention to detail.\n- Excellent communication and teamwork abilities.\n    	CONTRACT	f	506	10588	197918	290681	\N	PUBLIC	OPEN	2025-10-07 11:54:25.864	2025-10-07 11:54:25.864	ENTRY
878b99cc-ad6c-43eb-a95e-88f6bec79a88	a3a9ac0b-177c-4c9b-84d1-048e49cfbffb	Full Stack Engineer	\n**About Jobberman Ltd.**\nCross-platform 24/7 adapter We are a leading firm in the Software Developer sector, committed to innovation and excellence. Our team is growing, and we are looking for a passionate and driven individual to join us.\n\n**Role Overview**\nWe are seeking a talented Full Stack Engineer to contribute to our dynamic team. The ideal candidate will be responsible for [Primary Responsibility 1, e.g., developing scalable web applications], [Primary Responsibility 2, e.g., collaborating with cross-functional teams], and [Primary Responsibility 3, e.g., maintaining code quality and best practices]. This role offers a unique opportunity to work on exciting projects and make a significant impact.\n\n**Key Responsibilities**\n- Arcesso animi aurum.\n- Vir cena neque vinum curvo pauper quas mollitia voveo ancilla.\n- Admitto illo thema voluntarius sperno minus.\n- Demergo usitas curso caelestis contra mollitia autus administratio delectatio clamo.\n\n**Qualifications**\n- Bachelor's degree in Software Engineering or a related field.\n- Proven experience with technologies like Data Analysis.\n- Strong problem-solving skills and attention to detail.\n- Excellent communication and teamwork abilities.\n    	CONTRACT	t	\N	\N	113455	230762	\N	PUBLIC	OPEN	2025-10-07 11:54:25.868	2025-10-07 11:54:25.868	ENTRY
64abcee6-8a96-4675-96c2-bacde3b50036	6475116f-2a9d-452c-870b-34df8c02722a	Financial Analyst	\n**About Dangote Foods Solutions**\nImplemented zero defect intranet We are a leading firm in the Accountant sector, committed to innovation and excellence. Our team is growing, and we are looking for a passionate and driven individual to join us.\n\n**Role Overview**\nWe are seeking a talented Financial Analyst to contribute to our dynamic team. The ideal candidate will be responsible for [Primary Responsibility 1, e.g., developing scalable web applications], [Primary Responsibility 2, e.g., collaborating with cross-functional teams], and [Primary Responsibility 3, e.g., maintaining code quality and best practices]. This role offers a unique opportunity to work on exciting projects and make a significant impact.\n\n**Key Responsibilities**\n- Defleo carpo compello.\n- Subvenio depono tenuis eaque quo subito solus repellendus desidero.\n- Ulciscor adsidue denique conicio optio accendo tredecim tergiversatio.\n- Aggredior curia ceno velum vehemens crur assumenda viduo eaque concedo.\n\n**Qualifications**\n- Bachelor's degree in Economics or a related field.\n- Proven experience with technologies like Data Analysis.\n- Strong problem-solving skills and attention to detail.\n- Excellent communication and teamwork abilities.\n    	FULLTIME	f	513	10750	171337	232915	\N	PUBLIC	OPEN	2025-10-07 11:54:25.872	2025-10-07 11:54:25.872	ENTRY
1a9802a4-8076-482e-9036-346ff006b151	b3024254-35f5-40d2-b396-a770d5a979a0	Data Analyst	\n**About Chocolate City Group Partners**\nSustainable tangible product We are a leading firm in the Data Analyst sector, committed to innovation and excellence. Our team is growing, and we are looking for a passionate and driven individual to join us.\n\n**Role Overview**\nWe are seeking a talented Data Analyst to contribute to our dynamic team. The ideal candidate will be responsible for [Primary Responsibility 1, e.g., developing scalable web applications], [Primary Responsibility 2, e.g., collaborating with cross-functional teams], and [Primary Responsibility 3, e.g., maintaining code quality and best practices]. This role offers a unique opportunity to work on exciting projects and make a significant impact.\n\n**Key Responsibilities**\n- Combibo aggredior vulgus benigne.\n- Corrumpo utrum allatus teneo commodi.\n- Auctus laboriosam cunabula vomica acquiro coniuratio.\n- Aqua clamo tamisium quaerat temeritas incidunt.\n\n**Qualifications**\n- Bachelor's degree in Statistics or a related field.\n- Proven experience with technologies like Business Analysis.\n- Strong problem-solving skills and attention to detail.\n- Excellent communication and teamwork abilities.\n    	INTERN	t	\N	\N	123819	194737	\N	PUBLIC	OPEN	2025-10-07 11:54:25.876	2025-10-07 11:54:25.876	ENTRY
a127ac41-8fc7-45cc-8c72-6ddc94bf7bce	e0ffe090-2383-4262-bb81-f1e02ca09237	Quantitative Analyst	\n**About Kobo360 Partners**\nDistributed fault-tolerant challenge We are a leading firm in the Data Analyst sector, committed to innovation and excellence. Our team is growing, and we are looking for a passionate and driven individual to join us.\n\n**Role Overview**\nWe are seeking a talented Quantitative Analyst to contribute to our dynamic team. The ideal candidate will be responsible for [Primary Responsibility 1, e.g., developing scalable web applications], [Primary Responsibility 2, e.g., collaborating with cross-functional teams], and [Primary Responsibility 3, e.g., maintaining code quality and best practices]. This role offers a unique opportunity to work on exciting projects and make a significant impact.\n\n**Key Responsibilities**\n- Neque crinis testimonium patria carpo.\n- Tabella terminatio aspernatur totus vado amplexus spiritus.\n- Avarus comburo iste astrum vicinus.\n- Celo curso carcer.\n\n**Qualifications**\n- Bachelor's degree in Statistics or a related field.\n- Proven experience with technologies like Software Development.\n- Strong problem-solving skills and attention to detail.\n- Excellent communication and teamwork abilities.\n    	FULLTIME	f	484	10123	151737	258516	\N	PUBLIC	OPEN	2025-10-07 11:54:25.88	2025-10-07 11:54:25.88	ENTRY
722c833f-0b73-4807-a801-8418ce794c6e	706b81a0-acb5-487d-8f9f-ae1509af8868	Accountant	\n**About Chevron Nigeria Partners**\nPolarised asynchronous matrix We are a leading firm in the Accountant sector, committed to innovation and excellence. Our team is growing, and we are looking for a passionate and driven individual to join us.\n\n**Role Overview**\nWe are seeking a talented Accountant to contribute to our dynamic team. The ideal candidate will be responsible for [Primary Responsibility 1, e.g., developing scalable web applications], [Primary Responsibility 2, e.g., collaborating with cross-functional teams], and [Primary Responsibility 3, e.g., maintaining code quality and best practices]. This role offers a unique opportunity to work on exciting projects and make a significant impact.\n\n**Key Responsibilities**\n- Deinde sursum patrocinor vir dedecor alii.\n- Deprecator sequi conspergo vehemens abutor ipsam.\n- Vix balbus vinum ambitus attonbitus vomica impedit cupiditas aut artificiose.\n- Varius quae carmen utpote validus vulariter demens.\n\n**Qualifications**\n- Bachelor's degree in Accounting or a related field.\n- Proven experience with technologies like Data Analysis.\n- Strong problem-solving skills and attention to detail.\n- Excellent communication and teamwork abilities.\n    	PARTTIME	f	497	10350	142071	193888	\N	PUBLIC	OPEN	2025-10-07 11:54:25.884	2025-10-07 11:54:25.884	ENTRY
4de629f8-e8df-4d23-8cfe-162fcfe17a52	a3a9ac0b-177c-4c9b-84d1-048e49cfbffb	Scrum Master	\n**About Jobberman Ltd.**\nHorizontal intangible database We are a leading firm in the Project Manager sector, committed to innovation and excellence. Our team is growing, and we are looking for a passionate and driven individual to join us.\n\n**Role Overview**\nWe are seeking a talented Scrum Master to contribute to our dynamic team. The ideal candidate will be responsible for [Primary Responsibility 1, e.g., developing scalable web applications], [Primary Responsibility 2, e.g., collaborating with cross-functional teams], and [Primary Responsibility 3, e.g., maintaining code quality and best practices]. This role offers a unique opportunity to work on exciting projects and make a significant impact.\n\n**Key Responsibilities**\n- Accusantium valde benevolentia curatio quis curis cras.\n- Utrimque umerus ducimus exercitationem certe sufficio calculus.\n- Quae universe ratione strues aeger vulnus sed ipsa suadeo eaque.\n- Deputo vel vir territo conduco.\n\n**Qualifications**\n- Bachelor's degree in Information Technology or a related field.\n- Proven experience with technologies like Business Analysis.\n- Strong problem-solving skills and attention to detail.\n- Excellent communication and teamwork abilities.\n    	NYSC	f	515	10793	198123	293466	\N	PUBLIC	OPEN	2025-10-07 11:54:25.888	2025-10-07 11:54:25.888	ENTRY
21445119-42f5-48e8-ade7-088f7133c39e	864f8359-5226-4de1-8001-912ad36eae91	Accountant	\n**About KPMG Nigeria Solutions**\nMulti-tiered intermediate customer loyalty We are a leading firm in the Accountant sector, committed to innovation and excellence. Our team is growing, and we are looking for a passionate and driven individual to join us.\n\n**Role Overview**\nWe are seeking a talented Accountant to contribute to our dynamic team. The ideal candidate will be responsible for [Primary Responsibility 1, e.g., developing scalable web applications], [Primary Responsibility 2, e.g., collaborating with cross-functional teams], and [Primary Responsibility 3, e.g., maintaining code quality and best practices]. This role offers a unique opportunity to work on exciting projects and make a significant impact.\n\n**Key Responsibilities**\n- Ulterius suscipio crux delectatio cenaculum benevolentia volutabrum defungo thorax admoneo.\n- Urbs baiulus nam saepe eum vinco sopor.\n- Carpo tergiversatio ipsa antepono victoria civis derelinquo.\n- Adficio campana valetudo antiquus triumphus tristis spes amiculum textilis cogo.\n\n**Qualifications**\n- Bachelor's degree in Finance or a related field.\n- Proven experience with technologies like Accounting.\n- Strong problem-solving skills and attention to detail.\n- Excellent communication and teamwork abilities.\n    	FULLTIME	f	511	10702	146618	198941	\N	PUBLIC	OPEN	2025-10-07 11:54:25.892	2025-10-07 11:54:25.892	ENTRY
7f457a80-d4a7-4ec3-ad6c-353e90b8755d	5655859c-a099-4394-9d77-a71a37e71917	Human Resources Generalist	\n**About Farmcrowdy Ltd.**\nProgrammable value-added system engine We are a leading firm in the HR Specialist sector, committed to innovation and excellence. Our team is growing, and we are looking for a passionate and driven individual to join us.\n\n**Role Overview**\nWe are seeking a talented Human Resources Generalist to contribute to our dynamic team. The ideal candidate will be responsible for [Primary Responsibility 1, e.g., developing scalable web applications], [Primary Responsibility 2, e.g., collaborating with cross-functional teams], and [Primary Responsibility 3, e.g., maintaining code quality and best practices]. This role offers a unique opportunity to work on exciting projects and make a significant impact.\n\n**Key Responsibilities**\n- Cibus sol usque pauci conforto deripio assumenda.\n- Ater tribuo annus crux dedico animi patior.\n- Explicabo cogito cubo conscendo cupio quas ducimus tutis venio.\n- Bis deleniti aspicio communis minima annus cerno vinco venustas omnis.\n\n**Qualifications**\n- Bachelor's degree in Psychology or a related field.\n- Proven experience with technologies like Project Management.\n- Strong problem-solving skills and attention to detail.\n- Excellent communication and teamwork abilities.\n    	FULLTIME	f	508	10630	192247	360147	\N	PUBLIC	OPEN	2025-10-07 11:54:25.896	2025-10-07 11:54:25.896	ENTRY
caf1e27e-3b23-405d-b3bb-4c1f8d2a704d	8064d915-18ee-4bc3-85fd-750827efb108	Social Media Manager	\n**About Dangote Group Partners**\nVisionary motivating installation We are a leading firm in the Digital Marketer sector, committed to innovation and excellence. Our team is growing, and we are looking for a passionate and driven individual to join us.\n\n**Role Overview**\nWe are seeking a talented Social Media Manager to contribute to our dynamic team. The ideal candidate will be responsible for [Primary Responsibility 1, e.g., developing scalable web applications], [Primary Responsibility 2, e.g., collaborating with cross-functional teams], and [Primary Responsibility 3, e.g., maintaining code quality and best practices]. This role offers a unique opportunity to work on exciting projects and make a significant impact.\n\n**Key Responsibilities**\n- Quo colo cogito suppono velut deinde defleo.\n- Adaugeo amitto bene.\n- Concido degenero comprehendo conduco cena vespillo degenero deinde balbus aureus.\n- Sollers comedo claustrum.\n\n**Qualifications**\n- Bachelor's degree in Business Administration or a related field.\n- Proven experience with technologies like Project Management.\n- Strong problem-solving skills and attention to detail.\n- Excellent communication and teamwork abilities.\n    	INTERN	t	\N	\N	218364	395896	\N	PUBLIC	OPEN	2025-10-07 11:54:25.9	2025-10-07 11:54:25.9	ENTRY
71da2230-1504-423c-bbb5-3cb975d8a4c4	b5e3fec0-fc07-4cc9-a33f-344b6deae79e	Financial Analyst	\n**About Dragnet Solutions Group**\nImplemented needs-based initiative We are a leading firm in the Accountant sector, committed to innovation and excellence. Our team is growing, and we are looking for a passionate and driven individual to join us.\n\n**Role Overview**\nWe are seeking a talented Financial Analyst to contribute to our dynamic team. The ideal candidate will be responsible for [Primary Responsibility 1, e.g., developing scalable web applications], [Primary Responsibility 2, e.g., collaborating with cross-functional teams], and [Primary Responsibility 3, e.g., maintaining code quality and best practices]. This role offers a unique opportunity to work on exciting projects and make a significant impact.\n\n**Key Responsibilities**\n- Verto hic libero demum velum auxilium tribuo.\n- Corroboro aspernatur tabernus suggero videlicet testimonium titulus spes amissio vito.\n- Amicitia ascisco patruus tredecim brevis pecus.\n- Avarus ab cruentus bellum.\n\n**Qualifications**\n- Bachelor's degree in Banking and Finance or a related field.\n- Proven experience with technologies like Financial Analysis.\n- Strong problem-solving skills and attention to detail.\n- Excellent communication and teamwork abilities.\n    	PARTTIME	f	497	10355	247664	397151	\N	PUBLIC	OPEN	2025-10-07 11:54:25.904	2025-10-07 11:54:25.904	ENTRY
73b228d0-6318-4186-8205-2f981e700083	c7d1e41e-d0cf-45f5-8964-0ca709ceb248	UI Engineer	\n**About Lafarge Africa Group**\nCentralized value-added database We are a leading firm in the Frontend Developer sector, committed to innovation and excellence. Our team is growing, and we are looking for a passionate and driven individual to join us.\n\n**Role Overview**\nWe are seeking a talented UI Engineer to contribute to our dynamic team. The ideal candidate will be responsible for [Primary Responsibility 1, e.g., developing scalable web applications], [Primary Responsibility 2, e.g., collaborating with cross-functional teams], and [Primary Responsibility 3, e.g., maintaining code quality and best practices]. This role offers a unique opportunity to work on exciting projects and make a significant impact.\n\n**Key Responsibilities**\n- Ducimus summopere abeo.\n- Angulus vigilo tactus arcus creta curia suppellex delinquo.\n- Astrum alias thymbra tubineus.\n- Tego pecus antea charisma laudantium.\n\n**Qualifications**\n- Bachelor's degree in Web Design & Development or a related field.\n- Proven experience with technologies like Frontend Development.\n- Strong problem-solving skills and attention to detail.\n- Excellent communication and teamwork abilities.\n    	FULLTIME	t	\N	\N	218386	352211	\N	PUBLIC	OPEN	2025-10-07 11:54:25.911	2025-10-07 11:54:25.911	ENTRY
0f649b1f-9e80-42e2-ab97-7a9e1840271b	9f92b9e8-6ed3-4834-a090-84374a00b042	Content Marketing Manager	\n**About Oando PLC Group**\nFuture-proofed local analyzer We are a leading firm in the Digital Marketer sector, committed to innovation and excellence. Our team is growing, and we are looking for a passionate and driven individual to join us.\n\n**Role Overview**\nWe are seeking a talented Content Marketing Manager to contribute to our dynamic team. The ideal candidate will be responsible for [Primary Responsibility 1, e.g., developing scalable web applications], [Primary Responsibility 2, e.g., collaborating with cross-functional teams], and [Primary Responsibility 3, e.g., maintaining code quality and best practices]. This role offers a unique opportunity to work on exciting projects and make a significant impact.\n\n**Key Responsibilities**\n- Ventus tutamen tersus.\n- Coruscus canto aequitas attollo.\n- Deorsum statua cur virgo virgo correptius coepi commodo votum.\n- Vilicus capto tremo utor aliqua quam mollitia suadeo.\n\n**Qualifications**\n- Bachelor's degree in Mass Communication or a related field.\n- Proven experience with technologies like Sales.\n- Strong problem-solving skills and attention to detail.\n- Excellent communication and teamwork abilities.\n    	INTERN	t	\N	\N	122641	176481	\N	PUBLIC	OPEN	2025-10-07 11:54:25.915	2025-10-07 11:54:25.915	ENTRY
ecc4d31a-c7fb-4d04-8489-5b52f5acf443	706b81a0-acb5-487d-8f9f-ae1509af8868	Software Engineer	\n**About Chevron Nigeria Partners**\nReverse-engineered secondary toolset We are a leading firm in the Software Developer sector, committed to innovation and excellence. Our team is growing, and we are looking for a passionate and driven individual to join us.\n\n**Role Overview**\nWe are seeking a talented Software Engineer to contribute to our dynamic team. The ideal candidate will be responsible for [Primary Responsibility 1, e.g., developing scalable web applications], [Primary Responsibility 2, e.g., collaborating with cross-functional teams], and [Primary Responsibility 3, e.g., maintaining code quality and best practices]. This role offers a unique opportunity to work on exciting projects and make a significant impact.\n\n**Key Responsibilities**\n- Fugiat sui aperiam.\n- Fugit repellat stella crastinus ter peior doloremque venia clibanus statua.\n- Campana porro confero compello cui capto culpa.\n- Voluptas canis tero stips baiulus stipes demergo cubicularis.\n\n**Qualifications**\n- Bachelor's degree in Computer Science or a related field.\n- Proven experience with technologies like Data Analysis.\n- Strong problem-solving skills and attention to detail.\n- Excellent communication and teamwork abilities.\n    	NYSC	f	508	10620	90690	148218	\N	PUBLIC	OPEN	2025-10-07 11:54:25.919	2025-10-07 11:54:25.919	ENTRY
fdf9b204-ab5b-4bba-b381-82dd5deea76d	e10f3df1-95d6-428d-96f7-6156a218cdf6	Scrum Master	\n**About Jumia Careers Ltd.**\nGrass-roots responsive artificial intelligence We are a leading firm in the Project Manager sector, committed to innovation and excellence. Our team is growing, and we are looking for a passionate and driven individual to join us.\n\n**Role Overview**\nWe are seeking a talented Scrum Master to contribute to our dynamic team. The ideal candidate will be responsible for [Primary Responsibility 1, e.g., developing scalable web applications], [Primary Responsibility 2, e.g., collaborating with cross-functional teams], and [Primary Responsibility 3, e.g., maintaining code quality and best practices]. This role offers a unique opportunity to work on exciting projects and make a significant impact.\n\n**Key Responsibilities**\n- Amoveo apparatus aqua pariatur rerum eum.\n- Acceptus cribro articulus ubi saepe utor.\n- Viridis crustulum tergiversatio derelinquo vado ait curatio cornu.\n- Argumentum labore tutis subnecto bene crapula.\n\n**Qualifications**\n- Bachelor's degree in Business Administration or a related field.\n- Proven experience with technologies like Customer Service.\n- Strong problem-solving skills and attention to detail.\n- Excellent communication and teamwork abilities.\n    	FULLTIME	t	\N	\N	172653	352642	\N	PUBLIC	OPEN	2025-10-07 11:54:25.923	2025-10-07 11:54:25.923	ENTRY
568b5458-5ee4-4409-95b0-9e862d8e0a3e	f7472be1-137d-42c4-b74a-9217988bd932	Human Resources Generalist	\n**About AdinKems Inc.**\nDigitized hybrid adapter We are a leading firm in the HR Specialist sector, committed to innovation and excellence. Our team is growing, and we are looking for a passionate and driven individual to join us.\n\n**Role Overview**\nWe are seeking a talented Human Resources Generalist to contribute to our dynamic team. The ideal candidate will be responsible for [Primary Responsibility 1, e.g., developing scalable web applications], [Primary Responsibility 2, e.g., collaborating with cross-functional teams], and [Primary Responsibility 3, e.g., maintaining code quality and best practices]. This role offers a unique opportunity to work on exciting projects and make a significant impact.\n\n**Key Responsibilities**\n- Provident alius cunctatio audacia alienus sophismata atavus aufero.\n- Crebro explicabo contra alius a caries bibo carbo apparatus impedit.\n- Deleniti quasi solvo.\n- Vergo adfectus accusamus nulla.\n\n**Qualifications**\n- Bachelor's degree in Psychology or a related field.\n- Proven experience with technologies like Recruitment.\n- Strong problem-solving skills and attention to detail.\n- Excellent communication and teamwork abilities.\n    	CONTRACT	f	494	10314	149407	342937	\N	PUBLIC	OPEN	2025-10-07 11:54:25.927	2025-10-07 11:54:25.927	ENTRY
b3ae50fc-ea0c-48b0-806c-9d769df8f863	9f92b9e8-6ed3-4834-a090-84374a00b042	Software Engineer	\n**About Oando PLC Group**\nGrass-roots clear-thinking algorithm We are a leading firm in the Software Developer sector, committed to innovation and excellence. Our team is growing, and we are looking for a passionate and driven individual to join us.\n\n**Role Overview**\nWe are seeking a talented Software Engineer to contribute to our dynamic team. The ideal candidate will be responsible for [Primary Responsibility 1, e.g., developing scalable web applications], [Primary Responsibility 2, e.g., collaborating with cross-functional teams], and [Primary Responsibility 3, e.g., maintaining code quality and best practices]. This role offers a unique opportunity to work on exciting projects and make a significant impact.\n\n**Key Responsibilities**\n- Tergo eius argumentum.\n- Bibo ater tener adulatio avaritia curvo paulatim aliquid sumptus corrumpo.\n- Auxilium cupiditate curo ars.\n- Aeneus sint torrens temptatio arbor audacia.\n\n**Qualifications**\n- Bachelor's degree in Information Technology or a related field.\n- Proven experience with technologies like Data Analysis.\n- Strong problem-solving skills and attention to detail.\n- Excellent communication and teamwork abilities.\n    	FULLTIME	f	495	10323	167830	237530	\N	PUBLIC	OPEN	2025-10-07 11:54:25.931	2025-10-07 11:54:25.931	ENTRY
ce3aba5b-66b5-4083-9855-b2bc1191f077	754e9d60-2cca-432c-9e89-33b99f71579d	Frontend Developer	\n**About Sahara Group Partners**\nStreamlined full-range standardization We are a leading firm in the Frontend Developer sector, committed to innovation and excellence. Our team is growing, and we are looking for a passionate and driven individual to join us.\n\n**Role Overview**\nWe are seeking a talented Frontend Developer to contribute to our dynamic team. The ideal candidate will be responsible for [Primary Responsibility 1, e.g., developing scalable web applications], [Primary Responsibility 2, e.g., collaborating with cross-functional teams], and [Primary Responsibility 3, e.g., maintaining code quality and best practices]. This role offers a unique opportunity to work on exciting projects and make a significant impact.\n\n**Key Responsibilities**\n- Pauper agnitio confido minima sui.\n- Autem tremo colo coruscus ubi.\n- Ager talus certe pariatur ascit suus.\n- Deleo curtus adfero valde cerno sit tego.\n\n**Qualifications**\n- Bachelor's degree in Web Design & Development or a related field.\n- Proven experience with technologies like UI/UX Design.\n- Strong problem-solving skills and attention to detail.\n- Excellent communication and teamwork abilities.\n    	INTERN	t	\N	\N	108189	218407	\N	PUBLIC	OPEN	2025-10-07 11:54:25.935	2025-10-07 11:54:25.935	ENTRY
52a01da6-4766-42eb-a340-5b5c21d7ba39	8ecbc6ea-0bf6-4f71-b077-aab938e3870b	Auditor	\n**About BellaNaija Ltd.**\nEnhanced modular archive We are a leading firm in the Accountant sector, committed to innovation and excellence. Our team is growing, and we are looking for a passionate and driven individual to join us.\n\n**Role Overview**\nWe are seeking a talented Auditor to contribute to our dynamic team. The ideal candidate will be responsible for [Primary Responsibility 1, e.g., developing scalable web applications], [Primary Responsibility 2, e.g., collaborating with cross-functional teams], and [Primary Responsibility 3, e.g., maintaining code quality and best practices]. This role offers a unique opportunity to work on exciting projects and make a significant impact.\n\n**Key Responsibilities**\n- Trado cognomen confugo concido argentum ascisco tendo demulceo deleniti animi.\n- Suffoco toties tener colo votum inventore.\n- Agnosco deprimo basium dicta spes cogito ea terreo supra conicio.\n- Cultellus umerus collum quia atqui vito conculco votum dignissimos.\n\n**Qualifications**\n- Bachelor's degree in Banking and Finance or a related field.\n- Proven experience with technologies like Auditing.\n- Strong problem-solving skills and attention to detail.\n- Excellent communication and teamwork abilities.\n    	INTERN	t	\N	\N	151514	205084	\N	PUBLIC	OPEN	2025-10-07 11:54:25.938	2025-10-07 11:54:25.938	ENTRY
696aae25-ea88-41ce-8b8a-7e20e373ed89	7b63f0d4-ae27-46f4-8e3b-cabb88daa3d8	Digital Marketing Specialist	\n**About OhGiveThanks**\nPolarised scalable middleware We are a leading firm in the Digital Marketer sector, committed to innovation and excellence. Our team is growing, and we are looking for a passionate and driven individual to join us.\n\n**Role Overview**\nWe are seeking a talented Digital Marketing Specialist to contribute to our dynamic team. The ideal candidate will be responsible for [Primary Responsibility 1, e.g., developing scalable web applications], [Primary Responsibility 2, e.g., collaborating with cross-functional teams], and [Primary Responsibility 3, e.g., maintaining code quality and best practices]. This role offers a unique opportunity to work on exciting projects and make a significant impact.\n\n**Key Responsibilities**\n- Deludo celo aequitas armarium cubicularis autem textilis talio nam subvenio.\n- Tenetur dolores ante audentia adficio iste accusamus clementia.\n- Tametsi turba utique tergo.\n- Adhaero cubicularis adeo.\n\n**Qualifications**\n- Bachelor's degree in Marketing or a related field.\n- Proven experience with technologies like Digital Marketing.\n- Strong problem-solving skills and attention to detail.\n- Excellent communication and teamwork abilities.\n    	INTERN	t	\N	\N	230685	326669	\N	PUBLIC	OPEN	2025-10-07 11:54:25.942	2025-10-07 11:54:25.942	ENTRY
2489cf6c-4f78-484b-9202-23d3c0eb49ac	7b63f0d4-ae27-46f4-8e3b-cabb88daa3d8	Human Resources Generalist	\n**About OhGiveThanks**\nOrganic intangible emulation We are a leading firm in the HR Specialist sector, committed to innovation and excellence. Our team is growing, and we are looking for a passionate and driven individual to join us.\n\n**Role Overview**\nWe are seeking a talented Human Resources Generalist to contribute to our dynamic team. The ideal candidate will be responsible for [Primary Responsibility 1, e.g., developing scalable web applications], [Primary Responsibility 2, e.g., collaborating with cross-functional teams], and [Primary Responsibility 3, e.g., maintaining code quality and best practices]. This role offers a unique opportunity to work on exciting projects and make a significant impact.\n\n**Key Responsibilities**\n- Depulso autus et.\n- Arbor appello voco creber mollitia cuppedia.\n- Utrimque incidunt amaritudo molestias conor vinculum amiculum verumtamen voluptatem suppono.\n- Atavus celer considero pecco.\n\n**Qualifications**\n- Bachelor's degree in Industrial Relations or a related field.\n- Proven experience with technologies like Human Resources.\n- Strong problem-solving skills and attention to detail.\n- Excellent communication and teamwork abilities.\n    	FULLTIME	f	514	10761	130448	327071	\N	PUBLIC	OPEN	2025-10-07 11:54:25.95	2025-10-07 11:54:25.95	ENTRY
7339b0cf-e5ed-480e-a86a-8e9076c64b37	706b81a0-acb5-487d-8f9f-ae1509af8868	Human Resources Generalist	\n**About Chevron Nigeria Partners**\nDiverse dynamic core We are a leading firm in the HR Specialist sector, committed to innovation and excellence. Our team is growing, and we are looking for a passionate and driven individual to join us.\n\n**Role Overview**\nWe are seeking a talented Human Resources Generalist to contribute to our dynamic team. The ideal candidate will be responsible for [Primary Responsibility 1, e.g., developing scalable web applications], [Primary Responsibility 2, e.g., collaborating with cross-functional teams], and [Primary Responsibility 3, e.g., maintaining code quality and best practices]. This role offers a unique opportunity to work on exciting projects and make a significant impact.\n\n**Key Responsibilities**\n- Vestrum via pauper neque iure aperio tribuo quaerat.\n- Talis subnecto caterva.\n- Arguo tres testimonium.\n- Subito numquam comparo voro aequitas sollicito colligo adhaero creta.\n\n**Qualifications**\n- Bachelor's degree in Psychology or a related field.\n- Proven experience with technologies like Customer Service.\n- Strong problem-solving skills and attention to detail.\n- Excellent communication and teamwork abilities.\n    	CONTRACT	f	516	10814	130692	255502	\N	PUBLIC	OPEN	2025-10-07 11:54:25.954	2025-10-07 11:54:25.954	ENTRY
9728ff0a-04ff-4c41-b813-991c0f264e96	b5e3fec0-fc07-4cc9-a33f-344b6deae79e	Frontend Developer	\n**About Dragnet Solutions Group**\nCustomer-focused asynchronous adapter We are a leading firm in the Frontend Developer sector, committed to innovation and excellence. Our team is growing, and we are looking for a passionate and driven individual to join us.\n\n**Role Overview**\nWe are seeking a talented Frontend Developer to contribute to our dynamic team. The ideal candidate will be responsible for [Primary Responsibility 1, e.g., developing scalable web applications], [Primary Responsibility 2, e.g., collaborating with cross-functional teams], and [Primary Responsibility 3, e.g., maintaining code quality and best practices]. This role offers a unique opportunity to work on exciting projects and make a significant impact.\n\n**Key Responsibilities**\n- Coma deporto concedo truculenter asper conturbo.\n- Caelestis catena cuppedia utique coerceo aliquid vociferor terror adduco.\n- Adficio arbustum accedo colo trucido clarus.\n- Pecco acies viridis sollicito agnosco vomito allatus thesaurus.\n\n**Qualifications**\n- Bachelor's degree in Information Technology or a related field.\n- Proven experience with technologies like Project Management.\n- Strong problem-solving skills and attention to detail.\n- Excellent communication and teamwork abilities.\n    	PARTTIME	f	499	10412	194404	251970	\N	PUBLIC	OPEN	2025-10-07 11:54:25.958	2025-10-07 11:54:25.958	ENTRY
3af071c0-e3fa-4e27-9163-181537bbd15d	e10f3df1-95d6-428d-96f7-6156a218cdf6	Web Developer	\n**About Jumia Careers Ltd.**\nUpgradable reciprocal application We are a leading firm in the Frontend Developer sector, committed to innovation and excellence. Our team is growing, and we are looking for a passionate and driven individual to join us.\n\n**Role Overview**\nWe are seeking a talented Web Developer to contribute to our dynamic team. The ideal candidate will be responsible for [Primary Responsibility 1, e.g., developing scalable web applications], [Primary Responsibility 2, e.g., collaborating with cross-functional teams], and [Primary Responsibility 3, e.g., maintaining code quality and best practices]. This role offers a unique opportunity to work on exciting projects and make a significant impact.\n\n**Key Responsibilities**\n- Soleo cunae vulgaris addo.\n- Ustilo vesper cogito victoria demergo.\n- Vulgaris curto conitor centum pax.\n- Correptius vigilo aliquam aranea.\n\n**Qualifications**\n- Bachelor's degree in Information Technology or a related field.\n- Proven experience with technologies like Frontend Development.\n- Strong problem-solving skills and attention to detail.\n- Excellent communication and teamwork abilities.\n    	FULLTIME	f	510	10685	106981	187553	\N	PUBLIC	OPEN	2025-10-07 11:54:25.961	2025-10-07 11:54:25.961	ENTRY
e4271511-c305-49f8-b4b2-6cc91338c6b7	b3024254-35f5-40d2-b396-a770d5a979a0	Accountant	\n**About Chocolate City Group Partners**\nDevolved dedicated structure We are a leading firm in the Accountant sector, committed to innovation and excellence. Our team is growing, and we are looking for a passionate and driven individual to join us.\n\n**Role Overview**\nWe are seeking a talented Accountant to contribute to our dynamic team. The ideal candidate will be responsible for [Primary Responsibility 1, e.g., developing scalable web applications], [Primary Responsibility 2, e.g., collaborating with cross-functional teams], and [Primary Responsibility 3, e.g., maintaining code quality and best practices]. This role offers a unique opportunity to work on exciting projects and make a significant impact.\n\n**Key Responsibilities**\n- Vix delectatio surgo conitor error.\n- Sperno copiose natus arguo explicabo excepturi curso.\n- Cur volutabrum quod coma.\n- Ver summisse aut cui uterque antiquus curvo.\n\n**Qualifications**\n- Bachelor's degree in Accounting or a related field.\n- Proven experience with technologies like Accounting.\n- Strong problem-solving skills and attention to detail.\n- Excellent communication and teamwork abilities.\n    	INTERN	f	510	10659	248510	320325	\N	PUBLIC	OPEN	2025-10-07 11:54:25.965	2025-10-07 11:54:25.965	ENTRY
774551d6-71ff-4b4b-a674-c76a38518570	e10f3df1-95d6-428d-96f7-6156a218cdf6	Data Scientist	\n**About Jumia Careers Ltd.**\nUniversal radical throughput We are a leading firm in the Data Analyst sector, committed to innovation and excellence. Our team is growing, and we are looking for a passionate and driven individual to join us.\n\n**Role Overview**\nWe are seeking a talented Data Scientist to contribute to our dynamic team. The ideal candidate will be responsible for [Primary Responsibility 1, e.g., developing scalable web applications], [Primary Responsibility 2, e.g., collaborating with cross-functional teams], and [Primary Responsibility 3, e.g., maintaining code quality and best practices]. This role offers a unique opportunity to work on exciting projects and make a significant impact.\n\n**Key Responsibilities**\n- Bellicus sub casus aveho strues tabgo somnus.\n- Acquiro atque canis.\n- Ipsa auxilium apud cimentarius.\n- Adversus officiis undique auctor ex deinde.\n\n**Qualifications**\n- Bachelor's degree in Mathematics or a related field.\n- Proven experience with technologies like Data Analysis.\n- Strong problem-solving skills and attention to detail.\n- Excellent communication and teamwork abilities.\n    	PARTTIME	f	489	10210	180477	313297	\N	PUBLIC	OPEN	2025-10-07 11:54:25.969	2025-10-07 11:54:25.969	ENTRY
7262a413-2ef9-42ec-84d2-ec4e7e821f67	d8dd31dd-2490-432a-ad78-9e9b9bb33732	HR Business Partner	\n**About LEAP Africa Solutions**\nSelf-enabling high-level framework We are a leading firm in the HR Specialist sector, committed to innovation and excellence. Our team is growing, and we are looking for a passionate and driven individual to join us.\n\n**Role Overview**\nWe are seeking a talented HR Business Partner to contribute to our dynamic team. The ideal candidate will be responsible for [Primary Responsibility 1, e.g., developing scalable web applications], [Primary Responsibility 2, e.g., collaborating with cross-functional teams], and [Primary Responsibility 3, e.g., maintaining code quality and best practices]. This role offers a unique opportunity to work on exciting projects and make a significant impact.\n\n**Key Responsibilities**\n- Audacia delicate adhaero calcar turpis teneo clarus amplitudo exercitationem.\n- Temporibus velit stultus degero.\n- Voluptatem timidus thymum clibanus caveo cupiditas tergum ceno coruscus altus.\n- Amitto custodia celebrer odit nihil.\n\n**Qualifications**\n- Bachelor's degree in Industrial Relations or a related field.\n- Proven experience with technologies like Recruitment.\n- Strong problem-solving skills and attention to detail.\n- Excellent communication and teamwork abilities.\n    	INTERN	f	484	10123	154861	310832	\N	PUBLIC	OPEN	2025-10-07 11:54:25.973	2025-10-07 11:54:25.973	ENTRY
2d8fa5c0-205d-4119-9045-e3f9203b98fa	5655859c-a099-4394-9d77-a71a37e71917	Scrum Master	\n**About Farmcrowdy Ltd.**\nSeamless actuating encoding We are a leading firm in the Project Manager sector, committed to innovation and excellence. Our team is growing, and we are looking for a passionate and driven individual to join us.\n\n**Role Overview**\nWe are seeking a talented Scrum Master to contribute to our dynamic team. The ideal candidate will be responsible for [Primary Responsibility 1, e.g., developing scalable web applications], [Primary Responsibility 2, e.g., collaborating with cross-functional teams], and [Primary Responsibility 3, e.g., maintaining code quality and best practices]. This role offers a unique opportunity to work on exciting projects and make a significant impact.\n\n**Key Responsibilities**\n- Minus arma tubineus usitas cuppedia.\n- Caput viridis cotidie totam argentum vis desino sumo.\n- Paens cavus clamo assumenda nihil vociferor aestivus cavus.\n- Aetas inventore amplexus cresco pecco caelestis perferendis spiritus brevis uredo.\n\n**Qualifications**\n- Bachelor's degree in Project Management or a related field.\n- Proven experience with technologies like Product Management.\n- Strong problem-solving skills and attention to detail.\n- Excellent communication and teamwork abilities.\n    	INTERN	t	\N	\N	185116	243458	\N	PUBLIC	OPEN	2025-10-07 11:54:25.977	2025-10-07 11:54:25.977	ENTRY
fb11067e-7e61-4ea0-adcd-f352f5f48054	706b81a0-acb5-487d-8f9f-ae1509af8868	Product Manager	\n**About Chevron Nigeria Partners**\nSecured intangible circuit We are a leading firm in the Project Manager sector, committed to innovation and excellence. Our team is growing, and we are looking for a passionate and driven individual to join us.\n\n**Role Overview**\nWe are seeking a talented Product Manager to contribute to our dynamic team. The ideal candidate will be responsible for [Primary Responsibility 1, e.g., developing scalable web applications], [Primary Responsibility 2, e.g., collaborating with cross-functional teams], and [Primary Responsibility 3, e.g., maintaining code quality and best practices]. This role offers a unique opportunity to work on exciting projects and make a significant impact.\n\n**Key Responsibilities**\n- Voluntarius tandem caelum numquam.\n- Totus cunae sui consequatur beatus curatio tum possimus.\n- Acies crepusculum cruciamentum dedico dolorem super cotidie desidero odit accusator.\n- Candidus ascit defluo coruscus pecto patria uter optio careo soleo.\n\n**Qualifications**\n- Bachelor's degree in Business Administration or a related field.\n- Proven experience with technologies like Business Analysis.\n- Strong problem-solving skills and attention to detail.\n- Excellent communication and teamwork abilities.\n    	FULLTIME	t	\N	\N	197088	269327	\N	PUBLIC	OPEN	2025-10-07 11:54:25.981	2025-10-07 11:54:25.981	ENTRY
ebb7843b-848e-425d-a6fe-ae83ff379b39	e10f3df1-95d6-428d-96f7-6156a218cdf6	Digital Marketing Specialist	\n**About Jumia Careers Ltd.**\nPolarised coherent microservice We are a leading firm in the Digital Marketer sector, committed to innovation and excellence. Our team is growing, and we are looking for a passionate and driven individual to join us.\n\n**Role Overview**\nWe are seeking a talented Digital Marketing Specialist to contribute to our dynamic team. The ideal candidate will be responsible for [Primary Responsibility 1, e.g., developing scalable web applications], [Primary Responsibility 2, e.g., collaborating with cross-functional teams], and [Primary Responsibility 3, e.g., maintaining code quality and best practices]. This role offers a unique opportunity to work on exciting projects and make a significant impact.\n\n**Key Responsibilities**\n- Asporto acceptus depereo vulpes confido.\n- Vetus cuius aliquid strues.\n- Cotidie ultra verbera vir dedico ager umbra sufficio.\n- Nihil aperte comis culpa mollitia caries ago laudantium certus creta.\n\n**Qualifications**\n- Bachelor's degree in Marketing or a related field.\n- Proven experience with technologies like Search Engine Optimization (SEO).\n- Strong problem-solving skills and attention to detail.\n- Excellent communication and teamwork abilities.\n    	INTERN	f	493	10289	98331	294965	\N	PUBLIC	OPEN	2025-10-07 11:54:25.985	2025-10-07 11:54:25.985	ENTRY
60c4d28d-b773-432b-8044-bc9ce13f6170	5655859c-a099-4394-9d77-a71a37e71917	Content Marketing Manager	\n**About Farmcrowdy Ltd.**\nFuture-proofed bifurcated alliance We are a leading firm in the Digital Marketer sector, committed to innovation and excellence. Our team is growing, and we are looking for a passionate and driven individual to join us.\n\n**Role Overview**\nWe are seeking a talented Content Marketing Manager to contribute to our dynamic team. The ideal candidate will be responsible for [Primary Responsibility 1, e.g., developing scalable web applications], [Primary Responsibility 2, e.g., collaborating with cross-functional teams], and [Primary Responsibility 3, e.g., maintaining code quality and best practices]. This role offers a unique opportunity to work on exciting projects and make a significant impact.\n\n**Key Responsibilities**\n- Velit ustulo inflammatio suggero carus vestigium accommodo vacuus absorbeo.\n- Vel aurum sto arx auditor advoco terga.\n- Amo adeo aestivus torqueo comprehendo toties calcar.\n- Repudiandae repellendus facilis decumbo autem decerno viriliter.\n\n**Qualifications**\n- Bachelor's degree in Economics or a related field.\n- Proven experience with technologies like Search Engine Optimization (SEO).\n- Strong problem-solving skills and attention to detail.\n- Excellent communication and teamwork abilities.\n    	PARTTIME	t	\N	\N	152256	283959	\N	PUBLIC	OPEN	2025-10-07 11:54:25.989	2025-10-07 11:54:25.989	ENTRY
a7b94938-c51e-42af-8aed-48312c0c88b0	9f92b9e8-6ed3-4834-a090-84374a00b042	Business Intelligence Analyst	\n**About Oando PLC Group**\nTeam-oriented fault-tolerant hierarchy We are a leading firm in the Data Analyst sector, committed to innovation and excellence. Our team is growing, and we are looking for a passionate and driven individual to join us.\n\n**Role Overview**\nWe are seeking a talented Business Intelligence Analyst to contribute to our dynamic team. The ideal candidate will be responsible for [Primary Responsibility 1, e.g., developing scalable web applications], [Primary Responsibility 2, e.g., collaborating with cross-functional teams], and [Primary Responsibility 3, e.g., maintaining code quality and best practices]. This role offers a unique opportunity to work on exciting projects and make a significant impact.\n\n**Key Responsibilities**\n- Tunc depromo decimus deduco tabula adnuo basium spero acer adeptio.\n- Solvo subvenio repellat conculco sonitus adsidue spiritus.\n- Concedo apud tam charisma adfectus avarus appositus vicinus adipisci.\n- Sufficio charisma expedita teres.\n\n**Qualifications**\n- Bachelor's degree in Mathematics or a related field.\n- Proven experience with technologies like Software Development.\n- Strong problem-solving skills and attention to detail.\n- Excellent communication and teamwork abilities.\n    	INTERN	t	\N	\N	111470	191428	\N	PUBLIC	OPEN	2025-10-07 11:54:25.993	2025-10-07 11:54:25.993	ENTRY
fbae0a08-f1a8-4579-936d-c443c51c590b	6475116f-2a9d-452c-870b-34df8c02722a	Content Marketing Manager	\n**About Dangote Foods Solutions**\nEnhanced human-resource approach We are a leading firm in the Digital Marketer sector, committed to innovation and excellence. Our team is growing, and we are looking for a passionate and driven individual to join us.\n\n**Role Overview**\nWe are seeking a talented Content Marketing Manager to contribute to our dynamic team. The ideal candidate will be responsible for [Primary Responsibility 1, e.g., developing scalable web applications], [Primary Responsibility 2, e.g., collaborating with cross-functional teams], and [Primary Responsibility 3, e.g., maintaining code quality and best practices]. This role offers a unique opportunity to work on exciting projects and make a significant impact.\n\n**Key Responsibilities**\n- Alius aliquid depereo victoria demens debitis apud civis.\n- Sollicito ratione adiuvo vehemens pauper quaerat argumentum combibo vis.\n- Crebro enim adsuesco.\n- Coma sopor benigne.\n\n**Qualifications**\n- Bachelor's degree in Mass Communication or a related field.\n- Proven experience with technologies like Search Engine Optimization (SEO).\n- Strong problem-solving skills and attention to detail.\n- Excellent communication and teamwork abilities.\n    	PARTTIME	f	507	10608	233427	430528	\N	PUBLIC	OPEN	2025-10-07 11:54:25.996	2025-10-07 11:54:25.996	ENTRY
9a58fd47-599d-4cc7-abba-005265189a90	5655859c-a099-4394-9d77-a71a37e71917	Data Analyst	\n**About Farmcrowdy Ltd.**\nStand-alone real-time architecture We are a leading firm in the Data Analyst sector, committed to innovation and excellence. Our team is growing, and we are looking for a passionate and driven individual to join us.\n\n**Role Overview**\nWe are seeking a talented Data Analyst to contribute to our dynamic team. The ideal candidate will be responsible for [Primary Responsibility 1, e.g., developing scalable web applications], [Primary Responsibility 2, e.g., collaborating with cross-functional teams], and [Primary Responsibility 3, e.g., maintaining code quality and best practices]. This role offers a unique opportunity to work on exciting projects and make a significant impact.\n\n**Key Responsibilities**\n- Adversus demergo patrocinor celer.\n- Armarium urbs voco.\n- Cervus clamo arbor soleo odit creator sed cinis tantum utor.\n- Adeo caute aperio.\n\n**Qualifications**\n- Bachelor's degree in Computer Science or a related field.\n- Proven experience with technologies like Software Development.\n- Strong problem-solving skills and attention to detail.\n- Excellent communication and teamwork abilities.\n    	PARTTIME	f	494	10313	249237	410608	\N	PUBLIC	OPEN	2025-10-07 11:54:26	2025-10-07 11:54:26	ENTRY
8ecd4f72-a77c-46d8-92f9-2a3946be81c8	8ecbc6ea-0bf6-4f71-b077-aab938e3870b	Quantitative Analyst	\n**About BellaNaija Ltd.**\nOpen-source full-range process improvement We are a leading firm in the Data Analyst sector, committed to innovation and excellence. Our team is growing, and we are looking for a passionate and driven individual to join us.\n\n**Role Overview**\nWe are seeking a talented Quantitative Analyst to contribute to our dynamic team. The ideal candidate will be responsible for [Primary Responsibility 1, e.g., developing scalable web applications], [Primary Responsibility 2, e.g., collaborating with cross-functional teams], and [Primary Responsibility 3, e.g., maintaining code quality and best practices]. This role offers a unique opportunity to work on exciting projects and make a significant impact.\n\n**Key Responsibilities**\n- Aufero vulgo cupio sollers coaegresco voluptatum uxor cibo culpa abduco.\n- Argumentum clam aureus aeger vulpes aperte.\n- Creo sequi perferendis conturbo aureus.\n- Quasi urbs nostrum colo eveniet vitiosus.\n\n**Qualifications**\n- Bachelor's degree in Statistics or a related field.\n- Proven experience with technologies like Data Analysis.\n- Strong problem-solving skills and attention to detail.\n- Excellent communication and teamwork abilities.\n    	PARTTIME	f	518	10831	246035	313982	\N	PUBLIC	OPEN	2025-10-07 11:54:26.004	2025-10-07 11:54:26.004	ENTRY
f0ccb148-9af5-414b-9288-a2a17b962ea9	754e9d60-2cca-432c-9e89-33b99f71579d	IT Project Coordinator	\n**About Sahara Group Partners**\nProgressive needs-based knowledge user We are a leading firm in the Project Manager sector, committed to innovation and excellence. Our team is growing, and we are looking for a passionate and driven individual to join us.\n\n**Role Overview**\nWe are seeking a talented IT Project Coordinator to contribute to our dynamic team. The ideal candidate will be responsible for [Primary Responsibility 1, e.g., developing scalable web applications], [Primary Responsibility 2, e.g., collaborating with cross-functional teams], and [Primary Responsibility 3, e.g., maintaining code quality and best practices]. This role offers a unique opportunity to work on exciting projects and make a significant impact.\n\n**Key Responsibilities**\n- Vox conventus depraedor tametsi arcesso consectetur auxilium adulescens.\n- Deprimo talus spiritus.\n- Quod statua arbustum doloribus tabernus aegrus aperio circumvenio voro pectus.\n- Solvo assumenda ulterius acidus.\n\n**Qualifications**\n- Bachelor's degree in Engineering or a related field.\n- Proven experience with technologies like Customer Service.\n- Strong problem-solving skills and attention to detail.\n- Excellent communication and teamwork abilities.\n    	PARTTIME	t	\N	\N	215639	404186	\N	PUBLIC	OPEN	2025-10-07 11:54:26.008	2025-10-07 11:54:26.008	ENTRY
26777259-4a9d-4be5-a196-664ccc9f96c2	e10f3df1-95d6-428d-96f7-6156a218cdf6	Java Developer	\n**About Jumia Careers Ltd.**\nFocused neutral installation We are a leading firm in the Software Developer sector, committed to innovation and excellence. Our team is growing, and we are looking for a passionate and driven individual to join us.\n\n**Role Overview**\nWe are seeking a talented Java Developer to contribute to our dynamic team. The ideal candidate will be responsible for [Primary Responsibility 1, e.g., developing scalable web applications], [Primary Responsibility 2, e.g., collaborating with cross-functional teams], and [Primary Responsibility 3, e.g., maintaining code quality and best practices]. This role offers a unique opportunity to work on exciting projects and make a significant impact.\n\n**Key Responsibilities**\n- Talis adhaero ustulo adflicto reiciendis soluta stipes thermae sumo tener.\n- Ventito crebro taceo.\n- Suppono cupio aggero.\n- Attonbitus demulceo sed defetiscor reprehenderit solium.\n\n**Qualifications**\n- Bachelor's degree in Software Engineering or a related field.\n- Proven experience with technologies like Project Management.\n- Strong problem-solving skills and attention to detail.\n- Excellent communication and teamwork abilities.\n    	PARTTIME	f	513	10747	219510	412765	\N	PUBLIC	OPEN	2025-10-07 11:54:26.012	2025-10-07 11:54:26.012	ENTRY
9cbcc0dd-34f5-42c8-b92e-a2b12d5fe896	0eb2d5b2-f614-45d0-8630-e6d4cbd6344d	Java Developer	\n**About Co-Creation Hub (CcHUB) Ltd.**\nFront-line sustainable workforce We are a leading firm in the Software Developer sector, committed to innovation and excellence. Our team is growing, and we are looking for a passionate and driven individual to join us.\n\n**Role Overview**\nWe are seeking a talented Java Developer to contribute to our dynamic team. The ideal candidate will be responsible for [Primary Responsibility 1, e.g., developing scalable web applications], [Primary Responsibility 2, e.g., collaborating with cross-functional teams], and [Primary Responsibility 3, e.g., maintaining code quality and best practices]. This role offers a unique opportunity to work on exciting projects and make a significant impact.\n\n**Key Responsibilities**\n- Somnus taceo accusator vae altus facilis.\n- Abstergo ter angustus cogito cernuus desipio sollicito desino.\n- Uredo contego suadeo.\n- Modi succedo auctus tolero.\n\n**Qualifications**\n- Bachelor's degree in Information Technology or a related field.\n- Proven experience with technologies like Frontend Development.\n- Strong problem-solving skills and attention to detail.\n- Excellent communication and teamwork abilities.\n    	CONTRACT	f	514	10771	161480	226420	\N	PUBLIC	OPEN	2025-10-07 11:54:26.016	2025-10-07 11:54:26.016	ENTRY
fa2c069d-3d4a-43ff-9c8e-68b40cc96ea0	706b81a0-acb5-487d-8f9f-ae1509af8868	HR Business Partner	\n**About Chevron Nigeria Partners**\nTeam-oriented static frame We are a leading firm in the HR Specialist sector, committed to innovation and excellence. Our team is growing, and we are looking for a passionate and driven individual to join us.\n\n**Role Overview**\nWe are seeking a talented HR Business Partner to contribute to our dynamic team. The ideal candidate will be responsible for [Primary Responsibility 1, e.g., developing scalable web applications], [Primary Responsibility 2, e.g., collaborating with cross-functional teams], and [Primary Responsibility 3, e.g., maintaining code quality and best practices]. This role offers a unique opportunity to work on exciting projects and make a significant impact.\n\n**Key Responsibilities**\n- Aer abstergo arguo defleo ipsum sol conor contigo cubo repellat.\n- Cursus tepidus eos animi vivo charisma.\n- Vomica balbus vinco beatus quos animi.\n- Verecundia admitto vulgo tempora.\n\n**Qualifications**\n- Bachelor's degree in Industrial Relations or a related field.\n- Proven experience with technologies like Customer Service.\n- Strong problem-solving skills and attention to detail.\n- Excellent communication and teamwork abilities.\n    	NYSC	f	507	10615	113210	201533	\N	PUBLIC	OPEN	2025-10-07 11:54:26.019	2025-10-07 11:54:26.019	ENTRY
b32b3216-ebfd-4b9b-9d44-46f22ed4aac5	d8dd31dd-2490-432a-ad78-9e9b9bb33732	Quantitative Analyst	\n**About LEAP Africa Solutions**\nMonitored asynchronous application We are a leading firm in the Data Analyst sector, committed to innovation and excellence. Our team is growing, and we are looking for a passionate and driven individual to join us.\n\n**Role Overview**\nWe are seeking a talented Quantitative Analyst to contribute to our dynamic team. The ideal candidate will be responsible for [Primary Responsibility 1, e.g., developing scalable web applications], [Primary Responsibility 2, e.g., collaborating with cross-functional teams], and [Primary Responsibility 3, e.g., maintaining code quality and best practices]. This role offers a unique opportunity to work on exciting projects and make a significant impact.\n\n**Key Responsibilities**\n- Succurro trado vinum uredo unus.\n- Via atrocitas tepidus utilis quo cometes acerbitas.\n- Viduo vero valens cras synagoga texo.\n- Conspergo constans excepturi.\n\n**Qualifications**\n- Bachelor's degree in Statistics or a related field.\n- Proven experience with technologies like Data Analysis.\n- Strong problem-solving skills and attention to detail.\n- Excellent communication and teamwork abilities.\n    	INTERN	f	504	10561	133549	202196	\N	PUBLIC	OPEN	2025-10-07 11:54:26.023	2025-10-07 11:54:26.023	ENTRY
3d7e0d11-a404-4cfd-8869-6724d14c6952	f0ad6e06-c367-43d6-ae81-8d69a2fd8d69	SEO Analyst	\n**About Farmcrowdy Ltd.**\nUser-friendly leading edge neural-net We are a leading firm in the Digital Marketer sector, committed to innovation and excellence. Our team is growing, and we are looking for a passionate and driven individual to join us.\n\n**Role Overview**\nWe are seeking a talented SEO Analyst to contribute to our dynamic team. The ideal candidate will be responsible for [Primary Responsibility 1, e.g., developing scalable web applications], [Primary Responsibility 2, e.g., collaborating with cross-functional teams], and [Primary Responsibility 3, e.g., maintaining code quality and best practices]. This role offers a unique opportunity to work on exciting projects and make a significant impact.\n\n**Key Responsibilities**\n- Tribuo cubitum deserunt distinctio ultio corrupti canonicus spiculum.\n- Facilis absque acceptus ulterius.\n- Desino soluta tondeo sonitus.\n- Deduco timidus custodia bardus tubineus toties adficio.\n\n**Qualifications**\n- Bachelor's degree in Marketing or a related field.\n- Proven experience with technologies like Data Analysis.\n- Strong problem-solving skills and attention to detail.\n- Excellent communication and teamwork abilities.\n    	NYSC	f	498	10389	169621	290271	\N	PUBLIC	OPEN	2025-10-07 11:54:26.027	2025-10-07 11:54:26.027	ENTRY
678b3ceb-a9d4-4469-aeef-97f8ad2f1a6b	9f92b9e8-6ed3-4834-a090-84374a00b042	Auditor	\n**About Oando PLC Group**\nPublic-key analyzing emulation We are a leading firm in the Accountant sector, committed to innovation and excellence. Our team is growing, and we are looking for a passionate and driven individual to join us.\n\n**Role Overview**\nWe are seeking a talented Auditor to contribute to our dynamic team. The ideal candidate will be responsible for [Primary Responsibility 1, e.g., developing scalable web applications], [Primary Responsibility 2, e.g., collaborating with cross-functional teams], and [Primary Responsibility 3, e.g., maintaining code quality and best practices]. This role offers a unique opportunity to work on exciting projects and make a significant impact.\n\n**Key Responsibilities**\n- Sed culpa cui ambulo.\n- Usitas sopor una.\n- Tibi collum color tempora.\n- Tergo caritas crur ver inflammatio terminatio adamo sperno.\n\n**Qualifications**\n- Bachelor's degree in Economics or a related field.\n- Proven experience with technologies like Accounting.\n- Strong problem-solving skills and attention to detail.\n- Excellent communication and teamwork abilities.\n    	NYSC	f	505	10574	196618	316385	\N	PUBLIC	OPEN	2025-10-07 11:54:26.031	2025-10-07 11:54:26.031	ENTRY
4bb887e5-2a3e-497b-a749-beb4aa12bb7f	864f8359-5226-4de1-8001-912ad36eae91	Business Intelligence Analyst	\n**About KPMG Nigeria Solutions**\nDevolved responsive knowledge base We are a leading firm in the Data Analyst sector, committed to innovation and excellence. Our team is growing, and we are looking for a passionate and driven individual to join us.\n\n**Role Overview**\nWe are seeking a talented Business Intelligence Analyst to contribute to our dynamic team. The ideal candidate will be responsible for [Primary Responsibility 1, e.g., developing scalable web applications], [Primary Responsibility 2, e.g., collaborating with cross-functional teams], and [Primary Responsibility 3, e.g., maintaining code quality and best practices]. This role offers a unique opportunity to work on exciting projects and make a significant impact.\n\n**Key Responsibilities**\n- Alii depereo coruscus statua urbs libero.\n- Vulnus casus cras cauda suggero.\n- Comedo pecus traho deleniti canto tumultus officiis curto subvenio.\n- Adipisci caritas adficio turba omnis.\n\n**Qualifications**\n- Bachelor's degree in Mathematics or a related field.\n- Proven experience with technologies like Data Analysis.\n- Strong problem-solving skills and attention to detail.\n- Excellent communication and teamwork abilities.\n    	NYSC	t	\N	\N	137299	300897	\N	PUBLIC	OPEN	2025-10-07 11:54:26.035	2025-10-07 11:54:26.035	ENTRY
a3149430-a8ac-4da4-a92b-8521e991a018	c7d1e41e-d0cf-45f5-8964-0ca709ceb248	Talent Acquisition Manager	\n**About Lafarge Africa Group**\nCentralized composite capability We are a leading firm in the HR Specialist sector, committed to innovation and excellence. Our team is growing, and we are looking for a passionate and driven individual to join us.\n\n**Role Overview**\nWe are seeking a talented Talent Acquisition Manager to contribute to our dynamic team. The ideal candidate will be responsible for [Primary Responsibility 1, e.g., developing scalable web applications], [Primary Responsibility 2, e.g., collaborating with cross-functional teams], and [Primary Responsibility 3, e.g., maintaining code quality and best practices]. This role offers a unique opportunity to work on exciting projects and make a significant impact.\n\n**Key Responsibilities**\n- Vere sumptus a adeptio aliquam laborum vado vinco.\n- Pecco aufero harum supplanto ars delicate conatus sponte arbustum.\n- Tricesimus ancilla inflammatio ustilo addo usus beneficium aqua vacuus.\n- Tibi suscipit vulpes eum deorsum mollitia creo vilis.\n\n**Qualifications**\n- Bachelor's degree in Business Administration or a related field.\n- Proven experience with technologies like Project Management.\n- Strong problem-solving skills and attention to detail.\n- Excellent communication and teamwork abilities.\n    	CONTRACT	t	\N	\N	214940	373000	\N	PUBLIC	OPEN	2025-10-07 11:54:26.039	2025-10-07 11:54:26.039	ENTRY
d467594a-9198-438a-ba09-a99541c04eb9	e10f3df1-95d6-428d-96f7-6156a218cdf6	Project Manager	\n**About Jumia Careers Ltd.**\nPersevering immersive instruction set We are a leading firm in the Project Manager sector, committed to innovation and excellence. Our team is growing, and we are looking for a passionate and driven individual to join us.\n\n**Role Overview**\nWe are seeking a talented Project Manager to contribute to our dynamic team. The ideal candidate will be responsible for [Primary Responsibility 1, e.g., developing scalable web applications], [Primary Responsibility 2, e.g., collaborating with cross-functional teams], and [Primary Responsibility 3, e.g., maintaining code quality and best practices]. This role offers a unique opportunity to work on exciting projects and make a significant impact.\n\n**Key Responsibilities**\n- Verto creptio uredo ab acquiro concedo cilicium admiratio.\n- Magnam succedo arguo corpus minus adflicto viridis ab.\n- Alo tempora numquam texo adinventitias aperio celebrer.\n- Adeptio non audentia antepono carcer viscus veniam ascit vulgo.\n\n**Qualifications**\n- Bachelor's degree in Information Technology or a related field.\n- Proven experience with technologies like Product Management.\n- Strong problem-solving skills and attention to detail.\n- Excellent communication and teamwork abilities.\n    	CONTRACT	t	\N	\N	105473	181772	\N	PUBLIC	OPEN	2025-10-07 11:54:26.043	2025-10-07 11:54:26.043	ENTRY
d56f901a-36ee-4b6e-b13e-a17b4be2dba0	0eb2d5b2-f614-45d0-8630-e6d4cbd6344d	Full Stack Engineer	\n**About Co-Creation Hub (CcHUB) Ltd.**\nReverse-engineered impactful conglomeration We are a leading firm in the Software Developer sector, committed to innovation and excellence. Our team is growing, and we are looking for a passionate and driven individual to join us.\n\n**Role Overview**\nWe are seeking a talented Full Stack Engineer to contribute to our dynamic team. The ideal candidate will be responsible for [Primary Responsibility 1, e.g., developing scalable web applications], [Primary Responsibility 2, e.g., collaborating with cross-functional teams], and [Primary Responsibility 3, e.g., maintaining code quality and best practices]. This role offers a unique opportunity to work on exciting projects and make a significant impact.\n\n**Key Responsibilities**\n- Summopere administratio tenus confido deinde universe coaegresco adficio valens.\n- Canonicus terreo theatrum vir vespillo supellex ipsa cras.\n- Vomer sono patior capillus.\n- Uredo desparatus excepturi cribro.\n\n**Qualifications**\n- Bachelor's degree in Electrical Engineering or a related field.\n- Proven experience with technologies like Frontend Development.\n- Strong problem-solving skills and attention to detail.\n- Excellent communication and teamwork abilities.\n    	INTERN	f	506	10588	119644	179838	\N	PUBLIC	OPEN	2025-10-07 11:54:26.046	2025-10-07 11:54:26.046	ENTRY
fdce82a1-ebc8-424d-ba45-a60d631f83e6	8064d915-18ee-4bc3-85fd-750827efb108	Financial Analyst	\n**About Dangote Group Partners**\nPhased demand-driven collaboration We are a leading firm in the Accountant sector, committed to innovation and excellence. Our team is growing, and we are looking for a passionate and driven individual to join us.\n\n**Role Overview**\nWe are seeking a talented Financial Analyst to contribute to our dynamic team. The ideal candidate will be responsible for [Primary Responsibility 1, e.g., developing scalable web applications], [Primary Responsibility 2, e.g., collaborating with cross-functional teams], and [Primary Responsibility 3, e.g., maintaining code quality and best practices]. This role offers a unique opportunity to work on exciting projects and make a significant impact.\n\n**Key Responsibilities**\n- Conitor sollicito thermae capio balbus statim acidus rerum clam.\n- Vinco una quo quos stillicidium defluo.\n- Conforto alius curo vergo.\n- Sollers testimonium tepesco cunae.\n\n**Qualifications**\n- Bachelor's degree in Economics or a related field.\n- Proven experience with technologies like Auditing.\n- Strong problem-solving skills and attention to detail.\n- Excellent communication and teamwork abilities.\n    	FULLTIME	t	\N	\N	235419	295543	\N	PUBLIC	OPEN	2025-10-07 11:54:26.05	2025-10-07 11:54:26.05	ENTRY
ad50f139-b59f-40cb-88a3-3e6629128080	f7472be1-137d-42c4-b74a-9217988bd932	Social Media Manager	\n**About AdinKems Inc.**\nErgonomic zero tolerance orchestration We are a leading firm in the Digital Marketer sector, committed to innovation and excellence. Our team is growing, and we are looking for a passionate and driven individual to join us.\n\n**Role Overview**\nWe are seeking a talented Social Media Manager to contribute to our dynamic team. The ideal candidate will be responsible for [Primary Responsibility 1, e.g., developing scalable web applications], [Primary Responsibility 2, e.g., collaborating with cross-functional teams], and [Primary Responsibility 3, e.g., maintaining code quality and best practices]. This role offers a unique opportunity to work on exciting projects and make a significant impact.\n\n**Key Responsibilities**\n- Talis corporis universe curtus thorax.\n- Cito tamquam culpo amor auxilium.\n- Summa est cupiditas adfero.\n- Deduco arcus degero altus sollers torqueo sophismata strues nemo.\n\n**Qualifications**\n- Bachelor's degree in Business Administration or a related field.\n- Proven experience with technologies like Digital Marketing.\n- Strong problem-solving skills and attention to detail.\n- Excellent communication and teamwork abilities.\n    	INTERN	f	516	10813	168457	339969	\N	PUBLIC	OPEN	2025-10-07 11:54:26.054	2025-10-07 11:54:26.054	ENTRY
17c449c0-ff4d-4909-b232-e27ff10b44c5	e0ffe090-2383-4262-bb81-f1e02ca09237	Business Intelligence Analyst	\n**About Kobo360 Partners**\nExtended actuating portal We are a leading firm in the Data Analyst sector, committed to innovation and excellence. Our team is growing, and we are looking for a passionate and driven individual to join us.\n\n**Role Overview**\nWe are seeking a talented Business Intelligence Analyst to contribute to our dynamic team. The ideal candidate will be responsible for [Primary Responsibility 1, e.g., developing scalable web applications], [Primary Responsibility 2, e.g., collaborating with cross-functional teams], and [Primary Responsibility 3, e.g., maintaining code quality and best practices]. This role offers a unique opportunity to work on exciting projects and make a significant impact.\n\n**Key Responsibilities**\n- Confido demonstro cohors una volutabrum curia strenuus apud corroboro.\n- Super adflicto cunae caute speculum.\n- Utpote aspernatur rerum.\n- Ascit absque perspiciatis consectetur.\n\n**Qualifications**\n- Bachelor's degree in Economics or a related field.\n- Proven experience with technologies like Database Management (SQL/NoSQL).\n- Strong problem-solving skills and attention to detail.\n- Excellent communication and teamwork abilities.\n    	PARTTIME	f	499	10406	231561	429936	\N	PUBLIC	OPEN	2025-10-07 11:54:26.058	2025-10-07 11:54:26.058	ENTRY
e80f0f50-8997-4592-b6ba-5aebc31efe96	864f8359-5226-4de1-8001-912ad36eae91	Web Developer	\n**About KPMG Nigeria Solutions**\nUser-centric dynamic knowledge base We are a leading firm in the Frontend Developer sector, committed to innovation and excellence. Our team is growing, and we are looking for a passionate and driven individual to join us.\n\n**Role Overview**\nWe are seeking a talented Web Developer to contribute to our dynamic team. The ideal candidate will be responsible for [Primary Responsibility 1, e.g., developing scalable web applications], [Primary Responsibility 2, e.g., collaborating with cross-functional teams], and [Primary Responsibility 3, e.g., maintaining code quality and best practices]. This role offers a unique opportunity to work on exciting projects and make a significant impact.\n\n**Key Responsibilities**\n- Denego verecundia decipio nostrum curis teres solium magni voluptatum sollicito.\n- Tot dolores versus explicabo turpis tepidus cultellus.\n- Crudelis vomica adficio antepono cito temeritas timor totus vapulus.\n- Tunc cunctatio cito vinco urbs clam sopor.\n\n**Qualifications**\n- Bachelor's degree in Web Design & Development or a related field.\n- Proven experience with technologies like Project Management.\n- Strong problem-solving skills and attention to detail.\n- Excellent communication and teamwork abilities.\n    	CONTRACT	t	\N	\N	248924	315978	\N	PUBLIC	OPEN	2025-10-07 11:54:26.062	2025-10-07 11:54:26.062	ENTRY
9c95b30d-c407-4f54-8b89-f3af3877085d	8db87a0d-eb67-4c89-9917-246154727281	HR Business Partner	\n**About Chocolate City Group Group**\nSeamless radical capacity We are a leading firm in the HR Specialist sector, committed to innovation and excellence. Our team is growing, and we are looking for a passionate and driven individual to join us.\n\n**Role Overview**\nWe are seeking a talented HR Business Partner to contribute to our dynamic team. The ideal candidate will be responsible for [Primary Responsibility 1, e.g., developing scalable web applications], [Primary Responsibility 2, e.g., collaborating with cross-functional teams], and [Primary Responsibility 3, e.g., maintaining code quality and best practices]. This role offers a unique opportunity to work on exciting projects and make a significant impact.\n\n**Key Responsibilities**\n- Sponte tactus aequitas vitium vigor turba reiciendis ventus.\n- Abduco delicate amet deprimo despecto.\n- Aeternus vito ademptio tumultus caelum ut conturbo atavus.\n- Desidero cruciamentum cura videlicet sollers cohaero angustus vinitor curo.\n\n**Qualifications**\n- Bachelor's degree in Business Administration or a related field.\n- Proven experience with technologies like Project Management.\n- Strong problem-solving skills and attention to detail.\n- Excellent communication and teamwork abilities.\n    	FULLTIME	f	505	10569	121521	252000	\N	PUBLIC	OPEN	2025-10-07 11:54:26.066	2025-10-07 11:54:26.066	ENTRY
0abad766-c9b6-4c76-a4cb-55094d48f979	706b81a0-acb5-487d-8f9f-ae1509af8868	SEO Analyst	\n**About Chevron Nigeria Partners**\nManaged impactful middleware We are a leading firm in the Digital Marketer sector, committed to innovation and excellence. Our team is growing, and we are looking for a passionate and driven individual to join us.\n\n**Role Overview**\nWe are seeking a talented SEO Analyst to contribute to our dynamic team. The ideal candidate will be responsible for [Primary Responsibility 1, e.g., developing scalable web applications], [Primary Responsibility 2, e.g., collaborating with cross-functional teams], and [Primary Responsibility 3, e.g., maintaining code quality and best practices]. This role offers a unique opportunity to work on exciting projects and make a significant impact.\n\n**Key Responsibilities**\n- Annus temporibus ciminatio arx tabula nemo.\n- Vorago deputo correptius creator consuasor supellex aperio canonicus cohibeo nemo.\n- Tibi debeo considero molestiae vinculum.\n- Amplitudo animi audentia vicinus auditor amiculum at aggredior tergo vulnus.\n\n**Qualifications**\n- Bachelor's degree in Mass Communication or a related field.\n- Proven experience with technologies like Data Analysis.\n- Strong problem-solving skills and attention to detail.\n- Excellent communication and teamwork abilities.\n    	FULLTIME	f	500	10464	87744	285650	\N	PUBLIC	OPEN	2025-10-07 11:54:26.07	2025-10-07 11:54:26.07	ENTRY
5f69cdc7-5a89-4b08-a825-713617b44e3c	e0ffe090-2383-4262-bb81-f1e02ca09237	Human Resources Generalist	\n**About Kobo360 Partners**\nReduced system-worthy migration We are a leading firm in the HR Specialist sector, committed to innovation and excellence. Our team is growing, and we are looking for a passionate and driven individual to join us.\n\n**Role Overview**\nWe are seeking a talented Human Resources Generalist to contribute to our dynamic team. The ideal candidate will be responsible for [Primary Responsibility 1, e.g., developing scalable web applications], [Primary Responsibility 2, e.g., collaborating with cross-functional teams], and [Primary Responsibility 3, e.g., maintaining code quality and best practices]. This role offers a unique opportunity to work on exciting projects and make a significant impact.\n\n**Key Responsibilities**\n- Comburo cui abutor dedecor confido ducimus ustulo demitto.\n- Similique pecto apostolus ara coadunatio.\n- Teres exercitationem coniuratio templum tardus vesper pecus.\n- Clam sonitus cultura allatus terror vindico conventus infit cohibeo appono.\n\n**Qualifications**\n- Bachelor's degree in Psychology or a related field.\n- Proven experience with technologies like Customer Service.\n- Strong problem-solving skills and attention to detail.\n- Excellent communication and teamwork abilities.\n    	PARTTIME	f	511	10700	183741	246211	\N	PUBLIC	OPEN	2025-10-07 11:54:26.073	2025-10-07 11:54:26.073	ENTRY
24ca4968-c0a5-4469-a4c9-82ea08d63904	754e9d60-2cca-432c-9e89-33b99f71579d	Recruitment Specialist	\n**About Sahara Group Partners**\nProgressive coherent function We are a leading firm in the HR Specialist sector, committed to innovation and excellence. Our team is growing, and we are looking for a passionate and driven individual to join us.\n\n**Role Overview**\nWe are seeking a talented Recruitment Specialist to contribute to our dynamic team. The ideal candidate will be responsible for [Primary Responsibility 1, e.g., developing scalable web applications], [Primary Responsibility 2, e.g., collaborating with cross-functional teams], and [Primary Responsibility 3, e.g., maintaining code quality and best practices]. This role offers a unique opportunity to work on exciting projects and make a significant impact.\n\n**Key Responsibilities**\n- Tabesco cur paulatim.\n- Coadunatio capio aperio valeo tempus comparo aro possimus cervus.\n- Acquiro cupiditate vereor.\n- Totidem audio labore praesentium cilicium creber quisquam tero audio allatus.\n\n**Qualifications**\n- Bachelor's degree in Industrial Relations or a related field.\n- Proven experience with technologies like Recruitment.\n- Strong problem-solving skills and attention to detail.\n- Excellent communication and teamwork abilities.\n    	FULLTIME	f	497	10374	233817	329151	\N	PUBLIC	OPEN	2025-10-07 11:54:26.077	2025-10-07 11:54:26.077	ENTRY
ecdaa7c9-0c77-45c1-a57a-50e608130616	e0ffe090-2383-4262-bb81-f1e02ca09237	HR Business Partner	\n**About Kobo360 Partners**\nOrganic asymmetric success We are a leading firm in the HR Specialist sector, committed to innovation and excellence. Our team is growing, and we are looking for a passionate and driven individual to join us.\n\n**Role Overview**\nWe are seeking a talented HR Business Partner to contribute to our dynamic team. The ideal candidate will be responsible for [Primary Responsibility 1, e.g., developing scalable web applications], [Primary Responsibility 2, e.g., collaborating with cross-functional teams], and [Primary Responsibility 3, e.g., maintaining code quality and best practices]. This role offers a unique opportunity to work on exciting projects and make a significant impact.\n\n**Key Responsibilities**\n- Careo quaerat ait abstergo pecto debilito vobis natus.\n- Accommodo tergiversatio verus delectatio.\n- Aeternus spes angulus deprecator deleo casus subvenio audio sodalitas credo.\n- Vox necessitatibus cui ipsam iure summisse tunc deputo adulescens.\n\n**Qualifications**\n- Bachelor's degree in Psychology or a related field.\n- Proven experience with technologies like Human Resources.\n- Strong problem-solving skills and attention to detail.\n- Excellent communication and teamwork abilities.\n    	FULLTIME	t	\N	\N	98839	195259	\N	PUBLIC	OPEN	2025-10-07 11:54:26.081	2025-10-07 11:54:26.081	ENTRY
6fe204fb-bd2d-4433-9f93-dbbd18ea6046	d8dd31dd-2490-432a-ad78-9e9b9bb33732	Data Scientist	\n**About LEAP Africa Solutions**\nCentralized full-range monitoring We are a leading firm in the Data Analyst sector, committed to innovation and excellence. Our team is growing, and we are looking for a passionate and driven individual to join us.\n\n**Role Overview**\nWe are seeking a talented Data Scientist to contribute to our dynamic team. The ideal candidate will be responsible for [Primary Responsibility 1, e.g., developing scalable web applications], [Primary Responsibility 2, e.g., collaborating with cross-functional teams], and [Primary Responsibility 3, e.g., maintaining code quality and best practices]. This role offers a unique opportunity to work on exciting projects and make a significant impact.\n\n**Key Responsibilities**\n- Demo veritas voveo.\n- Viduo toties custodia vetus cauda titulus.\n- Arbustum termes tubineus totidem carus eius virga.\n- Sto termes commodi suffoco assumenda calcar.\n\n**Qualifications**\n- Bachelor's degree in Economics or a related field.\n- Proven experience with technologies like Software Development.\n- Strong problem-solving skills and attention to detail.\n- Excellent communication and teamwork abilities.\n    	FULLTIME	f	487	10180	190807	250902	\N	PUBLIC	OPEN	2025-10-07 11:54:26.086	2025-10-07 11:54:26.086	ENTRY
9be468f5-44ed-457f-817b-117f691771c8	d8dd31dd-2490-432a-ad78-9e9b9bb33732	Project Manager	\n**About LEAP Africa Solutions**\nPhased disintermediate challenge We are a leading firm in the Project Manager sector, committed to innovation and excellence. Our team is growing, and we are looking for a passionate and driven individual to join us.\n\n**Role Overview**\nWe are seeking a talented Project Manager to contribute to our dynamic team. The ideal candidate will be responsible for [Primary Responsibility 1, e.g., developing scalable web applications], [Primary Responsibility 2, e.g., collaborating with cross-functional teams], and [Primary Responsibility 3, e.g., maintaining code quality and best practices]. This role offers a unique opportunity to work on exciting projects and make a significant impact.\n\n**Key Responsibilities**\n- Alii non succurro vindico angelus agnitio conqueror facere utroque provident.\n- Pecto acidus xiphias.\n- Deputo conduco eum tutamen aequitas amo in causa carcer facere.\n- Quaerat consectetur summisse anser architecto adiuvo crustulum ipsum amoveo.\n\n**Qualifications**\n- Bachelor's degree in Information Technology or a related field.\n- Proven experience with technologies like Customer Service.\n- Strong problem-solving skills and attention to detail.\n- Excellent communication and teamwork abilities.\n    	FULLTIME	f	484	10122	225154	325240	\N	PUBLIC	OPEN	2025-10-07 11:54:26.089	2025-10-07 11:54:26.089	ENTRY
163d4a18-1721-470f-a349-c38fec0f36f2	f0ad6e06-c367-43d6-ae81-8d69a2fd8d69	SEO Analyst	\n**About Farmcrowdy Ltd.**\nManaged discrete protocol We are a leading firm in the Digital Marketer sector, committed to innovation and excellence. Our team is growing, and we are looking for a passionate and driven individual to join us.\n\n**Role Overview**\nWe are seeking a talented SEO Analyst to contribute to our dynamic team. The ideal candidate will be responsible for [Primary Responsibility 1, e.g., developing scalable web applications], [Primary Responsibility 2, e.g., collaborating with cross-functional teams], and [Primary Responsibility 3, e.g., maintaining code quality and best practices]. This role offers a unique opportunity to work on exciting projects and make a significant impact.\n\n**Key Responsibilities**\n- Contigo benevolentia ustilo curto solitudo solitudo cogito.\n- Adaugeo calamitas alienus eligendi.\n- Eos creator balbus totidem.\n- Patior beatus soleo tremo coruscus claro deripio depono caries arcesso.\n\n**Qualifications**\n- Bachelor's degree in Mass Communication or a related field.\n- Proven experience with technologies like Search Engine Optimization (SEO).\n- Strong problem-solving skills and attention to detail.\n- Excellent communication and teamwork abilities.\n    	CONTRACT	f	516	10805	88300	201302	\N	PUBLIC	OPEN	2025-10-07 11:54:26.093	2025-10-07 11:54:26.093	ENTRY
f7b61203-c5a6-4de9-93c0-8dba8b0bf246	754e9d60-2cca-432c-9e89-33b99f71579d	Talent Acquisition Manager	\n**About Sahara Group Partners**\nTriple-buffered well-modulated access We are a leading firm in the HR Specialist sector, committed to innovation and excellence. Our team is growing, and we are looking for a passionate and driven individual to join us.\n\n**Role Overview**\nWe are seeking a talented Talent Acquisition Manager to contribute to our dynamic team. The ideal candidate will be responsible for [Primary Responsibility 1, e.g., developing scalable web applications], [Primary Responsibility 2, e.g., collaborating with cross-functional teams], and [Primary Responsibility 3, e.g., maintaining code quality and best practices]. This role offers a unique opportunity to work on exciting projects and make a significant impact.\n\n**Key Responsibilities**\n- Deorsum cogito demum unus copia contra.\n- Unus aduro ventosus caput.\n- Thymum timidus unus maxime tenuis sum subseco tempus usque conduco.\n- Spiculum necessitatibus amita.\n\n**Qualifications**\n- Bachelor's degree in Business Administration or a related field.\n- Proven experience with technologies like Human Resources.\n- Strong problem-solving skills and attention to detail.\n- Excellent communication and teamwork abilities.\n    	NYSC	f	499	10425	246892	309428	\N	PUBLIC	OPEN	2025-10-07 11:54:26.097	2025-10-07 11:54:26.097	ENTRY
9d7ea1e3-69fb-4747-ad1a-6e10be669ba3	8ecbc6ea-0bf6-4f71-b077-aab938e3870b	Talent Acquisition Manager	\n**About BellaNaija Ltd.**\nFront-line tangible encoding We are a leading firm in the HR Specialist sector, committed to innovation and excellence. Our team is growing, and we are looking for a passionate and driven individual to join us.\n\n**Role Overview**\nWe are seeking a talented Talent Acquisition Manager to contribute to our dynamic team. The ideal candidate will be responsible for [Primary Responsibility 1, e.g., developing scalable web applications], [Primary Responsibility 2, e.g., collaborating with cross-functional teams], and [Primary Responsibility 3, e.g., maintaining code quality and best practices]. This role offers a unique opportunity to work on exciting projects and make a significant impact.\n\n**Key Responsibilities**\n- Summisse umbra contabesco inventore ab volaticus theatrum.\n- Terga repellat autus tamdiu abscido adiuvo attero qui cupio communis.\n- Cura aggero vehemens valde.\n- Vester sustineo cupiditate corrumpo vulgaris attonbitus cognomen suscipio adipiscor.\n\n**Qualifications**\n- Bachelor's degree in Business Administration or a related field.\n- Proven experience with technologies like Customer Service.\n- Strong problem-solving skills and attention to detail.\n- Excellent communication and teamwork abilities.\n    	NYSC	f	490	10235	239894	337717	\N	PUBLIC	OPEN	2025-10-07 11:54:26.101	2025-10-07 11:54:26.101	ENTRY
2f431254-a2af-4585-8dad-fbdc818aca74	e10f3df1-95d6-428d-96f7-6156a218cdf6	Quantitative Analyst	\n**About Jumia Careers Ltd.**\nCompatible executive encryption We are a leading firm in the Data Analyst sector, committed to innovation and excellence. Our team is growing, and we are looking for a passionate and driven individual to join us.\n\n**Role Overview**\nWe are seeking a talented Quantitative Analyst to contribute to our dynamic team. The ideal candidate will be responsible for [Primary Responsibility 1, e.g., developing scalable web applications], [Primary Responsibility 2, e.g., collaborating with cross-functional teams], and [Primary Responsibility 3, e.g., maintaining code quality and best practices]. This role offers a unique opportunity to work on exciting projects and make a significant impact.\n\n**Key Responsibilities**\n- Acquiro comprehendo demo claudeo.\n- Dolorem explicabo sordeo denego ubi suspendo vulgivagus vel ratione coerceo.\n- Verus decumbo supellex laboriosam arbitro copiose veniam talio tantum damno.\n- Stillicidium uter conor a bellum tyrannus.\n\n**Qualifications**\n- Bachelor's degree in Economics or a related field.\n- Proven experience with technologies like Data Analysis.\n- Strong problem-solving skills and attention to detail.\n- Excellent communication and teamwork abilities.\n    	NYSC	f	496	10344	203912	309838	\N	PUBLIC	OPEN	2025-10-07 11:54:26.105	2025-10-07 11:54:26.105	ENTRY
94f4c44f-eb79-41ba-956c-0457fd3ec055	f7472be1-137d-42c4-b74a-9217988bd932	HR Business Partner	\n**About AdinKems Inc.**\nStand-alone methodical focus group We are a leading firm in the HR Specialist sector, committed to innovation and excellence. Our team is growing, and we are looking for a passionate and driven individual to join us.\n\n**Role Overview**\nWe are seeking a talented HR Business Partner to contribute to our dynamic team. The ideal candidate will be responsible for [Primary Responsibility 1, e.g., developing scalable web applications], [Primary Responsibility 2, e.g., collaborating with cross-functional teams], and [Primary Responsibility 3, e.g., maintaining code quality and best practices]. This role offers a unique opportunity to work on exciting projects and make a significant impact.\n\n**Key Responsibilities**\n- Viriliter accendo doloremque arcus vulpes dedico comparo surgo summa.\n- Caritas conculco attollo acsi tunc deorsum cultura strenuus.\n- Tener repellendus adsum.\n- Damno celer delectus ventosus complectus condico ratione.\n\n**Qualifications**\n- Bachelor's degree in Human Resources Management or a related field.\n- Proven experience with technologies like Recruitment.\n- Strong problem-solving skills and attention to detail.\n- Excellent communication and teamwork abilities.\n    	CONTRACT	t	\N	\N	156575	353019	\N	PUBLIC	OPEN	2025-10-07 11:54:26.108	2025-10-13 12:36:08.229	ENTRY
02b81944-33b3-4ec8-8ecb-685df60788d0	f7472be1-137d-42c4-b74a-9217988bd932	Full Stack Engineer	**About AdinKems Tech Solutions**\nWe are a leading firm in the Software Developer sector, committed to innovation and excellence. Our team is growing, and we are looking for a passionate and driven individual to join us.\n\n**Role Overview**\nWe are seeking a talented Full Stack Engineer to contribute to our dynamic team. The ideal candidate will be responsible for: \n1. Developing scalable web applications.\n2. Collaborating with cross-functional teams.\n3. Maintaining code quality and best practices. \n\nThis role offers a unique opportunity to work on exciting projects and make a significant impact.\n\n**Key Responsibilities**\n\n1. Develop and maintain end-to-end web applications, ensuring seamless integration between frontend and backend systems.\n2. Design and implement scalable APIs, databases, and server logic to support product features and performance goals.\n3. Collaborate with cross-functional teams (design, product, QA) to deliver high-quality, user-focused solutions on schedule.\n4. Monitor, debug, and optimize application performance, ensuring reliability, security, and maintainability across the stack.\n\n**Qualifications**\n- Bachelor's degree in Software Engineering or a related field.\n- Proven experience with technologies like Project Management.\n- Strong problem-solving skills and attention to detail.\n- Excellent communication and teamwork abilities.    	CONTRACT	f	491	10263	129066	328546	\N	PUBLIC	OPEN	2025-10-07 11:54:25.946	2025-10-17 23:32:37.93	SENIOR
\.


--
-- Data for Name: Application; Type: TABLE DATA; Schema: public; Owner: -
--

COPY public."Application" (id, "positionId", "candidateId", status, notes, "createdAt", "matchScore") FROM stdin;
1367316b-796d-4611-8478-30d45720a26e	02b81944-33b3-4ec8-8ecb-685df60788d0	bebab6e4-eae5-42f7-bc89-ccbccb0e4ecc	REJECTED	\N	2025-10-07 21:27:53.397	\N
8ccf3032-b6e7-4957-be65-6bf9bde7def0	02b81944-33b3-4ec8-8ecb-685df60788d0	5f0d4714-af15-42c1-8219-c513d3058de3	REVIEWING	\N	2025-10-07 21:27:53.397	\N
0967a2bb-88f1-4b02-b266-8c9c0050a67c	02b81944-33b3-4ec8-8ecb-685df60788d0	7209cb41-3de9-4cc3-bbba-d9baa46d5c2c	REVIEWING	\N	2025-10-07 21:27:53.397	\N
54dae2f9-6340-45b2-a4ed-8942f24e206b	02b81944-33b3-4ec8-8ecb-685df60788d0	68b0383d-6b8e-4feb-ab71-947e2423f794	REJECTED	\N	2025-10-07 21:27:53.397	\N
d89ad60b-a76b-4b85-bbc2-6c595ca92077	02b81944-33b3-4ec8-8ecb-685df60788d0	4be82dae-fcf3-4a01-b5a3-564c38113b68	REJECTED	\N	2025-10-07 21:27:53.397	\N
79fc8972-c49b-44bd-ab4b-1d350438bc74	02b81944-33b3-4ec8-8ecb-685df60788d0	c01d6d99-645c-4234-aab7-5ed9052daf8f	REJECTED	\N	2025-10-07 21:27:53.397	\N
0a16026d-d6a5-4f98-a7ad-d39d58dcaf1d	02b81944-33b3-4ec8-8ecb-685df60788d0	c0f23322-f625-4ab1-abe7-1740f476fd25	REJECTED	\N	2025-10-07 21:27:53.397	\N
2b658dc0-1ee1-4049-ab0d-0b8bfa8acd1c	02b81944-33b3-4ec8-8ecb-685df60788d0	a8a671fc-d06d-42eb-8a10-8d9326447019	REJECTED	\N	2025-10-07 21:27:53.397	\N
d9ea11e2-3818-4472-849b-b464e57debe8	02b81944-33b3-4ec8-8ecb-685df60788d0	9d3bce60-457e-4114-a2c8-e94f48539c25	REJECTED	\N	2025-10-07 21:27:53.397	\N
18c2218e-e596-4651-9d85-ad4a7bb6fd76	02b81944-33b3-4ec8-8ecb-685df60788d0	63f3c635-529e-408c-acca-3f825bf4bbeb	REJECTED	\N	2025-10-07 21:27:53.397	\N
12e0d393-1622-4397-bbf8-5d427f391c5f	02b81944-33b3-4ec8-8ecb-685df60788d0	29092626-efbb-48d7-aaec-b1f57ac2e0ff	REJECTED	\N	2025-10-07 21:27:53.397	\N
1740929b-f70e-452a-9c47-0cd504f6bd91	02b81944-33b3-4ec8-8ecb-685df60788d0	685c391a-b90c-4537-978b-4a933a4ba314	REJECTED	\N	2025-10-07 21:27:53.397	\N
176f41e5-9d07-4d7e-aed7-308c6e7f0951	02b81944-33b3-4ec8-8ecb-685df60788d0	f0e64025-b9bc-4709-9074-79ac55c148b0	REJECTED	\N	2025-10-07 21:27:53.397	\N
e235311b-f4f7-4ff4-afc0-d9843f5a040a	02b81944-33b3-4ec8-8ecb-685df60788d0	a6b66cdc-6f3c-4f46-91ae-cf1c437af827	REJECTED	\N	2025-10-07 21:27:53.397	\N
b2bdf1ee-a4b5-4082-a78c-feba93b7617a	c2e8e868-b3bb-4440-a9a9-954829200c1e	243d4130-0256-4a3e-89f5-c99888237c0f	HIRED	\N	2025-10-10 00:35:20.798	\N
681f6fa0-28f6-46f6-9a44-e7c26c180a24	069811d3-7d8f-4dbd-a1e8-4243eda4de68	243d4130-0256-4a3e-89f5-c99888237c0f	APPLIED	\N	2025-10-10 12:00:12.725	3
45de2a20-2896-4bd1-9cfc-4d4e2882a047	0f649b1f-9e80-42e2-ab97-7a9e1840271b	243d4130-0256-4a3e-89f5-c99888237c0f	APPLIED	\N	2025-10-12 17:08:15.18	8
0d703dee-7a18-4a9b-b50d-7a6805d55ff5	02b81944-33b3-4ec8-8ecb-685df60788d0	b1bf890e-2cc2-4e16-9799-49fdfd500772	OFFER	\N	2025-10-07 21:27:53.397	\N
c13d9c31-1434-4695-8a03-f3c8673f68f1	02b81944-33b3-4ec8-8ecb-685df60788d0	7f54e6bb-1cc1-479d-acc4-7f44ce72d80d	APPLIED	\N	2025-10-07 21:27:53.397	\N
d6fa6c3d-52a7-423b-afcb-fba551577c94	02b81944-33b3-4ec8-8ecb-685df60788d0	243d4130-0256-4a3e-89f5-c99888237c0f	HIRED	\N	2025-10-07 21:41:07.403	34
138e4f63-4f99-49f1-be51-36b31947acec	02b81944-33b3-4ec8-8ecb-685df60788d0	2e6ad436-5479-4aef-bbcc-cbeaf42f30fc	REJECTED	\N	2025-10-07 21:27:53.397	\N
737b8e54-6f38-4ce4-891c-d802bd7d0c1e	02b81944-33b3-4ec8-8ecb-685df60788d0	5d57a01f-e510-4a55-a8c5-b8f0648068df	REJECTED	\N	2025-10-07 21:27:53.397	\N
bcdb07f7-4051-4752-96f8-211543520612	02b81944-33b3-4ec8-8ecb-685df60788d0	821bdf09-f76d-4b72-9e5b-1efeca522188	REJECTED	\N	2025-10-07 21:27:53.397	\N
70b38dd3-b320-44fe-9336-6c9ef95af2d8	02b81944-33b3-4ec8-8ecb-685df60788d0	c2fab6a8-2765-459e-9d7f-819d64e67e94	REJECTED	\N	2025-10-07 21:27:53.397	\N
b67d0834-1879-4bb2-812c-59afef44f7a4	02b81944-33b3-4ec8-8ecb-685df60788d0	d1860ab2-ec60-4278-9e57-a3d550152681	REJECTED	\N	2025-10-07 21:27:53.397	\N
de459aea-0b4d-484c-a2c5-d225731717ef	02b81944-33b3-4ec8-8ecb-685df60788d0	db66a97e-b80b-4fe0-a679-6e19b7749fe1	REJECTED	\N	2025-10-07 21:27:53.397	\N
0ce4afea-43ef-4dbf-a127-03175c93d14b	02b81944-33b3-4ec8-8ecb-685df60788d0	8c3e88dc-66a2-46a3-97ec-def28b34c41f	REJECTED	\N	2025-10-07 21:27:53.397	\N
d550da9d-c20a-4b86-b519-0a341c80eb5c	02b81944-33b3-4ec8-8ecb-685df60788d0	59279f59-4c10-4cc8-850f-d335f16956bb	REJECTED	\N	2025-10-07 21:27:53.397	\N
bb8dba74-dafe-47bf-8c71-821f41d4f616	02b81944-33b3-4ec8-8ecb-685df60788d0	10ef0a89-f235-4380-b1e3-b788ea0485c8	REJECTED	\N	2025-10-07 21:27:53.397	\N
c3c6eaaf-d71f-4932-a98e-738be5e4cfca	02b81944-33b3-4ec8-8ecb-685df60788d0	377c9bf6-c15b-4620-93a0-f83c3022dda7	REJECTED	\N	2025-10-07 21:27:53.397	\N
9fa1588a-ee65-461d-a294-78ebcda0e720	02b81944-33b3-4ec8-8ecb-685df60788d0	246f04e6-555b-4522-a893-8e0dcadb67b3	REJECTED	\N	2025-10-07 21:27:53.397	\N
7a917a58-24ec-45af-8f9a-f1d9f8c90cdb	02b81944-33b3-4ec8-8ecb-685df60788d0	255d8dea-e991-4b8e-8270-95a40c17c893	REJECTED	\N	2025-10-07 21:27:53.397	\N
a1fbf180-da1c-4531-b839-bdc17792fb3f	02b81944-33b3-4ec8-8ecb-685df60788d0	66d7b3b7-e791-477f-b9cf-b42fa38e87cc	REJECTED	\N	2025-10-07 21:27:53.397	\N
c8ad17db-6909-4805-b936-5fff9e6580ae	02b81944-33b3-4ec8-8ecb-685df60788d0	650adfeb-f8a9-4e58-8576-42b33e1188e3	REJECTED	\N	2025-10-07 21:27:53.397	\N
0dd020f1-7733-4a92-b469-c115d73fb6fa	02b81944-33b3-4ec8-8ecb-685df60788d0	7a3496dc-f774-4199-9d15-3401fbf28325	REJECTED	\N	2025-10-07 21:27:53.397	\N
c6ef97dd-6064-4eab-a931-0cac0005389c	02b81944-33b3-4ec8-8ecb-685df60788d0	d3dadcf9-542c-4b26-9f09-37c6e81aa7e0	REJECTED	\N	2025-10-07 21:27:53.397	\N
870336f5-17a0-4721-abb2-5ec00a24c8b2	02b81944-33b3-4ec8-8ecb-685df60788d0	b17ef250-cf87-43a5-aa3f-daea024a1fda	REJECTED	\N	2025-10-07 21:27:53.397	\N
37b1767e-2d62-4945-a186-5e745234f9d7	02b81944-33b3-4ec8-8ecb-685df60788d0	73d8e3c4-b703-4b07-b921-fbee47bb6510	REJECTED	\N	2025-10-07 21:27:53.397	\N
76e1ed51-6ec9-499a-9ef6-06471fbfd061	02b81944-33b3-4ec8-8ecb-685df60788d0	8eaa9738-46fa-4df0-be55-48b75509c895	REJECTED	\N	2025-10-07 21:27:53.397	\N
382d4d4a-42e0-40e8-ac75-a6605f5ac190	02b81944-33b3-4ec8-8ecb-685df60788d0	9865676c-b9ee-458b-88ac-3b28d54bef4e	REJECTED	\N	2025-10-07 21:27:53.397	\N
377d951f-1676-47f5-a02f-c59532fb8b38	02b81944-33b3-4ec8-8ecb-685df60788d0	d8eb5f31-9ee3-4285-a80c-64d2dbbbfeda	REJECTED	\N	2025-10-07 21:27:53.397	\N
552d9b7e-600e-4f4f-8e67-1b6d0c4861e1	02b81944-33b3-4ec8-8ecb-685df60788d0	7287df1c-48a2-43ae-88d3-3da00ee612d2	REJECTED	\N	2025-10-07 21:27:53.397	\N
056d9b22-7d2e-4648-b577-2af94b1b9384	02b81944-33b3-4ec8-8ecb-685df60788d0	e88bec17-86c4-46a8-94fe-56232bab560e	REJECTED	\N	2025-10-07 21:27:53.397	\N
54625d0e-d199-47f8-b391-f9515c285a3d	02b81944-33b3-4ec8-8ecb-685df60788d0	726bda34-8a98-475d-827d-baac0acd8a4c	REJECTED	\N	2025-10-07 21:27:53.397	\N
33f9bf97-bb6a-4c6b-a6ec-8101655942bb	02b81944-33b3-4ec8-8ecb-685df60788d0	6b880489-6bb6-4de4-8878-10061fe261ef	REJECTED	\N	2025-10-07 21:27:53.397	\N
89afbc7e-820d-4bed-85b0-9f4e4bd48772	02b81944-33b3-4ec8-8ecb-685df60788d0	d947c918-9dfe-48b3-bebd-88085a6a4999	REJECTED	\N	2025-10-07 21:27:53.397	\N
7e468b1f-27c3-4668-aa16-eb90096d00e9	02b81944-33b3-4ec8-8ecb-685df60788d0	e464f07c-5724-4d2f-afe0-619a1f5f2253	REJECTED	\N	2025-10-07 21:27:53.397	\N
a74884f1-c69d-4cef-9d98-139308ddbb25	02b81944-33b3-4ec8-8ecb-685df60788d0	6a2529fc-368f-4d1c-a37e-3ea7e15282f5	REJECTED	\N	2025-10-07 21:27:53.397	\N
d5ebeb16-cd28-42c1-be6d-6ce5ee6fa572	02b81944-33b3-4ec8-8ecb-685df60788d0	4ed154d7-d7c0-44fa-a9b9-ce2d175bc8e5	REJECTED	\N	2025-10-07 21:27:53.397	\N
275d0265-03a5-4686-966e-421e9e5a8a4a	02b81944-33b3-4ec8-8ecb-685df60788d0	64feaaad-d96f-4d98-b675-7a4c2b379694	REJECTED	\N	2025-10-07 21:27:53.397	\N
4f8fcb1e-b2d6-4e24-9857-35e9370ba126	02b81944-33b3-4ec8-8ecb-685df60788d0	a10028dd-3610-4a6c-a9e1-78b029bfb772	REJECTED	\N	2025-10-07 21:27:53.397	\N
156142fd-73f0-432a-b537-8d13d79453f4	08ae1862-85d6-4279-a0e4-55744662aab7	243d4130-0256-4a3e-89f5-c99888237c0f	APPLIED	\N	2025-10-12 17:10:56.208	9
a794c04a-0e15-4ab4-8a69-ea6e7962d507	02b81944-33b3-4ec8-8ecb-685df60788d0	fc7fec5b-f90f-4fd0-90a6-865bd342ced1	REJECTED	\N	2025-10-07 21:27:53.397	\N
539a0e2d-864b-41da-9c62-6dab32361e66	02b81944-33b3-4ec8-8ecb-685df60788d0	99ca692f-b82f-478e-9bb5-91e495f5345b	REJECTED	\N	2025-10-07 21:27:53.397	\N
a4ff1cbf-96d5-464e-92ff-567c3e779967	02b81944-33b3-4ec8-8ecb-685df60788d0	02515fe2-95d1-4ae0-a691-e5a9ba34a59e	REJECTED	\N	2025-10-07 21:27:53.397	\N
4f504b53-72e3-477f-a274-1a78cdd4fd58	02b81944-33b3-4ec8-8ecb-685df60788d0	439dd73a-be3c-40c5-b026-8e24ac6f923d	REJECTED	\N	2025-10-07 21:27:53.397	\N
bd3d4273-3897-44b4-a447-cbd5fc05df73	02b81944-33b3-4ec8-8ecb-685df60788d0	18f0242a-36d5-4821-8f68-c1cd1787d52a	REJECTED	\N	2025-10-07 21:27:53.397	\N
59f429c4-2b0c-46d2-a974-91a9f0f4a98a	02b81944-33b3-4ec8-8ecb-685df60788d0	789be1ef-7dd9-4098-b8f2-c313965fe31c	REJECTED	\N	2025-10-07 21:27:53.397	\N
69f3d0b4-cc17-41ce-bfd9-6bcaef138b13	02b81944-33b3-4ec8-8ecb-685df60788d0	25a20448-427d-4974-9feb-b101f24ab2b3	REJECTED	\N	2025-10-07 21:27:53.397	\N
bb0c556e-0a28-44bc-90c0-e10d0942e5dc	02b81944-33b3-4ec8-8ecb-685df60788d0	46b262b5-0a74-4b95-a234-1e1cbfb79cac	REJECTED	\N	2025-10-07 21:27:53.397	\N
67895ca2-169f-43da-a605-404ccbec9492	02b81944-33b3-4ec8-8ecb-685df60788d0	a378f56a-5b39-4bd3-9e70-9b65356585ac	REJECTED	\N	2025-10-07 21:27:53.397	\N
686575ee-bed0-46a3-96bf-30778711f999	02b81944-33b3-4ec8-8ecb-685df60788d0	894ce5f7-1cff-4938-b10c-544e6512d0ff	REJECTED	\N	2025-10-07 21:27:53.397	\N
eb369124-ab89-477a-be3e-e4ce4f9c5743	02b81944-33b3-4ec8-8ecb-685df60788d0	154ed8bd-fb8e-433d-b394-ace67cd3403f	REJECTED	\N	2025-10-07 21:27:53.397	\N
1aeb311c-0408-45ad-a31e-be20857007c0	02b81944-33b3-4ec8-8ecb-685df60788d0	98bfc766-dd82-47b4-91c8-4bd97ba010d7	REJECTED	\N	2025-10-07 21:27:53.397	\N
2af2e431-7710-4884-8c3e-fcaeb8b307e5	02b81944-33b3-4ec8-8ecb-685df60788d0	d3fd8091-dbc4-47d5-a270-83acf51cc97a	REJECTED	\N	2025-10-07 21:27:53.397	\N
2e1333f8-2362-4ccb-9318-93ef9e0d4446	02b81944-33b3-4ec8-8ecb-685df60788d0	37251941-2c78-413d-aad2-57b02b847bb2	REJECTED	\N	2025-10-07 21:27:53.397	\N
eea8f335-5171-4acc-8970-b1d3adc02542	02b81944-33b3-4ec8-8ecb-685df60788d0	7c3237eb-dfb5-493f-bf38-9a84e2140103	REJECTED	\N	2025-10-07 21:27:53.397	\N
2a517152-e526-4fb2-a7cf-f0b9439f0b9c	02b81944-33b3-4ec8-8ecb-685df60788d0	fcdb8b9e-8944-46cc-b5ed-8d0b6a0a731d	REJECTED	\N	2025-10-07 21:27:53.397	\N
e6933901-3552-45a1-86a5-44c9b2a3cfb2	02b81944-33b3-4ec8-8ecb-685df60788d0	44bb5b40-9d3f-43f4-a696-02b39d7b83a0	REJECTED	\N	2025-10-07 21:27:53.397	\N
e6598efc-8065-4d60-97a7-a70f6f43ea7e	02b81944-33b3-4ec8-8ecb-685df60788d0	0ef66d72-7ffb-40a4-83b9-cc80256bdb2e	REJECTED	\N	2025-10-07 21:27:53.397	\N
057585a6-0a97-4449-a8ec-aa8c8610acd1	02b81944-33b3-4ec8-8ecb-685df60788d0	e97c4862-ce50-4582-8f87-75b714185ce5	REJECTED	\N	2025-10-07 21:27:53.397	\N
3fbdee71-d753-488b-b59d-167d140c2813	02b81944-33b3-4ec8-8ecb-685df60788d0	6dfd2329-0064-4d69-9e19-858f5288635f	REJECTED	\N	2025-10-07 21:27:53.397	\N
670bcad4-1791-4567-93f1-51da0ed34ca8	02b81944-33b3-4ec8-8ecb-685df60788d0	fcfffc72-09fc-4c51-b578-712f2234f39c	REJECTED	\N	2025-10-07 21:27:53.397	\N
eb54e195-f9da-4fa9-8147-1e130563dcd3	02b81944-33b3-4ec8-8ecb-685df60788d0	d798c874-d1a1-4b19-b719-5363dde8c0b0	REJECTED	\N	2025-10-07 21:27:53.397	\N
\.


--
-- Data for Name: AuditLog; Type: TABLE DATA; Schema: public; Owner: -
--

COPY public."AuditLog" (id, "actorId", action, "createdAt", metadata, "targetId") FROM stdin;
07efdfb9-961c-4ef5-8db8-2289300adf7c	24561236-b941-4ff8-ad41-b9b71adcafdd	user.status.update	2025-10-13 14:38:03.194	{"newStatus": "SUSPENDED", "previousStatus": "ACTIVE", "targetUserEmail": "tonystark@gmail.com"}	530ce8d4-fa1d-4c5e-95be-48ef2f38d0f2
d58e8581-e021-4ce0-9f06-78617dbea6d5	24561236-b941-4ff8-ad41-b9b71adcafdd	user.status.update	2025-10-13 14:38:33.579	{"newStatus": "ACTIVE", "previousStatus": "SUSPENDED", "targetUserEmail": "tonystark@gmail.com"}	530ce8d4-fa1d-4c5e-95be-48ef2f38d0f2
\.


--
-- Data for Name: BoostTier; Type: TABLE DATA; Schema: public; Owner: -
--

COPY public."BoostTier" (id, name, price, "durationInDays", "reachMultiplier", description, "stripePriceId") FROM stdin;
1ffa8ac4-063f-4abc-b1cf-031cda8497df	STANDARD	5000	3	2	+2x Reach for 3 Days	price_1SHsI3IGb6x0f404Gt1GARZq
3d518f55-d68d-4616-accd-93625de223c8	PREMIUM	15000	7	5	+5x Reach for 7 Days	price_1SHsJoIGb6x0f404N3Si1zsI
\.


--
-- Data for Name: CandidateCertificate; Type: TABLE DATA; Schema: public; Owner: -
--

COPY public."CandidateCertificate" (id, "candidateId", title, issuer, "issuedAt", "fileKey", "fileHash", verified, "verifierId") FROM stdin;
87d8985f-18ab-4312-af5f-22827d5be3f0	5e5c0ce5-b78b-4872-be2d-447f4423643b	Product Management Certification	Heathcote - Hettinger	2025-04-04 07:25:05.052	yum.xml	6KsNXGTA6YQD	f	\N
623effc9-5998-4bc1-bae9-9e2f784041e4	0ef66d72-7ffb-40a4-83b9-cc80256bdb2e	Sales Certification	Price, Macejkovic and Auer	2025-06-08 01:08:26.32	alb.rmi	IQ3w2PXMapk2	t	\N
690c7525-5a3c-4caa-9863-640c44f011a9	53adc178-1033-4234-aa9d-b12b4762c958	Financial Analysis Certification	O'Kon Inc	2025-06-09 12:00:12.819	gazebo.conf	dib4r6yr18GI	t	\N
b11220a9-fd54-47b7-93e8-4ba0772dc10d	53adc178-1033-4234-aa9d-b12b4762c958	Financial Analysis Certification	Hudson, Erdman and Hudson	2025-02-10 10:30:02.798	quarrelsomely_mathematics_emboss.log	IFheeTEv7odV	f	\N
618695b5-b479-4fa3-a289-0606118b320d	255d8dea-e991-4b8e-8270-95a40c17c893	Product Management Certification	Stracke, Langworth and Lindgren	2024-11-10 03:25:39.056	option.avi	MZXpSSKSI30C	f	\N
11266e21-a063-4094-bcd9-71f3a5c740d3	255d8dea-e991-4b8e-8270-95a40c17c893	Product Management Certification	Price Inc	2025-03-05 00:58:52.088	offset_waterspout.pps	29F4WcK0i4jB	f	\N
a0802f74-2a7c-4b8c-8012-77195bf24cf9	d3fd8091-dbc4-47d5-a270-83acf51cc97a	Software Development Certification	Wiegand, Brown and Kris	2025-09-06 23:00:33.149	deer_finally_menacing.ogg	hjCDupsjOxtx	t	\N
5e8b3c2a-b3a8-44ac-a760-fb0db6ee3011	d3fd8091-dbc4-47d5-a270-83acf51cc97a	Software Development Certification	Murazik, Hilll and Leannon	2025-10-04 04:17:00.653	to.vst	H6AuazOGvG0F	t	\N
8197ba19-2752-4c78-a084-e53e73c6f7be	d947c918-9dfe-48b3-bebd-88085a6a4999	Business Analysis Certification	Stracke, Hammes and Reynolds	2025-05-04 22:01:00.907	next.in	f7KUYjKz4Mi2	t	\N
aaa17402-4bad-49a9-8839-559ce04c1db2	a6b66cdc-6f3c-4f46-91ae-cf1c437af827	Project Management Certification	DuBuque, Hirthe and Kerluke	2025-06-01 21:44:45.813	bah_short_term.midi	PgmcQ9Cigybp	t	\N
0ae0370f-38fb-4530-a016-4173d1eb21a9	5f0d4714-af15-42c1-8219-c513d3058de3	UI/UX Design Certification	Hickle, Braun and Schuster	2025-06-25 22:49:49.73	furthermore_likewise.boz	aSJ9toDHsEWY	t	\N
cfea04f1-af27-404d-80cd-4f12d0e548a3	29092626-efbb-48d7-aaec-b1f57ac2e0ff	Software Development Certification	Wiegand - Gislason	2025-10-02 00:19:07.125	likewise_oh_around.dms	f6a1M83Hie6j	f	\N
41e91d86-22b4-41be-8bfb-4f252699f3b1	6dfd2329-0064-4d69-9e19-858f5288635f	Software Development Certification	Kilback, Auer and Beer	2025-10-05 12:27:12.272	insert_slowly_voluminous.json	1CyJ6EzvF1kG	f	\N
291c8257-1940-4118-a183-6aee644387c4	7287df1c-48a2-43ae-88d3-3da00ee612d2	Human Resources Certification	West, Bartell and Koss	2025-04-11 07:31:43.85	skeleton_christen_generously.deploy	CU8CINnmPsUd	t	\N
f50baf26-bde4-427f-aacb-f6e5124ec284	46b262b5-0a74-4b95-a234-1e1cbfb79cac	Project Management Certification	Fisher Inc	2025-02-23 08:38:21.483	lumpy_carefully_when.m2a	6ggeOb9Nmd7D	t	\N
524b5d63-a156-4fd7-b247-dda4e733bbd8	f559d9c4-b424-4758-a1ca-dcf94497dcd8	Customer Service Certification	Grady Inc	2025-03-18 04:47:53.568	helplessly_yippee_ignorance.buffer	kctaEc23a50q	t	\N
951db90d-c221-4675-a9c8-0c4edab97981	f559d9c4-b424-4758-a1ca-dcf94497dcd8	Customer Service Certification	Tromp Group	2024-10-20 08:40:24.144	bench_discrete_navigate.m2a	WdTm9rpr5VnT	f	\N
aeca9a13-d682-4381-9bf2-913eb9ab7af7	db66a97e-b80b-4fe0-a679-6e19b7749fe1	Software Development Certification	Hickle - Glover	2025-04-07 19:00:07.731	marksman_worth.woff2	o1QmQqMc9M1U	t	\N
c4757c98-7258-4ad1-ab48-5c7efe11cc2e	66d7b3b7-e791-477f-b9cf-b42fa38e87cc	Financial Analysis Certification	Stamm LLC	2024-11-01 03:11:56.171	recklessly_mostly_forenenst.m2v	j3SStO67uZ7Z	f	\N
e1e9c913-1e42-4caf-a5c6-3522fbf478e9	66d7b3b7-e791-477f-b9cf-b42fa38e87cc	Financial Analysis Certification	Jacobs, Huel and Crooks	2024-12-12 10:52:13.595	license.dist	KE4UGpKngwqK	t	\N
de397214-832a-49b4-b3f3-7d1952bc26db	63f3c635-529e-408c-acca-3f825bf4bbeb	Auditing Certification	White, Brown and Doyle	2025-02-07 17:12:04.093	yuck_swine.msp	76bWBaa3v6Z9	f	\N
88c2df39-7e72-4260-ba39-21cf84171768	246f04e6-555b-4522-a893-8e0dcadb67b3	Data Analysis Certification	Waelchi Group	2025-06-26 06:02:39.568	um_substantial.jpeg	chuGYeMVcOkb	t	\N
423a296b-965b-4326-909e-c5dee07122e6	377c9bf6-c15b-4620-93a0-f83c3022dda7	Team Management Certification	Connelly - Goldner	2025-08-20 16:50:37.751	defrag.7z	9xYhUfDYE3YW	t	\N
5cd2945d-a43f-4a4d-8180-edd72dcdc692	377c9bf6-c15b-4620-93a0-f83c3022dda7	Team Management Certification	O'Keefe, Effertz and Simonis	2025-07-01 09:58:31.964	beyond_round_jaggedly.xhtml	Ks4aI4VBCwFv	t	\N
9bc23621-af46-4898-8c57-2e947ba9a6ff	2e6ad436-5479-4aef-bbcc-cbeaf42f30fc	Project Management Certification	Robel Group	2025-05-23 17:29:18.064	opposite_very_about.pdf	X5bWDr8xJBeu	t	\N
6fc64cbb-30b6-4471-938d-50946961030d	3ffc0f7c-e816-478b-abcb-5922ca158872	Software Development Certification	Ritchie, Bahringer and Hackett	2024-10-28 02:18:41.247	like.img	xPxTttVLQfSK	f	\N
87fc464a-32e1-40e3-ae20-8a65582f29b2	0519b2d3-a562-4e13-802a-0361deda5825	UI/UX Design Certification	Kohler Group	2025-06-22 16:40:58.064	pace_stealthily_mmm.xlc	6Kdvyy97SmmX	f	\N
5a7b4bea-7286-444d-931b-d26754b453fc	439dd73a-be3c-40c5-b026-8e24ac6f923d	Search Engine Optimization (SEO) Certification	Deckow and Sons	2024-10-27 02:11:31.447	brief.ics	kv4qTspgMlHA	f	\N
12fbc915-26e5-4820-953f-f25265b1d134	4be82dae-fcf3-4a01-b5a3-564c38113b68	Database Management (SQL/NoSQL) Certification	Sauer, Stiedemann and Wiegand	2025-04-16 01:09:07.658	provided_a_posh.log	Xap5lYTFgIRl	f	\N
8c7bdcef-6161-44f8-b997-f104b47af846	4be82dae-fcf3-4a01-b5a3-564c38113b68	Database Management (SQL/NoSQL) Certification	Bogisich and Sons	2025-01-13 08:46:58.646	epic_consequently_resolve.odp	6Sx78vDYBhX6	f	\N
5c039b8a-a87e-4f19-8dfc-a1ba47eb50a9	68b0383d-6b8e-4feb-ab71-947e2423f794	Search Engine Optimization (SEO) Certification	Stark - Cronin	2025-07-08 13:41:15.698	versus.iso	aE716oYY7y4L	t	\N
07028803-50d4-46b6-84b4-02c9156b3655	68b0383d-6b8e-4feb-ab71-947e2423f794	Search Engine Optimization (SEO) Certification	Nitzsche, Bode and Crooks	2024-12-04 11:35:04.443	onto_acquaintance_minus.csh	2vIdZRDCcPgK	f	\N
6427cdcd-1150-4c73-b0e4-ca6971ac38d6	73d8e3c4-b703-4b07-b921-fbee47bb6510	Project Management Certification	Bergnaum Inc	2025-05-11 05:56:40.21	because_traditionalism.xlc	CLgsOPPgFebL	f	\N
06bc9399-c111-4bc4-8e73-17c0a9c61156	73d8e3c4-b703-4b07-b921-fbee47bb6510	Project Management Certification	Oberbrunner Group	2025-07-27 23:15:12.8	misspend_considering.htm	lBvu0jgQRGyX	f	\N
28b57c1e-c43d-41cb-8f06-349923196f47	a8a671fc-d06d-42eb-8a10-8d9326447019	Customer Service Certification	Jones, Bradtke and Gleichner	2025-05-27 20:03:58.666	shush_gosh_before.ico	LC7v2Vld1toG	t	\N
68ff78b7-89b6-4cba-809b-61a9ea49ec31	98bfc766-dd82-47b4-91c8-4bd97ba010d7	Search Engine Optimization (SEO) Certification	Pfeffer - Graham	2025-05-24 00:02:26.217	incidentally_fortunately_geez.rtf	d2HA0XfnPJEr	t	\N
51b35f4e-464a-4e51-be54-1c4840acd663	44bb5b40-9d3f-43f4-a696-02b39d7b83a0	Project Management Certification	Kohler - Gulgowski	2025-05-25 21:58:11.494	partially_kindheartedly_bah.mpeg	8S2g3iaaFYXp	t	\N
00f55e00-61c5-48d9-a758-2fa15a90badc	44bb5b40-9d3f-43f4-a696-02b39d7b83a0	Project Management Certification	Bruen, Grimes and Torphy	2025-06-23 17:12:50.151	cleaner_excluding.svg	Ynj6TTbQD0W0	t	\N
9a8ff842-fed8-401f-80c0-d0027da25564	e88bec17-86c4-46a8-94fe-56232bab560e	Customer Service Certification	Heidenreich LLC	2025-04-30 20:10:20.949	off.boz	xS03E2YrScnd	t	\N
e4bcc051-439a-465a-b214-50cd0f5a8079	e88bec17-86c4-46a8-94fe-56232bab560e	Customer Service Certification	Jaskolski LLC	2025-09-20 00:07:56.926	analyse.dll	SF3Z5NtRq1yn	t	\N
c6da280f-d3fe-48a3-9a68-654dcbd43cba	450895a3-6fc1-43d6-b49f-8f74d3da4ea5	Software Development Certification	Gibson - Oberbrunner	2025-01-29 22:25:12.081	provided_finally.dump	cxbc22R0Jfqm	t	\N
defa16c1-0220-46d4-b4a6-7401c41e54a0	450895a3-6fc1-43d6-b49f-8f74d3da4ea5	Software Development Certification	Little Inc	2025-02-17 12:03:24.815	stingy_gym.aac	xf7XUxIKLUCz	t	\N
b98b9c94-5a02-4e56-9cd1-e4b8fa6d6595	726bda34-8a98-475d-827d-baac0acd8a4c	Data Analysis Certification	Marvin and Sons	2025-02-24 12:52:19.626	till_midst.mp2a	RX34kKhyBZC2	t	\N
e86591da-6a36-4800-b434-6d8cc666307c	889668a4-df21-4930-a933-4f0b984ece77	Backend Development Certification	Bauch, Crooks and Lakin	2025-01-28 02:31:04.918	till.xlt	MF8GZpsPgLoJ	f	\N
b4a67596-eea5-472d-be01-4b49091b2c45	fc7fec5b-f90f-4fd0-90a6-865bd342ced1	Software Development Certification	Larson, Klocko and Braun	2025-02-21 01:50:31.157	boo.rar	Z5XQyB5siUTx	f	\N
20c24dfe-d12a-4ef4-81fe-cacd24253a6f	d1860ab2-ec60-4278-9e57-a3d550152681	Project Management Certification	Windler, Ledner and Dooley	2025-02-16 12:38:44.91	fooey.odp	Y2FVD4AaHGdH	t	\N
8086db40-0368-4d23-87f8-f1f66e5581e0	d1860ab2-ec60-4278-9e57-a3d550152681	Project Management Certification	Rau, Macejkovic and Turcotte	2025-05-11 05:36:24.743	oof_eventually.mpg	MJLIRqVZ8ERS	f	\N
eb3c9f63-8b51-4d18-8192-2fb4ad231bad	18f0242a-36d5-4821-8f68-c1cd1787d52a	Software Development Certification	Morissette Group	2025-03-13 21:05:59.931	realistic.ttf	A9K63vFeaHdm	t	\N
c0b3c2bd-8782-4e51-9e7c-2cc4644d39b4	45d59e1f-f3f9-43dc-a487-a6770fce5e4f	Backend Development Certification	Lesch Inc	2024-11-22 05:42:19.246	babushka_excess.gz	5tKl0Boqeq3z	f	\N
27615de1-f2f6-4782-bd00-97ad67779208	18f0242a-36d5-4821-8f68-c1cd1787d52a	Software Development Certification	Zulauf, Pacocha and Koelpin	2025-04-11 17:02:44.722	modulo_sediment_likewise.woff	qEMFXijKaawe	f	\N
db6c3400-58bc-444d-ba89-70df4b780095	894ce5f7-1cff-4938-b10c-544e6512d0ff	Customer Service Certification	King and Sons	2024-11-28 02:45:15.929	dramatize.wav	ZwI3mtjSTR3n	t	\N
f329927c-ffb8-4194-acbf-71e43e05620b	789be1ef-7dd9-4098-b8f2-c313965fe31c	Customer Service Certification	Connelly Group	2025-03-29 19:29:21.483	er_inconsequential_notwithstanding.vsd	FCcG4PWTIGzL	t	\N
c073932a-a970-483c-b8e1-5c6c9142a694	789be1ef-7dd9-4098-b8f2-c313965fe31c	Customer Service Certification	Schneider Group	2024-11-12 01:23:27.469	specific_and.vst	63FDnCaY62LN	t	\N
1f3fcdcb-0a54-4064-80d2-3e7d3b8fff56	02515fe2-95d1-4ae0-a691-e5a9ba34a59e	Business Analysis Certification	Thiel Group	2024-11-29 17:40:55.467	how_what_alongside.mpg4	AIuhC9Xh00y3	f	\N
7ad8e7c8-ddd8-40e2-80d8-964f0e286913	d798c874-d1a1-4b19-b719-5363dde8c0b0	Data Analysis Certification	Mayert Group	2025-02-19 16:58:54.272	brr.js	eQywVv18jbNA	t	\N
353d00f2-01bf-4e02-afa7-5dad6a6dcf23	d798c874-d1a1-4b19-b719-5363dde8c0b0	Data Analysis Certification	Kuhlman, Mann and Nader	2025-09-29 10:43:57.194	inside_colorful.rmi	f6m40mMTDaaw	f	\N
393c9347-a43d-4aaa-8733-da9315ef60f0	37251941-2c78-413d-aad2-57b02b847bb2	Software Development Certification	Marquardt, Miller and Schimmel	2025-01-01 04:49:12.931	eulogise_tomb_fun.gif	X7kKQVs43bKJ	f	\N
929b3be5-71a2-4a47-ad2f-841a126f3c54	37251941-2c78-413d-aad2-57b02b847bb2	Software Development Certification	Hoeger Inc	2024-12-10 23:11:36.428	modulo.war	rYhFM6L0u7ro	t	\N
b136d0bd-c394-4292-8caf-e18e4c5e6f75	4ed154d7-d7c0-44fa-a9b9-ce2d175bc8e5	Financial Analysis Certification	Douglas and Sons	2025-09-22 18:50:02.774	intent_hm.ear	CU5PjW01gU7X	f	\N
591873df-d877-436a-a9ad-d74109890e02	4ed154d7-d7c0-44fa-a9b9-ce2d175bc8e5	Financial Analysis Certification	Wilkinson, Ryan and Farrell	2025-04-02 17:55:29.304	scaffold_defendant_following.pot	kTQQragvuN1P	t	\N
f16f5ee2-5927-4a21-b7d1-d6d02c341d4a	e905740e-28a4-423a-901c-49c2e31784f2	Business Analysis Certification	Mayert Group	2025-03-22 01:32:50.142	adult_atop_yum.gif	I8xjwTGTImL2	f	\N
4c902459-2148-4a78-b9b9-e70047bf8e32	5d57a01f-e510-4a55-a8c5-b8f0648068df	Database Management (SQL/NoSQL) Certification	Yost Inc	2025-07-12 17:56:16.493	uh_huh_legislature_scented.kar	XeFOuXDPSI25	t	\N
64b0385f-82c2-461b-b58d-9742c37e8e1f	40f501e6-384f-419d-b0e7-1c304fb3d670	Software Development Certification	Runolfsson, Borer and Homenick	2025-08-12 07:30:54.869	so_chunter_boo.log	sPrVxhSK6kA8	t	\N
97c449e3-aafb-42bf-b0f3-ef7825eb1475	b3b1e73f-aa31-4fdf-9a12-57b3a6c9157d	Human Resources Certification	Dickens - Russel	2025-10-02 06:13:56.433	consistency.midi	oIlLQDcfVDnD	t	\N
7fecc9b5-6060-4789-a048-9243c51b99f1	aadaa421-4713-403f-8b29-c6f279ee3c05	Team Management Certification	Barrows and Sons	2025-05-31 22:03:08.134	consequently_incidentally_drab.7z	v0sy1K8nYIaY	f	\N
f7790377-2448-49f3-836b-6459e06322aa	aadaa421-4713-403f-8b29-c6f279ee3c05	Team Management Certification	Reilly - Rohan	2025-07-03 00:27:30.841	even.css	s7AVUgS4oRl1	f	\N
054cb765-147d-444b-bf06-919793e721f4	c72809bd-10fb-41cb-bfc4-561b9f82139a	Software Development Certification	Kub, Jaskolski and Bernhard	2024-11-22 07:17:24.886	neatly_nearly_toe.html	5mCur6HExeCo	f	\N
4e2ffe4b-d38b-4fd3-8cf0-97764705d9b3	1dbc2749-3594-4ca0-bbb3-002a7b553d9d	Project Management Certification	Daniel Group	2025-07-10 06:55:14.571	masticate_evenly.3gpp	hiWsHfdr1LkY	f	\N
f002e237-02c8-47e6-93d4-6f937fde729b	8eaa9738-46fa-4df0-be55-48b75509c895	Business Analysis Certification	Metz, Harber and Kshlerin	2025-07-12 08:34:57.245	gee.m1v	l433kQqwp7tY	t	\N
d1b5e3be-cef7-4e85-a071-076c5d4d5d82	8eaa9738-46fa-4df0-be55-48b75509c895	Business Analysis Certification	Williamson - Swift	2025-07-12 23:13:32.665	while_cd.log	QmAGfeAkpHH2	t	\N
ddd255eb-0bdc-4b9f-a431-e104634cc4eb	45d59e1f-f3f9-43dc-a487-a6770fce5e4f	Backend Development Certification	Hagenes, Pagac and Nolan	2025-08-12 20:00:02.883	worriedly_excluding_yahoo.bz	eupQZj1iQ5VJ	f	\N
2017a6a5-5c88-43d5-9b97-f82082e3115e	154ed8bd-fb8e-433d-b394-ace67cd3403f	Software Development Certification	Zboncak, Thiel and Crooks	2025-07-27 03:56:49.533	forenenst_sadly_freckle.ear	TtJYyiW1evjV	t	\N
05052f3c-1168-42f9-90de-2ac515eb4b26	d203b277-c8e3-42d5-88ce-2dcfcaf9f911	Recruitment Certification	Parker, Breitenberg and O'Connell	2025-02-13 09:30:23.226	instantly_which.m2v	VQq8w7EROkh8	t	\N
382a54aa-8bbf-430e-a98b-642139e495e7	7c3237eb-dfb5-493f-bf38-9a84e2140103	Business Analysis Certification	Douglas, Bartoletti and Gulgowski	2025-07-21 09:40:25.268	gah_skyline_yieldingly.ttf	zM7ZZomXWOKR	t	\N
22675143-801e-41e5-bf68-86c015843b1e	7c3237eb-dfb5-493f-bf38-9a84e2140103	Business Analysis Certification	Feeney, Durgan and Rowe	2025-08-28 01:46:45.495	mill_wherever_nor.mp2a	Ipj8MKMh53XL	t	\N
5b6b5eec-0f51-48ef-9b7f-f9fb996ee8dc	a378f56a-5b39-4bd3-9e70-9b65356585ac	Software Development Certification	Nader, Lowe and Hettinger	2024-10-11 23:22:03.773	hydrolyze.def	WzAUcmaZ9986	t	\N
4cb43699-fec1-469c-b708-158e0e3b0f93	a378f56a-5b39-4bd3-9e70-9b65356585ac	Software Development Certification	Armstrong, Quigley and Mosciski	2025-07-15 09:34:42.99	yawningly_properly.3g2	2haqy3ZyNfsO	f	\N
87da407b-4daa-47ae-9480-1ca4bf3358ba	821bdf09-f76d-4b72-9e5b-1efeca522188	UI/UX Design Certification	Zulauf, Kris and Glover	2025-08-16 20:31:40.774	solicit_pharmacopoeia_likewise.img	rF1YGMMuVLlN	t	\N
07f74b44-9520-4bc9-aec7-699ef3fdb757	821bdf09-f76d-4b72-9e5b-1efeca522188	UI/UX Design Certification	Mertz - Volkman	2025-08-14 14:28:20.291	unnecessarily_unpleasant_successfully.list	zMLNtXKd2sN5	t	\N
ae1552d2-c917-4cf5-9339-0517ca9ab23a	59279f59-4c10-4cc8-850f-d335f16956bb	Project Management Certification	Mitchell and Sons	2025-04-13 18:31:12.291	duh_delectable_considering.css	NdnA4DIMbz6x	f	\N
48f44776-1aeb-4b53-a42a-3635b249aed3	685c391a-b90c-4537-978b-4a933a4ba314	Database Management (SQL/NoSQL) Certification	D'Amore, Ruecker and Bartoletti	2024-12-03 09:34:17.951	utterly.elc	7aXduNr8ZGWO	t	\N
996539b8-b6a6-4dd0-bd89-204647bd6e70	b17ef250-cf87-43a5-aa3f-daea024a1fda	Data Analysis Certification	Ernser - Reilly	2025-10-01 15:05:27.587	ouch_whenever.xht	gKpjLlK3DbTI	t	\N
5b7b567e-3c02-4ce4-b58b-88e3e1c136ac	4f61536d-795b-4fd1-918d-c11997752119	Team Management Certification	Murphy - Dicki	2025-02-08 14:30:22.148	regularly_avow_as.jpg	rTvR2dUpxysR	t	\N
05f38d87-eb41-4c94-a14d-611462fb62ce	4f61536d-795b-4fd1-918d-c11997752119	Team Management Certification	Conroy - McGlynn	2025-04-03 18:20:19.353	boldly.def	dwLF9NRqM9Jr	t	\N
556d421f-32cb-4ddc-b4f0-c59d60991bf0	e97c4862-ce50-4582-8f87-75b714185ce5	Data Analysis Certification	McLaughlin - Kuvalis	2025-06-12 09:48:38.7	dearly_phooey.azw	A0l4nkXCcUFJ	f	\N
a502b5a1-edd1-4a04-aa34-d937fa1d3649	86b27714-8d0d-42ee-b074-0598180b6cd8	Digital Marketing Certification	Toy, Thompson and Koelpin	2025-10-03 21:30:13.346	railway_as_afterwards.ear	upkAOlisrR6L	t	\N
1953dd81-79bc-4256-b5ae-4c234c594f53	38622052-887b-4d9c-8dc5-5f2e2980f10d	Human Resources Certification	Dickens and Sons	2025-09-07 04:38:23.984	indeed_if_ew.wav	P48Szosy75LE	t	\N
9ae8df33-8822-4ad1-8441-feb798a40262	6265af98-287d-4ca8-9711-b2f7971b44d3	Data Analysis Certification	Marquardt Group	2025-08-05 18:54:15.173	blindly_when.dump	AWHBKhGZ7WkD	t	\N
e8aaa4dc-7da8-415d-95c2-5ea25ab33573	fcdb8b9e-8944-46cc-b5ed-8d0b6a0a731d	Recruitment Certification	Reichert - Anderson	2024-10-08 22:56:15.779	alert_oxidize.svg	WbHgZcklyi46	f	\N
dbdabd1a-f30e-4363-964a-1e54f2836578	fcdb8b9e-8944-46cc-b5ed-8d0b6a0a731d	Recruitment Certification	Rolfson LLC	2025-06-30 11:14:51.518	independence.iso	FBu1QrZ9qwd2	f	\N
90468789-e632-4a2b-859d-d03c9e0d9aec	6b880489-6bb6-4de4-8878-10061fe261ef	Human Resources Certification	Nienow Inc	2025-10-02 06:40:47.018	secondary.opus	woBoWXH5pEv2	t	\N
0a438345-ff83-4e84-8638-b21d4167a1b8	6b880489-6bb6-4de4-8878-10061fe261ef	Human Resources Certification	Mueller, Barton and Carter	2024-10-27 13:45:10.833	oof_bah.jsonld	2UJJr8V6dE7D	f	\N
1a07aae6-82b4-42d9-9c38-8047e627c441	7fcbadc2-11e9-4caf-a555-8353993f9247	Frontend Development Certification	Boyer - Romaguera	2025-09-30 08:45:13.539	coolly_squiggly.html	Mt8NznoyhTXd	f	\N
29037d4e-f85b-4ead-856f-3d0ec7616839	7fcbadc2-11e9-4caf-a555-8353993f9247	Frontend Development Certification	Johns LLC	2024-12-19 06:30:00.224	obedient_phew.rtf	Tj9hPSh2GqrQ	f	\N
9338711e-8bb2-4ef3-b04c-94754d776c7c	c0f23322-f625-4ab1-abe7-1740f476fd25	Project Management Certification	Hand - Heathcote	2024-11-15 22:15:14.361	someplace_never.gif	cliEAaSHurtg	f	\N
1d2c5d99-60b4-4ebd-a968-2fbc4982ad17	e348e2cd-0e49-4a08-b7a4-5c9cddca1c2f	UI/UX Design Certification	Schneider - DuBuque	2025-01-26 09:19:59.85	orchid_without.msp	7TUQWMSVv3Mo	f	\N
6694e846-1184-4e7c-8daa-f162d19b1b78	e348e2cd-0e49-4a08-b7a4-5c9cddca1c2f	UI/UX Design Certification	Huels LLC	2025-04-09 14:35:03.504	director_inside.mp2	nzBWpXJDyLBa	f	\N
dbe4d0a8-9e55-42a2-8f88-eeb7d9ba2240	9865676c-b9ee-458b-88ac-3b28d54bef4e	Financial Analysis Certification	O'Conner - Kemmer	2024-11-07 20:35:27.451	why_doubtfully_slushy.bin	jZ85kShngHLA	t	\N
99bc0282-0dee-4691-a456-1261db967489	e464f07c-5724-4d2f-afe0-619a1f5f2253	Project Management Certification	Wiegand, Hermiston and Stanton	2025-10-04 13:38:31.76	oh_oof_before.mar	WEddpl7IrO6Y	f	\N
39a57b40-74be-4c28-b8f3-3fe09ab59c89	64feaaad-d96f-4d98-b675-7a4c2b379694	Database Management (SQL/NoSQL) Certification	Lemke, McCullough and Langosh	2025-02-01 13:11:03.218	officially_huzzah.mpkg	z9SHaRoK6OsB	t	\N
be9b6828-1e9a-4cc5-9e79-7279091c6953	c2fab6a8-2765-459e-9d7f-819d64e67e94	Team Management Certification	Harris, Hayes and Bogan	2025-06-16 08:25:54.04	solicit_failing.img	cQXi7Ub8UTs0	f	\N
27192579-02b5-41f0-ab1f-84acae443d88	3b6d839e-c30f-483f-9779-e513907dd66b	Project Management Certification	Lakin - Weber	2025-05-21 07:44:58.997	like.ppt	V5r3mbwDUX5k	t	\N
\.


--
-- Data for Name: Skill; Type: TABLE DATA; Schema: public; Owner: -
--

COPY public."Skill" (id, name, slug) FROM stdin;
1119	business administration	business-administration
1121	Beadmaking	beadmaking
1122	Microsoft Office	microsoft-office
1124	PhotoShop	photoshop
1043	Software Development	software-development
1044	Frontend Development	frontend-development
1045	Backend Development	backend-development
1046	Mobile App Development	mobile-app-development
1047	JavaScript	javascript
1048	TypeScript	typescript
1049	React	react
1050	Node.js	nodejs
1051	Python	python
1052	Django	django
1053	Java	java
1054	Spring Boot	spring-boot
1055	UI/UX Design	ui-ux-design
1056	Data Analysis	data-analysis
1057	Data Science	data-science
1058	Machine Learning	machine-learning
1059	Cybersecurity	cybersecurity
1060	Network Engineering	network-engineering
1061	Cloud Computing (AWS/Azure/GCP)	cloud-computing-aws-azure-gcp
1062	AWS	aws
1063	Google Cloud	google-cloud
1064	Microsoft Azure	microsoft-azure
1065	DevOps	devops
1066	Docker	docker
1067	Kubernetes	kubernetes
1068	Terraform	terraform
1069	CI/CD	ci-cd
1070	Git	git
1071	Database Management (SQL/NoSQL)	database-management-sql-nosql
1072	SQL	sql
1073	PostgreSQL	postgresql
1074	MongoDB	mongodb
1075	Quality Assurance	quality-assurance
1076	Technical Writing	technical-writing
1077	Hardware Engineering	hardware-engineering
1078	Accounting	accounting
1079	Financial Analysis	financial-analysis
1080	Auditing	auditing
1081	Investment Management	investment-management
1082	Risk Management	risk-management
1083	Business Analysis	business-analysis
1084	Project Management	project-management
1085	Agile	agile
1086	Scrum	scrum
1087	Product Management	product-management
1088	Business Strategy	business-strategy
1089	Human Resources	human-resources
1090	Recruitment	recruitment
1091	Sales	sales
1092	Business Development	business-development
1093	Supply Chain Management	supply-chain-management
1094	Logistics	logistics
1095	Operations Management	operations-management
1096	Digital Marketing	digital-marketing
1097	Search Engine Optimization (SEO)	search-engine-optimization-seo
1098	Content Marketing	content-marketing
1099	Social Media Management	social-media-management
1100	Email Marketing	email-marketing
1101	Graphic Design	graphic-design
1102	Brand Management	brand-management
1103	Public Relations	public-relations
1104	Corporate Communications	corporate-communications
1105	Video Production	video-production
1106	Creative Writing	creative-writing
1107	Market Research	market-research
1108	Customer Service	customer-service
1109	Data Entry	data-entry
1110	Administrative Support	administrative-support
1111	Legal Compliance	legal-compliance
1112	Contract Negotiation	contract-negotiation
1113	Leadership	leadership
1114	Team Management	team-management
1115	Public Speaking	public-speaking
1116	Problem Solving	problem-solving
1117	Critical Thinking	critical-thinking
1118	cloud computing	cloud-computing
\.


--
-- Data for Name: CandidateSkill; Type: TABLE DATA; Schema: public; Owner: -
--

COPY public."CandidateSkill" (id, "candidateId", "skillId", level, years) FROM stdin;
a3381db8-8315-40d9-a8db-2ce28081cf04	8eaa9738-46fa-4df0-be55-48b75509c895	1043	3	1
aa3033fd-26cd-431d-8d5b-d6dd15f631a1	8eaa9738-46fa-4df0-be55-48b75509c895	1083	3	2
cb946000-8e3d-45d7-8d05-8d8318a5adb1	8eaa9738-46fa-4df0-be55-48b75509c895	1056	5	3
44c39877-836f-401c-9df2-6692b96a3ca1	8eaa9738-46fa-4df0-be55-48b75509c895	1071	4	3
761caf25-c892-43cb-a5b9-80bc3649760e	b1bf890e-2cc2-4e16-9799-49fdfd500772	1071	5	2
68e0ba49-4c66-4739-8b26-9887f15ecda4	b1bf890e-2cc2-4e16-9799-49fdfd500772	1056	5	1
f0cffaf0-bdaf-4f9a-af22-ba54f5110c15	45d59e1f-f3f9-43dc-a487-a6770fce5e4f	1084	5	3
51f4385f-da87-478b-b0f4-178a3db608a9	45d59e1f-f3f9-43dc-a487-a6770fce5e4f	1044	3	4
0145fbde-9f15-4125-a167-3629bde47c3e	45d59e1f-f3f9-43dc-a487-a6770fce5e4f	1043	4	1
a7c00474-4cf7-44f1-a8e9-7e9253e7f7fb	45d59e1f-f3f9-43dc-a487-a6770fce5e4f	1045	5	2
1d19f189-7e8b-4ac4-a656-afe7234be118	154ed8bd-fb8e-433d-b394-ace67cd3403f	1083	4	2
9fc547ec-8947-4be2-a348-cb5cffedc368	154ed8bd-fb8e-433d-b394-ace67cd3403f	1071	3	2
eb863b45-5b2a-4661-b559-ce3732ad7a53	154ed8bd-fb8e-433d-b394-ace67cd3403f	1056	4	2
9d25e7c3-ea59-4b39-a04f-0254e251417e	d203b277-c8e3-42d5-88ce-2dcfcaf9f911	1090	4	2
64884bb6-3690-4213-9fd7-452981768e12	d203b277-c8e3-42d5-88ce-2dcfcaf9f911	1108	3	2
ff95e44d-ebb0-4361-9689-26a44e736ff4	d203b277-c8e3-42d5-88ce-2dcfcaf9f911	1084	5	2
e683240d-49ec-40a7-81bf-dc8d34d6257c	7c3237eb-dfb5-493f-bf38-9a84e2140103	1071	5	1
db3fbc63-bb87-4af3-a761-a1271eff1bf7	7c3237eb-dfb5-493f-bf38-9a84e2140103	1043	5	1
f9e8f428-6130-43dc-8ed0-72e068016683	7c3237eb-dfb5-493f-bf38-9a84e2140103	1083	4	2
9e7da16b-12bb-4053-8acc-906acd912ed9	a378f56a-5b39-4bd3-9e70-9b65356585ac	1055	3	3
71f1a41b-5619-46bc-afb9-d6b6aae38f94	a378f56a-5b39-4bd3-9e70-9b65356585ac	1043	4	3
0a5b5d45-18a5-4a28-9290-6ad515fa5fcc	821bdf09-f76d-4b72-9e5b-1efeca522188	1044	3	2
95169729-c9df-4b15-b02b-ffde9695ac2c	821bdf09-f76d-4b72-9e5b-1efeca522188	1084	3	2
c9ba1f60-72b6-41aa-b1a3-2d18b8a967b1	821bdf09-f76d-4b72-9e5b-1efeca522188	1043	4	4
228d3f4b-73ee-4754-82fe-09847047c3c7	821bdf09-f76d-4b72-9e5b-1efeca522188	1055	4	2
211a945e-eaa3-4d8e-a2be-1b394d3499d9	c01d6d99-645c-4234-aab7-5ed9052daf8f	1044	5	2
425ce352-5ed4-4c93-871f-8af3fe4db342	c01d6d99-645c-4234-aab7-5ed9052daf8f	1055	4	1
9e70348f-edc8-4d67-8af9-c988d2ad56fa	c01d6d99-645c-4234-aab7-5ed9052daf8f	1084	3	1
4b159762-07c3-456d-8563-0a9c1173c46f	c01d6d99-645c-4234-aab7-5ed9052daf8f	1043	4	1
3374b1ba-e879-4163-814a-cc897b8834dd	59279f59-4c10-4cc8-850f-d335f16956bb	1056	3	2
6f28f66a-7471-4d62-a9bd-a4cb3281f21e	59279f59-4c10-4cc8-850f-d335f16956bb	1096	4	2
23ff2ae5-cf9e-4908-b698-3328b5088741	59279f59-4c10-4cc8-850f-d335f16956bb	1091	4	1
5e713790-a6a7-4c16-94d5-9ab3527daa4a	25a20448-427d-4974-9feb-b101f24ab2b3	1044	3	4
634ebe47-ff9e-427e-989c-03f29f910bf9	25a20448-427d-4974-9feb-b101f24ab2b3	1045	3	3
54ef255c-686f-4493-8242-dfded31c1938	685c391a-b90c-4537-978b-4a933a4ba314	1056	3	1
457eabc9-e0d6-4d93-8db8-a118abb274e7	685c391a-b90c-4537-978b-4a933a4ba314	1083	4	2
da2df4df-90f7-4f24-abf4-3ea5af91b36d	685c391a-b90c-4537-978b-4a933a4ba314	1043	5	2
2379b93e-7e55-4bab-804e-6f6889fcbc2a	685c391a-b90c-4537-978b-4a933a4ba314	1071	3	2
0b02e724-3856-459f-9a12-01bd3dbfe61a	8c3e88dc-66a2-46a3-97ec-def28b34c41f	1096	4	2
48654b18-0ac8-4fb3-9686-6ffb0e3c724b	8c3e88dc-66a2-46a3-97ec-def28b34c41f	1084	3	1
e53b6725-66ca-4cbc-af10-2d51bd7d5183	8c3e88dc-66a2-46a3-97ec-def28b34c41f	1091	5	1
afab8d0d-b913-41f9-bb8c-545e2e169ef6	8c3e88dc-66a2-46a3-97ec-def28b34c41f	1056	5	2
0c673f08-0622-496a-ac84-f248e4239654	b17ef250-cf87-43a5-aa3f-daea024a1fda	1080	4	2
6f7c4e0d-e9a0-4b55-96cd-a6c8daeb4a62	b17ef250-cf87-43a5-aa3f-daea024a1fda	1083	3	2
8d4b556e-46e7-4080-82b2-4f97be3bc978	b17ef250-cf87-43a5-aa3f-daea024a1fda	1078	4	1
d6028500-32a1-49d2-899c-cfad4e97ef88	b17ef250-cf87-43a5-aa3f-daea024a1fda	1079	5	2
cfae987d-b7a1-4101-9d01-3933d66aa41e	4f61536d-795b-4fd1-918d-c11997752119	1087	5	1
481ab72a-80fd-4c6a-aa97-3392781224ad	4f61536d-795b-4fd1-918d-c11997752119	1084	4	1
ee530711-05d8-45df-b1c4-c26ae68b840c	4f61536d-795b-4fd1-918d-c11997752119	1083	3	1
ea736fda-a06d-48e4-8650-d89777a99996	4f61536d-795b-4fd1-918d-c11997752119	1108	4	2
298fe75f-ff2b-4f5c-86b5-3b90fc2bb811	e97c4862-ce50-4582-8f87-75b714185ce5	1044	5	1
034af004-1225-4f90-9f95-27f2dea84d82	e97c4862-ce50-4582-8f87-75b714185ce5	1084	3	1
57ceaf93-b90c-48a4-b999-c47dffc0718e	86b27714-8d0d-42ee-b074-0598180b6cd8	1097	5	2
9fe03d5a-f046-4373-9e41-458b14f768ea	86b27714-8d0d-42ee-b074-0598180b6cd8	1096	3	1
2f156089-0fe9-4c87-b551-9e72046f0a19	86b27714-8d0d-42ee-b074-0598180b6cd8	1056	4	2
2fe9f501-9c8d-4ec0-afe3-9d0da787b8dd	38622052-887b-4d9c-8dc5-5f2e2980f10d	1090	5	2
e27c0274-ff5d-49cf-b1d4-0f4f96768c31	38622052-887b-4d9c-8dc5-5f2e2980f10d	1089	5	2
67a01d78-f987-4d4e-b4cf-85828fd4560b	38622052-887b-4d9c-8dc5-5f2e2980f10d	1108	4	2
02a8e330-badb-4ae1-929a-eba718194a19	efe58aa4-b10c-4a49-a0ac-798c0df4cf21	1114	3	2
d5c5c101-a998-4692-9a89-f367fbcac382	efe58aa4-b10c-4a49-a0ac-798c0df4cf21	1087	3	2
231e0e0d-cfd5-4a9c-9a3d-201ec9ec0020	efe58aa4-b10c-4a49-a0ac-798c0df4cf21	1083	3	1
5eebb6e5-ced3-459f-9b03-9f0f65d0765b	efe58aa4-b10c-4a49-a0ac-798c0df4cf21	1108	4	2
6aa00ddf-fa14-4055-9cbd-feb738796eb7	9d3bce60-457e-4114-a2c8-e94f48539c25	1043	5	2
0ec0e1d6-f7c5-42ac-8c8c-8380325412d5	9d3bce60-457e-4114-a2c8-e94f48539c25	1056	3	1
f0bf377a-e8b5-419b-b1a1-1f43f967a03a	9d3bce60-457e-4114-a2c8-e94f48539c25	1045	3	1
9c824b5b-9574-4abe-a32e-e62bd685c7c0	7209cb41-3de9-4cc3-bbba-d9baa46d5c2c	1043	5	2
463c83fd-de1b-4296-b284-9a59d1148c66	7209cb41-3de9-4cc3-bbba-d9baa46d5c2c	1084	3	2
6e5b9288-8680-4210-a1bb-057d2f285aa1	6265af98-287d-4ca8-9711-b2f7971b44d3	1056	5	2
4f125fe1-62a7-4ea5-9c63-969500cf5d6c	6265af98-287d-4ca8-9711-b2f7971b44d3	1083	4	2
4eb5ea29-cd28-41d3-a871-ff189137f78a	6265af98-287d-4ca8-9711-b2f7971b44d3	1080	5	1
785c92ba-b9b5-44c2-a346-98dffde4fcc9	6265af98-287d-4ca8-9711-b2f7971b44d3	1079	5	1
04a913fb-3f8d-4367-b370-b22a83002b25	a10028dd-3610-4a6c-a9e1-78b029bfb772	1089	3	3
23161032-9881-4dd6-854d-e8abd2445df7	a10028dd-3610-4a6c-a9e1-78b029bfb772	1090	4	1
9bda3ede-bff5-481c-86c4-be516bb4a033	fcdb8b9e-8944-46cc-b5ed-8d0b6a0a731d	1089	5	1
5fb3d5a3-0aef-48e2-8e46-fdbb939caf74	fcdb8b9e-8944-46cc-b5ed-8d0b6a0a731d	1090	4	3
3c6b3da7-aff5-4823-a47f-41fc43429d2a	fcdb8b9e-8944-46cc-b5ed-8d0b6a0a731d	1084	3	1
fc3bca14-c30b-4427-b680-c6cd5dbd9577	6b880489-6bb6-4de4-8878-10061fe261ef	1090	4	2
d257195a-c381-4d9d-9656-5a1dd424e5be	6b880489-6bb6-4de4-8878-10061fe261ef	1084	5	1
6b77e47f-ecfa-4989-bb26-b17800f33d59	7fcbadc2-11e9-4caf-a555-8353993f9247	1056	3	1
d8c2f9dc-ee53-4b71-a359-1083635799d1	7fcbadc2-11e9-4caf-a555-8353993f9247	1043	3	2
d8f87ef6-6769-4068-85fe-c0251b5ae507	7fcbadc2-11e9-4caf-a555-8353993f9247	1084	4	2
208343cc-9102-47b0-81de-042ffcd01526	7fcbadc2-11e9-4caf-a555-8353993f9247	1044	5	2
55a2f4fc-9f58-44da-9d1f-189ac63ed248	fcfffc72-09fc-4c51-b578-712f2234f39c	1079	3	1
5dcc1449-27f3-4008-8c6d-fa831ac78eb6	fcfffc72-09fc-4c51-b578-712f2234f39c	1056	3	1
4557b1ce-b45b-43bf-967e-2f415d2eaa15	fcfffc72-09fc-4c51-b578-712f2234f39c	1078	5	1
83f0661f-32c8-44ad-88f1-0f2ffd282800	fcfffc72-09fc-4c51-b578-712f2234f39c	1080	4	1
772f6f41-ae63-4bdc-82dd-18905e0bca0c	8008b63c-0949-4abc-b968-0362d6166c46	1056	5	2
95ab291c-e70d-477a-8cb5-1d75f423d478	8008b63c-0949-4abc-b968-0362d6166c46	1084	4	2
b95f587e-1718-47c0-ad8e-6ae52bdfff76	8008b63c-0949-4abc-b968-0362d6166c46	1045	5	1
5d545fce-916a-4db3-a39f-55e3fca774d8	8008b63c-0949-4abc-b968-0362d6166c46	1044	4	2
3afa3793-33ff-44d9-a09e-cb0d17415d0c	c0f23322-f625-4ab1-abe7-1740f476fd25	1084	4	3
cdfad666-dfed-42d5-87ab-2b39d7edc364	c0f23322-f625-4ab1-abe7-1740f476fd25	1097	4	2
41fd9a93-1e71-433e-a8bf-f2ed56a2bd0d	c0f23322-f625-4ab1-abe7-1740f476fd25	1096	4	1
bc649b56-1f0f-4811-ac2d-f4d757e567a2	c0f23322-f625-4ab1-abe7-1740f476fd25	1056	5	2
38701d3c-0dee-4f3f-98f8-7b3883841ee5	e348e2cd-0e49-4a08-b7a4-5c9cddca1c2f	1084	4	2
b62fc9cc-907a-4893-be5c-99c169aa7b96	e348e2cd-0e49-4a08-b7a4-5c9cddca1c2f	1043	3	1
5a26921b-a9c3-436b-be90-8ebcf00315d1	e348e2cd-0e49-4a08-b7a4-5c9cddca1c2f	1055	3	2
0d2b0770-bafc-42e4-9996-96e67f7a2706	9865676c-b9ee-458b-88ac-3b28d54bef4e	1080	4	3
cf3bb5bc-dc73-4f22-b5da-59e09882635c	9865676c-b9ee-458b-88ac-3b28d54bef4e	1083	3	3
2b0fa05d-11a2-48c4-8a22-8818de0bd77f	e464f07c-5724-4d2f-afe0-619a1f5f2253	1044	3	1
2a84afc4-939f-465c-9131-0e62b3f4ad29	e464f07c-5724-4d2f-afe0-619a1f5f2253	1045	3	1
64024ff5-a6e6-4a69-9cd0-5150d34b9398	e464f07c-5724-4d2f-afe0-619a1f5f2253	1056	5	2
d584bbb5-1c21-4cb6-beee-f120a361f6e3	e464f07c-5724-4d2f-afe0-619a1f5f2253	1043	3	2
57fb0d51-d3c8-4b46-b14f-e31e9fdda7a3	64feaaad-d96f-4d98-b675-7a4c2b379694	1043	4	2
b76ba364-c0f8-40ec-8b0b-61efa9985172	64feaaad-d96f-4d98-b675-7a4c2b379694	1071	4	5
b82e9334-a291-4939-a1db-b0072e77bd9f	64feaaad-d96f-4d98-b675-7a4c2b379694	1056	4	2
2ef8a006-cf2b-4be3-90e8-14f02688365a	aaba02c6-9583-4e09-b9cf-fddc15f08401	1097	4	1
6335a124-fb05-462b-b836-7b55e2becde8	aaba02c6-9583-4e09-b9cf-fddc15f08401	1056	4	1
c6116fb4-289b-4b23-a592-cf5eb5a4e835	aaba02c6-9583-4e09-b9cf-fddc15f08401	1091	4	2
a63e2c64-bde2-4689-b1f6-c27966405019	aaba02c6-9583-4e09-b9cf-fddc15f08401	1084	4	2
48c04c81-f7c0-494f-afbd-0fc46e3fc324	c2fab6a8-2765-459e-9d7f-819d64e67e94	1083	3	6
3af6f5c0-5761-4ffa-9e1c-2aadebafee27	c2fab6a8-2765-459e-9d7f-819d64e67e94	1108	3	7
28ea3afd-af34-4bdb-a752-ae253d72db11	3b6d839e-c30f-483f-9779-e513907dd66b	1055	3	3
48cd1873-bf1b-476e-b694-88e1f48e1fc1	3b6d839e-c30f-483f-9779-e513907dd66b	1043	3	1
4fdb6e9b-5d39-4c3c-b6b1-11027e8f30d1	3b6d839e-c30f-483f-9779-e513907dd66b	1044	3	1
692f30fd-afc1-4c09-ab69-c34f48a2e335	99ca692f-b82f-478e-9bb5-91e495f5345b	1114	3	1
4da6c3c9-1ba3-4eec-8656-2468237ddfa1	99ca692f-b82f-478e-9bb5-91e495f5345b	1087	4	1
df9733ea-7f45-4723-8cf2-f1c3fdfa3a12	99ca692f-b82f-478e-9bb5-91e495f5345b	1083	4	1
4b2cd81d-711c-4b22-9f1e-f144d921da6a	5e5c0ce5-b78b-4872-be2d-447f4423643b	1087	3	2
7098f78d-355b-41a1-92e1-fadf58d98327	5e5c0ce5-b78b-4872-be2d-447f4423643b	1108	4	1
b7c309bc-294c-4cc5-8f40-13f1ac05623d	5e5c0ce5-b78b-4872-be2d-447f4423643b	1083	5	1
6833159d-3445-4bee-b0a2-14ae9a608afe	0ef66d72-7ffb-40a4-83b9-cc80256bdb2e	1056	3	2
50cd1aa8-a3c8-4df9-a8ad-0e7e1044aaf0	0ef66d72-7ffb-40a4-83b9-cc80256bdb2e	1091	5	2
409c24af-6477-4101-b856-b2a567c5c9e3	0ef66d72-7ffb-40a4-83b9-cc80256bdb2e	1084	5	2
061a258f-b223-406b-99b4-f423c86b2c29	53adc178-1033-4234-aa9d-b12b4762c958	1056	4	2
9325dddf-bc0c-49b2-a24e-e1ec523cd978	53adc178-1033-4234-aa9d-b12b4762c958	1083	5	1
b369a81d-1212-49da-8ebc-c6a8ffbb8789	53adc178-1033-4234-aa9d-b12b4762c958	1080	4	2
c739086a-63f6-4e40-9ec2-44ede65ecaa4	255d8dea-e991-4b8e-8270-95a40c17c893	1114	3	2
0c542ebd-40cb-4eb9-a23a-6868950efde5	255d8dea-e991-4b8e-8270-95a40c17c893	1087	5	2
05c8e5ac-ab6e-4c73-93af-c48f2dbf5638	d3fd8091-dbc4-47d5-a270-83acf51cc97a	1084	3	1
248dffae-794b-4bf1-9cfc-2a845424dd2c	d3fd8091-dbc4-47d5-a270-83acf51cc97a	1044	3	2
37892564-7fcd-4708-9879-db54c46ae10e	d3fd8091-dbc4-47d5-a270-83acf51cc97a	1043	4	2
b0f1c9af-b961-480c-9a2c-31c048f92e4e	d3fd8091-dbc4-47d5-a270-83acf51cc97a	1055	4	2
77362b8a-62b5-40bd-baf0-31e070b7021b	d947c918-9dfe-48b3-bebd-88085a6a4999	1087	5	2
d76c5f61-ef97-4bb6-aeac-853f98b50aa9	d947c918-9dfe-48b3-bebd-88085a6a4999	1084	4	2
0f89d30a-57e1-4b40-989e-0aa574d48d09	d947c918-9dfe-48b3-bebd-88085a6a4999	1083	3	2
583dd998-8f3c-4f5f-87ed-bd0c6a0b34d1	d947c918-9dfe-48b3-bebd-88085a6a4999	1114	3	2
4f543482-e81b-4862-975e-072d94223362	a6b66cdc-6f3c-4f46-91ae-cf1c437af827	1044	3	1
95005bc4-51ee-4b24-b230-6a9760f19a5a	a6b66cdc-6f3c-4f46-91ae-cf1c437af827	1084	4	1
a35e2a66-5dd5-480f-8174-2e6c8d1d69c0	a6b66cdc-6f3c-4f46-91ae-cf1c437af827	1055	3	1
71e0e91a-a1fc-4b56-bafd-dc25c8ee5073	7a3496dc-f774-4199-9d15-3401fbf28325	1108	5	2
b239e537-4e61-447b-b502-c2f969dbe830	7a3496dc-f774-4199-9d15-3401fbf28325	1084	5	2
9b9d6b88-6aa7-4e03-be87-ee44690aa3a5	7a3496dc-f774-4199-9d15-3401fbf28325	1083	4	1
f7469c84-2642-46c6-80d0-0e8cbbfcb1c3	5f0d4714-af15-42c1-8219-c513d3058de3	1044	3	3
09a35ce4-8ff5-4d2d-a815-ce9eea3fa95d	5f0d4714-af15-42c1-8219-c513d3058de3	1084	5	3
a838b312-73fa-4943-a603-b0f975f7b801	29092626-efbb-48d7-aaec-b1f57ac2e0ff	1043	5	2
e2e35d3c-5cb6-48ca-884e-a7d194f95e49	29092626-efbb-48d7-aaec-b1f57ac2e0ff	1056	4	4
d28b6005-536f-4688-af2a-0b3c50e254c5	29092626-efbb-48d7-aaec-b1f57ac2e0ff	1083	4	3
34cad89a-389a-44b3-980f-f9115002a559	bb250836-2344-4f88-bdb9-31fa30a22b15	1056	3	3
a098757d-bcc5-4d5b-a65d-a2cf5d2e0df3	bb250836-2344-4f88-bdb9-31fa30a22b15	1084	3	3
f98e7f94-2d3a-4150-8cca-6cca0ccb39a3	bb250836-2344-4f88-bdb9-31fa30a22b15	1091	5	3
b79b2a87-e7f9-40a2-b797-21b72325f78e	6dfd2329-0064-4d69-9e19-858f5288635f	1083	5	1
f68f9a19-f107-4d8d-b089-0032ee3423f0	6dfd2329-0064-4d69-9e19-858f5288635f	1071	3	2
65a1194a-40cd-4957-9752-d7e913a65597	6dfd2329-0064-4d69-9e19-858f5288635f	1043	3	1
005e631c-333c-4bb2-8dfd-0cd0f620fbe5	7287df1c-48a2-43ae-88d3-3da00ee612d2	1108	3	1
00fe913c-1bd9-48b5-8c93-a5dc02a6f4ea	7287df1c-48a2-43ae-88d3-3da00ee612d2	1090	5	1
fde32166-1ab2-4a9e-bcfc-c5ceb1f4d637	46b262b5-0a74-4b95-a234-1e1cbfb79cac	1044	3	2
664100bb-bbf0-4118-abda-624ef6ef93d0	46b262b5-0a74-4b95-a234-1e1cbfb79cac	1055	5	3
50c13004-a1cd-4b62-8155-3981928d0399	650adfeb-f8a9-4e58-8576-42b33e1188e3	1043	3	1
5bf9f900-8874-4271-80d0-d584c5bc5871	650adfeb-f8a9-4e58-8576-42b33e1188e3	1083	3	1
d5ef0c56-bf9a-4b70-9ae5-2068213c77b8	650adfeb-f8a9-4e58-8576-42b33e1188e3	1071	4	1
56fcc601-e00e-41fe-8d05-415349d9ce1c	f559d9c4-b424-4758-a1ca-dcf94497dcd8	1114	3	1
c5ebc5b1-c2df-4c82-9652-aea37c1dbf21	f559d9c4-b424-4758-a1ca-dcf94497dcd8	1087	4	2
c7a42ad4-dbdc-4336-998a-adb677b83253	f559d9c4-b424-4758-a1ca-dcf94497dcd8	1084	4	2
ca498940-2b4d-4650-9db8-039d0bb42c53	f559d9c4-b424-4758-a1ca-dcf94497dcd8	1083	4	2
765953e7-740a-4665-bf2e-b1584b5e2cf8	db66a97e-b80b-4fe0-a679-6e19b7749fe1	1071	4	2
d29ff977-738e-40d0-918f-4fdb216b5a80	db66a97e-b80b-4fe0-a679-6e19b7749fe1	1083	5	2
a9ed08d9-bf53-46e9-a889-7647f232be5f	db66a97e-b80b-4fe0-a679-6e19b7749fe1	1056	3	1
5accb940-7791-48bc-aeb7-3133ea550eed	db66a97e-b80b-4fe0-a679-6e19b7749fe1	1043	5	1
3e0e25b1-c68b-475f-9fcb-90ec89bb7527	66d7b3b7-e791-477f-b9cf-b42fa38e87cc	1083	4	3
499a2de7-2074-402b-b5a8-8910da10558d	66d7b3b7-e791-477f-b9cf-b42fa38e87cc	1056	3	1
1a2e91de-654a-448d-bbbf-b55e9d75ca1d	66d7b3b7-e791-477f-b9cf-b42fa38e87cc	1080	5	1
ee9ab58e-4986-4afc-bd38-02aa633db76e	66d7b3b7-e791-477f-b9cf-b42fa38e87cc	1078	4	3
50a4c336-d4c5-403d-86d9-ad9a026fb9f8	63f3c635-529e-408c-acca-3f825bf4bbeb	1080	5	3
98cdbbf1-4cbc-445c-82bd-25ca6492447d	63f3c635-529e-408c-acca-3f825bf4bbeb	1078	5	1
1e89a7ca-eb13-461a-95c2-9bc03d825dac	246f04e6-555b-4522-a893-8e0dcadb67b3	1043	4	2
b1130e41-22f0-4bf5-b07f-f8df98895c73	246f04e6-555b-4522-a893-8e0dcadb67b3	1044	3	2
6be33004-283b-4877-89f6-b8c7500c1572	cedb3163-0ebd-4062-98f9-baf3e960db71	1055	4	2
6b42d85d-537e-4a42-b583-155eb79c34c4	cedb3163-0ebd-4062-98f9-baf3e960db71	1084	3	1
3687dbdf-0670-431d-99e8-c4ba4ec642aa	377c9bf6-c15b-4620-93a0-f83c3022dda7	1084	3	2
9fa99c8e-124e-4c39-a4c8-08f32a2538e7	377c9bf6-c15b-4620-93a0-f83c3022dda7	1108	3	2
ab62193e-526e-44cc-8fe6-92b9863047db	377c9bf6-c15b-4620-93a0-f83c3022dda7	1087	3	2
75a6187b-ec26-43cd-a58d-de87ed84b9eb	2e6ad436-5479-4aef-bbcc-cbeaf42f30fc	1091	5	1
ab04e310-3916-44e5-a8db-5468fa963575	2e6ad436-5479-4aef-bbcc-cbeaf42f30fc	1056	3	3
cd00c321-d3a5-494f-9bc5-fb9853fc54a9	2e6ad436-5479-4aef-bbcc-cbeaf42f30fc	1096	4	1
25e83cce-2f35-4a96-b54e-2204b59728d4	e9b896cd-1e7e-4c6d-8686-a7c16085a1f8	1056	5	2
a98aefd0-e3b8-4add-ad99-965696ad4844	e9b896cd-1e7e-4c6d-8686-a7c16085a1f8	1043	4	1
2ba3501f-8f07-411f-a888-0ebc50c96b6c	e9b896cd-1e7e-4c6d-8686-a7c16085a1f8	1071	4	1
47ec048b-bc5e-44c6-bcf7-da98cd8ecb1d	6a2529fc-368f-4d1c-a37e-3ea7e15282f5	1083	4	2
f8abf75f-20fd-41a5-a3cf-e4668ac49a3d	6a2529fc-368f-4d1c-a37e-3ea7e15282f5	1056	5	2
7d713235-c39e-47d7-9cb9-6657986e7ba0	6a2529fc-368f-4d1c-a37e-3ea7e15282f5	1078	3	1
0c006fb6-f8dd-4d06-ab62-16fd270fe743	6a2529fc-368f-4d1c-a37e-3ea7e15282f5	1079	5	2
6b590403-6f11-4a7a-a897-b5ae82fa9d71	3ffc0f7c-e816-478b-abcb-5922ca158872	1056	4	1
ce02095e-2e42-4bb2-a263-3dbcbbf292ec	3ffc0f7c-e816-478b-abcb-5922ca158872	1043	4	1
2c475656-f18c-441d-acf4-0dd404346a14	3ffc0f7c-e816-478b-abcb-5922ca158872	1083	4	2
0da71ffe-09f4-48ce-aa3a-7bef8a3547b5	3ffc0f7c-e816-478b-abcb-5922ca158872	1071	5	1
a3459db4-ffa9-48c7-9f9d-e9cec4ec76cf	0519b2d3-a562-4e13-802a-0361deda5825	1084	3	2
6626982b-75b3-4c39-850b-80b57b549ba6	0519b2d3-a562-4e13-802a-0361deda5825	1055	3	2
ddd68e41-689d-4ea4-aa65-efa36cfdae8c	0519b2d3-a562-4e13-802a-0361deda5825	1044	4	1
94fcedbf-2871-472a-85db-8924570db4f9	0519b2d3-a562-4e13-802a-0361deda5825	1043	5	1
0dec56cb-eb17-4984-9463-d6c6c22c89a3	7c3ddd07-dc51-4ec5-b484-5f609931507b	1080	5	3
e0727057-31e5-42d2-be63-a9f0ca98fcce	7c3ddd07-dc51-4ec5-b484-5f609931507b	1056	5	3
46e157a3-07c5-485b-a2d6-b79265e4e468	7c3ddd07-dc51-4ec5-b484-5f609931507b	1078	5	3
1e45592c-618e-4a15-a562-48dc7c6d6b97	7c3ddd07-dc51-4ec5-b484-5f609931507b	1083	5	3
dbd302e2-4102-42a9-84de-60e053b6d006	bebab6e4-eae5-42f7-bc89-ccbccb0e4ecc	1043	3	1
40f8e5cf-ce39-4870-bb7c-bf091afb02ae	bebab6e4-eae5-42f7-bc89-ccbccb0e4ecc	1045	3	1
58a829aa-9cc8-46af-aaf0-694ab5eab8d1	bebab6e4-eae5-42f7-bc89-ccbccb0e4ecc	1044	3	2
58ae40f9-7dad-471c-aa13-1702a9468ebd	bebab6e4-eae5-42f7-bc89-ccbccb0e4ecc	1084	5	1
313004b3-8eb3-44c3-a804-4a3d7ec004c9	439dd73a-be3c-40c5-b026-8e24ac6f923d	1091	3	2
0d77a40a-c5ac-47fa-a4d8-1438ec5d1a85	439dd73a-be3c-40c5-b026-8e24ac6f923d	1056	4	2
ed8c1359-98e9-4af2-a671-33ca8f4a7634	4be82dae-fcf3-4a01-b5a3-564c38113b68	1071	3	1
f0d2ad0a-70a3-4792-9b67-e09010404b64	4be82dae-fcf3-4a01-b5a3-564c38113b68	1056	5	2
3ace7a31-41f5-4810-9f8a-18dbea1c1816	8d8921cb-05b3-42da-b018-a4379ff3d0af	1063	3	1
315a3fbe-7ce7-49b6-abc6-612679f2550c	8d8921cb-05b3-42da-b018-a4379ff3d0af	1078	3	1
89f739f4-839a-4f9f-add4-ab03c8057d42	8d8921cb-05b3-42da-b018-a4379ff3d0af	1096	3	1
1e9df4e3-e673-4a94-8a72-fbca17797efc	8d8921cb-05b3-42da-b018-a4379ff3d0af	1102	3	1
e69acf19-26f6-4ede-b5a0-8fd8f6cb8b37	4be82dae-fcf3-4a01-b5a3-564c38113b68	1083	4	2
26a4b0a9-02a7-4cb1-8b50-bcceed4e6dcb	4be82dae-fcf3-4a01-b5a3-564c38113b68	1043	4	1
b886efb3-fd1d-47bc-854e-938680f0fe50	68b0383d-6b8e-4feb-ab71-947e2423f794	1097	3	1
135de3d9-9e78-40a1-8b89-a24bbbdaae7e	68b0383d-6b8e-4feb-ab71-947e2423f794	1056	5	3
f6af9508-574a-4ac4-a2ff-e8b15bf09905	68b0383d-6b8e-4feb-ab71-947e2423f794	1084	4	3
24217f71-c12a-4f5a-9214-b5dd49075514	68b0383d-6b8e-4feb-ab71-947e2423f794	1096	5	4
a298db89-99a1-4840-834c-c223e3d8da48	73d8e3c4-b703-4b07-b921-fbee47bb6510	1084	5	2
47047b88-bb64-4932-8d59-608a1ed0df4f	73d8e3c4-b703-4b07-b921-fbee47bb6510	1044	3	1
2006b8bc-4926-48c3-a523-37b8db1f3cc7	73d8e3c4-b703-4b07-b921-fbee47bb6510	1043	3	2
75749cdd-0c3b-493b-b545-e80684a4e087	73d8e3c4-b703-4b07-b921-fbee47bb6510	1055	3	2
c495bb0e-8cd0-4b21-9e95-d1ca7baed3fb	a8a671fc-d06d-42eb-8a10-8d9326447019	1089	3	1
0527a515-feca-41a1-b299-1c5cfa198c75	a8a671fc-d06d-42eb-8a10-8d9326447019	1108	4	2
74ad01c7-34bf-447d-9fe9-d9c2a0791f13	a8a671fc-d06d-42eb-8a10-8d9326447019	1084	4	1
9ad08907-c414-4435-b691-2e7967ae6f9f	a8a671fc-d06d-42eb-8a10-8d9326447019	1090	4	3
169baaf4-08a9-4c64-929f-fa905fb19cf3	98bfc766-dd82-47b4-91c8-4bd97ba010d7	1056	5	2
d6b736cf-1eae-4764-b3f4-64f7aede03a4	98bfc766-dd82-47b4-91c8-4bd97ba010d7	1097	4	3
db99ad2e-a246-4628-8fce-2a99be54e62d	98bfc766-dd82-47b4-91c8-4bd97ba010d7	1096	5	1
5a9aa538-7645-4589-a252-811a91e5c993	98bfc766-dd82-47b4-91c8-4bd97ba010d7	1084	5	2
def90633-d671-40d2-b8a9-5e0aa7f09990	44bb5b40-9d3f-43f4-a696-02b39d7b83a0	1043	3	2
934e0928-d776-4d13-9e90-59226bbb9651	44bb5b40-9d3f-43f4-a696-02b39d7b83a0	1044	5	1
094dc49a-c8cf-41a8-8cc3-86574861e7fe	e88bec17-86c4-46a8-94fe-56232bab560e	1108	3	1
36e216a3-fcc1-47db-b6b1-00a876136d34	e88bec17-86c4-46a8-94fe-56232bab560e	1089	3	2
411cbf23-8dc0-408b-9153-5788a8237258	e88bec17-86c4-46a8-94fe-56232bab560e	1090	4	1
140f1f6a-53f7-43e0-878b-0a0f6e00c0c6	e88bec17-86c4-46a8-94fe-56232bab560e	1084	4	3
73e29b50-fc0e-4644-a9f5-d6a0838121d8	450895a3-6fc1-43d6-b49f-8f74d3da4ea5	1056	4	1
bd1095e7-bc11-4d68-9332-458676c883fe	450895a3-6fc1-43d6-b49f-8f74d3da4ea5	1083	4	1
ef0167d8-1770-42d8-a728-23068e002dab	450895a3-6fc1-43d6-b49f-8f74d3da4ea5	1071	5	2
e1653770-0a67-4bcc-a20f-504c7a2cdaca	450895a3-6fc1-43d6-b49f-8f74d3da4ea5	1043	4	2
816fbddb-ef51-4d13-b27e-10d105cafc11	726bda34-8a98-475d-827d-baac0acd8a4c	1079	3	2
c75086fa-45e9-4415-8272-dad009f81268	726bda34-8a98-475d-827d-baac0acd8a4c	1083	5	2
7d9215eb-e15a-4088-826c-62556367da87	726bda34-8a98-475d-827d-baac0acd8a4c	1078	5	1
963073e6-ebf2-4736-a570-fd9fc89f9bc0	726bda34-8a98-475d-827d-baac0acd8a4c	1056	3	1
5fa938cf-c8e0-4df2-a4d1-56f6e8c906be	889668a4-df21-4930-a933-4f0b984ece77	1045	4	2
7507940a-ef91-44e6-be35-4b9a3453de29	889668a4-df21-4930-a933-4f0b984ece77	1043	3	2
c27b3a5a-fd5a-4d91-95fd-8a64db1c517a	889668a4-df21-4930-a933-4f0b984ece77	1084	5	1
d98fd0c8-4570-4702-82dc-8f26feeb8b4d	889668a4-df21-4930-a933-4f0b984ece77	1056	4	2
58236d52-4059-4e6e-a28e-3caa164a8835	d8eb5f31-9ee3-4285-a80c-64d2dbbbfeda	1043	4	2
d5766a8e-2ba8-4ab2-85d8-3de6e7ff79da	d8eb5f31-9ee3-4285-a80c-64d2dbbbfeda	1044	4	2
451f6579-955a-43bf-b771-38a09c5ddedf	d8eb5f31-9ee3-4285-a80c-64d2dbbbfeda	1056	4	1
4c5b9627-e004-4465-8d81-cca322df89a0	d8eb5f31-9ee3-4285-a80c-64d2dbbbfeda	1084	5	1
c34b50b4-6cf5-4321-93e1-81738be56dc9	fc7fec5b-f90f-4fd0-90a6-865bd342ced1	1056	5	2
91ac600d-3ee8-4fe1-a1d3-ac8af0d2f7f6	fc7fec5b-f90f-4fd0-90a6-865bd342ced1	1071	4	1
fde162c0-c266-414e-82ad-b5257d1955da	fc7fec5b-f90f-4fd0-90a6-865bd342ced1	1083	4	1
e84db9cb-20e1-4dcf-a0e8-1b251d95d25e	fc7fec5b-f90f-4fd0-90a6-865bd342ced1	1043	4	1
41bf700a-8829-4bf2-8d63-a3b88a424fe2	d3dadcf9-542c-4b26-9f09-37c6e81aa7e0	1108	5	1
e1fd02c7-7bf2-41d5-b91a-aa45cab05f2e	d3dadcf9-542c-4b26-9f09-37c6e81aa7e0	1114	5	1
87f0b1e7-2019-46fb-8aa2-dbf288be1309	d3dadcf9-542c-4b26-9f09-37c6e81aa7e0	1083	4	1
4ef6777a-b37d-4848-8bab-16e965bf2f9a	7f54e6bb-1cc1-479d-acc4-7f44ce72d80d	1043	4	1
a7c7161f-4269-4d5e-8f7d-e2a040db3d9b	7f54e6bb-1cc1-479d-acc4-7f44ce72d80d	1045	3	1
588ee969-f31f-4db4-a88c-07284d7dd1a9	7bd200ce-a25e-4cd5-8700-9e1b8a8699f4	1056	5	1
d217ff4f-5f81-448b-a439-d7c4736988e1	7bd200ce-a25e-4cd5-8700-9e1b8a8699f4	1097	5	2
93ff6537-770c-4082-b76b-6a3fc25b8ba2	7bd200ce-a25e-4cd5-8700-9e1b8a8699f4	1091	4	1
bd224a34-50cb-4c3e-888d-8cf8826f35fb	8254cef1-015f-4cdb-9d32-34d894f373ca	1043	3	2
cec4e81d-90e8-4ed1-be58-11b4ca259701	8254cef1-015f-4cdb-9d32-34d894f373ca	1071	5	1
71e1b1b8-63d0-4cd9-8100-26db1dd12269	d1860ab2-ec60-4278-9e57-a3d550152681	1043	5	1
47f9a657-1ae9-4e21-ba76-6cbf0faacdf0	d1860ab2-ec60-4278-9e57-a3d550152681	1084	5	1
59810ee1-c90e-4e9b-9a7f-92e8da347910	18f0242a-36d5-4821-8f68-c1cd1787d52a	1043	4	4
2fea327d-6539-42de-9035-32617d6e49fb	18f0242a-36d5-4821-8f68-c1cd1787d52a	1055	4	3
cb9ba236-b9ee-4628-be21-7d1f22250fff	18f0242a-36d5-4821-8f68-c1cd1787d52a	1044	3	4
7634d073-1888-42e2-a233-09cff8c6aeb9	18f0242a-36d5-4821-8f68-c1cd1787d52a	1084	3	4
45e31283-9dd8-4203-9322-6c7aace9ade5	894ce5f7-1cff-4938-b10c-544e6512d0ff	1087	5	2
77990ef2-27d3-4336-94e7-0780d6892c64	894ce5f7-1cff-4938-b10c-544e6512d0ff	1084	5	1
1d45bfad-0be5-404a-9efb-feec545d7611	789be1ef-7dd9-4098-b8f2-c313965fe31c	1108	3	1
309a635a-eba9-40ba-a68a-06bdff2a2f98	243d4130-0256-4a3e-89f5-c99888237c0f	1043	1	\N
4db1120c-a3ed-488c-ad45-64c2a2e005a6	243d4130-0256-4a3e-89f5-c99888237c0f	1044	1	\N
5fdc6e0d-3442-4fa3-981e-effd25c653fe	243d4130-0256-4a3e-89f5-c99888237c0f	1045	1	\N
b45add00-1b61-4d97-adfa-9fef9a254615	243d4130-0256-4a3e-89f5-c99888237c0f	1051	1	\N
985e1692-aa78-44e3-9721-37fdbdcde6f1	243d4130-0256-4a3e-89f5-c99888237c0f	1055	1	\N
b66cb22b-44ff-4cca-9e36-f6449b7f8aa1	243d4130-0256-4a3e-89f5-c99888237c0f	1062	1	\N
f7a94163-b4b9-4b3b-8697-f96d0ec104b8	789be1ef-7dd9-4098-b8f2-c313965fe31c	1084	4	1
ac9b61ad-e877-4391-9522-db4f3af2ccff	789be1ef-7dd9-4098-b8f2-c313965fe31c	1090	4	1
8e8b48f9-5657-4d2c-8805-279dd169f4e2	789be1ef-7dd9-4098-b8f2-c313965fe31c	1089	4	1
9dc5b992-470d-44eb-8a8b-553ecc79eef3	02515fe2-95d1-4ae0-a691-e5a9ba34a59e	1087	3	1
4ac8ee7f-a3b7-4909-8daf-22832999ccdd	02515fe2-95d1-4ae0-a691-e5a9ba34a59e	1114	5	3
f630acaf-4f02-4836-83b6-6f70f760e4c6	02515fe2-95d1-4ae0-a691-e5a9ba34a59e	1083	5	2
b18aa0d1-fe18-4634-8e13-572ae6783834	02515fe2-95d1-4ae0-a691-e5a9ba34a59e	1108	4	2
7e31875b-4616-4c2f-9e41-650dae74ea3b	f0e64025-b9bc-4709-9074-79ac55c148b0	1080	4	1
2ddc7845-07bb-4f6d-9b20-ca4d44d6f99a	f0e64025-b9bc-4709-9074-79ac55c148b0	1079	5	2
149e4943-9af9-4f17-ae33-63eb02d38c14	f0e64025-b9bc-4709-9074-79ac55c148b0	1078	5	2
15de24b5-dbbc-476c-95db-9d26604e8f41	d798c874-d1a1-4b19-b719-5363dde8c0b0	1056	5	1
0ce78cb8-16cd-4910-8a8a-d288aa88a926	d798c874-d1a1-4b19-b719-5363dde8c0b0	1096	3	3
94946aaf-16d3-4c98-a94c-6092b592bf47	37251941-2c78-413d-aad2-57b02b847bb2	1043	4	3
9e43018c-9ee9-449e-9280-5ebef5e45309	37251941-2c78-413d-aad2-57b02b847bb2	1044	3	2
bb7595e8-e8e3-4a53-8913-90bf9219da11	37251941-2c78-413d-aad2-57b02b847bb2	1084	5	1
ce4c65f0-b4cf-4b56-be52-b8aa7ebe724f	74390c49-b551-4147-991b-424af2030880	1056	4	4
77b64a44-b29f-4b45-ad9f-29605e511ed4	74390c49-b551-4147-991b-424af2030880	1044	4	2
5d7a05f4-f4ad-4f90-a84d-0b59dac60b9b	4ed154d7-d7c0-44fa-a9b9-ce2d175bc8e5	1083	4	1
230cacc7-aadf-4526-85fc-da0ea38dd479	4ed154d7-d7c0-44fa-a9b9-ce2d175bc8e5	1078	3	1
751fc106-53af-4a26-b70e-5c9d96665dcb	4ed154d7-d7c0-44fa-a9b9-ce2d175bc8e5	1079	4	2
3358c024-57d2-4878-9066-592678e3835c	e905740e-28a4-423a-901c-49c2e31784f2	1080	5	2
1b607825-693d-4975-8a7b-d82dcb268d98	e905740e-28a4-423a-901c-49c2e31784f2	1079	4	2
931821c2-6129-4a67-9fe2-81a857a33150	e905740e-28a4-423a-901c-49c2e31784f2	1078	5	3
35ad8da7-ec6c-4a47-aeac-f059f7348c60	5d57a01f-e510-4a55-a8c5-b8f0648068df	1043	4	1
48054033-e429-483f-bb72-fc00a6431b2b	5d57a01f-e510-4a55-a8c5-b8f0648068df	1083	5	2
4af760bf-16ff-4077-bb8b-44ebbb5dd2bb	5d57a01f-e510-4a55-a8c5-b8f0648068df	1071	5	2
bd31665d-4007-4cca-9a4e-bbde87381be1	40f501e6-384f-419d-b0e7-1c304fb3d670	1043	5	2
3177a0f7-4bb2-44c9-9c7c-bdc5eea39f7e	40f501e6-384f-419d-b0e7-1c304fb3d670	1084	5	2
9fcd2d48-8514-433e-a4ac-d133923e733d	40f501e6-384f-419d-b0e7-1c304fb3d670	1056	5	2
7d017424-83b2-4e6d-bd51-4edbb1dc0ebf	b3b1e73f-aa31-4fdf-9a12-57b3a6c9157d	1108	5	1
78744d83-32f5-4253-b949-48c4e67e8b10	b3b1e73f-aa31-4fdf-9a12-57b3a6c9157d	1090	3	1
663aa8af-3f52-443f-922b-928494d93f36	b3b1e73f-aa31-4fdf-9a12-57b3a6c9157d	1089	4	2
63a5e8d1-e475-47b9-854b-0314c4c1cc75	b3b1e73f-aa31-4fdf-9a12-57b3a6c9157d	1084	4	1
24656707-5d68-4945-b22a-897978441012	aadaa421-4713-403f-8b29-c6f279ee3c05	1083	4	1
80431bcd-3b64-463e-a495-e299e3b3f42a	aadaa421-4713-403f-8b29-c6f279ee3c05	1087	5	2
07bd974d-8b11-4410-9e36-6f5a6ae444a5	aadaa421-4713-403f-8b29-c6f279ee3c05	1114	4	4
56db964d-194d-4100-8e86-4a61fd535461	c72809bd-10fb-41cb-bfc4-561b9f82139a	1084	5	5
fda2b022-fe01-4bc0-a966-9be25f097f0d	c72809bd-10fb-41cb-bfc4-561b9f82139a	1044	5	4
55de94e5-97db-46d1-825e-7aeb53dbaeb6	1dbc2749-3594-4ca0-bbb3-002a7b553d9d	1084	4	2
e62e6a9a-c99d-45e4-886e-47bbf3519374	1dbc2749-3594-4ca0-bbb3-002a7b553d9d	1108	4	2
296b818f-db48-49a4-914a-2ae7fd1e6767	1dbc2749-3594-4ca0-bbb3-002a7b553d9d	1089	3	2
3bda0253-046b-4422-b386-4bb86063be0b	1dbc2749-3594-4ca0-bbb3-002a7b553d9d	1090	4	3
\.


--
-- Data for Name: Credential; Type: TABLE DATA; Schema: public; Owner: -
--

COPY public."Credential" (id, "candidateId", "fileUrl", type, hash, verified) FROM stdin;
f4ce47ff-6a68-40ff-8d1c-b87127f83662	5e5c0ce5-b78b-4872-be2d-447f4423643b	https://torn-guidance.name/	Portfolio	4XyUjBzc4eJU	t
a01167c7-6953-4c77-a365-2c36e17f5e94	0ef66d72-7ffb-40a4-83b9-cc80256bdb2e	https://distorted-zen.biz/	Transcript	dh3KeHzK1Wdv	t
cd6bb463-83fe-4596-9b1d-1216926a9de0	53adc178-1033-4234-aa9d-b12b4762c958	https://downright-pleasure.name/	Recommendation	1Ks9HIlTK12J	f
05b55bbd-392f-46ef-9fad-1099895d1dfb	53adc178-1033-4234-aa9d-b12b4762c958	https://distant-godparent.info	Portfolio	3zVUWIoAZXFp	f
eb0d8e3c-a5ef-4705-9115-a9713294d4fe	255d8dea-e991-4b8e-8270-95a40c17c893	https://stained-exploration.org/	Portfolio	yTw9yWGrm9pj	t
af6bf853-1acb-41a2-bfed-08b533b2e880	d3fd8091-dbc4-47d5-a270-83acf51cc97a	https://gruesome-dredger.org	Recommendation	uFBBKxxG3fpK	f
a6de3e43-c03e-4f67-b23b-bd95073131da	5f0d4714-af15-42c1-8219-c513d3058de3	https://shocked-scratch.name	Recommendation	3AXGaxLc6kNZ	f
3ca67bae-0ef4-4d27-aebc-4b8e5f1bad0a	6dfd2329-0064-4d69-9e19-858f5288635f	https://soulful-printer.net	Portfolio	VGdRrvP1a5yp	t
36ab63e7-141a-4097-a3a1-22db96b73cdd	6dfd2329-0064-4d69-9e19-858f5288635f	https://our-aftermath.name/	Recommendation	BBRsJqpwLROe	f
91c20f92-08c0-463d-9a3c-d7aa1e7de5ab	46b262b5-0a74-4b95-a234-1e1cbfb79cac	https://weekly-release.com/	Portfolio	5f5DPTD0ma2U	t
08de44bd-15eb-4204-8af7-ff76d2d46e01	f559d9c4-b424-4758-a1ca-dcf94497dcd8	https://petty-fuel.net/	Transcript	1ARzvvhNCHei	t
239d3969-bc83-4057-a554-f3523bafbd56	db66a97e-b80b-4fe0-a679-6e19b7749fe1	https://tempting-ownership.org/	Recommendation	1pyQ9fifcEPq	t
17bd9e26-6181-43c2-9230-d613b1d81a3d	66d7b3b7-e791-477f-b9cf-b42fa38e87cc	https://true-cardboard.biz/	Recommendation	0BypudlPfYTU	f
4d6b2f6e-1d29-4304-b63a-ff990bdfe809	63f3c635-529e-408c-acca-3f825bf4bbeb	https://grouchy-volleyball.com/	Transcript	LobkTmFMBlyP	f
6ea75ea9-658c-49ef-95b1-9e89a86ee1b8	63f3c635-529e-408c-acca-3f825bf4bbeb	https://uncomfortable-lobster.org	Recommendation	t4NsiinP8aEk	f
f07e0557-4ce0-4cd2-9d72-7cfb8a308ed5	246f04e6-555b-4522-a893-8e0dcadb67b3	https://courteous-slime.com/	Recommendation	FwiVE9qgwjI8	f
6752e60e-c513-4a65-9f7b-b509f98ff837	cedb3163-0ebd-4062-98f9-baf3e960db71	https://scratchy-duffel.net/	Portfolio	M89FR6Ybbh7m	f
d56fe249-1469-4e26-8d4a-ddef4b3182f6	377c9bf6-c15b-4620-93a0-f83c3022dda7	https://glass-birdcage.biz	Recommendation	F5al0b1B2nP3	t
c3ca03c6-869b-4d50-88d2-43049378d592	2e6ad436-5479-4aef-bbcc-cbeaf42f30fc	https://worst-coil.org/	Transcript	qf8Xs1M0GbwL	f
884fe522-0da6-449b-8552-40979ff5740f	e9b896cd-1e7e-4c6d-8686-a7c16085a1f8	https://boiling-marten.name	Portfolio	R4Yot02X6k8o	f
fe535488-ef53-43ce-bfce-7f759d6231e9	6a2529fc-368f-4d1c-a37e-3ea7e15282f5	https://corrupt-yogurt.biz	Transcript	HuuVDMxSXArd	f
87d80aae-8966-4738-8b88-ef0d813c1e23	6a2529fc-368f-4d1c-a37e-3ea7e15282f5	https://zesty-larva.net	Transcript	MPM0YOzZqQey	f
c00830f6-9ea2-4063-8610-6de7ca2a5aa7	0519b2d3-a562-4e13-802a-0361deda5825	https://brilliant-deployment.info/	Recommendation	hh7FLeTOiWEX	f
9e048b5f-ff18-48f5-87b6-9ca9bbe8248e	7c3ddd07-dc51-4ec5-b484-5f609931507b	https://giving-restaurant.biz	Recommendation	RDc1ZJQLZW0Y	t
5d6525da-6250-4ba2-bfec-a422661d2f71	bebab6e4-eae5-42f7-bc89-ccbccb0e4ecc	https://linear-testimonial.info/	Transcript	9ojztUtUp01k	f
ce38e09c-6f0e-4fcc-bd02-fdb6b6c8931b	4be82dae-fcf3-4a01-b5a3-564c38113b68	https://prestigious-information.name	Transcript	d1QbYj6whOL4	t
30543a84-5407-44dd-97c8-2edbfb57615b	68b0383d-6b8e-4feb-ab71-947e2423f794	https://wide-eyed-rubric.com	Transcript	vIwiiduOXCdg	t
3fbe2dac-520e-46ab-8e2f-86eb065e0e5c	68b0383d-6b8e-4feb-ab71-947e2423f794	https://willing-disconnection.biz	Transcript	MIpDcEbUKYnz	f
d6f1cc09-efa2-4ede-9d4b-a40319bb7cd4	73d8e3c4-b703-4b07-b921-fbee47bb6510	https://sleepy-dusk.com/	Portfolio	dLy2j5QECJaC	f
c964e999-d188-440b-8f5c-e33955f7e36c	73d8e3c4-b703-4b07-b921-fbee47bb6510	https://impish-metabolite.name/	Recommendation	ssTQn2zOlKwk	f
1ff1b070-538e-4194-8905-e33de5c4becb	a8a671fc-d06d-42eb-8a10-8d9326447019	https://round-traffic.name	Portfolio	uAuuKDpU5M1O	f
5ce1ac4a-006f-40d6-8dfd-f11d90b8e24a	98bfc766-dd82-47b4-91c8-4bd97ba010d7	https://tired-recommendation.org	Transcript	UifL0o0PbBnh	f
9192927f-b58d-4a95-9ec6-2656b3a98650	44bb5b40-9d3f-43f4-a696-02b39d7b83a0	https://soggy-cap.com	Portfolio	kXwXIW7ltmOM	f
cb2cf12e-a01b-4bf8-9f1e-fe2ec8fe7fbd	726bda34-8a98-475d-827d-baac0acd8a4c	https://lined-spear.name/	Transcript	bSJ6dEWrCLr2	t
8e564b49-c23a-4e4a-baf7-939c151cc1b5	726bda34-8a98-475d-827d-baac0acd8a4c	https://medium-bandwidth.info	Portfolio	nZHqdEq8hsE1	t
5452a200-a3b3-482a-a899-e1c2dac7f053	889668a4-df21-4930-a933-4f0b984ece77	https://pink-ice-cream.info	Portfolio	pTCKXWv1THhj	f
d4b8b150-e9ee-4dd6-b12a-fa5926e73c20	889668a4-df21-4930-a933-4f0b984ece77	https://sizzling-tuber.info/	Portfolio	xie1KwiNpEvi	f
b2b6a05f-f2e2-4113-9722-845e41a378f7	d8eb5f31-9ee3-4285-a80c-64d2dbbbfeda	https://odd-draft.biz	Recommendation	61kDoeSgQahv	t
ea276aa5-9638-4c1b-939d-3fae4cecc698	7bd200ce-a25e-4cd5-8700-9e1b8a8699f4	https://cavernous-shadowbox.biz	Portfolio	ijBGGyqrROby	t
27703ed6-e413-49a7-a81d-2332d8ea0d30	8254cef1-015f-4cdb-9d32-34d894f373ca	https://merry-gray.biz	Portfolio	cZiejK6jkSzc	t
be75f531-218f-4754-b9ef-83e9789714e5	18f0242a-36d5-4821-8f68-c1cd1787d52a	https://shimmering-valley.info/	Recommendation	V4bsk4Wty2i0	t
1dae299e-8221-4a3a-8fac-34d051f16556	894ce5f7-1cff-4938-b10c-544e6512d0ff	https://stable-kit.com/	Portfolio	V86cVDNUAomP	t
86d1775c-09eb-4df2-b625-35aa2c5bbb29	02515fe2-95d1-4ae0-a691-e5a9ba34a59e	https://fragrant-responsibility.net/	Transcript	i7EZQzN6I2vw	t
ecb9b6e4-b8b3-4e35-95a7-d618d362aeb2	37251941-2c78-413d-aad2-57b02b847bb2	https://extra-large-mixture.org/	Recommendation	gSAWz4tNimO8	t
72d09957-dc5b-40a4-b0f8-c1b537fa0801	74390c49-b551-4147-991b-424af2030880	https://ripe-bidet.info	Portfolio	H6Kaj7TGNOLH	t
e820e437-3ee9-4d81-a27f-9f4993f4d303	4ed154d7-d7c0-44fa-a9b9-ce2d175bc8e5	https://baggy-devastation.com/	Transcript	EDBKD3sWmlB6	t
5e9ef517-e8a5-4926-aa4a-c52308d20117	4ed154d7-d7c0-44fa-a9b9-ce2d175bc8e5	https://second-gymnast.name/	Recommendation	Lg4Rmb1vUzIH	t
c4fa1f1c-ae11-4523-948d-45d1f3956913	e905740e-28a4-423a-901c-49c2e31784f2	https://lonely-filter.net/	Recommendation	aVlUsEw7OFhE	t
903d5e57-edcb-4eac-86a2-f839301f0fe2	5d57a01f-e510-4a55-a8c5-b8f0648068df	https://bare-meadow.org/	Portfolio	GgYWpu5xaqX3	t
dcc7879c-65d7-4c59-a3f0-80767664c609	5d57a01f-e510-4a55-a8c5-b8f0648068df	https://valuable-switch.name/	Transcript	0R3o5tIWDqTW	t
a38235d3-d506-4f39-9ba0-e822d5d3660f	40f501e6-384f-419d-b0e7-1c304fb3d670	https://well-documented-aftermath.name	Transcript	KE49tjVN0CZ0	f
5b58a47a-e112-4f4b-bbec-b6d4cfc6567a	b3b1e73f-aa31-4fdf-9a12-57b3a6c9157d	https://lined-someplace.name	Recommendation	UB9fnIrsQUlB	t
ba8fe843-26f8-4ebc-8b8f-f76c3d6aac98	c72809bd-10fb-41cb-bfc4-561b9f82139a	https://unwilling-subsidy.org	Portfolio	6m3AUtRLDViG	t
bc5c4eab-ebc9-4ee1-a3b8-97daf410c3c4	c72809bd-10fb-41cb-bfc4-561b9f82139a	https://appropriate-quart.biz/	Portfolio	fEPbSu8A9iNu	t
351ae668-61d3-4f4e-a767-1af1d64d1df5	1dbc2749-3594-4ca0-bbb3-002a7b553d9d	https://unpleasant-pick.com	Recommendation	w6TGIAxpX3fE	f
bdf25772-6219-4a65-b369-4539287e476c	8eaa9738-46fa-4df0-be55-48b75509c895	https://closed-boulevard.org	Recommendation	jbVlXwsu7BmZ	t
b75b001f-6e07-4c5a-8463-8be30013108f	8eaa9738-46fa-4df0-be55-48b75509c895	https://putrid-poetry.org	Transcript	7aWjOI4EK0RP	f
cffbe150-e0df-481f-9643-8574daea19c8	b1bf890e-2cc2-4e16-9799-49fdfd500772	https://parched-thongs.net/	Recommendation	S21iQ1sMrINX	t
779b784a-0d2d-4aea-9cbc-c569d3c71379	b1bf890e-2cc2-4e16-9799-49fdfd500772	https://accurate-grandpa.name/	Recommendation	eH07WMH00MTY	f
e3df961d-17d5-4b3a-91a4-f0c64c083690	45d59e1f-f3f9-43dc-a487-a6770fce5e4f	https://slow-handle.com	Transcript	Thtopj9FOwGP	t
c288beff-e7fa-4535-9660-5c2a8114b9d1	45d59e1f-f3f9-43dc-a487-a6770fce5e4f	https://cute-horde.name	Recommendation	ruUXztOmW0AH	f
447391d1-1e0f-416e-8b28-1a62be40e820	d203b277-c8e3-42d5-88ce-2dcfcaf9f911	https://tough-aircraft.com	Transcript	PaFbdEshHdOC	t
8f6de3f3-e794-4334-bf41-64e2588b752a	d203b277-c8e3-42d5-88ce-2dcfcaf9f911	https://unused-sandbar.info	Transcript	jmIFcivjdzEl	f
a474deb7-6c6b-452c-a7e3-cb3de8f394f1	7c3237eb-dfb5-493f-bf38-9a84e2140103	https://determined-sushi.biz/	Portfolio	ELXbtY3pCryL	f
d9a06c5f-30a7-4a3c-85f7-0c52ceb99bcd	7c3237eb-dfb5-493f-bf38-9a84e2140103	https://hot-blowgun.net/	Recommendation	BSlMJVjbP8S7	t
8c4d521e-1b5c-44f2-87ca-cf24b6651a50	a378f56a-5b39-4bd3-9e70-9b65356585ac	https://caring-simple.info	Recommendation	Ae62wnUyyoBn	f
94288d89-28a5-42b3-a88e-8a60408fa811	a378f56a-5b39-4bd3-9e70-9b65356585ac	https://discrete-story.name	Transcript	8W8Z8jjV8iQE	f
6bd932aa-3663-4fd2-9681-f1c88de5d204	821bdf09-f76d-4b72-9e5b-1efeca522188	https://cuddly-lava.com/	Recommendation	F7s22gjyYb60	f
fd08563a-94a2-42dd-bff7-18d2f3988305	c01d6d99-645c-4234-aab7-5ed9052daf8f	https://glass-archaeology.info	Portfolio	OdfSADsjOaRy	f
c9815b22-8f14-4350-bb05-49b116c6bb4a	59279f59-4c10-4cc8-850f-d335f16956bb	https://granular-acquaintance.info	Portfolio	hMVVfcWPJPK5	t
9aa727f7-24a5-47a1-ae35-56ee099ef6a3	25a20448-427d-4974-9feb-b101f24ab2b3	https://quiet-underneath.info/	Transcript	lQxQrQAAhI2U	t
5215039f-1a75-4155-a26a-b8f61c321d7c	685c391a-b90c-4537-978b-4a933a4ba314	https://unsightly-characterization.name	Transcript	NUDiXERNv28N	t
7cad504b-ac87-4076-b2fc-69ad5a5dcc8d	8c3e88dc-66a2-46a3-97ec-def28b34c41f	https://motionless-thunderbolt.biz/	Portfolio	lt55TIhnmgCK	t
d398e0b8-dea2-461e-ae74-655c943a7015	b17ef250-cf87-43a5-aa3f-daea024a1fda	https://wrong-recommendation.info	Portfolio	fLeaMX1S1lBm	f
7a113082-df58-4d7a-9dd7-7a242e041148	86b27714-8d0d-42ee-b074-0598180b6cd8	https://unsung-pneumonia.com/	Portfolio	eDmpUhnE8YPf	f
ee089c46-1153-45fc-9daa-cca154df4d18	38622052-887b-4d9c-8dc5-5f2e2980f10d	https://mad-pneumonia.biz	Recommendation	B7NzDyCSGAtd	t
7ba76fcf-d009-4c3b-9570-5ade17545b4f	38622052-887b-4d9c-8dc5-5f2e2980f10d	https://unfinished-cafe.com/	Portfolio	T24HtjhxXfLI	f
9f630bf3-f2f7-4f1a-a1bb-11a42612d328	9d3bce60-457e-4114-a2c8-e94f48539c25	https://wicked-label.name/	Transcript	DLJNTejxgYze	f
ca6fb003-cec1-425a-9a1b-9a6296803d8d	6265af98-287d-4ca8-9711-b2f7971b44d3	https://right-technologist.biz	Portfolio	P63FbAJWAGRU	f
d800f398-781e-4476-b28b-d46ae590af20	6265af98-287d-4ca8-9711-b2f7971b44d3	https://menacing-majority.name	Portfolio	utmUZnhOHSqi	t
f14a5448-c81f-4923-aa6e-230d6490741f	a10028dd-3610-4a6c-a9e1-78b029bfb772	https://squeaky-scaffold.biz/	Portfolio	ZKXl95PjdG18	f
ade3c0d0-681a-4c3c-89fb-6eb26d9ab88f	fcdb8b9e-8944-46cc-b5ed-8d0b6a0a731d	https://trained-scenario.org	Portfolio	2JyErk1HpLbX	f
a54e83dc-faac-47fd-abe7-9dd3e5597eed	7fcbadc2-11e9-4caf-a555-8353993f9247	https://internal-premise.biz/	Transcript	545xt0HLBBPs	f
accd7fa7-c3b8-4f77-a0d5-09a9947b9af8	7fcbadc2-11e9-4caf-a555-8353993f9247	https://self-assured-hose.info	Portfolio	q2buEPK8pOt7	t
aaa00f21-99f1-4946-8fbd-2f57505e2c03	8008b63c-0949-4abc-b968-0362d6166c46	https://burly-airman.net	Portfolio	kB5TUIeXt1y6	f
fee7f115-ef4f-4b74-b242-578ac74fd0ed	c0f23322-f625-4ab1-abe7-1740f476fd25	https://entire-travel.org	Portfolio	Q5tQtdeDosLR	f
c7cc83e1-2407-496e-b898-e0050d5fbdf7	e348e2cd-0e49-4a08-b7a4-5c9cddca1c2f	https://indolent-kettledrum.name	Transcript	w1Ql6TbGMzym	f
874ca718-9641-4c9a-95a5-c05069e75a7f	e348e2cd-0e49-4a08-b7a4-5c9cddca1c2f	https://busy-arcade.org/	Transcript	WwHcMgg8insS	t
eef31679-ba2e-429a-8d9a-d21bb0282457	9865676c-b9ee-458b-88ac-3b28d54bef4e	https://unripe-instructor.biz	Transcript	4fQF7yPg57C7	t
057d5c80-28a4-4e23-9887-8ba5b5000950	9865676c-b9ee-458b-88ac-3b28d54bef4e	https://happy-go-lucky-wasabi.com	Transcript	T5co8xfPWncK	t
db4bca5c-c765-490d-a72b-5b1bb536030d	e464f07c-5724-4d2f-afe0-619a1f5f2253	https://inferior-onset.org/	Recommendation	hjDlHFKdL0lZ	f
9204feaf-4717-450c-bea9-3b287f10d6c6	64feaaad-d96f-4d98-b675-7a4c2b379694	https://neat-expansion.name	Portfolio	p6pgEVaSgLie	t
3d28c72b-6193-4318-9d35-b07b5196ba98	aaba02c6-9583-4e09-b9cf-fddc15f08401	https://smoggy-maintainer.net/	Transcript	o3h6UuND3hXv	t
f0262bad-1e8d-49b4-b10a-96dced1af227	c2fab6a8-2765-459e-9d7f-819d64e67e94	https://majestic-heroine.org/	Portfolio	79uU5OXgfEf4	t
009b9c64-009c-4a18-9435-391491df300c	c2fab6a8-2765-459e-9d7f-819d64e67e94	https://strict-settler.info	Recommendation	kFMmwD2gs052	t
de0fce15-f79f-40e8-b8e4-8f05a3094360	3b6d839e-c30f-483f-9779-e513907dd66b	https://optimal-devil.biz/	Recommendation	4ruKAChWUrqc	f
c7e600f1-29a7-4b28-84ec-99acd28ee46f	99ca692f-b82f-478e-9bb5-91e495f5345b	https://gaseous-humidity.net/	Transcript	HXJhpNzvT4o3	f
c8bf10a1-4dfb-486c-9b88-a008b6386c15	99ca692f-b82f-478e-9bb5-91e495f5345b	https://muddy-traditionalism.org	Transcript	dGZSaQ4k7rLk	t
\.


--
-- Data for Name: Education; Type: TABLE DATA; Schema: public; Owner: -
--

COPY public."Education" (id, "candidateId", institution, degree, field, grade, "startDate", "endDate", "createdAt", "updatedAt") FROM stdin;
2d39b951-bbd6-4461-aa59-cd40a63fa162	5e5c0ce5-b78b-4872-be2d-447f4423643b	Nnamdi Azikiwe University	B.Sc	Engineering	Second Class Lower	2019-10-07 14:07:36.196	2023-10-06 23:00:00	2025-10-07 11:54:23.694	2025-10-07 11:54:23.694
93f1138b-2e84-4969-919c-5f1989fb1501	0ef66d72-7ffb-40a4-83b9-cc80256bdb2e	Tai Solarin University of Education	B.Eng	Marketing	Second Class Upper	2025-01-18 07:50:49.448	2029-01-17 23:00:00	2025-10-07 11:54:23.719	2025-10-07 11:54:23.719
581b0b33-880f-45ab-9203-33b5cd8e80b2	53adc178-1033-4234-aa9d-b12b4762c958	Nnamdi Azikiwe University	PhD	Economics	First Class	2022-01-21 07:50:57.882	2026-01-20 23:00:00	2025-10-07 11:54:23.737	2025-10-07 11:54:23.737
d1b5abfa-db4e-464f-911f-1c3a86b825c8	255d8dea-e991-4b8e-8270-95a40c17c893	Federal University, Oye-Ekiti	B.A	Project Management	First Class	2020-04-30 07:11:54.848	2024-04-29 23:00:00	2025-10-07 11:54:23.757	2025-10-07 11:54:23.757
7b8b986d-b054-4483-b524-8af4a29ae5f2	d3fd8091-dbc4-47d5-a270-83acf51cc97a	Ibrahim Badamasi Babangida University	B.Eng	Information Technology	Second Class Upper	2020-03-20 07:43:35.697	2024-03-19 23:00:00	2025-10-07 11:54:23.775	2025-10-07 11:54:23.775
392518c7-c346-4f5c-8e97-36b2e6aa4a3d	d947c918-9dfe-48b3-bebd-88085a6a4999	Gombe State University	B.Eng	Engineering	Second Class Upper	2022-05-07 08:56:45.288	2026-05-06 23:00:00	2025-10-07 11:54:23.796	2025-10-07 11:54:23.796
06d88185-91a0-4501-ba8c-2a85a1679161	a6b66cdc-6f3c-4f46-91ae-cf1c437af827	Gombe State University	B.Sc	Computer Science	Second Class Upper	2021-07-28 05:32:21.862	2025-07-27 23:00:00	2025-10-07 11:54:23.814	2025-10-07 11:54:23.814
8de9fb47-02c8-44cb-9843-ce7274fb01fa	7a3496dc-f774-4199-9d15-3401fbf28325	Plateau State University	B.Eng	Information Technology	Third Class	2021-12-20 20:09:47.296	2025-12-19 23:00:00	2025-10-07 11:54:23.829	2025-10-07 11:54:23.829
ca842be2-e8a3-4475-afe7-52dc32167825	5f0d4714-af15-42c1-8219-c513d3058de3	Lagos State University	B.A	Web Design & Development	First Class	2023-12-27 10:56:52.854	2027-12-26 23:00:00	2025-10-07 11:54:23.845	2025-10-07 11:54:23.845
96ab789f-3c62-411b-939d-73a3c6e50482	29092626-efbb-48d7-aaec-b1f57ac2e0ff	Bowen University	M.Sc	Economics	Third Class	2022-08-06 18:02:27.879	2026-08-05 23:00:00	2025-10-07 11:54:23.862	2025-10-07 11:54:23.862
ee6e0f3a-ebc2-441b-a2f3-2139fda763fb	bb250836-2344-4f88-bdb9-31fa30a22b15	Federal University, Lokoja	B.Sc	Economics	First Class	2022-12-07 19:39:47.508	2026-12-06 23:00:00	2025-10-07 11:54:23.879	2025-10-07 11:54:23.879
b782f514-5c98-48a4-8fd4-1d0af6bca622	6dfd2329-0064-4d69-9e19-858f5288635f	Nnamdi Azikiwe University	PhD	Mathematics	First Class	2019-10-20 10:59:40.936	2023-10-19 23:00:00	2025-10-07 11:54:23.893	2025-10-07 11:54:23.893
4929ac49-6614-4640-8244-fd825ef1bf11	7287df1c-48a2-43ae-88d3-3da00ee612d2	Kaduna State University	B.Eng	Industrial Relations	Second Class Upper	2021-03-12 21:57:22.392	2025-03-11 23:00:00	2025-10-07 11:54:23.912	2025-10-07 11:54:23.912
3ba9d66c-0ff8-4995-ab1d-f712e9963e31	46b262b5-0a74-4b95-a234-1e1cbfb79cac	Lagos State University	B.Tech	Web Design & Development	First Class	2021-01-12 21:44:06.409	2025-01-11 23:00:00	2025-10-07 11:54:23.927	2025-10-07 11:54:23.927
c061493e-1b32-460c-8504-58fedeb6a74a	650adfeb-f8a9-4e58-8576-42b33e1188e3	University of Port Harcourt	MBA	Mathematics	Second Class Lower	2022-03-23 10:09:34.779	2026-03-22 23:00:00	2025-10-07 11:54:23.943	2025-10-07 11:54:23.943
17a72fed-d4a0-46b4-ba26-d0a2ed72e00d	f559d9c4-b424-4758-a1ca-dcf94497dcd8	Akwa Ibom State University	MBA	Business Administration	Third Class	2024-07-30 00:24:59.295	2028-07-29 23:00:00	2025-10-07 11:54:23.956	2025-10-07 11:54:23.956
5932001f-9465-4189-9bc8-5d4dd4588f70	db66a97e-b80b-4fe0-a679-6e19b7749fe1	Akwa Ibom State University	HND	Statistics	Second Class Lower	2023-04-09 18:45:57.299	2027-04-08 23:00:00	2025-10-07 11:54:23.975	2025-10-07 11:54:23.975
7750eabf-e43c-4647-b146-bf2c7d8c4c66	66d7b3b7-e791-477f-b9cf-b42fa38e87cc	Nnamdi Azikiwe University	M.Sc	Accounting	Third Class	2022-02-07 12:49:56.958	2026-02-06 23:00:00	2025-10-07 11:54:23.995	2025-10-07 11:54:23.995
9a77b397-3f16-4dce-8e73-ac6053db37dd	63f3c635-529e-408c-acca-3f825bf4bbeb	Kaduna State University	B.Sc	Economics	Third Class	2020-11-09 22:06:11.693	2024-11-08 23:00:00	2025-10-07 11:54:24.017	2025-10-07 11:54:24.017
cee383d8-ef23-4379-9ea5-b459d147e755	246f04e6-555b-4522-a893-8e0dcadb67b3	Ahmadu Bello University	HND	Computer Science	Third Class	2022-01-10 12:44:54.43	2026-01-09 23:00:00	2025-10-07 11:54:24.036	2025-10-07 11:54:24.036
71416347-da62-4772-8a01-1b9fc5a091a5	cedb3163-0ebd-4062-98f9-baf3e960db71	Tai Solarin University of Education	HND	Information Technology	First Class	2024-08-20 15:43:49.784	2028-08-19 23:00:00	2025-10-07 11:54:24.05	2025-10-07 11:54:24.05
eb2a3675-071b-4866-9136-1ecd53694980	377c9bf6-c15b-4620-93a0-f83c3022dda7	Plateau State University	HND	Information Technology	Second Class Lower	2019-07-28 08:55:48.429	2023-07-27 23:00:00	2025-10-07 11:54:24.064	2025-10-07 11:54:24.064
6e244ab8-7791-4b73-9cdf-c1b96a84bebf	2e6ad436-5479-4aef-bbcc-cbeaf42f30fc	Olabisi Onabanjo University	B.Tech	Marketing	Third Class	2021-04-20 01:25:15.306	2025-04-19 23:00:00	2025-10-07 11:54:24.084	2025-10-07 11:54:24.084
d1847cac-cbf1-4a89-81a7-809e52ab7f49	e9b896cd-1e7e-4c6d-8686-a7c16085a1f8	Afe Babalola University	MBA	Economics	Third Class	2023-09-23 21:52:40.213	2027-09-22 23:00:00	2025-10-07 11:54:24.103	2025-10-07 11:54:24.103
7f97f2db-8926-465a-91a4-a021996ae29e	6a2529fc-368f-4d1c-a37e-3ea7e15282f5	Federal University, Wukari	B.Sc	Banking and Finance	Third Class	2019-02-08 17:06:01.507	2023-02-07 23:00:00	2025-10-07 11:54:24.118	2025-10-07 11:54:24.118
5b54544a-77b4-4e75-88ba-a844a6babddd	3ffc0f7c-e816-478b-abcb-5922ca158872	Ahmadu Bello University	B.Eng	Mathematics	Third Class	2022-04-16 02:39:12.076	2026-04-15 23:00:00	2025-10-07 11:54:24.135	2025-10-07 11:54:24.135
c728ffd8-89db-40d4-99b6-1cc6271e2476	0519b2d3-a562-4e13-802a-0361deda5825	Cross River University of Technology	B.Eng	Information Technology	Second Class Upper	2018-04-20 14:46:01.575	2022-04-19 23:00:00	2025-10-07 11:54:24.151	2025-10-07 11:54:24.151
5050a373-a2a2-4ff9-a8e2-a47893b9dca4	7c3ddd07-dc51-4ec5-b484-5f609931507b	The Polytechnic, Ibadan	M.Sc	Economics	Third Class	2020-04-30 16:44:31.792	2024-04-29 23:00:00	2025-10-07 11:54:24.169	2025-10-07 11:54:24.169
adf34a21-bd4c-499d-8b44-2d701d63944c	bebab6e4-eae5-42f7-bc89-ccbccb0e4ecc	University of Ibadan	B.Sc	Information Technology	Second Class Lower	2020-05-04 15:36:30.756	2024-05-03 23:00:00	2025-10-07 11:54:24.184	2025-10-07 11:54:24.184
0a3c3ea3-faee-49bd-bdda-e2f6ab541981	439dd73a-be3c-40c5-b026-8e24ac6f923d	Adekunle Ajasin University	B.Eng	Business Administration	Second Class Lower	2020-07-22 04:48:39.131	2024-07-21 23:00:00	2025-10-07 11:54:24.202	2025-10-07 11:54:24.202
e0299966-8f63-48e7-9e81-5fb8d5f4800b	4be82dae-fcf3-4a01-b5a3-564c38113b68	Federal Polytechnic, Nekede	B.Tech	Mathematics	Second Class Upper	2022-05-19 09:28:59.359	2026-05-18 23:00:00	2025-10-07 11:54:24.218	2025-10-07 11:54:24.218
0896359d-3f28-4b7e-8cb3-09f7463e22e2	68b0383d-6b8e-4feb-ab71-947e2423f794	Obafemi Awolowo University	HND	Business Administration	Second Class Lower	2022-03-24 10:01:35.236	2026-03-23 23:00:00	2025-10-07 11:54:24.239	2025-10-07 11:54:24.239
e4b3b5a1-8ec7-4f61-96ae-421cd2e72b0a	73d8e3c4-b703-4b07-b921-fbee47bb6510	Kebbi State University of Science and Technology	M.Sc	Web Design & Development	Third Class	2020-08-12 18:35:25.248	2024-08-11 23:00:00	2025-10-07 11:54:24.26	2025-10-07 11:54:24.26
8b329f02-3efe-4a18-a9a0-fd9136f06ab8	a8a671fc-d06d-42eb-8a10-8d9326447019	Babcock University	PhD	Human Resources Management	Third Class	2023-02-24 00:23:10.912	2027-02-23 23:00:00	2025-10-07 11:54:24.283	2025-10-07 11:54:24.283
5cfc5085-7b0c-421b-bd7c-cf854a1ccba7	98bfc766-dd82-47b4-91c8-4bd97ba010d7	Federal University of Technology, Owerri	B.Sc	Economics	Second Class Lower	2025-01-16 07:15:03.526	2029-01-15 23:00:00	2025-10-07 11:54:24.302	2025-10-07 11:54:24.302
52d62ac3-f47e-45d5-bcc9-9c977695b90a	44bb5b40-9d3f-43f4-a696-02b39d7b83a0	Benue State University	M.Sc	Electrical Engineering	First Class	2021-08-24 13:03:04.259	2025-08-23 23:00:00	2025-10-07 11:54:24.32	2025-10-07 11:54:24.32
23abced6-d00e-43f9-a3e3-c950ee567373	e88bec17-86c4-46a8-94fe-56232bab560e	Federal University of Technology, Minna	HND	Human Resources Management	Second Class Upper	2025-08-31 11:14:14.83	2029-08-30 23:00:00	2025-10-07 11:54:24.341	2025-10-07 11:54:24.341
fa0385f0-16e8-4a3f-b318-0acf3c898f22	450895a3-6fc1-43d6-b49f-8f74d3da4ea5	Nasarawa State University	B.Sc	Economics	First Class	2023-08-10 07:32:04.99	2027-08-09 23:00:00	2025-10-07 11:54:24.359	2025-10-07 11:54:24.359
23569177-ae71-4492-9f98-56c290748016	726bda34-8a98-475d-827d-baac0acd8a4c	Umaru Musa Yar'Adua University	M.Sc	Economics	Second Class Lower	2021-02-05 20:14:11.202	2025-02-04 23:00:00	2025-10-07 11:54:24.378	2025-10-07 11:54:24.378
6d4195ce-fede-4c3c-af80-54c4086789e7	889668a4-df21-4930-a933-4f0b984ece77	Kogi State University	B.Sc	Information Technology	First Class	2022-12-04 06:00:47.823	2026-12-03 23:00:00	2025-10-07 11:54:24.396	2025-10-07 11:54:24.396
648b2ffd-08a5-43d1-9d0b-b331ca2d4652	d8eb5f31-9ee3-4285-a80c-64d2dbbbfeda	Kebbi State University of Science and Technology	B.Sc	Software Engineering	Second Class Upper	2024-12-05 02:08:25.157	2028-12-04 23:00:00	2025-10-07 11:54:24.415	2025-10-07 11:54:24.415
5931363d-98dd-4848-b54e-69dae27325ac	fc7fec5b-f90f-4fd0-90a6-865bd342ced1	Ahmadu Bello University	PhD	Computer Science	Second Class Upper	2019-10-01 03:40:33.305	2023-09-30 23:00:00	2025-10-07 11:54:24.43	2025-10-07 11:54:24.43
352f4693-c310-4efc-93ae-8bc412774a5d	d3dadcf9-542c-4b26-9f09-37c6e81aa7e0	Osun State Polytechnic, Iree	B.Sc	Business Administration	First Class	2022-06-04 13:35:48.832	2026-06-03 23:00:00	2025-10-07 11:54:24.447	2025-10-07 11:54:24.447
2f6a81bb-e074-4a08-bccb-5f78b24d0035	7f54e6bb-1cc1-479d-acc4-7f44ce72d80d	Redeemer's University	PhD	Software Engineering	Second Class Lower	2023-03-22 23:30:33.97	2027-03-22 23:00:00	2025-10-07 11:54:24.459	2025-10-07 11:54:24.459
065e2c4a-4aea-43c9-b483-8c39bfcd6b40	7bd200ce-a25e-4cd5-8700-9e1b8a8699f4	Kwara State University	HND	Business Administration	Second Class Lower	2023-03-06 10:36:59.215	2027-03-05 23:00:00	2025-10-07 11:54:24.471	2025-10-07 11:54:24.471
ace08ffe-807f-477c-ada0-c30753087d43	8254cef1-015f-4cdb-9d32-34d894f373ca	Kaduna Polytechnic	B.A	Mathematics	Third Class	2021-09-10 11:34:59.756	2025-09-09 23:00:00	2025-10-07 11:54:24.486	2025-10-07 11:54:24.486
3ead21bd-2b20-452b-ba2b-ebcc4771259e	d1860ab2-ec60-4278-9e57-a3d550152681	Abia State University	B.A	Information Technology	Second Class Upper	2021-06-04 13:49:55.393	2025-06-03 23:00:00	2025-10-07 11:54:24.501	2025-10-07 11:54:24.501
5d0fe9a6-5faa-41b6-a13b-a9716ad63cc4	243d4130-0256-4a3e-89f5-c99888237c0f	The Federal University of Technology, Akure	Bachelor of Technology	Computer Science	Second Class Upper	2018-01-01 00:00:00	2024-03-01 00:00:00	2025-10-09 23:12:23.924	2025-10-09 23:12:23.924
1ce0ecef-ec36-4017-8e4b-6a737bef9e9e	18f0242a-36d5-4821-8f68-c1cd1787d52a	University of Ibadan	M.Sc	Computer Science	Third Class	2020-01-04 02:18:15.883	2024-01-03 23:00:00	2025-10-07 11:54:24.518	2025-10-07 11:54:24.518
f75e5fca-e841-401a-86e9-451c95e4f109	894ce5f7-1cff-4938-b10c-544e6512d0ff	Federal University, Gusau	B.Sc	Engineering	Third Class	2022-05-29 14:06:16.601	2026-05-28 23:00:00	2025-10-07 11:54:24.538	2025-10-07 11:54:24.538
8d16cb63-d4cb-4afd-8eee-94ac6ce0ab79	789be1ef-7dd9-4098-b8f2-c313965fe31c	Auchi Polytechnic	B.Tech	Industrial Relations	Second Class Lower	2021-04-08 10:46:07.836	2025-04-07 23:00:00	2025-10-07 11:54:24.552	2025-10-07 11:54:24.552
158532ed-927b-4d1e-9068-e0d648f4de25	02515fe2-95d1-4ae0-a691-e5a9ba34a59e	The Polytechnic, Ibadan	B.Eng	Project Management	Third Class	2019-07-16 12:19:12.491	2023-07-15 23:00:00	2025-10-07 11:54:24.571	2025-10-07 11:54:24.571
905e0ad4-0152-4804-a580-0448c789c2c6	f0e64025-b9bc-4709-9074-79ac55c148b0	American University of Nigeria	MBA	Economics	Second Class Upper	2024-05-17 23:43:06.724	2028-05-17 23:00:00	2025-10-07 11:54:24.589	2025-10-07 11:54:24.589
a26385ac-0f85-486f-85d0-54fd160086d3	d798c874-d1a1-4b19-b719-5363dde8c0b0	Federal University, Wukari	MBA	Marketing	First Class	2020-03-26 23:48:02.172	2024-03-26 23:00:00	2025-10-07 11:54:24.604	2025-10-07 11:54:24.604
40148ded-fbb9-4b40-9dd9-c66c179961b2	37251941-2c78-413d-aad2-57b02b847bb2	Babcock University	B.Sc	Web Design & Development	Second Class Upper	2021-01-07 12:37:18.576	2025-01-06 23:00:00	2025-10-07 11:54:24.622	2025-10-07 11:54:24.622
55c1f996-51aa-4a67-b3a4-08052a331d09	74390c49-b551-4147-991b-424af2030880	University of Lagos	B.Tech	Software Engineering	Second Class Upper	2025-03-17 08:31:17.732	2029-03-16 23:00:00	2025-10-07 11:54:24.642	2025-10-07 11:54:24.642
92c95503-5e85-4542-99b3-4737e4aee502	4ed154d7-d7c0-44fa-a9b9-ce2d175bc8e5	Ibrahim Badamasi Babangida University	B.Sc	Banking and Finance	Second Class Lower	2025-09-20 15:22:24.844	2029-09-19 23:00:00	2025-10-07 11:54:24.655	2025-10-07 11:54:24.655
d86b0494-fd65-481a-9dbc-c50cb90346c6	e905740e-28a4-423a-901c-49c2e31784f2	Auchi Polytechnic	B.A	Banking and Finance	Second Class Lower	2021-08-31 07:16:32.999	2025-08-30 23:00:00	2025-10-07 11:54:24.675	2025-10-07 11:54:24.675
b8f4c247-1003-4d88-9fcf-528a99cb7776	5d57a01f-e510-4a55-a8c5-b8f0648068df	Obafemi Awolowo University	PhD	Statistics	First Class	2020-08-29 04:10:10.047	2024-08-28 23:00:00	2025-10-07 11:54:24.69	2025-10-07 11:54:24.69
0e5de4ea-929e-40f5-b537-08660b7f5df4	40f501e6-384f-419d-b0e7-1c304fb3d670	Federal University, Oye-Ekiti	M.Sc	Computer Science	First Class	2022-12-10 09:54:52.191	2026-12-09 23:00:00	2025-10-07 11:54:24.707	2025-10-07 11:54:24.707
fd5263f3-7f3a-42ca-be16-6b1ef9877b94	b3b1e73f-aa31-4fdf-9a12-57b3a6c9157d	Covenant University	B.Tech	Business Administration	Second Class Upper	2018-04-29 18:08:57.616	2022-04-28 23:00:00	2025-10-07 11:54:24.722	2025-10-07 11:54:24.722
2919de4d-a66c-4306-8af2-d1f82e28b9ad	aadaa421-4713-403f-8b29-c6f279ee3c05	Sule Lamido University	B.Sc	Project Management	Second Class Upper	2024-02-23 21:30:58.332	2028-02-22 23:00:00	2025-10-07 11:54:24.742	2025-10-07 11:54:24.742
7e90e05d-80f6-4351-9620-5105287d0908	c72809bd-10fb-41cb-bfc4-561b9f82139a	Abia State University	B.A	Computer Science	Third Class	2023-10-24 01:53:21.374	2027-10-23 23:00:00	2025-10-07 11:54:24.76	2025-10-07 11:54:24.76
11a73960-b787-436f-98c5-8e5751edc7f6	1dbc2749-3594-4ca0-bbb3-002a7b553d9d	Institute of Management and Technology, Enugu	HND	Human Resources Management	Second Class Lower	2022-03-04 11:42:15.209	2026-03-03 23:00:00	2025-10-07 11:54:24.778	2025-10-07 11:54:24.778
92ea8fb5-5de4-4c1c-b292-19b69fc5cfe0	8eaa9738-46fa-4df0-be55-48b75509c895	Michael Okpara University of Agriculture	B.Eng	Computer Science	Second Class Lower	2020-10-13 20:39:08.926	2024-10-12 23:00:00	2025-10-07 11:54:24.798	2025-10-07 11:54:24.798
9250af67-1574-498f-85b0-2db2160e64ac	b1bf890e-2cc2-4e16-9799-49fdfd500772	Plateau State University	B.Tech	Mathematics	First Class	2021-06-06 12:10:10.613	2025-06-05 23:00:00	2025-10-07 11:54:24.818	2025-10-07 11:54:24.818
e3dd2062-7e4d-4fa0-8efc-cf9a9175dcfe	45d59e1f-f3f9-43dc-a487-a6770fce5e4f	Nasarawa State University	M.Sc	Computer Science	Third Class	2021-12-04 06:33:40.422	2025-12-03 23:00:00	2025-10-07 11:54:24.834	2025-10-07 11:54:24.834
37317f46-d0ec-4dd1-b06e-1165b86f2641	154ed8bd-fb8e-433d-b394-ace67cd3403f	Kogi State University	M.Sc	Statistics	First Class	2020-08-30 13:35:07.012	2024-08-29 23:00:00	2025-10-07 11:54:24.854	2025-10-07 11:54:24.854
f05a3b24-48f1-4827-a279-02a716cb9e64	d203b277-c8e3-42d5-88ce-2dcfcaf9f911	Sokoto State University	M.Sc	Human Resources Management	Second Class Lower	2020-02-20 15:50:22.717	2024-02-19 23:00:00	2025-10-07 11:54:24.867	2025-10-07 11:54:24.867
3838af9c-2b6b-4f0f-a725-2a222ddc6fa8	7c3237eb-dfb5-493f-bf38-9a84e2140103	Umaru Musa Yar'Adua University	PhD	Economics	Second Class Upper	2024-03-12 13:36:40.129	2028-03-11 23:00:00	2025-10-07 11:54:24.885	2025-10-07 11:54:24.885
2726ba5d-f7fc-4408-9014-08f14d268be6	a378f56a-5b39-4bd3-9e70-9b65356585ac	University of Nigeria, Nsukka	HND	Information Technology	Third Class	2025-10-01 13:26:35.158	2029-09-30 23:00:00	2025-10-07 11:54:24.907	2025-10-07 11:54:24.907
02eadc56-be74-47dd-9f63-1ec7ddca2cfd	821bdf09-f76d-4b72-9e5b-1efeca522188	Kwara State University	B.Sc	Web Design & Development	First Class	2021-01-09 20:40:56.979	2025-01-08 23:00:00	2025-10-07 11:54:24.926	2025-10-07 11:54:24.926
4ac35e92-a79a-43eb-ada7-e6c447924657	c01d6d99-645c-4234-aab7-5ed9052daf8f	Yobe State University	B.A	Information Technology	Third Class	2019-02-27 14:06:53.298	2023-02-26 23:00:00	2025-10-07 11:54:24.945	2025-10-07 11:54:24.945
78d7e8cc-fecd-499d-b204-6c7421271955	59279f59-4c10-4cc8-850f-d335f16956bb	Lagos State University	B.Eng	Marketing	Second Class Lower	2020-03-26 00:28:41.183	2024-03-25 23:00:00	2025-10-07 11:54:24.96	2025-10-07 11:54:24.96
caf1cb6c-d353-48d1-9058-71a24ba5a120	25a20448-427d-4974-9feb-b101f24ab2b3	Institute of Management and Technology, Enugu	B.Tech	Electrical Engineering	Third Class	2022-08-25 01:20:13.398	2026-08-24 23:00:00	2025-10-07 11:54:24.979	2025-10-07 11:54:24.979
597e7a00-43ec-4cbb-b82f-bf88645f9c73	685c391a-b90c-4537-978b-4a933a4ba314	Cross River University of Technology	PhD	Computer Science	Second Class Upper	2022-01-19 09:47:45.731	2026-01-18 23:00:00	2025-10-07 11:54:24.99	2025-10-07 11:54:24.99
8f087632-9ff5-41d1-a915-38e48c2c37ae	8c3e88dc-66a2-46a3-97ec-def28b34c41f	Institute of Management and Technology, Enugu	M.Sc	Mass Communication	First Class	2023-02-03 04:19:13.344	2027-02-02 23:00:00	2025-10-07 11:54:25.008	2025-10-07 11:54:25.008
79bf5fcd-d02a-4800-a9fe-36d81cad5eca	b17ef250-cf87-43a5-aa3f-daea024a1fda	Bowen University	B.Tech	Finance	Second Class Upper	2023-11-03 20:08:02.934	2027-11-02 23:00:00	2025-10-07 11:54:25.023	2025-10-07 11:54:25.023
96d45ec3-248e-490b-926a-2ce227e708ed	4f61536d-795b-4fd1-918d-c11997752119	Federal University, Dutse	B.Eng	Business Administration	First Class	2023-02-08 05:23:55.392	2027-02-07 23:00:00	2025-10-07 11:54:25.041	2025-10-07 11:54:25.041
1b0ebe68-6293-4de4-9af2-420b0efba718	e97c4862-ce50-4582-8f87-75b714185ce5	Osun State Polytechnic, Iree	HND	Software Engineering	Third Class	2025-09-07 17:54:43.968	2029-09-06 23:00:00	2025-10-07 11:54:25.058	2025-10-07 11:54:25.058
7ef9a531-5ff0-44ac-8155-753113846600	86b27714-8d0d-42ee-b074-0598180b6cd8	Enugu State University of Science and Technology	B.Eng	Marketing	First Class	2023-08-03 08:09:45.075	2027-08-02 23:00:00	2025-10-07 11:54:25.072	2025-10-07 11:54:25.072
41812673-e4f3-4a34-a7bc-b8f288462859	38622052-887b-4d9c-8dc5-5f2e2980f10d	University of Calabar	HND	Human Resources Management	Third Class	2024-01-22 19:04:18.414	2028-01-21 23:00:00	2025-10-07 11:54:25.087	2025-10-07 11:54:25.087
2950cb94-6e32-4b78-98be-053f2ad773ef	efe58aa4-b10c-4a49-a0ac-798c0df4cf21	Usmanu Danfodiyo University	MBA	Business Administration	Second Class Lower	2024-09-30 21:42:26.713	2028-09-29 23:00:00	2025-10-07 11:54:25.103	2025-10-07 11:54:25.103
81daf5b1-43ce-4733-b63f-6bab3254311c	9d3bce60-457e-4114-a2c8-e94f48539c25	Yobe State University	PhD	Information Technology	Second Class Upper	2020-02-23 01:42:14.082	2024-02-22 23:00:00	2025-10-07 11:54:25.117	2025-10-07 11:54:25.117
632190ba-fe8d-42a3-8fd5-d8d8d2453af2	7209cb41-3de9-4cc3-bbba-d9baa46d5c2c	Ondo State University of Science and Technology	PhD	Electrical Engineering	Second Class Lower	2024-02-24 06:14:08.962	2028-02-23 23:00:00	2025-10-07 11:54:25.137	2025-10-07 11:54:25.137
6bd72f71-a802-4418-9841-712209086bac	6265af98-287d-4ca8-9711-b2f7971b44d3	Delta State University, Abraka	M.Sc	Accounting	Second Class Lower	2022-12-14 14:45:08.129	2026-12-13 23:00:00	2025-10-07 11:54:25.149	2025-10-07 11:54:25.149
485c5b4c-f7df-4571-8031-fac226913cb9	a10028dd-3610-4a6c-a9e1-78b029bfb772	Federal University of Technology, Owerri	B.Eng	Human Resources Management	Third Class	2024-08-03 09:01:22.602	2028-08-02 23:00:00	2025-10-07 11:54:25.171	2025-10-07 11:54:25.171
6db61d09-03e2-4cb3-98e3-fec424b50eeb	fcdb8b9e-8944-46cc-b5ed-8d0b6a0a731d	Usmanu Danfodiyo University	B.Tech	Psychology	First Class	2020-03-18 22:09:48.057	2024-03-17 23:00:00	2025-10-07 11:54:25.186	2025-10-07 11:54:25.186
374885b7-bf41-41de-9224-78da5a0fd71f	6b880489-6bb6-4de4-8878-10061fe261ef	Federal University of Technology, Owerri	B.Sc	Industrial Relations	Third Class	2020-12-14 07:57:04.407	2024-12-13 23:00:00	2025-10-07 11:54:25.203	2025-10-07 11:54:25.203
1d27852c-310b-43a6-930f-335aa80b3a9c	7fcbadc2-11e9-4caf-a555-8353993f9247	Bayero University Kano	PhD	Information Technology	First Class	2024-09-01 12:44:59.832	2028-08-31 23:00:00	2025-10-07 11:54:25.219	2025-10-07 11:54:25.219
d349d7ca-ceb2-4288-bd12-b4ac6416d2e7	fcfffc72-09fc-4c51-b578-712f2234f39c	Bayero University Kano	PhD	Finance	Second Class Lower	2020-03-07 22:13:12.253	2024-03-06 23:00:00	2025-10-07 11:54:25.239	2025-10-07 11:54:25.239
12743bfd-c716-418e-a9b7-803fc28b8c61	8008b63c-0949-4abc-b968-0362d6166c46	Ondo State University of Science and Technology	B.Tech	Software Engineering	Second Class Upper	2024-10-25 00:20:44.161	2028-10-24 23:00:00	2025-10-07 11:54:25.254	2025-10-07 11:54:25.254
6653dbd9-bdb4-48df-8012-bb55404e287f	c0f23322-f625-4ab1-abe7-1740f476fd25	Sule Lamido University	B.Sc	Business Administration	Second Class Lower	2019-07-21 07:55:16.214	2023-07-20 23:00:00	2025-10-07 11:54:25.271	2025-10-07 11:54:25.271
44d379b0-ef14-4109-94eb-9d7919897ea0	e348e2cd-0e49-4a08-b7a4-5c9cddca1c2f	University of Uyo	M.Sc	Computer Science	Third Class	2024-02-24 07:59:48.672	2028-02-23 23:00:00	2025-10-07 11:54:25.289	2025-10-07 11:54:25.289
5ab687f8-84e9-4451-90d2-9e700dd51b4d	9865676c-b9ee-458b-88ac-3b28d54bef4e	Babcock University	HND	Finance	Second Class Lower	2021-08-29 12:26:37.117	2025-08-28 23:00:00	2025-10-07 11:54:25.308	2025-10-07 11:54:25.308
b48369ab-09f7-4218-a239-6bb882379dbf	e464f07c-5724-4d2f-afe0-619a1f5f2253	Taraba State University	M.Sc	Software Engineering	First Class	2022-06-12 07:00:09.822	2026-06-11 23:00:00	2025-10-07 11:54:25.326	2025-10-07 11:54:25.326
45ee474a-a47a-4a14-9ec5-bdc938817d90	64feaaad-d96f-4d98-b675-7a4c2b379694	University of Benin	B.Eng	Statistics	Second Class Upper	2020-03-21 16:23:28.861	2024-03-20 23:00:00	2025-10-07 11:54:25.346	2025-10-07 11:54:25.346
cb6fbacc-000b-40ea-abf0-199af26768ed	aaba02c6-9583-4e09-b9cf-fddc15f08401	Nasarawa State University	B.A	Economics	Third Class	2025-01-08 06:47:19.926	2029-01-07 23:00:00	2025-10-07 11:54:25.363	2025-10-07 11:54:25.363
c26a100c-3010-4a3b-9741-0ded3365fac4	c2fab6a8-2765-459e-9d7f-819d64e67e94	Enugu State University of Science and Technology	MBA	Information Technology	Second Class Lower	2024-01-04 21:14:13.797	2028-01-03 23:00:00	2025-10-07 11:54:25.381	2025-10-07 11:54:25.381
32bf0374-da14-4f70-b250-2d0ea622d178	3b6d839e-c30f-483f-9779-e513907dd66b	Bowen University	B.A	Information Technology	First Class	2025-08-07 11:40:45.914	2029-08-06 23:00:00	2025-10-07 11:54:25.398	2025-10-07 11:54:25.398
80b2d309-977b-46ab-bd8b-f9875b30edfc	99ca692f-b82f-478e-9bb5-91e495f5345b	University of Nigeria, Nsukka	B.Tech	Information Technology	Second Class Upper	2020-07-03 02:38:25.61	2024-07-02 23:00:00	2025-10-07 11:54:25.413	2025-10-07 11:54:25.413
\.


--
-- Data for Name: FeatureFlag; Type: TABLE DATA; Schema: public; Owner: -
--

COPY public."FeatureFlag" (name, description, "isEnabled") FROM stdin;
enableAiRecommendations	Enables the AI-powered candidate matching feature for Enterprise agencies.	f
\.


--
-- Data for Name: FeedItem; Type: TABLE DATA; Schema: public; Owner: -
--

COPY public."FeedItem" (id, type, category, audience, title, content, "imageUrl", link, "ctaText", "targetingCriteria", "agencyId", "userId", "isActive", "createdAt") FROM stdin;
e4b7835e-7a35-45be-984f-a55e0df90db5	WEBINAR	LEARN_GROW	CANDIDATE	Ethical Hacking Basics: Cybersecurity for Beginners	Understand vulnerabilities without the jargon. Demo common attacks like SQL injection, plus defense tools like Wireshark, etc. Ideal for entry-level security roles; cert prep included.	https://example.com/images/cybersecurity.jpg	https://ppalink.com/events/ethical-hacking	Watch Demo	\N	\N	097944c2-3582-4220-ade4-4a93ab404375	t	2025-10-10 04:54:12.691
feee89ee-4c3a-45f5-9618-aa89ef1a1fa6	WEBINAR	LEARN_GROW	CANDIDATE	Free Webinar: CV Writing Masterclass with a Top Recruiter	Tired of your CV getting lost in the ATS black hole? Join Chioma Okonjo, a 10-year recruiter at Andela, for a live 90-minute session. Learn keyword optimization, quantifiable achievements, and tailoring your CV for Nigerian tech roles. Q&A included, plus a free CV template download.	https://example.com/images/cv-webinar.jpg	https://ppalink.com/events/cv-masterclass	Register for Free	\N	\N	097944c2-3582-4220-ade4-4a93ab404375	t	2025-08-25 13:05:12.689
6d5b8366-5579-4c4e-b2bb-0834c53af280	ARTICLE	LEARN_GROW	CANDIDATE	How to Build a Killer Portfolio Website That Stands Out	In today's competitive job market, your portfolio is your digital handshake. This comprehensive guide walks you through selecting the right tech stack (React or vanilla HTML/CSS/JS), designing a clean UI, and integrating interactive elements like project demos and testimonials. Includes code snippets and free templates to get you started in under a weekend.	https://example.com/images/portfolio-website.jpg	https://ppalink.com/blog/portfolio-guide	Build Yours Now	\N	\N	097944c2-3582-4220-ade4-4a93ab404375	t	2025-08-28 22:48:12.685
fb6e5dbd-b43e-426b-8f4f-7a4e643722f8	EVENT	LEARN_GROW	CANDIDATE	PPALink Virtual Career Fair: Connect with 50+ Employers	Mark your calendar for November 15th! Network via video booths, attend live workshops on interview prep and salary negotiation, and apply to roles on the spot. Past attendees landed interviews at Flutterwave and Interswitch. Free entry for verified PPALink users.	https://example.com/images/career-fair.jpg	https://ppalink.com/events/virtual-fair	RSVP Today	\N	\N	097944c2-3582-4220-ade4-4a93ab404375	t	2025-09-21 17:58:12.689
d7f6d826-ea42-4237-a87c-1aee2ed968a0	ARTICLE	LEARN_GROW	CANDIDATE	Demystifying Stock Options and Equity in Nigerian Startups	Equity sounds great, but what does it really mean? We explain vesting schedules, dilution risks, and tax implications under Nigerian law. Includes a calculator to estimate your potential payout and real stories from PiggyVest and Kuda employees.	https://example.com/images/stock-options.jpg	https://ppalink.com/blog/equity-guide	Calculate Yours	\N	\N	097944c2-3582-4220-ade4-4a93ab404375	t	2025-10-08 09:14:12.69
3a2f1f00-615f-4729-b399-578ed6e7249d	ARTICLE	LEARN_GROW	CANDIDATE	The 10 Most In-Demand Tech Skills in Nigeria for 2025 and How to Learn Them	From AI/ML to cybersecurity, our analysis of 5,000+ job postings reveals the skills exploding in demand. For each skill, we provide free resources, estimated learning time (e.g., 40 hours for Python basics), and certification paths like Google Data Analytics or AWS Cloud Practitioner.	https://example.com/images/tech-skills-2025.jpg	https://ppalink.com/blog/in-demand-skills-2025	Start Learning	\N	\N	097944c2-3582-4220-ade4-4a93ab404375	t	2025-08-29 16:49:12.689
478b0179-f994-4a23-bfe1-38af751a12d2	WEBINAR	LEARN_GROW	CANDIDATE	Public Speaking for Young Professionals: Build Confidence on Stage	From pitch decks to client meetings, communication is key. This 2-hour workshop covers body language, storytelling techniques, and handling Q&A. Led by a TEDx speaker; includes peer practice sessions and feedback. Certificate of completion provided.	https://example.com/images/public-speaking.jpg	https://ppalink.com/events/public-speaking	Enroll Today	\N	\N	097944c2-3582-4220-ade4-4a93ab404375	t	2025-09-04 20:44:12.69
607cb423-272d-422e-8482-37bc9130f15e	ARTICLE	LEARN_GROW	CANDIDATE	A Complete Guide to Answering 'Tell Me About Yourself' in Interviews	This isn't just small talkΓÇöit's your 60-second elevator pitch. We break it down: Structure (past, present, future), common pitfalls (e.g., reciting your CV), and examples tailored for fresh grads vs. experienced pros. Practice with our interactive script builder.	https://example.com/images/interview-guide.jpg	https://ppalink.com/blog/tell-me-about-yourself	Practice Now	\N	\N	097944c2-3582-4220-ade4-4a93ab404375	t	2025-09-27 03:50:12.69
eb99de62-a7ca-4bcf-80e7-7288c4d52975	ARTICLE	LEARN_GROW	CANDIDATE	Salary Negotiation for Graduates: Don't Undersell Yourself	Research shows 60% of grads accept the first offer. Learn counter-offer scripts, when to walk away, and non-salary perks like remote work or learning stipends. Backed by PPALink salary data from 10,000+ roles, with examples for Γéª200k-Γéª500k ranges.	https://example.com/images/salary-negotiation.jpg	https://ppalink.com/blog/salary-negotiation	Negotiate Smarter	\N	\N	097944c2-3582-4220-ade4-4a93ab404375	t	2025-09-08 01:33:12.69
5e1c5eac-d05f-4e28-9d8f-fd18d902d8a0	ARTICLE	LEARN_GROW	CANDIDATE	Time Management Techniques for Bootcamp Students	Juggling coding challenges and job hunts? Pomodoro, Eisenhower matrix, and Notion templates tailored for 12-week programs. Boost productivity by 40% with these proven methods.	https://example.com/images/time-mgmt.jpg	https://ppalink.com/blog/time-management	Try Templates	\N	\N	097944c2-3582-4220-ade4-4a93ab404375	t	2025-09-25 04:22:12.69
e0f22f42-c05f-45cd-b8da-b2f0bb7b14ef	ARTICLE	LEARN_GROW	CANDIDATE	Mastering Git for Collaborative Coding in Teams	Git isn't just version controlΓÇöit's your collaboration superpower. From branching strategies to resolving merge conflicts, this guide equips you with practical commands and workflows used by teams at Google and GitHub. Includes a cheat sheet download.	https://example.com/images/git-guide.jpg	https://ppalink.com/blog/git-mastery	Download Cheat Sheet	\N	\N	097944c2-3582-4220-ade4-4a93ab404375	t	2025-09-29 10:27:12.69
6f02e0bd-9122-45b8-aa36-f342b9475dc5	ARTICLE	CAREER_INSIGHT	CANDIDATE	The Impact of AI on Entry-Level Coding Jobs: Adapt or Pivot?	AI tools like Copilot automate 20% of junior tasks. Focus on prompt engineering and ethics. Interviews with devs who upskilled successfully.	https://example.com/images/ai-insight.jpg	https://ppalink.com/blog/ai-coding-jobs	Learn AI Tools	\N	\N	5900ca1a-625c-4a14-8331-ee286900ad73	t	2025-09-15 17:42:12.691
f1c85de4-1c20-489c-a145-7697aa4e11b8	ARTICLE	CAREER_INSIGHT	CANDIDATE	Burnout in Tech: Signs and Recovery Strategies for Nigerians	60-hour weeks common in Lagos hubs. Self-care routines, boundary-setting, and when to job-hop. Survey of 1k pros.	https://example.com/images/burnout.jpg	https://ppalink.com/blog/tech-burnout	Assess Burnout	\N	\N	5900ca1a-625c-4a14-8331-ee286900ad73	t	2025-09-10 08:15:12.691
f3a63665-fc3d-4b9c-8176-d8e53201641a	WEBINAR	LEARN_GROW	CANDIDATE	UI/UX Design Principles with Figma for Non-Designers	Wireframing to prototypes: Hands-on session for devs transitioning to full-stack. Collaborate on a job board redesign; export assets for code.	https://example.com/images/figma-workshop.jpg	https://ppalink.com/events/figma-basics	Prototype Now	\N	\N	097944c2-3582-4220-ade4-4a93ab404375	t	2025-10-13 21:08:12.691
369c6274-bfa5-4c1f-b42c-4647bd1e2f81	SUCCESS_STORY	SUCCESS_STORY	CANDIDATE	Verified Power: Chiamaka's Profile Views Up 300% Post-NYSC Check	'Before: Crickets. After: 15 shortlists.' Step-by-step verification guide + her updated summary that sealed deals. Now at a remote EdTech role.	https://example.com/images/verification-story.jpg	https://ppalink.com/stories/chiamaka-verified	Verify Your NYSC	\N	\N	5900ca1a-625c-4a14-8331-ee286900ad73	t	2025-08-17 13:26:12.692
4cf7ae8c-e7a9-4c2b-b9a4-e504142de0e2	ARTICLE	CAREER_INSIGHT	CANDIDATE	From Intern to Full-Time: Conversion Rates by Industry	FinTech: 70% convert. Tips to stand out during internships, including side projects.	https://example.com/images/internships.jpg	https://ppalink.com/blog/intern-conversion	Land Internship	\N	\N	5900ca1a-625c-4a14-8331-ee286900ad73	t	2025-09-19 14:22:12.691
15464798-ed99-45bc-9bb3-f93da05e5340	SUCCESS_STORY	SUCCESS_STORY	CANDIDATE	Adeola's Journey: From NYSC Corper to Paystack Software Engineer	 'PPALink's skill quizzes proved my React skills without a degreeΓÇögot me shortlisted in days.' Adeola (Batch C 2022) shares her prep routine, interview tips, and first-day jitters. Now earning Γéª450k + equity.	https://example.com/images/adeola-success.jpg	https://ppalink.com/stories/adeola-paystack	Read Full Story	\N	\N	5900ca1a-625c-4a14-8331-ee286900ad73	t	2025-10-07 15:24:12.692
abd1ef67-600f-4250-abba-8d7e679d3577	SUCCESS_STORY	SUCCESS_STORY	CANDIDATE	PPA to Permanent: John's Retention Story at a Lagos FinTech Firm	After NYSC at a startup PPA, John used PPALink to showcase projects and network. 'The platform connected me to the hiring manager directly.' Transitioned to full-time backend role with 50% raise.	https://example.com/images/john-nysc.jpg	https://ppalink.com/stories/john-retention	Get Inspired	\N	\N	5900ca1a-625c-4a14-8331-ee286900ad73	t	2025-10-10 21:53:12.692
b7a437db-b93d-4471-9f2c-395da9cb2945	SUCCESS_STORY	SUCCESS_STORY	CANDIDATE	Career Switch: From Law Graduate to Tech Product Manager at Opay	Funmi self-taught via PPALink resources, passed PM quiz (92%). 'No CS background? No problemΓÇöfocus on user empathy.' Her 6-month pivot includes bootcamp recs and LinkedIn outreach script.	https://example.com/images/career-switch.jpg	https://ppalink.com/stories/funmi-switch	Start Your Switch	\N	\N	5900ca1a-625c-4a14-8331-ee286900ad73	t	2025-08-17 08:44:12.692
abace591-3634-4d29-adae-56810c70fbb4	EVENT	FROM_EMPLOYERS	CANDIDATE	First Bank Graduate Trainee Program: Virtual Info Session	Aspiring bankers, join us on Oct 25 for insights into our 12-month program. Covers rotations in retail, digital banking, and risk. Speakers: C-suite execs. Apply during the sessionΓÇöspots limited to 100.	https://example.com/images/firstbank-event.jpg	https://ppalink.com/events/firstbank-info	Secure Your Spot	\N	\N	097944c2-3582-4220-ade4-4a93ab404375	t	2025-08-28 14:34:12.693
936bb4d5-d6ac-4f00-a9fb-34cda926234f	SUCCESS_STORY	SUCCESS_STORY	CANDIDATE	Diversity Hire Spotlight: LGBTQ+ in Nigerian Corporate Tech	Anonymous story: Navigating safe spaces, ally networks. 'PPALink's anonymous quizzes leveled the field.'	https://example.com/images/diversity-success.jpg	https://ppalink.com/stories/diversity-hire	Share Your Story	\N	\N	5900ca1a-625c-4a14-8331-ee286900ad73	t	2025-09-13 20:51:12.692
9c549a27-5a96-491a-860d-26ec69ed5371	ARTICLE	FROM_EMPLOYERS	CANDIDATE	A Day in the Life of a Flutterwave Backend Engineer	From 8 AM standups to debugging payments APIsΓÇöOla shares his routine at Africa's unicorn. Perks: Unlimited PTO, stock options. See if this fast-paced env fits you.	https://example.com/images/flutterwave-engineer.jpg	https://ppalink.com/blog/flutterwave-day	Explore Flutterwave	\N	\N	097944c2-3582-4220-ade4-4a93ab404375	t	2025-09-21 07:18:12.693
780a25b8-b3f3-4157-b1fd-dfa10f4c3891	ARTICLE	LEARN_GROW	CANDIDATE	Debugging JavaScript: Tools and Techniques for Faster Fixes	From console.log hell to Chrome DevTools mastery. Step-by-step on breakpoints, sourcemaps, and ESLint integration. Save hours on bug hunts.	https://example.com/images/debugging.jpg	https://ppalink.com/blog/js-debugging	Debug Smarter	\N	\N	097944c2-3582-4220-ade4-4a93ab404375	t	2025-09-29 15:35:12.691
6fdf6e4f-16fd-4c1e-aac3-4cb29b37d785	INSIGHT	FROM_EMPLOYERS	CANDIDATE	Dangote Group's Take: Essential Traits for Project Managers	Our PM Lead: 'Adaptability > Tools knowledge.' From our 500+ hires: PMP cert helps, but real-world agility wins. See our interview framework.	https://example.com/images/dangote-insight.jpg	https://ppalink.com/insights/dangote-pm	View Open Roles	\N	\N	097944c2-3582-4220-ade4-4a93ab404375	t	2025-09-04 12:42:12.693
df334d7c-a996-472b-ae69-099aba365290	INSIGHT	CAREER_INSIGHT	CANDIDATE	Entry-Level Salary Breakdown: Lagos (Γéª350k) vs. Abuja (Γéª320k) vs. PH (Γéª300k)	Based on 2,500 verified offers. Factors: Cost of living, industry (FinTech pays 20% more). See skill-wise breakdowns and negotiation tips to close the gap. Data updated monthly.	https://example.com/images/salary-breakdown.jpg	https://ppalink.com/insights/salary-locations	View Full Data	\N	\N	5900ca1a-625c-4a14-8331-ee286900ad73	t	2025-10-09 20:23:12.691
138608e4-a6e4-4d50-bb9a-e8d4cf6c1229	INSIGHT	CAREER_INSIGHT	CANDIDATE	Top 3 Hiring Industries on PPALink: FinTech, HealthTech, EdTech	FinTech leads with 1,200 postings (35%), driven by remittances and payments. HealthTech surges post-COVID. See hottest roles like backend devs and product analysts, plus application success rates.	https://example.com/images/hiring-industries.jpg	https://ppalink.com/insights/top-industries	Filter by Industry	\N	\N	5900ca1a-625c-4a14-8331-ee286900ad73	t	2025-09-25 02:14:12.691
b82a52a8-e9e2-4afb-b9ac-d0f5e0b4c18c	ARTICLE	CAREER_INSIGHT	CANDIDATE	What 50 Top Recruiters Say About Ideal Candidate Profiles	Our survey: 80% prioritize verified skills over degrees. Common advice: Quantify impacts (e.g., 'Boosted sales 25%'), keep CVs to 1 page. Includes recruiter quotes and profile audit checklist.	https://example.com/images/recruiter-insights.jpg	https://ppalink.com/blog/recruiter-survey	Audit Your Profile	\N	\N	5900ca1a-625c-4a14-8331-ee286900ad73	t	2025-08-30 21:55:12.691
e92d5d42-373a-45f0-bd63-f5cd33fc69c0	WEBINAR	LEARN_GROW	CANDIDATE	Intro to Data Analysis with Python: Hands-On Workshop	No prior coding? No problem. In 2 hours, learn Pandas basics, data cleaning, and visualization with Matplotlib. Analyze a real Nigerian job market dataset. Led by a data scientist from Jumia; project files provided.	https://example.com/images/python-workshop.jpg	https://ppalink.com/events/python-data	Join Workshop	\N	\N	097944c2-3582-4220-ade4-4a93ab404375	t	2025-08-24 18:21:12.69
2e88659e-3d86-4270-9b46-704df05480e1	SUCCESS_STORY	SUCCESS_STORY	CANDIDATE	Inside Andela: Recruiter Interview on What Makes a Standout Candidate	Tunde, Andela's Talent Lead, reveals: 'We hire for potentialΓÇöverified quizzes show grit.' Stories from 5 hires, plus application dos/don'ts for their bootcamp.	https://example.com/images/andela-recruiter.jpg	https://ppalink.com/stories/andela-interview	Apply to Andela	\N	\N	5900ca1a-625c-4a14-8331-ee286900ad73	t	2025-09-30 05:17:12.692
99a1b65d-d0c6-47ae-8a2a-ffaddd81be4a	ARTICLE	LEARN_GROW	CANDIDATE	Creating Reusable React Components: Best Practices	Avoid prop drilling with hooks and context. Real-world examples from e-commerce apps. Includes a starter kit on GitHub for your next project.	https://example.com/images/react-components.jpg	https://ppalink.com/blog/react-components	Fork Starter Kit	\N	\N	097944c2-3582-4220-ade4-4a93ab404375	t	2025-09-26 19:33:12.691
9275dac5-8cba-48f8-befe-2818a39bc363	ARTICLE	LEARN_GROW	CANDIDATE	Understanding Agile Methodologies for New Developers	Scrum vs. Kanban: When to use each in Nigerian startups. Role-playing sprints and retrospectives to internalize the flow.	https://example.com/images/agile.jpg	https://ppalink.com/blog/agile-basics	Run a Sprint	\N	\N	097944c2-3582-4220-ade4-4a93ab404375	t	2025-09-03 18:41:12.691
d01b0485-7798-46c8-b1f7-29f82617564d	ARTICLE	CAREER_INSIGHT	CANDIDATE	Networking ROI: One Event = 3 Months of LinkedIn Alone	Quantified: Virtual meetups yield 5x connections. Scripts for Nigerian tech conferences like DataFest.	https://example.com/images/networking.jpg	https://ppalink.com/blog/networking-roi	Attend Next Event	\N	\N	5900ca1a-625c-4a14-8331-ee286900ad73	t	2025-09-13 14:47:12.691
f07052df-e5de-4e9e-9798-a59776052d9b	SUCCESS_STORY	SUCCESS_STORY	CANDIDATE	Acing 3 PPALink Quizzes: Top Scorer's Study Hacks	Adaora (95% avg): 'Flashcards + practice projects.' Her routine for JS, SQL, PM quizzes. Result: Offer from Interswitch. Free study planner inside.	https://example.com/images/quiz-success.jpg	https://ppalink.com/stories/quiz-hacks	Ace Your Next Quiz	\N	\N	5900ca1a-625c-4a14-8331-ee286900ad73	t	2025-09-03 17:14:12.692
c817d39f-1fff-444f-8347-5ff58f0031d9	SUCCESS_STORY	SUCCESS_STORY	CANDIDATE	Agency Love: Why a Pro-Tier Firm Hires Exclusively via PPALink	HR at a 200-person agency: 'Verified data cuts ghosting by 70%.' Their workflow: Shortlist > Quiz > Interview. For recruiters: Upgrade tips.	https://example.com/images/agency-story.jpg	https://ppalink.com/stories/agency-spotlight	For Recruiters	\N	\N	5900ca1a-625c-4a14-8331-ee286900ad73	t	2025-09-15 01:19:12.692
1a8c34e6-dc2e-4ea7-925e-782461f7fff3	INSIGHT	CAREER_INSIGHT	CANDIDATE	Insight: Remote Work Trends Show 45% Growth in Nigerian Tech Jobs	PPALink data from Q1-Q3 2025: Remote postings up 45%, with Lagos-Abuja hubs leading. Top remote skills? Full-stack dev and digital marketing. Pro tip: Highlight 'remote-ready' in your profile to boost visibility by 30%. Full report inside.	https://example.com/images/remote-work-insight.jpg	https://ppalink.com/insights/remote-trends	Download Report	\N	\N	5900ca1a-625c-4a14-8331-ee286900ad73	t	2025-08-18 00:43:12.691
efdc5707-de00-424d-b881-b786228850dc	SUCCESS_STORY	SUCCESS_STORY	CANDIDATE	Collaborative Win: Team Project Lands Group Hires	Hackathon team from PPALink: All 4 hired at a FinTech. 'Networking + shared portfolio = multiplier effect.'	https://example.com/images/team-success.jpg	https://ppalink.com/stories/team-hire	Team Up	\N	\N	5900ca1a-625c-4a14-8331-ee286900ad73	t	2025-09-25 04:03:12.692
40409669-fe17-4399-92d2-31fd251f9654	EVENT	FROM_EMPLOYERS	CANDIDATE	Deloitte Digital Day: Consulting for the Future	Oct 30: Workshops on blockchain and AI ethics. Network with partners; apply to analyst roles on-site.	https://example.com/images/deloitte-event.jpg	https://ppalink.com/events/deloitte-digital	Register	\N	\N	097944c2-3582-4220-ade4-4a93ab404375	t	2025-09-04 09:28:12.693
5ad8c316-cf7a-4cb9-9ed1-60359b136244	INSIGHT	CAREER_INSIGHT	CANDIDATE	Key Stat: Verified Profiles Get 2x More Offers (70% of Hires)	From 15k applications: NYSC + skill verification = 2.1x hire rate. Why? Trust signal. Quick wins: Complete email verification (5 mins) and take one quiz. See before/after stats.	https://example.com/images/verified-profiles.jpg	https://ppalink.com/insights/verification-impact	Verify Now	\N	\N	5900ca1a-625c-4a14-8331-ee286900ad73	t	2025-10-04 14:33:12.691
b0bb6bf8-a3fa-44b3-bb78-c68ff44cbedc	INSIGHT	CAREER_INSIGHT	CANDIDATE	Most Assessed Skill on PPALink: Project Management (Passed by 65%)	PM quizzes taken 8k times this year. Boost your profile: Aim for 80%+ score. Correlates with 40% more shortlists. See top resources to prep.	https://example.com/images/project-mgmt.jpg	https://ppalink.com/insights/pm-assessments	Take PM Quiz	\N	\N	5900ca1a-625c-4a14-8331-ee286900ad73	t	2025-09-06 20:50:12.691
c83e59b1-84ee-4baf-928d-0ecdf3ec0211	ARTICLE	FROM_EMPLOYERS	CANDIDATE	Coca-Cola Nigeria: Marketing in a Competitive Market	Brand campaigns and digital ads. From intern to brand manager: Success paths shared.	https://example.com/images/coca-story.jpg	https://ppalink.com/blog/coca-marketing	Brand Careers	\N	\N	097944c2-3582-4220-ade4-4a93ab404375	t	2025-09-12 01:45:12.693
781f351b-e186-46fd-acf5-61641cc24f67	ARTICLE	LEARN_GROW	CANDIDATE	Building Your Personal Brand as a Freelance Developer	Stand out on Upwork and Fiverr with a cohesive brand. Tips on niche selection, client testimonials, and pricing tiers. Case study: A Nigerian freelancer scaling to $5k/month in 6 months.	https://example.com/images/personal-brand.jpg	https://ppalink.com/blog/personal-brand	Start Branding	\N	\N	097944c2-3582-4220-ade4-4a93ab404375	t	2025-08-26 15:46:12.69
1c18cdc8-4182-4f11-804c-3c06e59d9e8f	INSIGHT	CAREER_INSIGHT	CANDIDATE	Women in Tech: Representation Up 15%, But Glass Ceiling Persists	From 12% to 27% in leadership. Barriers: Bias in promotions. Success stories and advocacy resources for female candidates.	https://example.com/images/women-tech.jpg	https://ppalink.com/insights/women-tech	Join Network	\N	\N	5900ca1a-625c-4a14-8331-ee286900ad73	t	2025-09-05 08:10:12.691
4afcd766-741a-4261-83b4-ab2a914dba1b	INSIGHT	CAREER_INSIGHT	CANDIDATE	Gig Economy Shift: 40% Prefer Contracts Over Full-Time	Flexibility vs. stability debate. Data on earnings variance and health insurance gaps in Nigerian context.	https://example.com/images/gig-economy.jpg	https://ppalink.com/insights/gig-shift	Explore Gigs	\N	\N	5900ca1a-625c-4a14-8331-ee286900ad73	t	2025-09-13 23:57:12.691
3e7c30c9-85e2-4c4b-af4a-1a6449d5f783	SUCCESS_STORY	SUCCESS_STORY	CANDIDATE	Post-Maternity Return: Balancing Family and Frontend Career	Aisha's comeback: Updated skills via PPALink, flexible roles. 'Verification rebuilt confidence fast.'	https://example.com/images/return-to-work.jpg	https://ppalink.com/stories/maternity-return	Return Strong	\N	\N	5900ca1a-625c-4a14-8331-ee286900ad73	t	2025-09-05 20:05:12.692
af20a1b1-783a-4a56-9dad-ece81bf55c3c	ARTICLE	FROM_EMPLOYERS	CANDIDATE	MTN's Commitment to Diversity: Building Inclusive Teams in Telecom	40% women in tech roles goal by 2026. Stories from our ERGs, plus how we support neurodiversity. If values align, check our inclusion quiz for fit.	https://example.com/images/mtn-culture.jpg	https://ppalink.com/blog/mtn-diversity	Join MTN	\N	\N	097944c2-3582-4220-ade4-4a93ab404375	t	2025-10-05 15:00:12.693
61e9905a-ab5b-47fe-9137-a5f82bea331b	INSIGHT	FROM_EMPLOYERS	CANDIDATE	Demystifying Our 4-Stage Interview at a Leading Agency	Stage 1: CV screen. 2: Skill quiz. 3: Behavioral. 4: Offer chat. 60% pass rate. Pro tips from our TA team to prep each round.	https://example.com/images/interview-stages.jpg	https://ppalink.com/insights/interview-process	Prep for Interviews	\N	\N	097944c2-3582-4220-ade4-4a93ab404375	t	2025-09-04 00:30:12.693
a6f64baa-599f-478c-a069-71f7a0d151e3	EVENT	FROM_EMPLOYERS	CANDIDATE	Shell Nigeria Tech Talk: Energy Sector Digital Transformation	Nov 5: Engineers discuss IoT in oilfields and data analytics for sustainability. Q&A with hiring managers. For STEM grads.	https://example.com/images/shell-event.jpg	https://ppalink.com/events/shell-tech	Attend Talk	\N	\N	097944c2-3582-4220-ade4-4a93ab404375	t	2025-08-28 17:30:12.693
3dfa7ea3-d66c-4b74-ac53-e97010034b92	EVENT	FROM_EMPLOYERS	CANDIDATE	Chevron Nigeria Forum: Engineering Excellence	Nov 10: Panel on upstream tech and safety. For petroleum engineers; resume reviews included.	https://example.com/images/chevron-event.jpg	https://ppalink.com/events/chevron-forum	Join Forum	\N	\N	097944c2-3582-4220-ade4-4a93ab404375	t	2025-09-25 18:08:12.693
eaa7c35a-534a-4201-9627-ed065162b717	ARTICLE	FROM_EMPLOYERS	CANDIDATE	DHL Nigeria: Logistics in the E-Commerce Era	Drone deliveries and AI routing. Careers in ops and data. Global exposure for locals.	https://example.com/images/dhl-day.jpg	https://ppalink.com/blog/dhl-logistics	Deliver Impact	\N	\N	097944c2-3582-4220-ade4-4a93ab404375	t	2025-09-30 07:00:12.693
f6ca1733-f9b0-42b8-b8f9-c22802ec90ec	ARTICLE	CAREER_INSIGHT	CANDIDATE	Why Soft Skills Trump Hard Tech Skills in Hybrid Teams	Hiring managers rank communication #1 (85%). Tips: Use STAR method for behavioral questions, join Toastmasters. Case: How empathy landed a dev role at a remote-first startup.	https://example.com/images/soft-skills.jpg	https://ppalink.com/blog/soft-skills-tech	Build Soft Skills	\N	\N	5900ca1a-625c-4a14-8331-ee286900ad73	t	2025-10-13 16:03:12.691
558bb67b-12ac-4311-a4e8-c27bdfd9bc68	ARTICLE	LEARN_GROW	CANDIDATE	How to Leverage LinkedIn to Land Your Dream Job in Nigeria	With 70% of Nigerian recruiters using LinkedIn, your profile needs to shine. Tips include optimizing your headline (beyond 'Job Seeker'), building connections with alumni, and using Sales Navigator for job alerts. Case study: How one user got 3 interviews in a week.	https://example.com/images/linkedin-tips.jpg	https://ppalink.com/blog/linkedin-strategy	Optimize Profile	\N	\N	097944c2-3582-4220-ade4-4a93ab404375	t	2025-10-05 00:35:12.69
ba88c5a1-1bec-465e-8e22-8f7f4b7b0af7	EVENT	LEARN_GROW	CANDIDATE	Hackathon Prep: Strategies for Winning Prizes and Portfolios	From ideation to demo day: Join mentors from CcHUB for a 4-week prep series. Focus on AI/ML themes relevant to Nigerian challenges like agriculture tech. Past winners share code repos.	https://example.com/images/hackathon.jpg	https://ppalink.com/events/hackathon-prep	Sign Up	\N	\N	097944c2-3582-4220-ade4-4a93ab404375	t	2025-09-04 07:52:12.69
c10c3e56-23d0-4fab-b412-abd9a548ac03	SUCCESS_STORY	SUCCESS_STORY	CANDIDATE	5 PPALink Users Who Landed Jobs in Under 30 Days: Their Strategies	From daily applications to targeted quizzes: Fatima (UI/UX at Γéª300k), etc. Common thread: Verified profiles + follow-up emails. Download their timelines.	https://example.com/images/fast-job-stories.jpg	https://ppalink.com/stories/fast-hires	Steal Their Playbook	\N	\N	5900ca1a-625c-4a14-8331-ee286900ad73	t	2025-09-26 16:45:12.692
c2a1550b-176f-4443-abaf-b7a5f82d98cc	INSIGHT	CAREER_INSIGHT	CANDIDATE	Skill Gaps in Nigerian Hiring: Cloud Computing Tops List	80% of jobs require AWS/Azure, but only 25% of candidates certified. Bridge the gap with free trials and paths.	https://example.com/images/cloud-gaps.jpg	https://ppalink.com/insights/skill-gaps	Certify Now	\N	\N	5900ca1a-625c-4a14-8331-ee286900ad73	t	2025-08-25 00:28:12.691
14d72598-b004-487e-9b73-1edd7a27af6a	INSIGHT	CAREER_INSIGHT	CANDIDATE	Remote vs. Hybrid: 55% of Roles Now Offer Flexibility	Post-pandemic shift: Productivity data shows hybrid wins. Pros/cons for career growth.	https://example.com/images/hybrid-work.jpg	https://ppalink.com/insights/remote-hybrid	Update Preferences	\N	\N	5900ca1a-625c-4a14-8331-ee286900ad73	t	2025-10-05 09:29:12.691
646360cd-e281-4e30-9249-86f89e2e40a9	SUCCESS_STORY	SUCCESS_STORY	CANDIDATE	Relo Success: From Kano to Lagos Tech Hub in 3 Months	Ibrahim's move: Used PPALink's location filters, prepped relocation questions. 'Negotiated moving stipend.' Tips for northern candidates eyeing southern opportunities.	https://example.com/images/relocation-success.jpg	https://ppalink.com/stories/relo-story	Plan Your Move	\N	\N	5900ca1a-625c-4a14-8331-ee286900ad73	t	2025-10-14 20:38:12.692
ca95d14a-1179-47de-9757-fc750c2664a2	SUCCESS_STORY	SUCCESS_STORY	CANDIDATE	From Corper to Consultant: Ngozi's Big Four Breakthrough	'PPALink's case study resources prepped me for Deloitte interviews.' Her 4-month journey, including networking events that led to the offer.	https://example.com/images/big-four-story.jpg	https://ppalink.com/stories/ngozi-consultant	Prep Cases	\N	\N	5900ca1a-625c-4a14-8331-ee286900ad73	t	2025-09-07 04:06:12.692
4d6e0f32-129c-4e9e-9b5b-3b24bef5262e	SUCCESS_STORY	SUCCESS_STORY	CANDIDATE	Bootcamp Grad's First Gig: Γéª250k Remote Frontend Role	Emeka completed AltSchool, aced PPALink quizzes. 'Portfolio + verification = quick hire.' Timeline and resource list shared.	https://example.com/images/bootcamp-success.jpg	https://ppalink.com/stories/emeka-bootcamp	Enroll in Bootcamp	\N	\N	5900ca1a-625c-4a14-8331-ee286900ad73	t	2025-08-30 00:01:12.692
90a4d2eb-4055-419e-b976-c543b4f3c3e3	SUCCESS_STORY	SUCCESS_STORY	CANDIDATE	Overcoming Rejection: 50 Apps to Dream Job at PiggyVest	Lessons from failures: Tailored CVs, skill gaps filled via quizzes. 'Persistence paysΓÇönow at Γéª380k.'	https://example.com/images/rejection-story.jpg	https://ppalink.com/stories/rejection-to-hire	Keep Applying	\N	\N	5900ca1a-625c-4a14-8331-ee286900ad73	t	2025-09-05 05:45:12.692
32655a4a-7444-44d8-933d-382b0e7af4e2	SUCCESS_STORY	SUCCESS_STORY	CANDIDATE	NYSC Tech Corps: Building Apps During Service Year	Sade developed 3 apps during PPA, showcased on PPALink. Landed dev role pre-pop. 'Service year as launchpad.'	https://example.com/images/nysc-apps.jpg	https://ppalink.com/stories/nysc-tech	Build During NYSC	\N	\N	5900ca1a-625c-4a14-8331-ee286900ad73	t	2025-09-28 22:34:12.692
be28bb61-1f37-47e1-90a2-013a53b6a23a	SUCCESS_STORY	SUCCESS_STORY	CANDIDATE	Side Hustle to Full-Time: E-commerce Dev at a Startup	Tobi's WooCommerce site led to a role. 'PPALink connected my hustle to employers.' Scaling tips included.	https://example.com/images/side-hustle.jpg	https://ppalink.com/stories/side-hustle	Monetize Skills	\N	\N	5900ca1a-625c-4a14-8331-ee286900ad73	t	2025-10-05 02:25:12.692
d1201ae0-d20d-4add-a809-390d876332c5	SUCCESS_STORY	SUCCESS_STORY	CANDIDATE	Rural Talent Rising: Internet Caf├⌐ to Cloud Engineer	From Ogun village: Self-taught AWS, verified on PPALink. Remote job at Γéª300k. Access tips for low-bandwidth learners.	https://example.com/images/rural-success.jpg	https://ppalink.com/stories/rural-talent	Learn Anywhere	\N	\N	5900ca1a-625c-4a14-8331-ee286900ad73	t	2025-09-18 00:27:12.692
71e15a4e-b916-4d2e-a9a1-7b148a321200	ARTICLE	CAREER_INSIGHT	CANDIDATE	The Explosive Rise of Product Management Roles in Nigerian Tech	PM jobs up 60% YoY, with entry-level at Γéª400k avg. Why? Scaling startups need user-focused pros. Key skills: User research, A/B testing. Read interviews with PMs at Moniepoint and Opay.	https://example.com/images/product-management.jpg	https://ppalink.com/blog/pm-rise-nigeria	Explore PM Roles	\N	\N	5900ca1a-625c-4a14-8331-ee286900ad73	t	2025-08-17 03:00:12.691
affb333c-de75-4862-a363-cb47577478f5	ARTICLE	FROM_EMPLOYERS	CANDIDATE	Life at GTBank: Innovation in Digital Banking	From API integrations to customer appsΓÇömeet the team driving mobile money. Career paths in product and compliance. Equity and wellness perks highlighted.	https://example.com/images/gtbank-day.jpg	https://ppalink.com/blog/gtbank-life	Careers at GTBank	\N	\N	097944c2-3582-4220-ade4-4a93ab404375	t	2025-09-20 04:34:12.693
0cb842c4-a811-4919-aa9e-149a10989eb2	ARTICLE	FROM_EMPLOYERS	CANDIDATE	Nestl├⌐ Nigeria: Nutrition Tech and Career Growth	R&D roles in food innovation. From lab to market: A scientist's path. Learning budgets and mentorship.	https://example.com/images/nestle-day.jpg	https://ppalink.com/blog/nestle-tech	Innovate with Us	\N	\N	097944c2-3582-4220-ade4-4a93ab404375	t	2025-09-22 06:17:12.693
2634bc69-e7e7-428a-8491-097cf7614386	ARTICLE	CAREER_INSIGHT	CANDIDATE	Spotting Company Culture: 10 Red Flags and Green Flags in Interviews	Red flags: High turnover mentions, vague values. Green: Inclusive language, work-life balance questions. Based on 200 candidate stories. Use our interview scorecard template.	https://example.com/images/company-culture.jpg	https://ppalink.com/blog/company-culture	Download Scorecard	\N	\N	5900ca1a-625c-4a14-8331-ee286900ad73	t	2025-09-10 13:18:12.691
dab1ca53-1a1c-4a3f-b591-d4b3c706aa11	INSIGHT	FROM_EMPLOYERS	CANDIDATE	Unilever's View: Sustainability Skills in FMCG Hiring	ESG focus: 50% of roles now require green certs. Our talent pipeline and internship conversions (80%).	https://example.com/images/unilever-insight.jpg	https://ppalink.com/insights/unilever-sustain	Green Skills	\N	\N	097944c2-3582-4220-ade4-4a93ab404375	t	2025-09-07 07:59:12.693
a8137d53-7ed6-473e-9215-6a9f6acbeb16	INSIGHT	CAREER_INSIGHT	CANDIDATE	Application Timing Hack: Mondays Get 25% Faster Responses	Data from 50k apps: Mon 9-11 AM peak. Avoid Fridays. A/B test: Same CV, timed differentlyΓÇöresults inside. Plus, email subject line tips for follow-ups.	https://example.com/images/application-trends.jpg	https://ppalink.com/insights/app-timing	Apply on Monday	\N	\N	5900ca1a-625c-4a14-8331-ee286900ad73	t	2025-08-20 15:22:12.691
39b9e32b-24be-459b-8943-55c893839410	WEBINAR	LEARN_GROW	CANDIDATE	Live Q&A: Navigating the Nigerian Tech Scene with Industry Veterans	Got questions on breaking into FinTech, remote work visas, or upskilling during NYSC? Our panelΓÇö including a Paystack engineer and a GTBank product managerΓÇöwill answer live. Submit questions in advance for priority responses. Replay available for 7 days.	https://example.com/images/tech-qa-panel.jpg	https://ppalink.com/events/tech-qa	Join the Live Session	\N	\N	097944c2-3582-4220-ade4-4a93ab404375	t	2025-09-14 05:44:12.69
83424fe4-d7e1-4983-a6fa-bbf81a7fb13d	SUCCESS_STORY	SUCCESS_STORY	CANDIDATE	Startup Founder's Tale: Hiring Our First Dev Through PPALink	Chinedu, CEO of a HealthTech startup: 'Filtered 200 apps to 5 verified profiles in hours.' Saved 3 weeks on recruitment. Includes their job post template for agencies.	https://example.com/images/startup-success.jpg	https://ppalink.com/stories/startup-hire	For Founders	\N	\N	5900ca1a-625c-4a14-8331-ee286900ad73	t	2025-09-23 03:17:12.692
884779db-772e-4b30-82de-b97b459b77bb	ARTICLE	CAREER_INSIGHT	CANDIDATE	Mentorship's ROI: Mentees 2.5x More Likely to Get Promoted	How to find mentors on PPALink. Structured programs vs. informal coffee chats. Real ROI calculations.	https://example.com/images/mentorship.jpg	https://ppalink.com/blog/mentorship-roi	Find a Mentor	\N	\N	5900ca1a-625c-4a14-8331-ee286900ad73	t	2025-09-03 14:20:12.691
3841e819-33be-46f6-99fd-7f12171fd525	EVENT	FROM_EMPLOYERS	CANDIDATE	KPMG Nigeria Graduate Recruitment: Open Day at Our Lagos Office	Oct 18: Tour facilities, mock case interviews, networking with partners. For final-years/grads in accounting, consulting. Dress code: Business casual. 200 spots.	https://example.com/images/kpmg-event.jpg	https://ppalink.com/events/kpmg-openday	RSVP Now	\N	\N	097944c2-3582-4220-ade4-4a93ab404375	t	2025-10-02 05:20:12.693
35ff7e22-c845-47e6-a6c3-b4d5a82cf318	SUCCESS_STORY	SUCCESS_STORY	CANDIDATE	Quiz Master to Manager: Promotion Path at a Bank	Bankole aced 5 quizzes, fast-tracked to team lead. 'Data-backed skills opened doors.' Leadership lessons.	https://example.com/images/promotion-story.jpg	https://ppalink.com/stories/quiz-to-manager	Lead with Skills	\N	\N	5900ca1a-625c-4a14-8331-ee286900ad73	t	2025-10-05 05:04:12.692
9245d541-fcb8-456a-9e08-fe5a5fe92eb8	ARTICLE	FROM_EMPLOYERS	CANDIDATE	P&G Nigeria: From Graduate to Global Leader	12-month trainee program alumni stories. Focus on marketing and supply chain. Global rotations available.	https://example.com/images/pg-story.jpg	https://ppalink.com/blog/pg-careers	Apply to P&G	\N	\N	097944c2-3582-4220-ade4-4a93ab404375	t	2025-09-23 07:07:12.693
439f063c-c5a2-4242-b679-c9c75189be95	INSIGHT	FROM_EMPLOYERS	CANDIDATE	PwC's Hiring Pulse: Audit and Advisory Trends	Rise in forensic accounting post-fraud cases. Skills: Data viz, Python for audits. 70% internal promotions.	https://example.com/images/pwc-insight.jpg	https://ppalink.com/insights/pwc-trends	Audit Careers	\N	\N	097944c2-3582-4220-ade4-4a93ab404375	t	2025-08-17 21:25:12.693
7e7ffc93-d348-4583-a3da-1f9c0a225701	EVENT	FROM_EMPLOYERS	CANDIDATE	UBA Innovation Challenge: FinTech Pitch Day	Submit ideas for banking apps. Winners get funding + roles. For creative grads in design/coding.	https://example.com/images/uba-event.jpg	https://ppalink.com/events/uba-challenge	Pitch Idea	\N	\N	097944c2-3582-4220-ade4-4a93ab404375	t	2025-09-22 13:51:12.693
43ef1d80-a95d-47fa-8e20-f2fdb0283894	INSIGHT	FROM_EMPLOYERS	CANDIDATE	Zenith Bank's Tech Stack: Careers in Core Banking Systems	Finacle and Temenos expertise needed. Training programs for juniors. Security focus hires up 25%.	https://example.com/images/zenith-insight.jpg	https://ppalink.com/insights/zenith-tech	Bank Tech Roles	\N	\N	097944c2-3582-4220-ade4-4a93ab404375	t	2025-08-31 05:23:12.693
29753183-701f-4f47-b6fb-39e110d894e3	ARTICLE	FROM_EMPLOYERS	CANDIDATE	Lagos State Civil Service: Digital Gov Initiatives	E-gov projects hiring devs and analysts. Public sector perks: Stability, pensions. Entry paths for grads.	https://example.com/images/civil-service.jpg	https://ppalink.com/blog/lagos-civil	Serve Public	\N	\N	097944c2-3582-4220-ade4-4a93ab404375	t	2025-09-27 07:53:12.693
06907503-6dd6-4372-8a46-69334ea2144f	INSIGHT	FROM_EMPLOYERS	CANDIDATE	Indomie Factory Insights: Supply Chain Careers	Logistics roles booming with exports. Certs: APICS. From warehouse to exec: Promotion tracks.	https://example.com/images/supply-chain.jpg	https://ppalink.com/insights/indomie-chain	Chain Careers	\N	\N	097944c2-3582-4220-ade4-4a93ab404375	t	2025-09-14 20:18:12.693
c4b91bb7-37e3-4463-924a-e9f63c5e1155	INSIGHT	CAREER_INSIGHT	CANDIDATE	Freelance Boom: 30% of Tech Roles Now Gig-Based in Nigeria	Upwork data: Nigerian freelancers earned Γéª2B in 2025. Top gigs: Web dev, graphic design. Risks and rewards analyzed, with portfolio tips for platforms.	https://example.com/images/freelance-insight.jpg	https://ppalink.com/insights/freelance-trends	Start Freelancing	\N	\N	5900ca1a-625c-4a14-8331-ee286900ad73	t	2025-09-14 05:14:12.691
5ebfad8b-f256-41a5-ad4b-4e03b87a941c	ARTICLE	LEARN_GROW	ALL	asfdghfjgkljhghkfgjdfhsdgbnbgfmh	asdjjdfhgadsfsgfdngfmhg,kjyhdgfhjfkgljhfgjdfhgbvnfmhkjdghfngmfh,gkhmgn	\N	\N	\N	null	f7472be1-137d-42c4-b74a-9217988bd932	097944c2-3582-4220-ade4-4a93ab404375	t	2025-10-15 21:54:50.314
\.


--
-- Data for Name: FeedBoost; Type: TABLE DATA; Schema: public; Owner: -
--

COPY public."FeedBoost" (id, "feedItemId", amount, status, "startDate", "endDate", "stripeCheckoutId", "userId", "tierId") FROM stdin;
2cc2c697-d6fd-4234-9c21-e5a757b4266c	f3a63665-fc3d-4b9c-8176-d8e53201641a	500000	ACTIVE	2025-10-15 11:20:10.333	2025-10-18 11:20:10.333	cs_test_a1wdlJe1DcvAeQVxLlVlwnIH2G9WKpqRGWHoFU8Zwa2OWC0lT3ML6PSOeB	097944c2-3582-4220-ade4-4a93ab404375	1ffa8ac4-063f-4abc-b1cf-031cda8497df
e6654614-db38-4283-8566-d7c7eb1b248d	e4b7835e-7a35-45be-984f-a55e0df90db5	1500000	ACTIVE	2025-10-15 11:20:40.194	2025-10-22 11:20:40.194	cs_test_a1nld9W8CZG2SZjGnRGV5IGnCINPZYnvCGPQLxjvmnvVIUViGnSIXvMjac	097944c2-3582-4220-ade4-4a93ab404375	3d518f55-d68d-4616-accd-93625de223c8
fe33f653-8877-489e-8897-b8232cc37579	32655a4a-7444-44d8-933d-382b0e7af4e2	500000	ACTIVE	2025-10-15 14:01:26.774	2025-10-18 14:01:26.774	cs_test_a1aL7AuON8UEB9B9A7odftZi9HIC55eazeH0Gb40T030ilZPgUykIvxpmH	5900ca1a-625c-4a14-8331-ee286900ad73	1ffa8ac4-063f-4abc-b1cf-031cda8497df
\.


--
-- Data for Name: Interview; Type: TABLE DATA; Schema: public; Owner: -
--

COPY public."Interview" (id, "applicationId", "scheduledAt", mode, location, status, details) FROM stdin;
744a7f9f-1130-4d8f-9126-0d0727ec931e	d6fa6c3d-52a7-423b-afcb-fba551577c94	2025-10-08 07:30:00	REMOTE	https://meet.google.com/abc-defg-hij	SCHEDULED	Hi Matthew Tedunjaiye,\n\nYour interview for the Full Stack Developer role will cover both front-end and back-end topics.\n\nFocus Areas\n\nFrontend: React, state management, API integration, and responsive design.\nBackend: Node.js/Express, REST APIs, authentication, and database design (PostgreSQL).\nSystem thinking: Clean architecture, scalability, and deployment basics.\n\nFormat\n\n10ΓÇô15 min: Intro & background\n30ΓÇô40 min: Technical questions or live coding\n10ΓÇô15 min: Scenario questions + your questions\n\nPlease join via the Google Meet link (sent separately) from a quiet place with your code editor ready.\n\nBest,\nAdinKems Inc.
\.


--
-- Data for Name: Invitation; Type: TABLE DATA; Schema: public; Owner: -
--

COPY public."Invitation" (id, email, "agencyId", "inviterId", token, "expiresAt", status, "createdAt") FROM stdin;
\.


--
-- Data for Name: JobView; Type: TABLE DATA; Schema: public; Owner: -
--

COPY public."JobView" (id, "jobId", "viewerId", "viewedAt") FROM stdin;
e607a11f-3d7a-4602-aef1-9cc9724a7faf	94f4c44f-eb79-41ba-956c-0457fd3ec055	5900ca1a-625c-4a14-8331-ee286900ad73	2025-10-15 23:30:19.527
60b5f9fa-ce37-4c8c-98eb-0d13c4830a90	568b5458-5ee4-4409-95b0-9e862d8e0a3e	5900ca1a-625c-4a14-8331-ee286900ad73	2025-10-15 23:30:39.61
566836c3-de16-4490-832b-ccf67fb0731f	568b5458-5ee4-4409-95b0-9e862d8e0a3e	5900ca1a-625c-4a14-8331-ee286900ad73	2025-10-15 23:30:39.614
b3b53476-84c8-4c42-8db9-bde7bf0edbab	02b81944-33b3-4ec8-8ecb-685df60788d0	5900ca1a-625c-4a14-8331-ee286900ad73	2025-10-17 23:36:16.224
695daeb9-1b86-4218-b4f5-3e3972f4e3c3	02b81944-33b3-4ec8-8ecb-685df60788d0	5900ca1a-625c-4a14-8331-ee286900ad73	2025-10-17 23:36:16.224
9f0050b5-846b-4806-a7d2-7bb6723916e1	069811d3-7d8f-4dbd-a1e8-4243eda4de68	5900ca1a-625c-4a14-8331-ee286900ad73	2025-10-17 23:42:16.197
4d136d8c-9383-44df-ae3a-7f86538e2755	069811d3-7d8f-4dbd-a1e8-4243eda4de68	5900ca1a-625c-4a14-8331-ee286900ad73	2025-10-17 23:42:16.205
607f7dc0-8d0e-4604-aa3a-ee6c31e8b2dd	02b81944-33b3-4ec8-8ecb-685df60788d0	5900ca1a-625c-4a14-8331-ee286900ad73	2025-10-17 23:43:03.382
471fcf8f-7872-44cc-ad8d-4517ab473077	02b81944-33b3-4ec8-8ecb-685df60788d0	5900ca1a-625c-4a14-8331-ee286900ad73	2025-10-17 23:43:03.407
bf4b4772-2457-42be-8e86-032a9ac82486	02b81944-33b3-4ec8-8ecb-685df60788d0	097944c2-3582-4220-ade4-4a93ab404375	2025-10-17 23:46:07.786
e8647cab-f963-4175-8aae-099f200e8f1c	02b81944-33b3-4ec8-8ecb-685df60788d0	097944c2-3582-4220-ade4-4a93ab404375	2025-10-17 23:46:07.789
985cc824-25b2-43ee-be68-49beb87023ba	02b81944-33b3-4ec8-8ecb-685df60788d0	097944c2-3582-4220-ade4-4a93ab404375	2025-10-17 23:46:56.735
9de3e36b-347b-41be-9dcf-62895728c1bf	02b81944-33b3-4ec8-8ecb-685df60788d0	097944c2-3582-4220-ade4-4a93ab404375	2025-10-17 23:46:56.744
\.


--
-- Data for Name: LocationState; Type: TABLE DATA; Schema: public; Owner: -
--

COPY public."LocationState" (id, name) FROM stdin;
482	Abia
483	Adamawa
484	Akwa Ibom
485	Anambra
486	Bauchi
487	Bayelsa
488	Benue
489	Borno
490	Cross River
491	Delta
492	Ebonyi
493	Edo
494	Ekiti
495	Enugu
496	Gombe
497	Imo
498	Jigawa
499	Kaduna
500	Kano
501	Katsina
502	Kebbi
503	Kogi
504	Kwara
505	Lagos
506	Nasarawa
507	Niger
508	Ogun
509	Ondo
510	Osun
511	Oyo
512	Plateau
513	Rivers
514	Sokoto
515	Taraba
516	Yobe
517	Zamfara
518	Abuja (FCT)
\.


--
-- Data for Name: LocationLGA; Type: TABLE DATA; Schema: public; Owner: -
--

COPY public."LocationLGA" (id, name, "stateId") FROM stdin;
10063	Aba North	482
10064	Aba South	482
10065	Arochukwu	482
10066	Bende	482
10067	Ikwuano	482
10068	Isiala Ngwa North	482
10069	Isiala Ngwa South	482
10070	Isuikwuato	482
10071	Obi Ngwa	482
10072	Ohafia	482
10073	Osisioma	482
10074	Ugwunagbo	482
10075	Ukwa East	482
10076	Ukwa West	482
10077	Umuahia North	482
10078	Umuahia South	482
10079	Umu Nneochi	482
10080	Demsa	483
10081	Fufure	483
10082	Ganye	483
10083	Gayuk	483
10084	Gombi	483
10085	Grie	483
10086	Hong	483
10087	Jada	483
10088	Larmurde	483
10089	Madagali	483
10090	Maiha	483
10091	Mayo Belwa	483
10092	Michika	483
10093	Mubi North	483
10094	Mubi South	483
10095	Numan	483
10096	Shelleng	483
10097	Song	483
10098	Toungo	483
10099	Yola North	483
10100	Yola South	483
10101	Abak	484
10102	Eastern Obolo	484
10103	Eket	484
10104	Esit Eket	484
10105	Essien Udim	484
10106	Etim Ekpo	484
10107	Etinan	484
10108	Ibeno	484
10109	Ibesikpo Asutan	484
10110	Ibiono-Ibom	484
10111	Ika	484
10112	Ikono	484
10113	Ikot Abasi	484
10114	Ikot Ekpene	484
10115	Ini	484
10116	Itu	484
10117	Mbo	484
10118	Mkpat-Enin	484
10119	Nsit-Atai	484
10120	Nsit-Ibom	484
10121	Nsit-Ubium	484
10122	Obot Akara	484
10123	Okobo	484
10124	Onna	484
10125	Oron	484
10126	Oruk Anam	484
10127	Udung-Uko	484
10128	Ukanafun	484
10129	Uruan	484
10130	Urue-Offong/Oruko	484
10131	Uyo	484
10132	Aguata	485
10133	Anambra East	485
10134	Anambra West	485
10135	Anaocha	485
10136	Awka North	485
10137	Awka South	485
10138	Ayamelum	485
10139	Dunukofia	485
10140	Ekwusigo	485
10141	Idemili North	485
10142	Idemili South	485
10143	Ihiala	485
10144	Njikoka	485
10145	Nnewi North	485
10146	Nnewi South	485
10147	Ogbaru	485
10148	Onitsha North	485
10149	Onitsha South	485
10150	Orumba North	485
10151	Orumba South	485
10152	Oyi	485
10153	Alkaleri	486
10154	Bauchi	486
10155	Bogoro	486
10156	Damban	486
10157	Darazo	486
10158	Dass	486
10159	Gamawa	486
10160	Ganjuwa	486
10161	Giade	486
10162	Itas/Gadau	486
10163	Jama'are	486
10164	Katagum	486
10165	Kirfi	486
10166	Misau	486
10167	Ningi	486
10168	Shira	486
10169	Tafawa Balewa	486
10170	Toro	486
10171	Warji	486
10172	Zaki	486
10173	Brass	487
10174	Ekeremor	487
10175	Kolokuma/Opokuma	487
10176	Nembe	487
10177	Ogbia	487
10178	Sagbama	487
10179	Southern Ijaw	487
10180	Yenagoa	487
10181	Ado	488
10182	Agatu	488
10183	Apa	488
10184	Buruku	488
10185	Gboko	488
10186	Guma	488
10187	Gwer East	488
10188	Gwer West	488
10189	Katsina-Ala	488
10190	Konshisha	488
10191	Kwande	488
10192	Logo	488
10193	Makurdi	488
10194	Obi	488
10195	Ogbadibo	488
10196	Ohimini	488
10197	Oju	488
10198	Okpokwu	488
10199	Oturkpo	488
10200	Tarka	488
10201	Ukum	488
10202	Ushongo	488
10203	Vandeikya	488
10204	Abadam	489
10205	Askira/Uba	489
10206	Bama	489
10207	Bayo	489
10208	Biu	489
10209	Chibok	489
10210	Damboa	489
10211	Dikwa	489
10212	Gubio	489
10213	Guzamala	489
10214	Gwoza	489
10215	Hawul	489
10216	Jere	489
10217	Kaga	489
10218	Kala/Balge	489
10219	Konduga	489
10220	Kukawa	489
10221	Kwaya Kusar	489
10222	Mafa	489
10223	Magumeri	489
10224	Maiduguri	489
10225	Marte	489
10226	Mobbar	489
10227	Monguno	489
10228	Ngala	489
10229	Nganzai	489
10230	Shani	489
10231	Abi	490
10232	Akamkpa	490
10233	Akpabuyo	490
10234	Bakassi	490
10235	Bekwarra	490
10236	Biase	490
10237	Boki	490
10238	Calabar Municipal	490
10239	Calabar South	490
10240	Etung	490
10241	Ikom	490
10242	Obanliku	490
10243	Obubra	490
10244	Obudu	490
10245	Odukpani	490
10246	Ogoja	490
10247	Yakuur	490
10248	Yala	490
10249	Aniocha North	491
10250	Aniocha South	491
10251	Bomadi	491
10252	Burutu	491
10253	Ethiope East	491
10254	Ethiope West	491
10255	Ika North East	491
10256	Ika South	491
10257	Isoko North	491
10258	Isoko South	491
10259	Ndokwa East	491
10260	Ndokwa West	491
10261	Okpe	491
10262	Oshimili North	491
10263	Oshimili South	491
10264	Patani	491
10265	Sapele	491
10266	Udu	491
10267	Ughelli North	491
10268	Ughelli South	491
10269	Ukwuani	491
10270	Uvwie	491
10271	Warri North	491
10272	Warri South	491
10273	Warri South West	491
10274	Abakaliki	492
10275	Afikpo North	492
10276	Afikpo South	492
10277	Ebonyi	492
10278	Ezza North	492
10279	Ezza South	492
10280	Ikwo	492
10281	Ishielu	492
10282	Ivo	492
10283	Izzi	492
10284	Ohaozara	492
10285	Ohaukwu	492
10286	Onicha	492
10287	Akoko-Edo	493
10288	Egor	493
10289	Esan Central	493
10290	Esan North-East	493
10291	Esan South-East	493
10292	Esan West	493
10293	Etsako Central	493
10294	Etsako East	493
10295	Etsako West	493
10296	Igueben	493
10297	Ikpoba Okha	493
10298	Orhionmwon	493
10299	Oredo	493
10300	Ovia North-East	493
10301	Ovia South-West	493
10302	Owan East	493
10303	Owan West	493
10304	Uhunmwonde	493
10305	Ado Ekiti	494
10306	Efon	494
10307	Ekiti East	494
10308	Ekiti South-West	494
10309	Ekiti West	494
10310	Emure	494
10311	Gbonyin	494
10312	Ido Osi	494
10313	Ijero	494
10314	Ikere	494
10315	Ikole	494
10316	Ilejemeje	494
10317	Irepodun/Ifelodun	494
10318	Ise/Orun	494
10319	Moba	494
10320	Oye	494
10321	Aninri	495
10322	Awgu	495
10323	Enugu East	495
10324	Enugu North	495
10325	Enugu South	495
10326	Ezeagu	495
10327	Igbo Etiti	495
10328	Igbo Eze North	495
10329	Igbo Eze South	495
10330	Isi Uzo	495
10331	Nkanu East	495
10332	Nkanu West	495
10333	Nsukka	495
10334	Oji River	495
10335	Udenu	495
10336	Udi	495
10337	Uzo Uwani	495
10338	Akko	496
10339	Balanga	496
10340	Billiri	496
10341	Dukku	496
10342	Funakaye	496
10343	Gombe	496
10344	Kaltungo	496
10345	Kwami	496
10346	Nafada	496
10347	Shongom	496
10348	Yamaltu/Deba	496
10349	Aboh Mbaise	497
10350	Ahiazu Mbaise	497
10351	Ehime Mbano	497
10352	Ezinihitte	497
10353	Ideato North	497
10354	Ideato South	497
10355	Ihitte/Uboma	497
10356	Ikeduru	497
10357	Isiala Mbano	497
10358	Isu	497
10359	Mbaitoli	497
10360	Ngor Okpala	497
10361	Njaba	497
10362	Nkwerre	497
10363	Nwangele	497
10364	Obowo	497
10365	Oguta	497
10366	Ohaji/Egbema	497
10367	Okigwe	497
10368	Orlu	497
10369	Orsu	497
10370	Oru East	497
10371	Oru West	497
10372	Owerri Municipal	497
10373	Owerri North	497
10374	Owerri West	497
10375	Unuimo	497
10376	Auyo	498
10377	Babura	498
10378	Biriniwa	498
10379	Birnin Kudu	498
10380	Buji	498
10381	Dutse	498
10382	Gagarawa	498
10383	Garki	498
10384	Gumel	498
10385	Guri	498
10386	Gwaram	498
10387	Gwiwa	498
10388	Hadejia	498
10389	Jahun	498
10390	Kafin Hausa	498
10391	Kazaure	498
10392	Kiri Kasama	498
10393	Kiyawa	498
10394	Kaugama	498
10395	Maigatari	498
10396	Malam Madori	498
10397	Miga	498
10398	Ringim	498
10399	Roni	498
10400	Sule Tankarkar	498
10401	Taura	498
10402	Yankwashi	498
10403	Birnin Gwari	499
10404	Chikun	499
10405	Giwa	499
10406	Igabi	499
10407	Ikara	499
10408	Jaba	499
10409	Jema'a	499
10410	Kachia	499
10411	Kaduna North	499
10412	Kaduna South	499
10413	Kagarko	499
10414	Kajuru	499
10415	Kaura	499
10416	Kauru	499
10417	Kubau	499
10418	Kudan	499
10419	Lere	499
10420	Makarfi	499
10421	Sabon Gari	499
10422	Sanga	499
10423	Soba	499
10424	Zangon Kataf	499
10425	Zaria	499
10426	Ajingi	500
10427	Albasu	500
10428	Bagwai	500
10429	Bebeji	500
10430	Bichi	500
10431	Bunkure	500
10432	Dala	500
10433	Dambatta	500
10434	Dawakin Kudu	500
10435	Dawakin Tofa	500
10436	Doguwa	500
10437	Fagge	500
10438	Gabasawa	500
10439	Garko	500
10440	Garun Mallam	500
10441	Gaya	500
10442	Gezawa	500
10443	Gwale	500
10444	Gwarzo	500
10445	Kabo	500
10446	Kano Municipal	500
10447	Karaye	500
10448	Kibiya	500
10449	Kiru	500
10450	Kumbotso	500
10451	Kunchi	500
10452	Kura	500
10453	Madobi	500
10454	Makoda	500
10455	Minjibir	500
10456	Nasarawa	500
10457	Rano	500
10458	Rimin Gado	500
10459	Rogo	500
10460	Shanono	500
10461	Sumaila	500
10462	Takai	500
10463	Tarauni	500
10464	Tofa	500
10465	Tsanyawa	500
10466	Tudun Wada	500
10467	Ungogo	500
10468	Warawa	500
10469	Wudil	500
10470	Bakori	501
10471	Batagarawa	501
10472	Batsari	501
10473	Baure	501
10474	Bindawa	501
10475	Charanchi	501
10476	Dandume	501
10477	Danja	501
10478	Dan Musa	501
10479	Daura	501
10480	Dutsi	501
10481	Dutsin Ma	501
10482	Faskari	501
10483	Funtua	501
10484	Ingawa	501
10485	Jibia	501
10486	Kafur	501
10487	Kaita	501
10488	Kankara	501
10489	Kankia	501
10490	Katsina	501
10491	Kurfi	501
10492	Kusada	501
10493	Mai'Adua	501
10494	Malumfashi	501
10495	Mani	501
10496	Mashi	501
10497	Matazu	501
10498	Musawa	501
10499	Rimi	501
10500	Sabuwa	501
10501	Safana	501
10502	Sandamu	501
10503	Zango	501
10504	Aleiro	502
10505	Arewa Dandi	502
10506	Argungu	502
10507	Augie	502
10508	Bagudo	502
10509	Birnin Kebbi	502
10510	Bunza	502
10511	Dandi	502
10512	Fakai	502
10513	Gwandu	502
10514	Jega	502
10515	Kalgo	502
10516	Koko/Besse	502
10517	Maiyama	502
10518	Ngaski	502
10519	Sakaba	502
10520	Shanga	502
10521	Suru	502
10522	Wasagu/Danko	502
10523	Yauri	502
10524	Zuru	502
10525	Adavi	503
10526	Ajaokuta	503
10527	Ankpa	503
10528	Bassa	503
10529	Dekina	503
10530	Ibaji	503
10531	Idah	503
10532	Igalamela Odolu	503
10533	Ijumu	503
10534	Kabba/Bunu	503
10535	Kogi	503
10536	Lokoja	503
10537	Mopa Muro	503
10538	Ofu	503
10539	Ogori/Magongo	503
10540	Okehi	503
10541	Okene	503
10542	Olamaboro	503
10543	Omala	503
10544	Yagba East	503
10545	Yagba West	503
10546	Asa	504
10547	Baruten	504
10548	Edu	504
10549	Ekiti	504
10550	Ifelodun	504
10551	Ilorin East	504
10552	Ilorin South	504
10553	Ilorin West	504
10554	Irepodun	504
10555	Isin	504
10556	Kaiama	504
10557	Moro	504
10558	Offa	504
10559	Oke Ero	504
10560	Oyun	504
10561	Pategi	504
10562	Agege	505
10563	Ajeromi-Ifelodun	505
10564	Alimosho	505
10565	Amuwo-Odofin	505
10566	Apapa	505
10567	Badagry	505
10568	Epe	505
10569	Eti Osa	505
10570	Ibeju-Lekki	505
10571	Ifako-Ijaiye	505
10572	Ikeja	505
10573	Ikorodu	505
10574	Kosofe	505
10575	Lagos Island	505
10576	Lagos Mainland	505
10577	Mushin	505
10578	Ojo	505
10579	Oshodi-Isolo	505
10580	Shomolu	505
10581	Surulere	505
10582	Akwanga	506
10583	Awe	506
10584	Doma	506
10585	Karu	506
10586	Keana	506
10587	Keffi	506
10588	Kokona	506
10589	Lafia	506
10590	Nasarawa	506
10591	Nasarawa Egon	506
10592	Obi	506
10593	Toto	506
10594	Wamba	506
10595	Agaie	507
10596	Agwara	507
10597	Bida	507
10598	Borgu	507
10599	Bosso	507
10600	Chanchaga	507
10601	Edati	507
10602	Gbako	507
10603	Gurara	507
10604	Katcha	507
10605	Kontagora	507
10606	Lapai	507
10607	Lavun	507
10608	Magama	507
10609	Mariga	507
10610	Mashegu	507
10611	Mokwa	507
10612	Moya	507
10613	Paikoro	507
10614	Rafi	507
10615	Rijau	507
10616	Shiroro	507
10617	Suleja	507
10618	Tafa	507
10619	Wushishi	507
10620	Abeokuta North	508
10621	Abeokuta South	508
10622	Ado-Odo/Ota	508
10623	Egbado North	508
10624	Egbado South	508
10625	Ewekoro	508
10626	Ifo	508
10627	Ijebu East	508
10628	Ijebu North	508
10629	Ijebu North East	508
10630	Ijebu Ode	508
10631	Ikenne	508
10632	Imeko Afon	508
10633	Ipokia	508
10634	Obafemi Owode	508
10635	Odeda	508
10636	Odogbolu	508
10637	Ogun Waterside	508
10638	Remo North	508
10639	Shagamu	508
10640	Akoko North-East	509
10641	Akoko North-West	509
10642	Akoko South-West	509
10643	Akoko South-East	509
10644	Akure North	509
10645	Akure South	509
10646	Ese Odo	509
10647	Idanre	509
10648	Ifedore	509
10649	Ilaje	509
10650	Ile Oluji/Okeigbo	509
10651	Irele	509
10652	Odigbo	509
10653	Okitipupa	509
10654	Ondo East	509
10655	Ondo West	509
10656	Ose	509
10657	Owo	509
10658	Aiyedaade	510
10659	Aiyedire	510
10660	Atakunmosa East	510
10661	Atakunmosa West	510
10662	Boluwaduro	510
10663	Boripe	510
10664	Ede North	510
10665	Ede South	510
10666	Ife Central	510
10667	Ife East	510
10668	Ife North	510
10669	Ife South	510
10670	Egbedore	510
10671	Ejigbo	510
10672	Ifedayo	510
10673	Ifelodun	510
10674	Ila	510
10675	Ilesa East	510
10676	Ilesa West	510
10677	Irepodun	510
10678	Irewole	510
10679	Isokan	510
10680	Iwo	510
10681	Obokun	510
10682	Odo Otin	510
10683	Ola Oluwa	510
10684	Olorunda	510
10685	Oriade	510
10686	Orolu	510
10687	Osogbo	510
10688	Afijio	511
10689	Akinyele	511
10690	Atiba	511
10691	Atisbo	511
10692	Egbeda	511
10693	Ibadan North	511
10694	Ibadan North-East	511
10695	Ibadan North-West	511
10696	Ibadan South-East	511
10697	Ibadan South-West	511
10698	Ibarapa Central	511
10699	Ibarapa East	511
10700	Ibarapa North	511
10701	Ido	511
10702	Irepo	511
10703	Iseyin	511
10704	Itesiwaju	511
10705	Iwajowa	511
10706	Kajola	511
10707	Lagelu	511
10708	Ogbomosho North	511
10709	Ogbomosho South	511
10710	Ogo Oluwa	511
10711	Olorunsogo	511
10712	Oluyole	511
10713	Ona Ara	511
10714	Orelope	511
10715	Ori Ire	511
10716	Oyo	511
10717	Oyo East	511
10718	Saki East	511
10719	Saki West	511
10720	Surulere	511
10721	Bokkos	512
10722	Barkin Ladi	512
10723	Bassa	512
10724	Jos East	512
10725	Jos North	512
10726	Jos South	512
10727	Kanam	512
10728	Kanke	512
10729	Langtang South	512
10730	Langtang North	512
10731	Mangu	512
10732	Mikang	512
10733	Pankshin	512
10734	Qua'an Pan	512
10735	Riyom	512
10736	Shendam	512
10737	Wase	512
10738	Port Harcourt	513
10739	Obio-Akpor	513
10740	Okrika	513
10741	OguΓÇôBolo	513
10742	Eleme	513
10743	Tai	513
10744	Gokana	513
10745	Khana	513
10746	Oyigbo	513
10747	OpoboΓÇôNkoro	513
10748	Andoni	513
10749	Bonny	513
10750	Degema	513
10751	Asari-Toru	513
10752	Akuku-Toru	513
10753	AbuaΓÇôOdual	513
10754	Ahoada West	513
10755	Ahoada East	513
10756	OgbaΓÇôEgbemaΓÇôNdoni	513
10757	Emuoha	513
10758	Ikwerre	513
10759	Etche	513
10760	Omuma	513
10761	Binji	514
10762	Bodinga	514
10763	Dange Shuni	514
10764	Gada	514
10765	Goronyo	514
10766	Gudu	514
10767	Gwadabawa	514
10768	Illela	514
10769	Isa	514
10770	Kebbe	514
10771	Kware	514
10772	Rabah	514
10773	Sabon Birni	514
10774	Shagari	514
10775	Silame	514
10776	Sokoto North	514
10777	Sokoto South	514
10778	Tambuwal	514
10779	Tangaza	514
10780	Tureta	514
10781	Wamako	514
10782	Wurno	514
10783	Yabo	514
10784	Ardo Kola	515
10785	Bali	515
10786	Donga	515
10787	Gashaka	515
10788	Gassol	515
10789	Ibi	515
10790	Jalingo	515
10791	Karim Lamido	515
10792	Kumi	515
10793	Lau	515
10794	Sardauna	515
10795	Takum	515
10796	Ussa	515
10797	Wukari	515
10798	Yorro	515
10799	Zing	515
10800	Bade	516
10801	Bursari	516
10802	Damaturu	516
10803	Fika	516
10804	Fune	516
10805	Geidam	516
10806	Gujba	516
10807	Gulani	516
10808	Jakusko	516
10809	Karasuwa	516
10810	Machina	516
10811	Nangere	516
10812	Nguru	516
10813	Potiskum	516
10814	Tarmuwa	516
10815	Yunusari	516
10816	Yusufari	516
10817	Anka	517
10818	Bakura	517
10819	Birnin Magaji/Kiyaw	517
10820	Bukkuyum	517
10821	Bungudu	517
10822	Gummi	517
10823	Gusau	517
10824	Kaura Namoda	517
10825	Maradun	517
10826	Maru	517
10827	Shinkafi	517
10828	Talata Mafara	517
10829	Chafe	517
10830	Zurmi	517
10831	Abaji	518
10832	Bwari	518
10833	Gwagwalada	518
10834	Kuje	518
10835	Kwali	518
10836	Municipal Area Council	518
\.


--
-- Data for Name: Message; Type: TABLE DATA; Schema: public; Owner: -
--

COPY public."Message" (id, "fromId", "toId", subject, body, "createdAt", "readAt") FROM stdin;
\.


--
-- Data for Name: Notification; Type: TABLE DATA; Schema: public; Owner: -
--

COPY public."Notification" (id, "userId", message, link, read, "createdAt", type, meta) FROM stdin;
dcff8066-3fec-484b-9afd-eb641ac81dd5	425fb147-747b-4238-b39c-e24955a755e2	Your application for "Full Stack Engineer" was updated to INTERVIEW.	/dashboard/candidate/applications	f	2025-10-07 21:21:45.421	GENERIC	\N
2149f737-0a1d-4d14-97d2-f42124aba43a	08a22e41-a1c9-4350-bc2f-69f5ceff62f2	Your application for "Full Stack Engineer" was updated to INTERVIEW.	/dashboard/candidate/applications	f	2025-10-07 21:21:45.422	GENERIC	\N
4ccb7450-95a5-4b0f-9d3c-d00976dc9fdc	aa734a58-02b3-4139-bd68-05ce98b5ec75	Your application for "Full Stack Engineer" was updated to INTERVIEW.	/dashboard/candidate/applications	f	2025-10-07 21:21:45.424	GENERIC	\N
fa600848-90cc-4f27-85cd-b1b960ea2791	ca237ce2-df56-4c74-952c-2d2d30cf1d24	Your application for "Full Stack Engineer" was updated to INTERVIEW.	/dashboard/candidate/applications	f	2025-10-07 21:21:45.446	GENERIC	\N
3f70ef3e-f57f-4674-9291-446743e371d8	70d8db9c-1e02-43d2-8522-ca2e3aabd06c	Your application for "Full Stack Engineer" was updated to INTERVIEW.	/dashboard/candidate/applications	f	2025-10-07 21:21:45.424	GENERIC	\N
e35b13d9-e163-4ca9-89d3-d8bf45537094	a4bbe94f-e863-4717-880e-b3a554208f3d	Your application for "Full Stack Engineer" was updated to INTERVIEW.	/dashboard/candidate/applications	f	2025-10-07 21:21:45.452	GENERIC	\N
71130367-916d-4149-b8fb-0c3af052cb25	890fa490-e89d-4bcd-95ef-da35d9fe169e	Your application for "Full Stack Engineer" was updated to INTERVIEW.	/dashboard/candidate/applications	f	2025-10-07 21:21:45.453	GENERIC	\N
2e9c84b6-2117-4cca-9844-3715cb85cbb8	5f07a909-1664-440b-bd79-c3d831a6f90f	Your application for "Full Stack Engineer" was updated to INTERVIEW.	/dashboard/candidate/applications	f	2025-10-07 21:21:45.457	GENERIC	\N
90f49cf1-aa29-4ab4-8e2f-bda11f20da90	d0df0c65-5784-44ed-8a33-a1317fe39193	Your application for "Full Stack Engineer" was updated to INTERVIEW.	/dashboard/candidate/applications	f	2025-10-07 21:21:45.522	GENERIC	\N
e4401b40-459a-4b71-b5f0-69130bb1a761	9e6a238a-2982-42e6-b7df-4bc1cb4e1185	Your application for "Full Stack Engineer" was updated to OFFER.	/dashboard/candidate/applications	f	2025-10-07 21:22:13.436	GENERIC	\N
c07470b4-554f-403f-8521-1d459685b88f	ed353599-1e99-43f2-8346-5fec96b73f6b	Your application for "Full Stack Engineer" was updated to OFFER.	/dashboard/candidate/applications	f	2025-10-07 21:22:13.437	GENERIC	\N
bee55735-70b1-4f04-9adc-e0693fd1be78	4705286d-fdc0-41ae-ad30-cc7f7ae05c09	Your application for "Full Stack Engineer" was updated to OFFER.	/dashboard/candidate/applications	f	2025-10-07 21:22:13.521	GENERIC	\N
53eb0205-2a13-46c6-b9aa-e966cc93c110	0436e4f5-326b-4313-b57d-8abbefcf971a	Your application for "Full Stack Engineer" was updated to OFFER.	/dashboard/candidate/applications	f	2025-10-07 21:22:13.526	GENERIC	\N
123fcebd-d2dd-429e-945c-b10499184bcd	7136cbbe-30fe-4e58-93b1-33fb6e12bb8e	Your application for "Full Stack Engineer" was updated to OFFER.	/dashboard/candidate/applications	f	2025-10-07 21:22:13.527	GENERIC	\N
af3e6c8a-6f7e-4265-99bb-7da46e743e98	a84b2115-9a2e-4f6f-9f08-fec831d38753	Your application for "Full Stack Engineer" was updated to OFFER.	/dashboard/candidate/applications	f	2025-10-07 21:22:13.528	GENERIC	\N
52ca81df-8c47-4b86-930e-54b20f8cc094	16af0c67-c73d-419b-82af-f843a132ccad	Your application for "Full Stack Engineer" was updated to REVIEWING.	/dashboard/candidate/applications	f	2025-10-07 21:23:12.562	GENERIC	\N
f1f9bc6a-e753-4dbc-b2c2-9d65088ba1be	1a97ecc3-c3ec-4b16-b178-f01dcaded041	Your application for "Full Stack Engineer" was updated to REVIEWING.	/dashboard/candidate/applications	f	2025-10-07 21:23:12.563	GENERIC	\N
0fcfed76-4c5d-470d-abce-4bc140f7a98d	2703d7b8-cb58-4f72-af1c-d729000117bc	Your application for "Full Stack Engineer" was updated to REVIEWING.	/dashboard/candidate/applications	f	2025-10-07 21:23:12.565	GENERIC	\N
ff6f8803-dd32-4f7c-9b7b-ef0f63a4b174	89a9cdb9-7fc4-4652-9f96-a2dc54fd1709	Your application for "Full Stack Engineer" was updated to REVIEWING.	/dashboard/candidate/applications	f	2025-10-07 21:23:12.652	GENERIC	\N
2f0f54e3-d1dd-4545-88c7-08702f45ad17	f88f40e1-147c-47eb-95d1-8b0cc75f4b4a	Your application for "Full Stack Engineer" was updated to REJECTED.	/dashboard/candidate/applications	f	2025-10-07 21:23:31.441	GENERIC	\N
3ba616ce-b549-4215-b670-c85386901085	3a397c0f-a1db-42a3-b216-171fd68964ef	Your application for "Full Stack Engineer" was updated to REJECTED.	/dashboard/candidate/applications	f	2025-10-07 21:23:31.449	GENERIC	\N
7858527d-0385-4250-9e7d-da0ed76cff96	6515a85c-20db-4895-b103-e6ea0422a505	Your application for "Full Stack Engineer" was updated to REJECTED.	/dashboard/candidate/applications	f	2025-10-07 21:23:31.449	GENERIC	\N
0a336ddf-207a-40dd-bb05-2a1a0bb9a7f6	2b6dadae-fcf3-401c-9b0c-a2d3e3d17bc1	Your application for "Full Stack Engineer" was updated to REJECTED.	/dashboard/candidate/applications	f	2025-10-07 21:23:31.45	GENERIC	\N
cb67a41f-5cee-47c4-9536-b1647a06543d	7f8b81a7-ad22-4259-a8d4-1b9a41e21e1b	Your application for "Full Stack Engineer" was updated to REJECTED.	/dashboard/candidate/applications	f	2025-10-07 21:23:31.451	GENERIC	\N
d9d6560d-bd56-4c98-a6a1-d89c689b3f50	f85a8f82-7fd5-4d5a-b079-32033bbc1109	Your application for "Full Stack Engineer" was updated to REJECTED.	/dashboard/candidate/applications	f	2025-10-07 21:23:31.455	GENERIC	\N
f523b869-aa0f-47b7-a1db-fe754658acfc	164b23de-912c-49bc-bf70-4226339a7c62	Your application for "Full Stack Engineer" was updated to REJECTED.	/dashboard/candidate/applications	f	2025-10-07 21:23:31.456	GENERIC	\N
ec471d4c-cf6e-4d31-9b64-f586e15a0816	4f8de6a0-00a2-40e5-950c-e48edf1280f0	Your application for "Full Stack Engineer" was updated to REJECTED.	/dashboard/candidate/applications	f	2025-10-07 21:23:31.462	GENERIC	\N
ba878448-8383-44c1-ac29-978af4c69a7a	c74932fc-6e2d-42ba-93de-c854e964034d	Your application for "Full Stack Engineer" was updated to REJECTED.	/dashboard/candidate/applications	f	2025-10-07 21:23:31.541	GENERIC	\N
8639d002-13ca-4b1a-8f73-21fb9c6a00ff	83d6be8e-6bca-431f-9a30-6aadcc912571	Your application for "Full Stack Engineer" was updated to REJECTED.	/dashboard/candidate/applications	f	2025-10-07 21:23:31.544	GENERIC	\N
d04981d4-f1a7-4b39-90d4-739b280b5a70	b6e6ef12-2030-4757-af39-8e936e24d394	Your application for "Full Stack Engineer" was updated to REJECTED.	/dashboard/candidate/applications	f	2025-10-07 21:23:31.546	GENERIC	\N
c7634c72-9d8f-496b-a3bb-be096f341d11	c46d46b9-0947-468f-8df0-104ea3421fe4	Your application for "Full Stack Engineer" was updated to REJECTED.	/dashboard/candidate/applications	f	2025-10-07 21:23:31.549	GENERIC	\N
226dcd22-768b-43d0-8a35-86be5f9e7ccd	d03d0681-8d49-4eb5-9a52-02b09841c6fa	Your application for "Full Stack Engineer" was updated to INTERVIEW.	/dashboard/candidate/applications	f	2025-10-07 21:29:12.618	GENERIC	\N
99d102b4-8f67-4741-b770-2f57bdf7fcc6	2e4fd6f0-3b02-49e9-9d55-25267ac63a61	Your application for "Full Stack Engineer" was updated to REVIEWING.	/dashboard/candidate/applications	f	2025-10-07 21:35:47.601	GENERIC	\N
84dddec2-4c28-4430-b3aa-f7f540e2fa8d	1e6b6c49-16e2-4f55-ae57-26db8ed5f761	Your application for "Full Stack Engineer" was updated to REVIEWING.	/dashboard/candidate/applications	f	2025-10-07 21:35:54.119	GENERIC	\N
f41d8c54-f9a6-4704-b309-13fd31f1f704	5900ca1a-625c-4a14-8331-ee286900ad73	You have an interview with AdinKems Inc. for the Full Stack Engineer position.	/dashboard/candidate/applications/d6fa6c3d-52a7-423b-afcb-fba551577c94	t	2025-10-08 01:51:01.041	GENERIC	\N
bddbfc1d-c0f4-4484-92f5-52f633b91cc2	5900ca1a-625c-4a14-8331-ee286900ad73	Your application for "Full Stack Engineer" was updated to REVIEWING.	/dashboard/candidate/applications	t	2025-10-07 21:21:29.271	GENERIC	\N
41a2afaa-61d9-474b-9955-ccaeea45e3d8	5900ca1a-625c-4a14-8331-ee286900ad73	Your application for "Full Stack Engineer" was updated to INTERVIEW.	/dashboard/candidate/applications	t	2025-10-08 01:33:44.042	GENERIC	\N
dab80475-2c0d-4c14-af9d-a85863a238a6	3a397c0f-a1db-42a3-b216-171fd68964ef	Your application for "Full Stack Engineer" was updated to INTERVIEW.	/dashboard/candidate/applications	f	2025-10-08 02:40:57.497	GENERIC	\N
3c72588e-cb00-4e74-8ab1-15dbf0461924	f88f40e1-147c-47eb-95d1-8b0cc75f4b4a	Your application for "Full Stack Engineer" was updated to REVIEWING.	/dashboard/candidate/applications	f	2025-10-08 02:43:03.596	GENERIC	\N
d17c7e2b-9abb-4eac-b1d0-d095bb9f0ea8	7f8b81a7-ad22-4259-a8d4-1b9a41e21e1b	Your application for "Full Stack Engineer" was updated to REVIEWING.	/dashboard/candidate/applications	f	2025-10-08 02:43:03.622	GENERIC	\N
ba070236-58c3-4935-80e1-70132538b48b	f85a8f82-7fd5-4d5a-b079-32033bbc1109	Your application for "Full Stack Engineer" was updated to REVIEWING.	/dashboard/candidate/applications	f	2025-10-08 02:43:03.625	GENERIC	\N
fcad39b0-d825-4465-be70-f2d776600446	4f8de6a0-00a2-40e5-950c-e48edf1280f0	Your application for "Full Stack Engineer" was updated to REVIEWING.	/dashboard/candidate/applications	f	2025-10-08 02:43:03.634	GENERIC	\N
c0914caf-6cf4-4d60-9cf3-f97443886063	c74932fc-6e2d-42ba-93de-c854e964034d	Your application for "Full Stack Engineer" was updated to REVIEWING.	/dashboard/candidate/applications	f	2025-10-08 02:43:03.639	GENERIC	\N
b489bb68-13c4-4b5b-b273-3e6c23c5bab8	2b6dadae-fcf3-401c-9b0c-a2d3e3d17bc1	Your application for "Full Stack Engineer" was updated to REVIEWING.	/dashboard/candidate/applications	f	2025-10-08 02:43:03.673	GENERIC	\N
6dfddc7b-0b50-4e66-aed7-aaba75804955	6515a85c-20db-4895-b103-e6ea0422a505	Your application for "Full Stack Engineer" was updated to REVIEWING.	/dashboard/candidate/applications	f	2025-10-08 02:43:03.676	GENERIC	\N
fd313caa-64b7-4004-acdd-028ca990de8c	164b23de-912c-49bc-bf70-4226339a7c62	Your application for "Full Stack Engineer" was updated to REVIEWING.	/dashboard/candidate/applications	f	2025-10-08 02:43:03.791	GENERIC	\N
0780cea8-8824-4c98-8849-1da3882d5607	08d3b0f3-b070-4a12-835d-49c9d47a330f	Your application for "Full Stack Engineer" was updated to REVIEWING.	/dashboard/candidate/applications	f	2025-10-08 02:43:03.799	GENERIC	\N
16971877-3e54-444e-8bc6-f705a02f5357	c40bb2b6-b57d-4383-8a7c-5d6c3c3f84ad	Your application for "Full Stack Engineer" was updated to REVIEWING.	/dashboard/candidate/applications	f	2025-10-08 02:43:03.801	GENERIC	\N
bf9d45ca-ff95-4679-a3a1-775aed5de31c	c46d46b9-0947-468f-8df0-104ea3421fe4	Your application for "Full Stack Engineer" was updated to REVIEWING.	/dashboard/candidate/applications	f	2025-10-08 02:43:03.804	GENERIC	\N
b0fcb0f3-0afb-4778-a7ad-de47e87b7f5f	b6e6ef12-2030-4757-af39-8e936e24d394	Your application for "Full Stack Engineer" was updated to REVIEWING.	/dashboard/candidate/applications	f	2025-10-08 02:43:03.967	GENERIC	\N
21c2c5cd-cdeb-4704-93d2-fc91ded37016	8e3a6579-25ec-48b6-91c6-b1d70c3ceede	Your application for "Full Stack Engineer" was updated to REVIEWING.	/dashboard/candidate/applications	f	2025-10-08 02:43:03.968	GENERIC	\N
0cd74823-197b-4e60-b8b2-8f08d256d436	0190b634-5ae1-4641-81ac-ec0c2367658c	Your application for "Full Stack Engineer" was updated to REVIEWING.	/dashboard/candidate/applications	f	2025-10-08 02:43:03.986	GENERIC	\N
5848478c-fb3b-4fec-b3a0-ba1a37c65fed	5f5b56d6-c27f-44f5-9857-27a217b528f5	Your application for "Full Stack Engineer" was updated to REVIEWING.	/dashboard/candidate/applications	f	2025-10-08 02:43:03.995	GENERIC	\N
7942078e-3a26-45cb-b080-a971fa8236a1	bb1fcef7-df66-43b9-b72a-6e2b8d08c6f4	Your application for "Full Stack Engineer" was updated to REVIEWING.	/dashboard/candidate/applications	f	2025-10-08 02:43:03.999	GENERIC	\N
10b4d4e9-3ffa-4110-8dbc-a84bbd732f65	b1ef83b8-c8b4-4793-9f89-363aa3cd07cc	Your application for "Full Stack Engineer" was updated to REVIEWING.	/dashboard/candidate/applications	f	2025-10-08 02:43:04.014	GENERIC	\N
a46e22ae-a173-4a3f-9441-3ffb543ded58	83d6be8e-6bca-431f-9a30-6aadcc912571	Your application for "Full Stack Engineer" was updated to REVIEWING.	/dashboard/candidate/applications	f	2025-10-08 02:43:04.015	GENERIC	\N
b0140dfc-27fb-4684-81a6-4b8513f36ec7	01848f0d-aa18-4104-a791-fab3cf0f7cbf	Your application for "Full Stack Engineer" was updated to OFFER.	/dashboard/candidate/applications	f	2025-10-08 02:43:41.334	GENERIC	\N
0d361c37-2a51-4bd5-a057-16c897d824ef	eaa48451-f609-4293-8b3b-ed7aabdcd470	Your application for "Full Stack Engineer" was updated to OFFER.	/dashboard/candidate/applications	f	2025-10-08 02:43:41.339	GENERIC	\N
7d7403a3-3511-4136-acf7-b11e4c2af251	2d18dcd8-e4df-4396-95e6-3d303f10f82b	Your application for "Full Stack Engineer" was updated to OFFER.	/dashboard/candidate/applications	f	2025-10-08 02:43:41.345	GENERIC	\N
5cba2659-f0a4-4d86-ab53-50cb10249b17	b4824c98-d274-4543-93ff-c085ee5b03f7	Your application for "Full Stack Engineer" was updated to OFFER.	/dashboard/candidate/applications	f	2025-10-08 02:43:41.345	GENERIC	\N
b063d7ed-ec5d-4a9c-9035-f76803f0bd6c	483c52a2-dccd-499a-9938-72414d09c1d1	Your application for "Full Stack Engineer" was updated to OFFER.	/dashboard/candidate/applications	f	2025-10-08 02:43:41.347	GENERIC	\N
077f0f58-0c7e-4287-94ed-ba440f3da367	a7a0a894-3568-423f-a0df-ba8b47f5bdad	Your application for "Full Stack Engineer" was updated to OFFER.	/dashboard/candidate/applications	f	2025-10-08 02:43:41.348	GENERIC	\N
78a85a72-bde9-43d9-9df9-2de7864a7f32	c47829cf-03b0-48e1-bef5-b63528300c8d	Your application for "Full Stack Engineer" was updated to OFFER.	/dashboard/candidate/applications	f	2025-10-08 02:43:41.346	GENERIC	\N
b6ff7dcb-7a83-4fab-8f9e-15ac0cd47711	18b24e67-80d3-429c-8ae8-6d0337db2315	Your application for "Full Stack Engineer" was updated to OFFER.	/dashboard/candidate/applications	f	2025-10-08 02:43:41.46	GENERIC	\N
ed578224-e8a7-4bec-b8e8-002845553a37	ceb23186-e03f-48ff-b971-d688e2873e97	Your application for "Full Stack Engineer" was updated to OFFER.	/dashboard/candidate/applications	f	2025-10-08 02:43:41.46	GENERIC	\N
68a8ff72-5b88-4aa3-b4a8-cd1c158047fa	9aae48e7-9c01-48b1-944d-b4544bbff18a	Your application for "Full Stack Engineer" was updated to OFFER.	/dashboard/candidate/applications	f	2025-10-08 02:43:41.461	GENERIC	\N
27b8e289-4f69-46d5-9392-ec23487d29cd	24561236-b941-4ff8-ad41-b9b71adcafdd	Your application for "Full Stack Engineer" was updated to OFFER.	/dashboard/candidate/applications	f	2025-10-08 02:43:41.462	GENERIC	\N
b2e486fe-542c-4e49-9c10-71656fafb9d5	a4bbe94f-e863-4717-880e-b3a554208f3d	Your application for "Full Stack Engineer" was updated to APPLIED.	/dashboard/candidate/applications	f	2025-10-08 02:44:01.853	GENERIC	\N
9d9badce-3450-4c86-965e-c71586984e6c	425fb147-747b-4238-b39c-e24955a755e2	Your application for "Full Stack Engineer" was updated to APPLIED.	/dashboard/candidate/applications	f	2025-10-08 02:44:01.855	GENERIC	\N
5d804cda-a6c2-459a-88de-6c03fbeff1e0	890fa490-e89d-4bcd-95ef-da35d9fe169e	Your application for "Full Stack Engineer" was updated to APPLIED.	/dashboard/candidate/applications	f	2025-10-08 02:44:01.862	GENERIC	\N
fc22282d-a455-4e2b-aa0b-ae05fdf80ba8	423cfa7a-f71f-49c9-a5bd-5d27b10cded8	Your application for "Full Stack Engineer" was updated to APPLIED.	/dashboard/candidate/applications	f	2025-10-08 02:44:01.874	GENERIC	\N
e9c98f50-c572-42dd-80e9-0ed9cb5b8a63	ed353599-1e99-43f2-8346-5fec96b73f6b	Your application for "Full Stack Engineer" was updated to APPLIED.	/dashboard/candidate/applications	f	2025-10-08 02:44:01.986	GENERIC	\N
2f5b1cd0-737e-47a8-bd1d-e47a4fbbf589	9e6a238a-2982-42e6-b7df-4bc1cb4e1185	Your application for "Full Stack Engineer" was updated to APPLIED.	/dashboard/candidate/applications	f	2025-10-08 02:44:02.002	GENERIC	\N
0172dfb4-2789-4e27-bf2e-511c131d2d09	4705286d-fdc0-41ae-ad30-cc7f7ae05c09	Your application for "Full Stack Engineer" was updated to APPLIED.	/dashboard/candidate/applications	f	2025-10-08 02:44:02.004	GENERIC	\N
fb7f42d2-cf83-49a3-a1b6-a77d36f96aa0	89a9cdb9-7fc4-4652-9f96-a2dc54fd1709	Your application for "Full Stack Engineer" was updated to APPLIED.	/dashboard/candidate/applications	f	2025-10-08 02:44:02.185	GENERIC	\N
076d080e-e937-4822-8fb1-2f549c9b7a9e	08a22e41-a1c9-4350-bc2f-69f5ceff62f2	Your application for "Full Stack Engineer" was updated to APPLIED.	/dashboard/candidate/applications	f	2025-10-08 02:44:01.856	GENERIC	\N
56af9650-ad01-4ca6-b493-ca5e2fe486f6	aa734a58-02b3-4139-bd68-05ce98b5ec75	Your application for "Full Stack Engineer" was updated to APPLIED.	/dashboard/candidate/applications	f	2025-10-08 02:44:01.858	GENERIC	\N
4626c5ce-71b2-43b4-a4e9-637458eb354d	d0df0c65-5784-44ed-8a33-a1317fe39193	Your application for "Full Stack Engineer" was updated to APPLIED.	/dashboard/candidate/applications	f	2025-10-08 02:44:01.86	GENERIC	\N
d064e576-1812-4a12-a97b-ce76ae679a70	4643a038-d3c2-47aa-9ba3-f764a18c57f6	Your application for "Full Stack Engineer" was updated to APPLIED.	/dashboard/candidate/applications	f	2025-10-08 02:44:02.118	GENERIC	\N
0ce06c4a-3a72-46cc-ba89-dd1402044d27	a84b2115-9a2e-4f6f-9f08-fec831d38753	Your application for "Full Stack Engineer" was updated to APPLIED.	/dashboard/candidate/applications	f	2025-10-08 02:44:02.12	GENERIC	\N
e8a20406-0cf0-4f10-974f-5375adba87e8	1a97ecc3-c3ec-4b16-b178-f01dcaded041	Your application for "Full Stack Engineer" was updated to APPLIED.	/dashboard/candidate/applications	f	2025-10-08 02:44:02.157	GENERIC	\N
99ce32d0-6582-4370-a474-1e6a834bff2f	16af0c67-c73d-419b-82af-f843a132ccad	Your application for "Full Stack Engineer" was updated to APPLIED.	/dashboard/candidate/applications	f	2025-10-08 02:44:02.168	GENERIC	\N
2650faa1-2550-4638-b0f0-4108b4576eba	855ab2a4-f4c7-469a-9faf-a9dd316e88a1	Your application for "Full Stack Engineer" was updated to APPLIED.	/dashboard/candidate/applications	f	2025-10-08 02:44:01.941	GENERIC	\N
e71f0de0-9ac7-4824-bf3f-237ce95cf3cd	0436e4f5-326b-4313-b57d-8abbefcf971a	Your application for "Full Stack Engineer" was updated to APPLIED.	/dashboard/candidate/applications	f	2025-10-08 02:44:02.008	GENERIC	\N
4c94f78b-0bf2-46ce-bd84-d8f6acf49761	7136cbbe-30fe-4e58-93b1-33fb6e12bb8e	Your application for "Full Stack Engineer" was updated to APPLIED.	/dashboard/candidate/applications	f	2025-10-08 02:44:02.017	GENERIC	\N
db00f498-bc97-477f-8e82-c84d939dc14c	2703d7b8-cb58-4f72-af1c-d729000117bc	Your application for "Full Stack Engineer" was updated to APPLIED.	/dashboard/candidate/applications	f	2025-10-08 02:44:02.176	GENERIC	\N
de27487d-8a48-4a16-acb1-67c8164d578b	d03d0681-8d49-4eb5-9a52-02b09841c6fa	Your application for "Full Stack Engineer" was updated to APPLIED.	/dashboard/candidate/applications	f	2025-10-08 02:44:02.186	GENERIC	\N
4921416e-ad49-40c6-88bb-b5453d7c5902	2e4fd6f0-3b02-49e9-9d55-25267ac63a61	Your application for "Full Stack Engineer" was updated to APPLIED.	/dashboard/candidate/applications	f	2025-10-08 02:44:02.221	GENERIC	\N
f10d2058-9b24-4949-81d2-fb041291e152	1e6b6c49-16e2-4f55-ae57-26db8ed5f761	Your application for "Full Stack Engineer" was updated to APPLIED.	/dashboard/candidate/applications	f	2025-10-08 02:44:02.223	GENERIC	\N
b4250ff6-28c9-4b93-9423-b6dce45bcb2e	9e6a238a-2982-42e6-b7df-4bc1cb4e1185	Your application for "Full Stack Engineer" was updated to INTERVIEW.	/dashboard/candidate/applications	f	2025-10-08 02:44:37.648	GENERIC	\N
7db79d9f-1aad-4b96-acbf-2a8bb53a37db	ed353599-1e99-43f2-8346-5fec96b73f6b	Your application for "Full Stack Engineer" was updated to INTERVIEW.	/dashboard/candidate/applications	f	2025-10-08 02:44:37.65	GENERIC	\N
d17a65ed-d201-4b03-99a4-20f323aa164c	4705286d-fdc0-41ae-ad30-cc7f7ae05c09	Your application for "Full Stack Engineer" was updated to INTERVIEW.	/dashboard/candidate/applications	f	2025-10-08 02:44:37.654	GENERIC	\N
335ffa43-3bc1-4cdb-9b18-bce322941d80	7136cbbe-30fe-4e58-93b1-33fb6e12bb8e	Your application for "Full Stack Engineer" was updated to INTERVIEW.	/dashboard/candidate/applications	f	2025-10-08 02:44:37.656	GENERIC	\N
edc5ab0d-d474-4dc9-9e63-f25ff299fb43	4643a038-d3c2-47aa-9ba3-f764a18c57f6	Your application for "Full Stack Engineer" was updated to INTERVIEW.	/dashboard/candidate/applications	f	2025-10-08 02:44:37.657	GENERIC	\N
da99bbfa-426e-4283-b0e2-01a6f2ef18c9	0436e4f5-326b-4313-b57d-8abbefcf971a	Your application for "Full Stack Engineer" was updated to INTERVIEW.	/dashboard/candidate/applications	f	2025-10-08 02:44:37.658	GENERIC	\N
a8bc1cf3-00cf-4781-b691-0800b5b2915f	a84b2115-9a2e-4f6f-9f08-fec831d38753	Your application for "Full Stack Engineer" was updated to INTERVIEW.	/dashboard/candidate/applications	f	2025-10-08 02:44:37.66	GENERIC	\N
39bbea20-4b05-4604-b954-8c79b9d7a851	423cfa7a-f71f-49c9-a5bd-5d27b10cded8	Your application for "Full Stack Engineer" was updated to INTERVIEW.	/dashboard/candidate/applications	f	2025-10-08 02:44:37.67	GENERIC	\N
af7d8306-0ca6-481f-9cf3-f757417fee4f	5900ca1a-625c-4a14-8331-ee286900ad73	Your application for "Full Stack Engineer" was updated to INTERVIEW.	/dashboard/candidate/applications	t	2025-10-08 02:45:12.389	GENERIC	\N
b9df5919-7242-4536-a522-da80d330aec3	5900ca1a-625c-4a14-8331-ee286900ad73	Congratulations on your new role! We've automatically added this experience to your profile.	/dashboard/candidate/profile	t	2025-10-10 00:17:30.559	GENERIC	\N
d4c6fa4e-40fe-463a-a55c-794d17ac38db	5900ca1a-625c-4a14-8331-ee286900ad73	Congratulations on your new role! We've automatically added this experience to your profile.	/dashboard/candidate/profile	t	2025-10-10 00:36:20.453	GENERIC	\N
f678c6f1-1118-40fc-bced-32252d619b7d	5900ca1a-625c-4a14-8331-ee286900ad73	Congratulations on your new role! We've automatically added this experience to your profile.	/dashboard/candidate/profile	t	2025-10-10 00:47:13.611	GENERIC	\N
b97a8028-8720-4b68-9676-ca0bfd008321	f88f40e1-147c-47eb-95d1-8b0cc75f4b4a	Your application for "Full Stack Engineer" was updated to INTERVIEW.	/dashboard/candidate/applications	f	2025-10-13 14:46:48.545	GENERIC	\N
4666ad6b-3240-4f72-8bb1-ad54b4665474	2d18dcd8-e4df-4396-95e6-3d303f10f82b	Your application for "Full Stack Engineer" was updated to APPLIED.	/dashboard/candidate/applications	f	2025-10-16 00:13:04.099	GENERIC	\N
5b912956-5b92-4b01-9458-6a1bbc1c7110	6515a85c-20db-4895-b103-e6ea0422a505	Your application for "Full Stack Engineer" was updated to OFFER.	/dashboard/candidate/applications	f	2025-10-16 00:30:14.124	GENERIC	\N
817e5a46-9fee-4ada-a0ff-863621143a75	7f8b81a7-ad22-4259-a8d4-1b9a41e21e1b	Your application for "Full Stack Engineer" was updated to APPLIED.	/dashboard/candidate/applications	f	2025-10-16 00:39:52.965	GENERIC	\N
c8a9f692-2869-49c1-a9dd-502b6853a843	f88f40e1-147c-47eb-95d1-8b0cc75f4b4a	Your application for "Full Stack Engineer" was updated to REVIEWING.	/dashboard/candidate/applications	f	2025-10-16 00:54:15.125	GENERIC	\N
fda3d36f-9c66-418e-b4e5-79515083150e	7f8b81a7-ad22-4259-a8d4-1b9a41e21e1b	Your application for "Full Stack Engineer" was updated to REVIEWING.	/dashboard/candidate/applications	f	2025-10-16 01:17:31.107	GENERIC	\N
\.


--
-- Data for Name: Offer; Type: TABLE DATA; Schema: public; Owner: -
--

COPY public."Offer" (id, "applicationId", salary, "startDate", status) FROM stdin;
56a87f9e-7eb4-4662-90db-f79ba2e45910	d6fa6c3d-52a7-423b-afcb-fba551577c94	2500000	2025-10-08 00:00:00	ACCEPTED
d3d2354c-404a-47a2-b421-b48dd77f184d	d6fa6c3d-52a7-423b-afcb-fba551577c94	300000	\N	ACCEPTED
93e26f3c-959b-4754-9c01-2323ec2eec96	b2bdf1ee-a4b5-4082-a78c-feba93b7617a	5800000	2025-10-10 00:00:00	ACCEPTED
\.


--
-- Data for Name: PositionSkill; Type: TABLE DATA; Schema: public; Owner: -
--

COPY public."PositionSkill" ("positionId", "skillId", "requiredLevel") FROM stdin;
c22c452c-70b5-415a-990d-631be2e34efc	1044	BEGINNER
c22c452c-70b5-415a-990d-631be2e34efc	1056	ADVANCED
c22c452c-70b5-415a-990d-631be2e34efc	1045	INTERMEDIATE
c22c452c-70b5-415a-990d-631be2e34efc	1084	ADVANCED
c22c452c-70b5-415a-990d-631be2e34efc	1043	INTERMEDIATE
4c811de1-1dd4-4c3d-8788-dabaa239ccfd	1089	INTERMEDIATE
4c811de1-1dd4-4c3d-8788-dabaa239ccfd	1084	BEGINNER
4c811de1-1dd4-4c3d-8788-dabaa239ccfd	1090	BEGINNER
4c811de1-1dd4-4c3d-8788-dabaa239ccfd	1108	ADVANCED
f1b83f3d-a680-48d5-b844-c5fe18a6106d	1096	INTERMEDIATE
f1b83f3d-a680-48d5-b844-c5fe18a6106d	1091	BEGINNER
f1b83f3d-a680-48d5-b844-c5fe18a6106d	1084	ADVANCED
f1b83f3d-a680-48d5-b844-c5fe18a6106d	1056	INTERMEDIATE
f1b83f3d-a680-48d5-b844-c5fe18a6106d	1097	ADVANCED
ff2e9c19-2bd2-46e3-a1e3-e108409dbc72	1045	BEGINNER
ff2e9c19-2bd2-46e3-a1e3-e108409dbc72	1043	INTERMEDIATE
ff2e9c19-2bd2-46e3-a1e3-e108409dbc72	1044	INTERMEDIATE
ce284afe-b7c1-43c5-83d1-2e8a2bd5d209	1080	ADVANCED
ce284afe-b7c1-43c5-83d1-2e8a2bd5d209	1083	INTERMEDIATE
ce284afe-b7c1-43c5-83d1-2e8a2bd5d209	1056	ADVANCED
ce284afe-b7c1-43c5-83d1-2e8a2bd5d209	1079	ADVANCED
ce284afe-b7c1-43c5-83d1-2e8a2bd5d209	1078	ADVANCED
b3d9a35b-fe02-40b6-a2c6-15ebaf3abd6d	1090	ADVANCED
b3d9a35b-fe02-40b6-a2c6-15ebaf3abd6d	1108	ADVANCED
b3d9a35b-fe02-40b6-a2c6-15ebaf3abd6d	1084	ADVANCED
b3d9a35b-fe02-40b6-a2c6-15ebaf3abd6d	1089	BEGINNER
f8b9f0d4-4751-4ab9-925c-2afcad681d9b	1043	BEGINNER
f8b9f0d4-4751-4ab9-925c-2afcad681d9b	1056	BEGINNER
f8b9f0d4-4751-4ab9-925c-2afcad681d9b	1071	BEGINNER
f8b9f0d4-4751-4ab9-925c-2afcad681d9b	1083	BEGINNER
9d9f9968-04ac-4230-a419-3982e99f6ad6	1090	ADVANCED
9d9f9968-04ac-4230-a419-3982e99f6ad6	1089	ADVANCED
9d9f9968-04ac-4230-a419-3982e99f6ad6	1108	INTERMEDIATE
9d9f9968-04ac-4230-a419-3982e99f6ad6	1084	BEGINNER
9636528b-7f08-4735-8cf8-e826604da348	1084	INTERMEDIATE
9636528b-7f08-4735-8cf8-e826604da348	1044	BEGINNER
9636528b-7f08-4735-8cf8-e826604da348	1055	ADVANCED
9636528b-7f08-4735-8cf8-e826604da348	1043	ADVANCED
b6b93a21-8922-471b-bb9b-e604821e2255	1084	INTERMEDIATE
b6b93a21-8922-471b-bb9b-e604821e2255	1090	ADVANCED
b6b93a21-8922-471b-bb9b-e604821e2255	1089	BEGINNER
b6b93a21-8922-471b-bb9b-e604821e2255	1108	BEGINNER
33457dde-223e-4f37-aff4-ea519954f1ce	1044	BEGINNER
33457dde-223e-4f37-aff4-ea519954f1ce	1055	INTERMEDIATE
33457dde-223e-4f37-aff4-ea519954f1ce	1084	INTERMEDIATE
33457dde-223e-4f37-aff4-ea519954f1ce	1043	INTERMEDIATE
6bd52408-0b54-49dd-ba87-bcef731f8588	1108	INTERMEDIATE
6bd52408-0b54-49dd-ba87-bcef731f8588	1084	BEGINNER
6bd52408-0b54-49dd-ba87-bcef731f8588	1087	INTERMEDIATE
6bd52408-0b54-49dd-ba87-bcef731f8588	1114	ADVANCED
eae5cbaa-848b-4c87-9465-0ede265a48b3	1084	ADVANCED
eae5cbaa-848b-4c87-9465-0ede265a48b3	1096	ADVANCED
eae5cbaa-848b-4c87-9465-0ede265a48b3	1097	BEGINNER
eae5cbaa-848b-4c87-9465-0ede265a48b3	1056	BEGINNER
eae5cbaa-848b-4c87-9465-0ede265a48b3	1091	INTERMEDIATE
4cdd2724-b7c5-470f-9e8d-d709e9bfb893	1084	BEGINNER
4cdd2724-b7c5-470f-9e8d-d709e9bfb893	1056	ADVANCED
4cdd2724-b7c5-470f-9e8d-d709e9bfb893	1091	INTERMEDIATE
4cdd2724-b7c5-470f-9e8d-d709e9bfb893	1097	BEGINNER
4cdd2724-b7c5-470f-9e8d-d709e9bfb893	1096	ADVANCED
1c9264a0-0d9e-44a1-a6a6-5febd7195965	1079	ADVANCED
1c9264a0-0d9e-44a1-a6a6-5febd7195965	1078	INTERMEDIATE
1c9264a0-0d9e-44a1-a6a6-5febd7195965	1056	INTERMEDIATE
1c9264a0-0d9e-44a1-a6a6-5febd7195965	1083	ADVANCED
c2e8e868-b3bb-4440-a9a9-954829200c1e	1044	BEGINNER
c2e8e868-b3bb-4440-a9a9-954829200c1e	1043	INTERMEDIATE
c2e8e868-b3bb-4440-a9a9-954829200c1e	1084	ADVANCED
6a12bee8-f3ce-4a39-b6aa-57ce18fae52e	1091	ADVANCED
6a12bee8-f3ce-4a39-b6aa-57ce18fae52e	1056	INTERMEDIATE
6a12bee8-f3ce-4a39-b6aa-57ce18fae52e	1084	INTERMEDIATE
6a12bee8-f3ce-4a39-b6aa-57ce18fae52e	1096	INTERMEDIATE
08ae1862-85d6-4279-a0e4-55744662aab7	1071	INTERMEDIATE
08ae1862-85d6-4279-a0e4-55744662aab7	1056	ADVANCED
08ae1862-85d6-4279-a0e4-55744662aab7	1083	INTERMEDIATE
08ae1862-85d6-4279-a0e4-55744662aab7	1043	INTERMEDIATE
ac5e8a02-30f6-4647-bd7b-fc422883013b	1079	BEGINNER
ac5e8a02-30f6-4647-bd7b-fc422883013b	1056	INTERMEDIATE
ac5e8a02-30f6-4647-bd7b-fc422883013b	1078	ADVANCED
ac5e8a02-30f6-4647-bd7b-fc422883013b	1083	BEGINNER
ac5e8a02-30f6-4647-bd7b-fc422883013b	1080	BEGINNER
3a1b1ff7-5990-4786-ad07-84426cb46d4b	1055	ADVANCED
3a1b1ff7-5990-4786-ad07-84426cb46d4b	1044	INTERMEDIATE
3a1b1ff7-5990-4786-ad07-84426cb46d4b	1084	INTERMEDIATE
3a1b1ff7-5990-4786-ad07-84426cb46d4b	1043	ADVANCED
9e537688-fcd4-4957-a93c-0db281d8dfd9	1044	ADVANCED
9e537688-fcd4-4957-a93c-0db281d8dfd9	1043	BEGINNER
9e537688-fcd4-4957-a93c-0db281d8dfd9	1084	INTERMEDIATE
9e537688-fcd4-4957-a93c-0db281d8dfd9	1055	ADVANCED
d8f95276-4809-4d63-a64e-25ea7ff24da7	1108	BEGINNER
d8f95276-4809-4d63-a64e-25ea7ff24da7	1084	INTERMEDIATE
d8f95276-4809-4d63-a64e-25ea7ff24da7	1114	INTERMEDIATE
d8f95276-4809-4d63-a64e-25ea7ff24da7	1087	INTERMEDIATE
d8f95276-4809-4d63-a64e-25ea7ff24da7	1083	INTERMEDIATE
4eff156a-0f7e-4777-8e3d-68533ed074e2	1056	BEGINNER
4eff156a-0f7e-4777-8e3d-68533ed074e2	1097	INTERMEDIATE
4eff156a-0f7e-4777-8e3d-68533ed074e2	1096	ADVANCED
4eff156a-0f7e-4777-8e3d-68533ed074e2	1084	ADVANCED
4eff156a-0f7e-4777-8e3d-68533ed074e2	1091	ADVANCED
d50ebb17-b4e3-4269-b4f5-73f5e721f14e	1089	BEGINNER
d50ebb17-b4e3-4269-b4f5-73f5e721f14e	1084	BEGINNER
d50ebb17-b4e3-4269-b4f5-73f5e721f14e	1108	INTERMEDIATE
d50ebb17-b4e3-4269-b4f5-73f5e721f14e	1090	BEGINNER
4a967007-05a1-4abd-935b-25777ebf6b9a	1090	BEGINNER
4a967007-05a1-4abd-935b-25777ebf6b9a	1084	INTERMEDIATE
4a967007-05a1-4abd-935b-25777ebf6b9a	1108	BEGINNER
4a967007-05a1-4abd-935b-25777ebf6b9a	1089	INTERMEDIATE
51461c04-9e71-497b-a3b1-1aa5c97b2af8	1056	ADVANCED
51461c04-9e71-497b-a3b1-1aa5c97b2af8	1091	INTERMEDIATE
51461c04-9e71-497b-a3b1-1aa5c97b2af8	1097	INTERMEDIATE
51461c04-9e71-497b-a3b1-1aa5c97b2af8	1096	INTERMEDIATE
1c9adc88-46a0-4042-9951-bc349a699e73	1108	ADVANCED
1c9adc88-46a0-4042-9951-bc349a699e73	1083	INTERMEDIATE
1c9adc88-46a0-4042-9951-bc349a699e73	1084	ADVANCED
1c9adc88-46a0-4042-9951-bc349a699e73	1087	BEGINNER
1c9adc88-46a0-4042-9951-bc349a699e73	1114	INTERMEDIATE
37965e48-124b-4eb5-97c4-4af1cbfd97b9	1097	ADVANCED
37965e48-124b-4eb5-97c4-4af1cbfd97b9	1091	INTERMEDIATE
37965e48-124b-4eb5-97c4-4af1cbfd97b9	1084	INTERMEDIATE
4cc78892-e113-46d8-a285-dc8983f7afc4	1091	INTERMEDIATE
4cc78892-e113-46d8-a285-dc8983f7afc4	1084	ADVANCED
4cc78892-e113-46d8-a285-dc8983f7afc4	1097	INTERMEDIATE
68860d3f-e700-445f-ab5a-9cdc7f240de4	1056	ADVANCED
68860d3f-e700-445f-ab5a-9cdc7f240de4	1084	BEGINNER
68860d3f-e700-445f-ab5a-9cdc7f240de4	1091	BEGINNER
4ef36e2c-0d34-436d-8d08-3d777cdc0775	1043	BEGINNER
4ef36e2c-0d34-436d-8d08-3d777cdc0775	1055	ADVANCED
4ef36e2c-0d34-436d-8d08-3d777cdc0775	1044	BEGINNER
57a057fa-46ea-4b8f-9277-d0f31e1af640	1044	ADVANCED
57a057fa-46ea-4b8f-9277-d0f31e1af640	1055	INTERMEDIATE
57a057fa-46ea-4b8f-9277-d0f31e1af640	1043	INTERMEDIATE
672db0ba-7f0a-4fd1-ab26-dfbdb926d255	1087	ADVANCED
672db0ba-7f0a-4fd1-ab26-dfbdb926d255	1083	BEGINNER
672db0ba-7f0a-4fd1-ab26-dfbdb926d255	1084	ADVANCED
672db0ba-7f0a-4fd1-ab26-dfbdb926d255	1108	ADVANCED
12b4e02f-851e-48b0-bfba-b747ec4da446	1114	BEGINNER
12b4e02f-851e-48b0-bfba-b747ec4da446	1087	INTERMEDIATE
12b4e02f-851e-48b0-bfba-b747ec4da446	1083	ADVANCED
12b4e02f-851e-48b0-bfba-b747ec4da446	1108	ADVANCED
12b4e02f-851e-48b0-bfba-b747ec4da446	1084	INTERMEDIATE
35307e7c-c981-4b39-8384-645aadd164db	1084	BEGINNER
35307e7c-c981-4b39-8384-645aadd164db	1043	INTERMEDIATE
35307e7c-c981-4b39-8384-645aadd164db	1055	ADVANCED
35307e7c-c981-4b39-8384-645aadd164db	1044	INTERMEDIATE
f841b55e-c2ad-4208-9d6f-8446f4df920e	1084	INTERMEDIATE
f841b55e-c2ad-4208-9d6f-8446f4df920e	1056	BEGINNER
f841b55e-c2ad-4208-9d6f-8446f4df920e	1097	BEGINNER
f841b55e-c2ad-4208-9d6f-8446f4df920e	1091	INTERMEDIATE
069811d3-7d8f-4dbd-a1e8-4243eda4de68	1087	ADVANCED
069811d3-7d8f-4dbd-a1e8-4243eda4de68	1084	INTERMEDIATE
069811d3-7d8f-4dbd-a1e8-4243eda4de68	1114	BEGINNER
878b99cc-ad6c-43eb-a95e-88f6bec79a88	1084	ADVANCED
878b99cc-ad6c-43eb-a95e-88f6bec79a88	1045	BEGINNER
878b99cc-ad6c-43eb-a95e-88f6bec79a88	1056	ADVANCED
878b99cc-ad6c-43eb-a95e-88f6bec79a88	1044	ADVANCED
64abcee6-8a96-4675-96c2-bacde3b50036	1083	INTERMEDIATE
64abcee6-8a96-4675-96c2-bacde3b50036	1080	ADVANCED
64abcee6-8a96-4675-96c2-bacde3b50036	1056	INTERMEDIATE
64abcee6-8a96-4675-96c2-bacde3b50036	1079	BEGINNER
64abcee6-8a96-4675-96c2-bacde3b50036	1078	BEGINNER
1a9802a4-8076-482e-9036-346ff006b151	1043	INTERMEDIATE
1a9802a4-8076-482e-9036-346ff006b151	1083	BEGINNER
1a9802a4-8076-482e-9036-346ff006b151	1071	ADVANCED
1a9802a4-8076-482e-9036-346ff006b151	1056	ADVANCED
a127ac41-8fc7-45cc-8c72-6ddc94bf7bce	1043	INTERMEDIATE
a127ac41-8fc7-45cc-8c72-6ddc94bf7bce	1083	ADVANCED
a127ac41-8fc7-45cc-8c72-6ddc94bf7bce	1071	BEGINNER
a127ac41-8fc7-45cc-8c72-6ddc94bf7bce	1056	BEGINNER
722c833f-0b73-4807-a801-8418ce794c6e	1083	ADVANCED
722c833f-0b73-4807-a801-8418ce794c6e	1080	ADVANCED
722c833f-0b73-4807-a801-8418ce794c6e	1078	INTERMEDIATE
722c833f-0b73-4807-a801-8418ce794c6e	1056	ADVANCED
722c833f-0b73-4807-a801-8418ce794c6e	1079	ADVANCED
4de629f8-e8df-4d23-8cfe-162fcfe17a52	1108	INTERMEDIATE
4de629f8-e8df-4d23-8cfe-162fcfe17a52	1083	ADVANCED
4de629f8-e8df-4d23-8cfe-162fcfe17a52	1114	ADVANCED
4de629f8-e8df-4d23-8cfe-162fcfe17a52	1087	ADVANCED
21445119-42f5-48e8-ade7-088f7133c39e	1083	BEGINNER
21445119-42f5-48e8-ade7-088f7133c39e	1080	INTERMEDIATE
21445119-42f5-48e8-ade7-088f7133c39e	1079	INTERMEDIATE
21445119-42f5-48e8-ade7-088f7133c39e	1056	INTERMEDIATE
7f457a80-d4a7-4ec3-ad6c-353e90b8755d	1084	ADVANCED
7f457a80-d4a7-4ec3-ad6c-353e90b8755d	1108	INTERMEDIATE
7f457a80-d4a7-4ec3-ad6c-353e90b8755d	1090	BEGINNER
7f457a80-d4a7-4ec3-ad6c-353e90b8755d	1089	INTERMEDIATE
caf1e27e-3b23-405d-b3bb-4c1f8d2a704d	1084	BEGINNER
caf1e27e-3b23-405d-b3bb-4c1f8d2a704d	1091	BEGINNER
caf1e27e-3b23-405d-b3bb-4c1f8d2a704d	1096	INTERMEDIATE
caf1e27e-3b23-405d-b3bb-4c1f8d2a704d	1097	INTERMEDIATE
caf1e27e-3b23-405d-b3bb-4c1f8d2a704d	1056	ADVANCED
71da2230-1504-423c-bbb5-3cb975d8a4c4	1078	BEGINNER
71da2230-1504-423c-bbb5-3cb975d8a4c4	1083	BEGINNER
71da2230-1504-423c-bbb5-3cb975d8a4c4	1080	ADVANCED
71da2230-1504-423c-bbb5-3cb975d8a4c4	1056	ADVANCED
71da2230-1504-423c-bbb5-3cb975d8a4c4	1079	ADVANCED
73b228d0-6318-4186-8205-2f981e700083	1043	BEGINNER
73b228d0-6318-4186-8205-2f981e700083	1055	BEGINNER
73b228d0-6318-4186-8205-2f981e700083	1044	ADVANCED
0f649b1f-9e80-42e2-ab97-7a9e1840271b	1084	ADVANCED
0f649b1f-9e80-42e2-ab97-7a9e1840271b	1096	BEGINNER
0f649b1f-9e80-42e2-ab97-7a9e1840271b	1056	BEGINNER
ecc4d31a-c7fb-4d04-8489-5b52f5acf443	1044	BEGINNER
ecc4d31a-c7fb-4d04-8489-5b52f5acf443	1045	BEGINNER
ecc4d31a-c7fb-4d04-8489-5b52f5acf443	1043	INTERMEDIATE
ecc4d31a-c7fb-4d04-8489-5b52f5acf443	1084	INTERMEDIATE
fdf9b204-ab5b-4bba-b381-82dd5deea76d	1108	ADVANCED
fdf9b204-ab5b-4bba-b381-82dd5deea76d	1114	BEGINNER
fdf9b204-ab5b-4bba-b381-82dd5deea76d	1084	ADVANCED
fdf9b204-ab5b-4bba-b381-82dd5deea76d	1087	ADVANCED
fdf9b204-ab5b-4bba-b381-82dd5deea76d	1083	ADVANCED
568b5458-5ee4-4409-95b0-9e862d8e0a3e	1090	BEGINNER
568b5458-5ee4-4409-95b0-9e862d8e0a3e	1089	BEGINNER
568b5458-5ee4-4409-95b0-9e862d8e0a3e	1108	BEGINNER
568b5458-5ee4-4409-95b0-9e862d8e0a3e	1084	ADVANCED
b3ae50fc-ea0c-48b0-806c-9d769df8f863	1045	ADVANCED
b3ae50fc-ea0c-48b0-806c-9d769df8f863	1043	ADVANCED
b3ae50fc-ea0c-48b0-806c-9d769df8f863	1044	INTERMEDIATE
b3ae50fc-ea0c-48b0-806c-9d769df8f863	1056	BEGINNER
b3ae50fc-ea0c-48b0-806c-9d769df8f863	1084	ADVANCED
ce3aba5b-66b5-4083-9855-b2bc1191f077	1044	INTERMEDIATE
ce3aba5b-66b5-4083-9855-b2bc1191f077	1055	BEGINNER
ce3aba5b-66b5-4083-9855-b2bc1191f077	1084	ADVANCED
52a01da6-4766-42eb-a340-5b5c21d7ba39	1080	ADVANCED
52a01da6-4766-42eb-a340-5b5c21d7ba39	1078	BEGINNER
52a01da6-4766-42eb-a340-5b5c21d7ba39	1056	INTERMEDIATE
52a01da6-4766-42eb-a340-5b5c21d7ba39	1083	INTERMEDIATE
696aae25-ea88-41ce-8b8a-7e20e373ed89	1056	INTERMEDIATE
696aae25-ea88-41ce-8b8a-7e20e373ed89	1097	INTERMEDIATE
696aae25-ea88-41ce-8b8a-7e20e373ed89	1091	ADVANCED
696aae25-ea88-41ce-8b8a-7e20e373ed89	1096	INTERMEDIATE
2489cf6c-4f78-484b-9202-23d3c0eb49ac	1108	ADVANCED
2489cf6c-4f78-484b-9202-23d3c0eb49ac	1090	ADVANCED
2489cf6c-4f78-484b-9202-23d3c0eb49ac	1084	INTERMEDIATE
7339b0cf-e5ed-480e-a86a-8e9076c64b37	1108	BEGINNER
7339b0cf-e5ed-480e-a86a-8e9076c64b37	1089	BEGINNER
7339b0cf-e5ed-480e-a86a-8e9076c64b37	1084	INTERMEDIATE
9728ff0a-04ff-4c41-b813-991c0f264e96	1055	BEGINNER
9728ff0a-04ff-4c41-b813-991c0f264e96	1043	INTERMEDIATE
9728ff0a-04ff-4c41-b813-991c0f264e96	1084	ADVANCED
3af071c0-e3fa-4e27-9163-181537bbd15d	1055	BEGINNER
3af071c0-e3fa-4e27-9163-181537bbd15d	1043	ADVANCED
3af071c0-e3fa-4e27-9163-181537bbd15d	1044	INTERMEDIATE
3af071c0-e3fa-4e27-9163-181537bbd15d	1084	ADVANCED
e4271511-c305-49f8-b4b2-6cc91338c6b7	1078	BEGINNER
e4271511-c305-49f8-b4b2-6cc91338c6b7	1056	INTERMEDIATE
e4271511-c305-49f8-b4b2-6cc91338c6b7	1080	BEGINNER
e4271511-c305-49f8-b4b2-6cc91338c6b7	1079	ADVANCED
774551d6-71ff-4b4b-a674-c76a38518570	1056	BEGINNER
774551d6-71ff-4b4b-a674-c76a38518570	1071	INTERMEDIATE
774551d6-71ff-4b4b-a674-c76a38518570	1083	INTERMEDIATE
774551d6-71ff-4b4b-a674-c76a38518570	1043	INTERMEDIATE
7262a413-2ef9-42ec-84d2-ec4e7e821f67	1108	BEGINNER
7262a413-2ef9-42ec-84d2-ec4e7e821f67	1090	BEGINNER
7262a413-2ef9-42ec-84d2-ec4e7e821f67	1089	INTERMEDIATE
7262a413-2ef9-42ec-84d2-ec4e7e821f67	1084	INTERMEDIATE
2d8fa5c0-205d-4119-9045-e3f9203b98fa	1087	INTERMEDIATE
2d8fa5c0-205d-4119-9045-e3f9203b98fa	1083	BEGINNER
2d8fa5c0-205d-4119-9045-e3f9203b98fa	1114	BEGINNER
2d8fa5c0-205d-4119-9045-e3f9203b98fa	1108	BEGINNER
2d8fa5c0-205d-4119-9045-e3f9203b98fa	1084	BEGINNER
fb11067e-7e61-4ea0-adcd-f352f5f48054	1083	ADVANCED
fb11067e-7e61-4ea0-adcd-f352f5f48054	1108	BEGINNER
fb11067e-7e61-4ea0-adcd-f352f5f48054	1084	BEGINNER
fb11067e-7e61-4ea0-adcd-f352f5f48054	1087	BEGINNER
fb11067e-7e61-4ea0-adcd-f352f5f48054	1114	INTERMEDIATE
ebb7843b-848e-425d-a6fe-ae83ff379b39	1056	BEGINNER
ebb7843b-848e-425d-a6fe-ae83ff379b39	1097	INTERMEDIATE
ebb7843b-848e-425d-a6fe-ae83ff379b39	1096	ADVANCED
60c4d28d-b773-432b-8044-bc9ce13f6170	1097	INTERMEDIATE
60c4d28d-b773-432b-8044-bc9ce13f6170	1084	BEGINNER
60c4d28d-b773-432b-8044-bc9ce13f6170	1091	ADVANCED
60c4d28d-b773-432b-8044-bc9ce13f6170	1096	INTERMEDIATE
60c4d28d-b773-432b-8044-bc9ce13f6170	1056	BEGINNER
a7b94938-c51e-42af-8aed-48312c0c88b0	1056	BEGINNER
a7b94938-c51e-42af-8aed-48312c0c88b0	1071	ADVANCED
a7b94938-c51e-42af-8aed-48312c0c88b0	1083	ADVANCED
fbae0a08-f1a8-4579-936d-c443c51c590b	1084	ADVANCED
fbae0a08-f1a8-4579-936d-c443c51c590b	1096	BEGINNER
fbae0a08-f1a8-4579-936d-c443c51c590b	1091	BEGINNER
fbae0a08-f1a8-4579-936d-c443c51c590b	1097	ADVANCED
fbae0a08-f1a8-4579-936d-c443c51c590b	1056	ADVANCED
9a58fd47-599d-4cc7-abba-005265189a90	1056	ADVANCED
9a58fd47-599d-4cc7-abba-005265189a90	1071	INTERMEDIATE
9a58fd47-599d-4cc7-abba-005265189a90	1043	ADVANCED
9a58fd47-599d-4cc7-abba-005265189a90	1083	INTERMEDIATE
8ecd4f72-a77c-46d8-92f9-2a3946be81c8	1071	INTERMEDIATE
8ecd4f72-a77c-46d8-92f9-2a3946be81c8	1056	BEGINNER
8ecd4f72-a77c-46d8-92f9-2a3946be81c8	1043	BEGINNER
8ecd4f72-a77c-46d8-92f9-2a3946be81c8	1083	BEGINNER
f0ccb148-9af5-414b-9288-a2a17b962ea9	1083	BEGINNER
f0ccb148-9af5-414b-9288-a2a17b962ea9	1108	BEGINNER
f0ccb148-9af5-414b-9288-a2a17b962ea9	1114	BEGINNER
f0ccb148-9af5-414b-9288-a2a17b962ea9	1084	ADVANCED
f0ccb148-9af5-414b-9288-a2a17b962ea9	1087	INTERMEDIATE
26777259-4a9d-4be5-a196-664ccc9f96c2	1045	ADVANCED
26777259-4a9d-4be5-a196-664ccc9f96c2	1044	INTERMEDIATE
26777259-4a9d-4be5-a196-664ccc9f96c2	1084	BEGINNER
9cbcc0dd-34f5-42c8-b92e-a2b12d5fe896	1045	ADVANCED
9cbcc0dd-34f5-42c8-b92e-a2b12d5fe896	1056	BEGINNER
9cbcc0dd-34f5-42c8-b92e-a2b12d5fe896	1043	ADVANCED
9cbcc0dd-34f5-42c8-b92e-a2b12d5fe896	1084	BEGINNER
fa2c069d-3d4a-43ff-9c8e-68b40cc96ea0	1084	INTERMEDIATE
fa2c069d-3d4a-43ff-9c8e-68b40cc96ea0	1090	ADVANCED
fa2c069d-3d4a-43ff-9c8e-68b40cc96ea0	1108	ADVANCED
fa2c069d-3d4a-43ff-9c8e-68b40cc96ea0	1089	ADVANCED
b32b3216-ebfd-4b9b-9d44-46f22ed4aac5	1071	INTERMEDIATE
b32b3216-ebfd-4b9b-9d44-46f22ed4aac5	1083	BEGINNER
b32b3216-ebfd-4b9b-9d44-46f22ed4aac5	1043	INTERMEDIATE
b32b3216-ebfd-4b9b-9d44-46f22ed4aac5	1056	INTERMEDIATE
3d7e0d11-a404-4cfd-8869-6724d14c6952	1097	ADVANCED
3d7e0d11-a404-4cfd-8869-6724d14c6952	1084	BEGINNER
3d7e0d11-a404-4cfd-8869-6724d14c6952	1091	ADVANCED
3d7e0d11-a404-4cfd-8869-6724d14c6952	1056	INTERMEDIATE
3d7e0d11-a404-4cfd-8869-6724d14c6952	1096	ADVANCED
678b3ceb-a9d4-4469-aeef-97f8ad2f1a6b	1056	ADVANCED
678b3ceb-a9d4-4469-aeef-97f8ad2f1a6b	1078	BEGINNER
678b3ceb-a9d4-4469-aeef-97f8ad2f1a6b	1083	BEGINNER
678b3ceb-a9d4-4469-aeef-97f8ad2f1a6b	1079	ADVANCED
678b3ceb-a9d4-4469-aeef-97f8ad2f1a6b	1080	ADVANCED
4bb887e5-2a3e-497b-a749-beb4aa12bb7f	1083	BEGINNER
4bb887e5-2a3e-497b-a749-beb4aa12bb7f	1043	ADVANCED
4bb887e5-2a3e-497b-a749-beb4aa12bb7f	1071	ADVANCED
a3149430-a8ac-4da4-a92b-8521e991a018	1084	ADVANCED
a3149430-a8ac-4da4-a92b-8521e991a018	1089	BEGINNER
a3149430-a8ac-4da4-a92b-8521e991a018	1108	ADVANCED
a3149430-a8ac-4da4-a92b-8521e991a018	1090	ADVANCED
d467594a-9198-438a-ba09-a99541c04eb9	1108	ADVANCED
d467594a-9198-438a-ba09-a99541c04eb9	1083	INTERMEDIATE
d467594a-9198-438a-ba09-a99541c04eb9	1114	ADVANCED
d56f901a-36ee-4b6e-b13e-a17b4be2dba0	1043	BEGINNER
d56f901a-36ee-4b6e-b13e-a17b4be2dba0	1045	ADVANCED
d56f901a-36ee-4b6e-b13e-a17b4be2dba0	1056	INTERMEDIATE
d56f901a-36ee-4b6e-b13e-a17b4be2dba0	1084	BEGINNER
fdce82a1-ebc8-424d-ba45-a60d631f83e6	1080	INTERMEDIATE
fdce82a1-ebc8-424d-ba45-a60d631f83e6	1056	BEGINNER
fdce82a1-ebc8-424d-ba45-a60d631f83e6	1078	BEGINNER
fdce82a1-ebc8-424d-ba45-a60d631f83e6	1083	ADVANCED
fdce82a1-ebc8-424d-ba45-a60d631f83e6	1079	INTERMEDIATE
ad50f139-b59f-40cb-88a3-3e6629128080	1097	ADVANCED
ad50f139-b59f-40cb-88a3-3e6629128080	1091	INTERMEDIATE
ad50f139-b59f-40cb-88a3-3e6629128080	1056	ADVANCED
17c449c0-ff4d-4909-b232-e27ff10b44c5	1083	ADVANCED
17c449c0-ff4d-4909-b232-e27ff10b44c5	1056	BEGINNER
17c449c0-ff4d-4909-b232-e27ff10b44c5	1071	INTERMEDIATE
17c449c0-ff4d-4909-b232-e27ff10b44c5	1043	BEGINNER
e80f0f50-8997-4592-b6ba-5aebc31efe96	1084	ADVANCED
e80f0f50-8997-4592-b6ba-5aebc31efe96	1044	BEGINNER
e80f0f50-8997-4592-b6ba-5aebc31efe96	1055	BEGINNER
e80f0f50-8997-4592-b6ba-5aebc31efe96	1043	INTERMEDIATE
9c95b30d-c407-4f54-8b89-f3af3877085d	1090	BEGINNER
9c95b30d-c407-4f54-8b89-f3af3877085d	1108	INTERMEDIATE
9c95b30d-c407-4f54-8b89-f3af3877085d	1089	ADVANCED
9c95b30d-c407-4f54-8b89-f3af3877085d	1084	INTERMEDIATE
0abad766-c9b6-4c76-a4cb-55094d48f979	1097	INTERMEDIATE
0abad766-c9b6-4c76-a4cb-55094d48f979	1056	BEGINNER
0abad766-c9b6-4c76-a4cb-55094d48f979	1096	BEGINNER
5f69cdc7-5a89-4b08-a825-713617b44e3c	1108	ADVANCED
5f69cdc7-5a89-4b08-a825-713617b44e3c	1084	ADVANCED
5f69cdc7-5a89-4b08-a825-713617b44e3c	1090	ADVANCED
24ca4968-c0a5-4469-a4c9-82ea08d63904	1089	BEGINNER
24ca4968-c0a5-4469-a4c9-82ea08d63904	1108	ADVANCED
24ca4968-c0a5-4469-a4c9-82ea08d63904	1084	BEGINNER
24ca4968-c0a5-4469-a4c9-82ea08d63904	1090	BEGINNER
ecdaa7c9-0c77-45c1-a57a-50e608130616	1089	ADVANCED
ecdaa7c9-0c77-45c1-a57a-50e608130616	1090	BEGINNER
ecdaa7c9-0c77-45c1-a57a-50e608130616	1108	BEGINNER
ecdaa7c9-0c77-45c1-a57a-50e608130616	1084	ADVANCED
6fe204fb-bd2d-4433-9f93-dbbd18ea6046	1056	ADVANCED
6fe204fb-bd2d-4433-9f93-dbbd18ea6046	1043	INTERMEDIATE
6fe204fb-bd2d-4433-9f93-dbbd18ea6046	1083	ADVANCED
6fe204fb-bd2d-4433-9f93-dbbd18ea6046	1071	ADVANCED
9be468f5-44ed-457f-817b-117f691771c8	1114	ADVANCED
9be468f5-44ed-457f-817b-117f691771c8	1087	BEGINNER
9be468f5-44ed-457f-817b-117f691771c8	1084	ADVANCED
9be468f5-44ed-457f-817b-117f691771c8	1083	ADVANCED
163d4a18-1721-470f-a349-c38fec0f36f2	1056	BEGINNER
163d4a18-1721-470f-a349-c38fec0f36f2	1097	BEGINNER
02b81944-33b3-4ec8-8ecb-685df60788d0	1044	BEGINNER
02b81944-33b3-4ec8-8ecb-685df60788d0	1084	BEGINNER
02b81944-33b3-4ec8-8ecb-685df60788d0	1045	BEGINNER
02b81944-33b3-4ec8-8ecb-685df60788d0	1043	ADVANCED
163d4a18-1721-470f-a349-c38fec0f36f2	1096	ADVANCED
163d4a18-1721-470f-a349-c38fec0f36f2	1091	ADVANCED
163d4a18-1721-470f-a349-c38fec0f36f2	1084	BEGINNER
f7b61203-c5a6-4de9-93c0-8dba8b0bf246	1108	ADVANCED
f7b61203-c5a6-4de9-93c0-8dba8b0bf246	1090	ADVANCED
f7b61203-c5a6-4de9-93c0-8dba8b0bf246	1089	BEGINNER
f7b61203-c5a6-4de9-93c0-8dba8b0bf246	1084	INTERMEDIATE
9d7ea1e3-69fb-4747-ad1a-6e10be669ba3	1108	ADVANCED
9d7ea1e3-69fb-4747-ad1a-6e10be669ba3	1089	BEGINNER
9d7ea1e3-69fb-4747-ad1a-6e10be669ba3	1090	INTERMEDIATE
9d7ea1e3-69fb-4747-ad1a-6e10be669ba3	1084	INTERMEDIATE
2f431254-a2af-4585-8dad-fbdc818aca74	1071	BEGINNER
2f431254-a2af-4585-8dad-fbdc818aca74	1056	INTERMEDIATE
2f431254-a2af-4585-8dad-fbdc818aca74	1083	ADVANCED
94f4c44f-eb79-41ba-956c-0457fd3ec055	1084	ADVANCED
94f4c44f-eb79-41ba-956c-0457fd3ec055	1090	ADVANCED
94f4c44f-eb79-41ba-956c-0457fd3ec055	1108	ADVANCED
94f4c44f-eb79-41ba-956c-0457fd3ec055	1089	INTERMEDIATE
\.


--
-- Data for Name: Quiz; Type: TABLE DATA; Schema: public; Owner: -
--

COPY public."Quiz" (id, title, description, "skillId", level) FROM stdin;
dd2a3b59-c715-4e3c-b2a8-b69623b33492	Software Development Fundamentals	Test your knowledge of core Software Development concepts.	1043	BEGINNER
9856c8fd-8219-485f-93e4-a8ce67320c18	Frontend Development Fundamentals	Test your knowledge of core Frontend Development concepts.	1044	BEGINNER
e8a34ff5-d8c1-4f68-a9f3-d41249b59fef	Backend Development Fundamentals	Test your knowledge of core Backend Development concepts.	1045	BEGINNER
91012fac-a445-4bb2-a103-83e2bdbf4453	Mobile App Development Fundamentals	Test your knowledge of core Mobile App Development concepts.	1046	BEGINNER
576a15b4-5d6d-42b0-8a2a-0f36b65e88fb	JavaScript Fundamentals	Test your knowledge of core JavaScript concepts.	1047	BEGINNER
ef3d0e79-9f44-44db-90bb-4851e088342e	TypeScript Fundamentals	Test your knowledge of core TypeScript concepts.	1048	BEGINNER
5a69991e-15a2-4483-93fe-e3c92c297752	React Fundamentals	Test your knowledge of core React concepts.	1049	BEGINNER
a0200905-d1a9-4421-bb7c-1562d58fdac3	Node.js Fundamentals	Test your knowledge of core Node.js concepts.	1050	BEGINNER
73724cff-1152-4106-8214-cd99ce7929ef	Python Fundamentals	Test your knowledge of core Python concepts.	1051	BEGINNER
d71bf162-b8fe-4cc7-964e-dc67bbeab24a	Django Fundamentals	Test your knowledge of core Django concepts.	1052	BEGINNER
867fb84d-52bd-4c81-842f-86d782e4c707	Java Fundamentals	Test your knowledge of core Java concepts.	1053	BEGINNER
5b171f66-a32a-4f93-9fc5-c5a1530f033b	Spring Boot Fundamentals	Test your knowledge of core Spring Boot concepts.	1054	BEGINNER
f367d5f5-6bac-4b93-a472-7e21df7325d8	UI/UX Design Fundamentals	Test your knowledge of core UI/UX Design concepts.	1055	BEGINNER
61a0e03a-f5ae-433e-873d-49ef77ad4507	Data Analysis Fundamentals	Test your knowledge of core Data Analysis concepts.	1056	BEGINNER
4d28d0fa-4250-4dd1-835c-ce9c6fdc22d9	Data Science Fundamentals	Test your knowledge of core Data Science concepts.	1057	BEGINNER
c75b1a1a-a341-4d9d-aae0-2d970e308b72	Machine Learning Fundamentals	Test your knowledge of core Machine Learning concepts.	1058	BEGINNER
cf319af5-051d-4dc6-83f7-73e5e544e83f	Cybersecurity Fundamentals	Test your knowledge of core Cybersecurity concepts.	1059	BEGINNER
37d901ce-adce-4d5b-9c5c-1abe578f2255	Network Engineering Fundamentals	Test your knowledge of core Network Engineering concepts.	1060	BEGINNER
3f40c1aa-f2f5-4cac-bae0-4448f8207eac	Cloud Computing (AWS/Azure/GCP) Fundamentals	Test your knowledge of core Cloud Computing (AWS/Azure/GCP) concepts.	1061	BEGINNER
f7b0a842-0144-4355-8c25-26baf3b5d541	AWS Fundamentals	Test your knowledge of core AWS concepts.	1062	BEGINNER
7b91d290-6293-4363-bee3-8a038ae0f26c	Google Cloud Fundamentals	Test your knowledge of core Google Cloud concepts.	1063	BEGINNER
2dbef30e-9c4c-47cc-9bad-f16be2e15d87	Microsoft Azure Fundamentals	Test your knowledge of core Microsoft Azure concepts.	1064	BEGINNER
e45823ea-cac3-4c26-b524-d92a47bc9263	DevOps Fundamentals	Test your knowledge of core DevOps concepts.	1065	BEGINNER
556a95f2-bdac-4c9e-8109-c367d800deba	Docker Fundamentals	Test your knowledge of core Docker concepts.	1066	BEGINNER
ea13e529-78f4-4ff1-b56e-e072de6d7b8f	Kubernetes Fundamentals	Test your knowledge of core Kubernetes concepts.	1067	BEGINNER
35645220-42b4-4cc2-9a17-ab1b593d36cf	Terraform Fundamentals	Test your knowledge of core Terraform concepts.	1068	BEGINNER
ea727a03-13b1-48c2-91d0-d15db5bb567b	CI/CD Fundamentals	Test your knowledge of core CI/CD concepts.	1069	BEGINNER
3ac49c2c-b861-4c6b-9503-69757615df2d	Git Fundamentals	Test your knowledge of core Git concepts.	1070	BEGINNER
3207d1b7-afd8-4579-bb7f-690e07e90e10	Database Management (SQL/NoSQL) Fundamentals	Test your knowledge of core Database Management (SQL/NoSQL) concepts.	1071	BEGINNER
e7c67257-2198-42da-afc0-7dc3ab9f51c3	Quality Assurance Fundamentals	Test your knowledge of core Quality Assurance concepts.	1075	BEGINNER
3eda303c-12ef-488c-bb58-6171aaa91684	Technical Writing Fundamentals	Test your knowledge of core Technical Writing concepts.	1076	BEGINNER
d3f31707-1f57-4b8c-9b55-291d760b35dc	Hardware Engineering Fundamentals	Test your knowledge of core Hardware Engineering concepts.	1077	BEGINNER
edeac801-b9ab-4c3d-b707-9975e10ec766	Financial Analysis Fundamentals	Test your knowledge of core Financial Analysis concepts.	1079	BEGINNER
21a98446-9e6e-408e-a44c-11e287cc9067	Auditing Fundamentals	Test your knowledge of core Auditing concepts.	1080	BEGINNER
96776421-4c10-4507-9973-8656fb9ae722	Investment Management Fundamentals	Test your knowledge of core Investment Management concepts.	1081	BEGINNER
ba0c213d-e638-498b-88ab-bb22d72915dc	Risk Management Fundamentals	Test your knowledge of core Risk Management concepts.	1082	BEGINNER
9446d95b-e9b0-4fa4-82c2-5d377821388a	Business Analysis Fundamentals	Test your knowledge of core Business Analysis concepts.	1083	BEGINNER
fab85c6d-5489-4586-b996-4994e92fd15c	Human Resources Fundamentals	Test your knowledge of core Human Resources concepts.	1089	BEGINNER
d2711de1-58a9-40ad-bac6-0e6800971af9	Recruitment Fundamentals	Test your knowledge of core Recruitment concepts.	1090	BEGINNER
0063e5c1-b8af-4c7d-b9c8-9c8d757c3003	Business Development Fundamentals	Test your knowledge of core Business Development concepts.	1092	BEGINNER
4b483ca2-9328-42e8-9fd7-d5e8e0976383	Supply Chain Management Fundamentals	Test your knowledge of core Supply Chain Management concepts.	1093	BEGINNER
aced4abb-a3e3-49ec-bc1a-4e9be193f0b6	Operations Management Fundamentals	Test your knowledge of core Operations Management concepts.	1095	BEGINNER
1c301f2c-0531-481e-a86d-5eb0533536ef	Content Marketing Fundamentals	Test your knowledge of core Content Marketing concepts.	1098	BEGINNER
038df1bb-9551-4108-ad88-26a3a9c635c4	Social Media Management Fundamentals	Test your knowledge of core Social Media Management concepts.	1099	BEGINNER
f446a1d1-1c0a-423a-a959-49b17feaf077	Email Marketing Fundamentals	Test your knowledge of core Email Marketing concepts.	1100	BEGINNER
999ac5fe-6602-4d2e-8f2f-03a6796d0818	Brand Management Fundamentals	Test your knowledge of core Brand Management concepts.	1102	BEGINNER
078b1f1c-4474-44c4-8292-81a43fe6eafb	Public Relations Fundamentals	Test your knowledge of core Public Relations concepts.	1103	BEGINNER
0898623d-248a-4472-92e0-3dbbe78e7896	Corporate Communications Fundamentals	Test your knowledge of core Corporate Communications concepts.	1104	BEGINNER
a2a207c1-4303-4ef0-bf8c-4e4eed495ebd	Video Production Fundamentals	Test your knowledge of core Video Production concepts.	1105	BEGINNER
04e0d81e-937a-46e2-85b5-cb243a5aa635	Creative Writing Fundamentals	Test your knowledge of core Creative Writing concepts.	1106	BEGINNER
3f234d12-32b6-467a-8ac3-6ee69b424398	Market Research Fundamentals	Test your knowledge of core Market Research concepts.	1107	BEGINNER
af335f65-11f6-4957-8170-8c5e86cec05b	Customer Service Fundamentals	Test your knowledge of core Customer Service concepts.	1108	BEGINNER
caf28a6d-32c2-4d40-9320-ed7639a59142	Data Entry Fundamentals	Test your knowledge of core Data Entry concepts.	1109	BEGINNER
8a7f10d9-9878-474e-a781-6b28521e4e98	Administrative Support Fundamentals	Test your knowledge of core Administrative Support concepts.	1110	BEGINNER
670881e3-49f3-4511-aa3c-6d0450996901	Legal Compliance Fundamentals	Test your knowledge of core Legal Compliance concepts.	1111	BEGINNER
f00e5807-2a27-4a64-b594-4c71e22afffb	Contract Negotiation Fundamentals	Test your knowledge of core Contract Negotiation concepts.	1112	BEGINNER
0c564205-a9a0-410a-9b7c-33dff38794f3	Leadership Fundamentals	Test your knowledge of core Leadership concepts.	1113	BEGINNER
f5ae82f5-efcd-4d88-be1a-364912adb10a	Team Management Fundamentals	Test your knowledge of core Team Management concepts.	1114	BEGINNER
4c16c377-a261-4eba-94a6-1eb33844742d	Public Speaking Fundamentals	Test your knowledge of core Public Speaking concepts.	1115	BEGINNER
5202b592-52dd-4dea-8301-3611f8b7347a	Problem Solving Fundamentals	Test your knowledge of core Problem Solving concepts.	1116	BEGINNER
204a52fd-4ecb-4c41-baa9-b6e32a6b9da9	Critical Thinking Fundamentals	Test your knowledge of core Critical Thinking concepts.	1117	BEGINNER
\.


--
-- Data for Name: Question; Type: TABLE DATA; Schema: public; Owner: -
--

COPY public."Question" (id, "quizId", text, options, "correctAnswer") FROM stdin;
2a231285-cdb6-460f-ac25-fab7b83d8e3e	dd2a3b59-c715-4e3c-b2a8-b69623b33492	What is the primary goal of the "Agile" methodology?	["Detailed upfront planning", "Strict adherence to the initial plan", "Iterative development and customer feedback", "Minimizing documentation"]	Iterative development and customer feedback
8467cb0e-02f7-496b-9ea6-ccaabb0be22d	dd2a3b59-c715-4e3c-b2a8-b69623b33492	What does the acronym "API" stand for?	["Application Programming Interface", "Automated Programming Instruction", "Application Process Integration", "Advanced Programming Interface"]	Application Programming Interface
649788db-efac-415e-9293-cbff4b9ab9d8	dd2a3b59-c715-4e3c-b2a8-b69623b33492	In version control, what is the purpose of a "branch"?	["To merge code into the main line", "To store a backup of the code", "To create an isolated environment for new development", "To deploy the code to production"]	To create an isolated environment for new development
cdeb1ad9-ec3a-4603-ab14-ed8300b6d161	dd2a3b59-c715-4e3c-b2a8-b69623b33492	What does "refactoring" mean in software development?	["Adding new features", "Fixing bugs", "Rewriting code from scratch", "Restructuring existing code without changing its external behavior"]	Restructuring existing code without changing its external behavior
45654e86-0e6c-423f-b684-80cd086f45b1	9856c8fd-8219-485f-93e4-a8ce67320c18	What are the three core technologies of the web?	["HTML, CSS, JavaScript", "React, Angular, Vue", "HTTP, FTP, SMTP", "JSON, XML, YAML"]	HTML, CSS, JavaScript
a3c32e45-1110-42f8-b211-23d3251f1e83	9856c8fd-8219-485f-93e4-a8ce67320c18	What is the purpose of a CSS "media query"?	["To play media files", "To query a database", "To apply styles based on device characteristics like screen size", "To animate elements"]	To apply styles based on device characteristics like screen size
710b3793-e877-4caa-ae10-e1c2280333ae	9856c8fd-8219-485f-93e4-a8ce67320c18	What is "state" in the context of a frontend framework like React?	["The visual appearance of a component", "Data that a component manages and can change over time", "A static set of properties", "A connection to the backend"]	Data that a component manages and can change over time
10c99eed-94c9-477b-834b-2abe9ed66145	9856c8fd-8219-485f-93e4-a8ce67320c18	What does "bundling" mean in frontend development?	["Combining multiple JavaScript/CSS files into a single file", "Compressing images", "Deploying the website", "Testing the code"]	Combining multiple JavaScript/CSS files into a single file
5ae13bc3-345e-4c16-8ecb-7256726f4870	e8a34ff5-d8c1-4f68-a9f3-d41249b59fef	Which of the following is a primary responsibility of a backend system?	["Rendering the user interface", "Managing the database and application logic", "Styling web pages", "Handling user clicks"]	Managing the database and application logic
91dbbd83-785b-4bfc-80bc-f55feedc7799	e8a34ff5-d8c1-4f68-a9f3-d41249b59fef	What is a "RESTful API"?	["An API that is very fast", "An API that uses a specific programming language", "An architectural style for designing networked applications", "An API for real-time communication"]	An architectural style for designing networked applications
92a234f6-dcdb-4bd2-aca4-4412d340dc76	e8a34ff5-d8c1-4f68-a9f3-d41249b59fef	In a database, what is a "primary key"?	["The first column in a table", "A unique identifier for each record in a table", "A key used for encryption", "A foreign user ID"]	A unique identifier for each record in a table
1cc2b505-9c7d-465f-9f79-0af92c558ea8	e8a34ff5-d8c1-4f68-a9f3-d41249b59fef	What is the purpose of "caching" in a backend system?	["To log errors", "To store temporary data for faster access", "To secure the database", "To validate user input"]	To store temporary data for faster access
0a7ccd1b-f7db-4536-974a-406253e13215	91012fac-a445-4bb2-a103-83e2bdbf4453	Which language is primarily used for native Android development?	["Swift", "JavaScript", "Kotlin", "C#"]	Kotlin
ddd0a95d-0fc0-4977-a88b-7b7506aca0ff	91012fac-a445-4bb2-a103-83e2bdbf4453	Which language is primarily used for native iOS development?	["Java", "Swift", "Python", "Go"]	Swift
7908f788-78d6-4197-ab91-9d36d91f54db	91012fac-a445-4bb2-a103-83e2bdbf4453	What is a popular cross-platform framework for mobile development?	["React Native", "Django", "Spring Boot", "Laravel"]	React Native
ecae629f-10ad-4f0e-bff4-e7fe1d204980	91012fac-a445-4bb2-a103-83e2bdbf4453	What is the purpose of an "SDK" in mobile development?	["A code editor", "A design tool", "A Software Development Kit with tools and libraries", "A testing framework"]	A Software Development Kit with tools and libraries
ed28a523-6a4a-4bc3-be0f-ed478b68ec06	576a15b4-5d6d-42b0-8a2a-0f36b65e88fb	Which keyword is used to declare a variable that cannot be reassigned?	["let", "var", "const", "static"]	const
44886d3a-a7da-4591-80f2-e9f9e26979dc	576a15b4-5d6d-42b0-8a2a-0f36b65e88fb	What does the "===" operator check for?	["Value equality only", "Reference equality", "Value and type equality", "Type equality only"]	Value and type equality
f2bd90ee-9930-4925-92ab-65c6208e3e82	576a15b4-5d6d-42b0-8a2a-0f36b65e88fb	Which built-in method adds one or more elements to the end of an array?	["shift()", "unshift()", "push()", "pop()"]	push()
94b49924-bb36-4d64-b28c-c87c578df1c4	576a15b4-5d6d-42b0-8a2a-0f36b65e88fb	What is a "Promise" in JavaScript?	["A guarantee of code execution", "An object representing the eventual completion or failure of an asynchronous operation", "A type of variable", "A syntax for loops"]	An object representing the eventual completion or failure of an asynchronous operation
228aa469-e4c2-46a0-bee0-3857ad2e6a0c	ef3d0e79-9f44-44db-90bb-4851e088342e	What is the main advantage of TypeScript over JavaScript?	["It runs faster", "It adds static typing to JavaScript", "It has more built-in functions", "It requires less code"]	It adds static typing to JavaScript
0d2545ba-d5d9-4a0b-adc6-4ea793deef12	ef3d0e79-9f44-44db-90bb-4851e088342e	How do you define an interface in TypeScript?	["class MyInterface {}", "type MyInterface = {};", "struct MyInterface {}", "interface MyInterface {}"]	interface MyInterface {}
9b7398ae-5a3e-4efa-bba9-0c62ad793f30	ef3d0e79-9f44-44db-90bb-4851e088342e	What file extension is commonly used for TypeScript files?	[".js", ".ts", ".tsx", ".tt"]	.ts
5e895cb5-e86d-489b-ae02-3f7bdc059663	ef3d0e79-9f44-44db-90bb-4851e088342e	What is the "any" type in TypeScript?	["A type for numbers only", "A type that can be any value, opting out of type checking", "A type for strings only", "An error type"]	A type that can be any value, opting out of type checking
8e7781e1-72ee-4e12-a0f7-704b5761204a	5a69991e-15a2-4483-93fe-e3c92c297752	In React, what is used to pass data to a component from outside?	["state", "props", "render", "setState"]	props
f93c9e97-ad3a-4669-a59a-c3488c688299	5a69991e-15a2-4483-93fe-e3c92c297752	Which hook should be used for performing side effects in a function component?	["useState", "useContext", "useEffect", "useReducer"]	useEffect
936e2121-a4fb-4281-afcf-8cfbaf07f5af	5a69991e-15a2-4483-93fe-e3c92c297752	What is the virtual DOM?	["A direct copy of the real DOM", "A representation of the DOM kept in memory for reconciliation", "A tool for debugging", "A browser feature"]	A representation of the DOM kept in memory for reconciliation
c1b76d3e-a6ef-4774-be7f-c185c9d8f3fc	5a69991e-15a2-4483-93fe-e3c92c297752	What must be unique among a list of sibling elements in React?	["The `id` prop", "The `className` prop", "The `key` prop", "The `name` prop"]	The `key` prop
ef3fb2cc-ff08-4f4a-b780-627606a289ad	a0200905-d1a9-4421-bb7c-1562d58fdac3	What is Node.js primarily used for?	["Client-side scripting", "Server-side scripting", "Mobile app development", "Styling web pages"]	Server-side scripting
7c235b7f-5cae-4d63-9fa9-333a68d36fea	a0200905-d1a9-4421-bb7c-1562d58fdac3	What is the name of the Node.js package manager?	["npx", "node", "npm", "yarn"]	npm
00aefd8c-2b4a-42db-8015-27034e6b6ae7	a0200905-d1a9-4421-bb7c-1562d58fdac3	Which core module is used to create a web server in Node.js?	["fs", "http", "url", "path"]	http
655d02c1-c397-45ba-ae41-e3692a79b1fd	a0200905-d1a9-4421-bb7c-1562d58fdac3	What is the "event loop" in Node.js?	["A type of `for` loop", "A mechanism that allows Node.js to perform non-blocking I/O operations", "A security feature", "A way to handle errors"]	A mechanism that allows Node.js to perform non-blocking I/O operations
4f89076d-2dc0-49b2-9613-527aa232ceb0	73724cff-1152-4106-8214-cd99ce7929ef	Which of the following data types is mutable in Python?	["int", "str", "tuple", "list"]	list
81859e78-00a9-4355-8e31-cf6c7f0b9c05	73724cff-1152-4106-8214-cd99ce7929ef	What keyword is used to define a function in Python?	["func", "def", "function", "define"]	def
78c2ea62-b126-4e78-b976-e14c92c5bb98	73724cff-1152-4106-8214-cd99ce7929ef	How do you create a single-line comment in Python?	["// comment", "/* comment */", "# comment", "<!-- comment -->"]	# comment
4f9e0c58-e593-4a33-9173-a6a8be721d54	73724cff-1152-4106-8214-cd99ce7929ef	What does the `len()` function do?	["Calculates the length of a file", "Returns the number of items in an object like a list or string", "Converts a variable to a number", "Finds the largest number in a list"]	Returns the number of items in an object like a list or string
e454b713-692d-4c82-ad75-812bd29cd74f	d71bf162-b8fe-4cc7-964e-dc67bbeab24a	What is Django?	["A JavaScript framework", "A Python web framework", "A database", "A templating language"]	A Python web framework
944b2816-99c4-4020-b8bd-13866f5e9c74	d71bf162-b8fe-4cc7-964e-dc67bbeab24a	What does "ORM" stand for in the context of Django?	["Object-Relational Mapping", "Object-Request Model", "Online-Resource Manager", "Object-Response Middleware"]	Object-Relational Mapping
68fff1fb-c869-466c-9b5e-e12acbcf72f4	d71bf162-b8fe-4cc7-964e-dc67bbeab24a	Which file in a Django app is used to define URL patterns?	["models.py", "views.py", "settings.py", "urls.py"]	urls.py
e02c537e-ddef-416a-ae4a-c490af2258fd	d71bf162-b8fe-4cc7-964e-dc67bbeab24a	What command is used to apply database migrations in Django?	["runserver", "startapp", "makemigrations", "migrate"]	migrate
172adbc3-d33e-409e-bb2e-ff7361e13915	867fb84d-52bd-4c81-842f-86d782e4c707	What is the main entry point for a Java application?	["The `start()` method", "The `main()` method", "The `run()` method", "The constructor"]	The `main()` method
0125a6c9-94f3-46c8-b33f-41f42970e520	867fb84d-52bd-4c81-842f-86d782e4c707	Which of these is NOT a primitive data type in Java?	["int", "float", "boolean", "String"]	String
cefe6958-d923-41fc-be9d-92565f654640	867fb84d-52bd-4c81-842f-86d782e4c707	What does "JVM" stand for?	["Java Virtual Machine", "Java Visual Machine", "Java Version Manager", "Java Verified Module"]	Java Virtual Machine
e0d2b602-2c8e-4b40-925b-82a387c033b3	867fb84d-52bd-4c81-842f-86d782e4c707	What keyword is used to create an object in Java?	["create", "new", "instance", "object"]	new
91a87e27-0af1-49c1-8fd0-0b760c959cdd	5b171f66-a32a-4f93-9fc5-c5a1530f033b	What is the primary goal of Spring Boot?	["To create mobile applications", "To simplify the development of production-ready Spring applications", "To manage databases", "To design user interfaces"]	To simplify the development of production-ready Spring applications
600df75d-2eaa-41ad-a114-cb15c6c6aed1	5b171f66-a32a-4f93-9fc5-c5a1530f033b	What is "dependency injection" in Spring?	["A way to manage database connections", "A design pattern where objects receive their dependencies from an external source", "A method for handling errors", "A security feature"]	A design pattern where objects receive their dependencies from an external source
f57d04e0-78a4-4da6-8f41-96740f51ec1f	5b171f66-a32a-4f93-9fc5-c5a1530f033b	Which annotation is used to mark a class as a REST controller?	["@Controller", "@Component", "@Service", "@RestController"]	@RestController
679404e9-50b4-4abf-b06a-3d793ab05740	5b171f66-a32a-4f93-9fc5-c5a1530f033b	What is the default embedded server in a Spring Boot web application?	["Jetty", "GlassFish", "Tomcat", "WildFly"]	Tomcat
42740fcc-d817-463c-8083-33f0739f2402	f367d5f5-6bac-4b93-a472-7e21df7325d8	What is a "wireframe" in UI/UX design?	["A high-fidelity visual design", "A low-fidelity, basic layout of a webpage", "The final version of the product", "A user testing script"]	A low-fidelity, basic layout of a webpage
df0b7f52-7ae4-4f29-a810-1161e1446550	f367d5f5-6bac-4b93-a472-7e21df7325d8	What is the primary goal of "user research"?	["To design the logo", "To understand user behaviors, needs, and motivations", "To write the code", "To market the product"]	To understand user behaviors, needs, and motivations
3bab9f3f-9716-4ae3-95ca-7b0ee8fe42e7	f367d5f5-6bac-4b93-a472-7e21df7325d8	What does "usability" refer to?	["How visually appealing a product is", "How easy a product is to use", "How fast the product loads", "How secure the product is"]	How easy a product is to use
6fc2efad-3019-4307-ae89-a3852ae09d86	f367d5f5-6bac-4b93-a472-7e21df7325d8	What is a "persona" in UX design?	["A real user", "A fictional character representing a target user group", "A type of wireframe", "A project stakeholder"]	A fictional character representing a target user group
c42b9f85-3440-4ded-97af-9908afd6c12f	61a0e03a-f5ae-433e-873d-49ef77ad4507	What is the "mean" of a dataset?	["The middle value", "The most frequent value", "The average of all values", "The range of values"]	The average of all values
7a6f6aed-24e6-4b38-91c7-6a1faf5b8292	61a0e03a-f5ae-433e-873d-49ef77ad4507	Which of these is a common tool for data visualization?	["Microsoft Word", "Tableau", "Adobe Photoshop", "Notepad"]	Tableau
736517b4-7b5b-4bf9-b185-51816767c15e	61a0e03a-f5ae-433e-873d-49ef77ad4507	What is "data cleaning"?	["Deleting old data", "Archiving data", "The process of detecting and correcting corrupt or inaccurate records", "Visualizing data"]	The process of detecting and correcting corrupt or inaccurate records
5ec7f389-e874-4e31-82aa-8c709bc14ffa	61a0e03a-f5ae-433e-873d-49ef77ad4507	What does SQL stand for?	["Structured Query Language", "Simple Query Logic", "Standard Question Language", "System Query Link"]	Structured Query Language
6c2250ee-6120-4fda-84e6-b35ec382655c	4d28d0fa-4250-4dd1-835c-ce9c6fdc22d9	What is the difference between supervised and unsupervised learning?	["Supervised uses labeled data, unsupervised uses unlabeled data", "Supervised is for classification, unsupervised is for regression", "Supervised is faster", "There is no difference"]	Supervised uses labeled data, unsupervised uses unlabeled data
725b5bac-3485-4c6d-8da1-1bac7174b450	4d28d0fa-4250-4dd1-835c-ce9c6fdc22d9	What is "overfitting" in machine learning?	["The model is too simple", "The model performs well on new, unseen data", "The model performs well on training data but poorly on new data", "The model fails to train"]	The model performs well on training data but poorly on new data
4b8e8561-0d7e-4687-b02e-016a17e990fb	4d28d0fa-4250-4dd1-835c-ce9c6fdc22d9	Which Python library is fundamental for scientific computing and arrays?	["Pandas", "Matplotlib", "Scikit-learn", "NumPy"]	NumPy
e792eee3-28a7-45c8-9eb5-1abb7d14fe5f	4d28d0fa-4250-4dd1-835c-ce9c6fdc22d9	What is "feature engineering"?	["Designing the UI for a model", "Using domain knowledge to create new input variables for a model", "Deploying a model to production", "Testing a model for accuracy"]	Using domain knowledge to create new input variables for a model
095c6608-5d9a-49da-80c3-a52bae006ea0	c75b1a1a-a341-4d9d-aae0-2d970e308b72	Which of these is a common classification algorithm?	["K-Means Clustering", "Linear Regression", "Support Vector Machine (SVM)", "Principal Component Analysis (PCA)"]	Support Vector Machine (SVM)
a551fac1-8ffa-4178-8c33-93eb669453f2	c75b1a1a-a341-4d9d-aae0-2d970e308b72	What is a "neural network"?	["A biological brain model", "A computer network topology", "A computing system inspired by the structure of the human brain", "A type of database"]	A computing system inspired by the structure of the human brain
99c5c905-29ba-4c00-ae9c-4e2d6d23a738	c75b1a1a-a341-4d9d-aae0-2d970e308b72	What is a "training set" used for?	["To evaluate the final model", "To fit the parameters of a model", "To validate the model during development", "To store the final model"]	To fit the parameters of a model
a3c73dee-e246-44a4-91e0-c9737f0c329e	c75b1a1a-a341-4d9d-aae0-2d970e308b72	What does "hyperparameter tuning" involve?	["Adjusting the weights of a neural network", "Cleaning the input data", "Finding the optimal configuration settings for a model", "Visualizing the model results"]	Finding the optimal configuration settings for a model
155c8229-a0a3-43ad-8941-0292abb886d3	cf319af5-051d-4dc6-83f7-73e5e544e83f	What is "phishing"?	["A type of firewall", "An attempt to steal sensitive information by disguising as a trustworthy entity", "A method of encrypting data", "A physical security measure"]	An attempt to steal sensitive information by disguising as a trustworthy entity
388947f5-0d02-45dd-9ec7-c6dc94c0e6ab	cf319af5-051d-4dc6-83f7-73e5e544e83f	What is the purpose of a "firewall"?	["To speed up the network", "To monitor and control incoming and outgoing network traffic", "To encrypt files", "To back up data"]	To monitor and control incoming and outgoing network traffic
909829e7-11e9-4ed9-bf29-3ef33a9cfb7b	cf319af5-051d-4dc6-83f7-73e5e544e83f	What does "MFA" stand for?	["Multi-Factor Authentication", "Multiple-Firewall Architecture", "Managed File Access", "Malware-Free Application"]	Multi-Factor Authentication
f6d28585-69f1-456f-9006-56d09fbcbc26	cf319af5-051d-4dc6-83f7-73e5e544e83f	What is "encryption"?	["Deleting data securely", "The process of converting information into a code to prevent unauthorized access", "Scanning for viruses", "Creating a backup"]	The process of converting information into a code to prevent unauthorized access
aec61de9-bca3-4e92-bdf8-9eccf8d6e58f	37d901ce-adce-4d5b-9c5c-1abe578f2255	What is an "IP address"?	["A physical hardware address", "A numerical label assigned to each device connected to a computer network", "A type of network cable", "A brand of router"]	A numerical label assigned to each device connected to a computer network
fcabcee4-ca13-4004-853b-4afbaef3d449	37d901ce-adce-4d5b-9c5c-1abe578f2255	What does "LAN" stand for?	["Large Area Network", "Logical Area Network", "Local Area Network", "Long Area Network"]	Local Area Network
452e47c5-14a8-43a3-a7d3-c5682c6a0aee	37d901ce-adce-4d5b-9c5c-1abe578f2255	What is the function of a "router"?	["To connect devices within the same LAN", "To forward data packets between different computer networks", "To provide power to network devices", "To block viruses"]	To forward data packets between different computer networks
531409fa-8d6a-44d8-9ac1-110ae0b6985d	37d901ce-adce-4d5b-9c5c-1abe578f2255	What does "DNS" stand for?	["Domain Name System", "Dynamic Network Service", "Data Naming Standard", "Digital Network Security"]	Domain Name System
96df53ee-04b2-4615-b94e-42d84d174760	3f40c1aa-f2f5-4cac-bae0-4448f8207eac	What is the primary benefit of cloud computing?	["It is always cheaper", "It provides on-demand access to computing resources over the internet", "It is more secure than on-premise servers", "It requires no technical knowledge"]	It provides on-demand access to computing resources over the internet
d437ce7f-fa02-46fb-b1ca-3f51479e5602	3f40c1aa-f2f5-4cac-bae0-4448f8207eac	Which AWS service is used for scalable object storage?	["EC2", "RDS", "S3", "Lambda"]	S3
aeafd739-8207-4c35-9b89-00b8e4094a84	3f40c1aa-f2f5-4cac-bae0-4448f8207eac	Which Azure service is equivalent to AWS EC2 for virtual machines?	["Azure Functions", "Azure SQL Database", "Azure Blob Storage", "Azure Virtual Machines"]	Azure Virtual Machines
90062d10-988f-40ec-ac49-374e4685b6c4	3f40c1aa-f2f5-4cac-bae0-4448f8207eac	What does "IaaS" stand for?	["Internet as a Service", "Infrastructure as a Service", "Integration as a Service", "Information as a Service"]	Infrastructure as a Service
f7b6e3df-23f6-4aa5-8c56-3678c17a92b4	f7b0a842-0144-4355-8c25-26baf3b5d541	Which AWS service provides resizable compute capacity in the cloud (virtual servers)?	["S3", "EC2", "RDS", "DynamoDB"]	EC2
36a018d2-9d8c-4010-ad3d-6f1c564fb827	f7b0a842-0144-4355-8c25-26baf3b5d541	What is AWS Lambda?	["A virtual machine service", "A serverless compute service that runs your code in response to events", "A database service", "A storage service"]	A serverless compute service that runs your code in response to events
4bc3f848-5746-45fc-a720-39cef25633b4	f7b0a842-0144-4355-8c25-26baf3b5d541	Which AWS service is a managed relational database service?	["S3", "DynamoDB", "EC2", "RDS"]	RDS
a6fa1168-556a-4f81-8acf-1f1f3bddf467	f7b0a842-0144-4355-8c25-26baf3b5d541	What is an "IAM" user in AWS?	["A customer of your application", "An Identity and Access Management entity with specific permissions", "A type of EC2 instance", "A billing contact"]	An Identity and Access Management entity with specific permissions
52f134bd-2d04-4a7e-9cba-618ad6d8f196	7b91d290-6293-4363-bee3-8a038ae0f26c	What is the Google Cloud equivalent of AWS EC2?	["Cloud Storage", "Cloud Functions", "Compute Engine", "BigQuery"]	Compute Engine
00695c81-9f5c-4c9b-8ac4-d447d79b1d28	7b91d290-6293-4363-bee3-8a038ae0f26c	Which Google Cloud service is a serverless, scalable data warehouse?	["Cloud SQL", "Cloud Spanner", "Bigtable", "BigQuery"]	BigQuery
5626000c-e9c6-45dd-ae1c-6f0f2815a350	7b91d290-6293-4363-bee3-8a038ae0f26c	What is Google Kubernetes Engine (GKE)?	["A virtual machine service", "A managed environment for deploying containerized applications", "A storage service", "A machine learning platform"]	A managed environment for deploying containerized applications
226460f3-11da-4b4c-8c38-0ae66e8fd1db	7b91d290-6293-4363-bee3-8a038ae0f26c	Which service is used for object storage in Google Cloud?	["Cloud Storage", "Persistent Disk", "Cloud SQL", "Filestore"]	Cloud Storage
73016895-802c-4ba6-8501-60d841e88dc0	2dbef30e-9c4c-47cc-9bad-f16be2e15d87	What is the Azure equivalent of AWS S3?	["Azure Virtual Machines", "Azure SQL Database", "Azure Blob Storage", "Azure Functions"]	Azure Blob Storage
4808f0a7-2b23-4f27-850f-947f8d8c1ebc	2dbef30e-9c4c-47cc-9bad-f16be2e15d87	Which Azure service is a serverless compute service?	["Azure App Service", "Azure Kubernetes Service (AKS)", "Azure Functions", "Azure Virtual Machines"]	Azure Functions
10aca9b7-8b5f-4ebd-a346-d302077885a9	2dbef30e-9c4c-47cc-9bad-f16be2e15d87	What is Azure Active Directory (AAD)?	["A virtual network service", "A content delivery network", "A cloud-based identity and access management service", "A database service"]	A cloud-based identity and access management service
2bbb73a5-d641-49cb-b4d5-2fa485382293	2dbef30e-9c4c-47cc-9bad-f16be2e15d87	Which Azure service is a managed relational database service?	["Cosmos DB", "Azure SQL Database", "Blob Storage", "Table Storage"]	Azure SQL Database
09e8cbe0-aee0-4972-bada-971265e2b02c	e45823ea-cac3-4c26-b524-d92a47bc9263	What is the core philosophy of DevOps?	["To separate development and operations teams", "To automate everything", "To improve collaboration between development and operations teams", "To write code faster"]	To improve collaboration between development and operations teams
5d0b8c42-0b69-426f-a75f-0e8ce025b66b	e45823ea-cac3-4c26-b524-d92a47bc9263	What does "CI/CD" stand for?	["Continuous Integration / Continuous Delivery", "Code Integration / Code Deployment", "Continuous Implementation / Continuous Development", "Code Implementation / Code Delivery"]	Continuous Integration / Continuous Delivery
3ea837ac-ff55-4969-b6b5-0dcfcb6cdef0	e45823ea-cac3-4c26-b524-d92a47bc9263	What is "Infrastructure as Code" (IaC)?	["Writing code for infrastructure hardware", "Managing and provisioning infrastructure through code and automation", "A type of network diagram", "A physical server"]	Managing and provisioning infrastructure through code and automation
cd2ee79b-8cfc-4ecc-ab47-b1ed47568df9	e45823ea-cac3-4c26-b524-d92a47bc9263	Which of the following is a popular CI/CD tool?	["Jenkins", "Photoshop", "Microsoft Word", "Figma"]	Jenkins
a633e100-06e7-4616-9cbd-d22c814fafce	556a95f2-bdac-4c9e-8109-c367d800deba	What is a "Docker container"?	["A virtual machine", "A lightweight, standalone, executable package that includes everything needed to run a piece of software", "A type of server", "A code repository"]	A lightweight, standalone,executable package that includes everything needed to run a piece of software
f94e7755-014d-4f48-8229-a53828530832	556a95f2-bdac-4c9e-8109-c367d800deba	What is a "Docker image"?	["A running instance of a container", "A template for creating a Docker container", "A backup of a container", "A network for containers"]	A template for creating a Docker container
d43f6698-6c44-4a0a-93a6-7234abd2d886	556a95f2-bdac-4c9e-8109-c367d800deba	What is the name of the file used to build a Docker image?	["build.sh", "docker.yml", "Dockerfile", "run.py"]	Dockerfile
fee32a1d-1f47-47dc-adf3-95e43758ee1e	556a95f2-bdac-4c9e-8109-c367d800deba	What is the purpose of Docker Hub?	["To run containers", "A registry for storing and sharing Docker images", "A tool for monitoring containers", "A code editor"]	A registry for storing and sharing Docker images
fc8d3612-f71b-4011-9f87-7ee42c5a3bbd	ea13e529-78f4-4ff1-b56e-e072de6d7b8f	What is the primary function of Kubernetes?	["To build container images", "To run a single container", "To automate the deployment, scaling, and management of containerized applications", "To write application code"]	To automate the deployment, scaling, and management of containerized applications
22797b6c-0743-48b3-a6e4-e97778938a37	ea13e529-78f4-4ff1-b56e-e072de6d7b8f	What is a "Pod" in Kubernetes?	["The smallest deployable unit, representing a single instance of a running process", "A group of servers", "A network policy", "A storage volume"]	The smallest deployable unit, representing a single instance of a running process
91447034-6bf0-4b92-aeb7-20b225456481	ea13e529-78f4-4ff1-b56e-e072de6d7b8f	What is a "Service" in Kubernetes?	["A worker node", "The master node", "An abstract way to expose an application running on a set of Pods as a network service", "A configuration file"]	An abstract way to expose an application running on a set of Pods as a network service
737930ae-4efc-40ec-bc03-a08d8c4a8895	ea13e529-78f4-4ff1-b56e-e072de6d7b8f	What is `kubectl`?	["The Kubernetes master process", "A container runtime", "The command-line tool for interacting with a Kubernetes cluster", "A monitoring dashboard"]	The command-line tool for interacting with a Kubernetes cluster
b082a30e-a30c-489d-9f41-96e21bbe7a9c	35645220-42b4-4cc2-9a17-ab1b593d36cf	What is Terraform used for?	["Writing application logic", "Building container images", "Provisioning and managing infrastructure as code", "Running tests"]	Provisioning and managing infrastructure as code
da8e8ce1-a97b-4cec-9885-fda17605e5a7	35645220-42b4-4cc2-9a17-ab1b593d36cf	What language are Terraform configurations written in?	["YAML", "JSON", "HashiCorp Configuration Language (HCL)", "Python"]	HashiCorp Configuration Language (HCL)
3eaffd98-1cbd-44c9-b7e7-69c598ff9689	35645220-42b4-4cc2-9a17-ab1b593d36cf	What does the `terraform apply` command do?	["Shows what changes will be made", "Initializes the backend", "Creates or updates infrastructure according to the configuration files", "Destroys the infrastructure"]	Creates or updates infrastructure according to the configuration files
52f5b888-f75f-4485-becd-113f1533abdd	35645220-42b4-4cc2-9a17-ab1b593d36cf	What is the "state file" in Terraform?	["A log file", "A record of the infrastructure that Terraform manages", "A variable definition file", "A provider plugin"]	A record of the infrastructure that Terraform manages
9cc02440-f991-4fab-9787-b0b512b2ea69	ea727a03-13b1-48c2-91d0-d15db5bb567b	What is the primary goal of Continuous Integration (CI)?	["To deploy to production automatically", "To frequently merge code changes into a central repository and run automated builds and tests", "To manually test the code", "To write documentation"]	To frequently merge code changes into a central repository and run automated builds and tests
955ee68d-c564-46a7-82e7-296f6f923095	ea727a03-13b1-48c2-91d0-d15db5bb567b	What is Continuous Delivery (CD)?	["The same as Continuous Integration", "The practice of automatically deploying code changes to a production-like environment after the build stage", "Manually deploying code", "Running only unit tests"]	The practice of automatically deploying code changes to a production-like environment after the build stage
c5220aa5-dbc7-485b-9be9-6476686671df	ea727a03-13b1-48c2-91d0-d15db5bb567b	What is a "build artifact"?	["A bug found in the code", "The compiled and packaged code ready for deployment", "A test script", "A server configuration file"]	The compiled and packaged code ready for deployment
24362fb0-a2cd-40bf-abc1-7d979fe53d10	ea727a03-13b1-48c2-91d0-d15db5bb567b	Which of these is a key benefit of CI/CD?	["Fewer deployments", "Larger code changes per release", "Faster and more reliable release cycles", "Longer testing phases"]	Faster and more reliable release cycles
69c0d567-8be0-4395-aaba-c6ec729a0c62	3ac49c2c-b861-4c6b-9503-69757615df2d	What is `git commit` used for?	["To upload changes to a remote repository", "To record changes to the local repository", "To discard changes", "To create a new branch"]	To record changes to the local repository
beca8df6-55bb-4789-a553-4578c7b64463	3ac49c2c-b861-4c6b-9503-69757615df2d	What does `git pull` do?	["Uploads your local changes", "Fetches changes from a remote repository and merges them into the current branch", "Shows the status of your working directory", "Switches to a different branch"]	Fetches changes from a remote repository and merges them into the current branch
26d060f7-93fa-4cd9-9abd-647c2a09d3fd	3ac49c2c-b861-4c6b-9503-69757615df2d	What is a "merge conflict"?	["A type of bug", "When Git cannot automatically resolve differences in code between two commits", "A security vulnerability", "An error in the remote repository"]	When Git cannot automatically resolve differences in code between two commits
65b4a257-fa20-4418-9e02-c34c5f4428f5	3ac49c2c-b861-4c6b-9503-69757615df2d	What is the purpose of a `.gitignore` file?	["To store your Git credentials", "To specify intentionally untracked files that Git should ignore", "To list all files in the repository", "To define the project version"]	To specify intentionally untracked files that Git should ignore
eb79c594-db90-40db-bf36-02bad85faf6e	3207d1b7-afd8-4579-bb7f-690e07e90e10	What is a key difference between SQL and NoSQL databases?	["SQL is for web, NoSQL is for mobile", "SQL databases are typically relational, while NoSQL databases are non-relational", "SQL is older and no longer used", "SQL is less secure than NoSQL"]	SQL databases are typically relational, while NoSQL databases are non-relational
ffdbd726-9a1b-4b12-9c00-9fbe1dcc3db7	3207d1b7-afd8-4579-bb7f-690e07e90e10	Which of the following is a popular NoSQL database?	["PostgreSQL", "MySQL", "MongoDB", "SQL Server"]	MongoDB
3d5fb885-3f47-4a4d-bfdd-95fb5005bf41	3207d1b7-afd8-4579-bb7f-690e07e90e10	What does "ACID" stand for in the context of database transactions?	["Atomicity, Consistency, Isolation, Durability", "Association, Connection, Integrity, Data", "Action, Commit, Isolation, Durability", "Atomicity, Concurrency, Integrity, Data"]	Atomicity, Consistency, Isolation, Durability
31b82145-1b0f-44c5-9b1a-5d391203d4a8	3207d1b7-afd8-4579-bb7f-690e07e90e10	What is a database "index"?	["The first record in a table", "A data structure that improves the speed of data retrieval operations", "A backup of the database", "A security policy"]	A data structure that improves the speed of data retrieval operations
01fc8aed-d754-47df-a2da-00a2788b4577	e7c67257-2198-42da-afc0-7dc3ab9f51c3	What is the primary goal of Quality Assurance (QA)?	["To write all the code", "To prevent defects and ensure the quality of the final product", "To design the user interface", "To deploy the application"]	To prevent defects and ensure the quality of the final product
a04be736-aaa7-455f-9340-3c38e0c514c7	e7c67257-2198-42da-afc0-7dc3ab9f51c3	What is "regression testing"?	["Testing new features", "Re-running functional and non-functional tests to ensure that previously developed software still performs after a change", "Testing the performance of an application", "Testing by the end-users"]	Re-running functional and non-functional tests to ensure that previously developed software still performs after a change
e4863485-db1d-4f93-af84-821bddc9ebed	e7c67257-2198-42da-afc0-7dc3ab9f51c3	What is a "bug report"?	["A summary of the project", "A document outlining the features to be built", "A detailed report of a defect found in the software", "A performance metric"]	A detailed report of a defect found in the software
488590c9-0310-4cbb-97ee-e027acf6bcc3	e7c67257-2198-42da-afc0-7dc3ab9f51c3	What is the difference between black-box and white-box testing?	["Black-box tests internal structure, white-box tests functionality", "Black-box tests functionality without looking at the internal code, white-box tests the internal structures", "They are the same", "Black-box is automated, white-box is manual"]	Black-box tests functionality without looking at the internal code, white-box tests the internal structures
5883919a-a827-4bc7-8451-7aa6b716d991	3eda303c-12ef-488c-bb58-6171aaa91684	What is the primary audience for technical documentation?	["Marketing team", "End-users, developers, or administrators who need to understand how to use a product", "The CEO", "Investors"]	End-users, developers, or administrators who need to understand how to use a product
ebd79b7f-8f42-4fb9-b913-a9ed09983b09	3eda303c-12ef-488c-bb58-6171aaa91684	What is a "style guide" in technical writing?	["A list of features", "A set of standards for the writing and design of documents", "A marketing plan", "A project timeline"]	A set of standards for the writing and design of documents
35c81297-8466-48df-9efb-9ac95cc08ab5	3eda303c-12ef-488c-bb58-6171aaa91684	What is "single-sourcing" in documentation?	["Using only one author", "Writing content once and reusing it in multiple formats or documents", "Writing for only one audience", "Using only one font"]	Writing content once and reusing it in multiple formats or documents
4cb7138b-f5a4-4712-bc9a-0ae5b2fcb7b3	3eda303c-12ef-488c-bb58-6171aaa91684	Which of these is a key principle of good technical writing?	["Using complex jargon", "Clarity and conciseness", "Writing long, detailed paragraphs", "Focusing on the author's perspective"]	Clarity and conciseness
26ce4f34-6688-4f7b-90de-06b1fe321a6d	d3f31707-1f57-4b8c-9b55-291d760b35dc	What is a "PCB" in hardware engineering?	["Personal Computer Board", "Printed Circuit Board", "Power Control Block", "Processor Communication Bus"]	Printed Circuit Board
ed53900b-4a02-40d1-bd3c-f77d5084f2b4	d3f31707-1f57-4b8c-9b55-291d760b35dc	What is "CAD" software used for in hardware design?	["Writing code", "Computer-Aided Design for creating 2D and 3D models", "Testing software", "Managing project timelines"]	Computer-Aided Design for creating 2D and 3D models
80c00170-38f0-4829-8109-d7e59f0d8cba	d3f31707-1f57-4b8c-9b55-291d760b35dc	What does a "microcontroller" typically include?	["Only a CPU", "A CPU, memory, and programmable input/output peripherals on a single chip", "A power supply", "A display screen"]	A CPU, memory, and programmable input/output peripherals on a single chip
5af97022-bb5e-4530-938d-776fd17eb88b	d3f31707-1f57-4b8c-9b55-291d760b35dc	What is "soldering"?	["A process of joining electrical components using a filler metal", "A type of computer chip", "A software debugging technique", "A way to cool down components"]	A process of joining electrical components using a filler metal
7ef8dc10-ef7b-48c9-8c91-c15066c0d774	edeac801-b9ab-4c3d-b707-9975e10ec766	Which financial statement summarizes revenues and expenses over a period?	["Balance Sheet", "Income Statement", "Cash Flow Statement", "Statement of Equity"]	Income Statement
4f4a16fd-c482-47e7-a23b-e0481cb15e58	edeac801-b9ab-4c3d-b707-9975e10ec766	What does "EBITDA" stand for?	["Earnings Before Interest, Taxes, Depreciation, and Amortization", "Earnings Before Income, Taxes, and Debt Adjustments", "Estimated Business Income, Tax, and Depreciation", "Equity Before Interest, Taxes, and Debt"]	Earnings Before Interest, Taxes, Depreciation, and Amortization
13804a70-e8cc-4d78-b9b2-5962571fc52b	edeac801-b9ab-4c3d-b707-9975e10ec766	What is a "Discounted Cash Flow" (DCF) analysis used for?	["To calculate a company's current profit", "To estimate the value of an investment based on its expected future cash flows", "To determine a company's debt level", "To analyze a company's stock price history"]	To estimate the value of an investment based on its expected future cash flows
2292e897-4c74-47fb-b04a-7ef7d3d76d99	edeac801-b9ab-4c3d-b707-9975e10ec766	What does the "P/E ratio" measure?	["A company's profitability", "A company's debt", "A company's stock price relative to its per-share earnings", "A company's asset value"]	A company's stock price relative to its per-share earnings
488708e2-328a-43c8-bd19-5ecb0c89fe57	21a98446-9e6e-408e-a44c-11e287cc9067	What is the primary role of an external auditor?	["To manage the company's finances", "To provide an independent opinion on the fairness of a company's financial statements", "To prepare the company's tax returns", "To set the company's budget"]	To provide an independent opinion on the fairness of a company's financial statements
74bb784b-2a43-4025-a732-c0cdd2fdc6bd	21a98446-9e6e-408e-a44c-11e287cc9067	What is "materiality" in auditing?	["The quality of the audit evidence", "The importance or significance of an amount, transaction, or discrepancy", "The auditor's level of experience", "The fee paid for the audit"]	The importance or significance of an amount, transaction, or discrepancy
e2ecf7ff-418b-441f-9817-f331e654263a	21a98446-9e6e-408e-a44c-11e287cc9067	What are "internal controls"?	["Security guards at the company office", "Processes and procedures implemented to ensure the integrity of financial and accounting information", "The company's marketing strategy", "The IT department's hardware"]	Processes and procedures implemented to ensure the integrity of financial and accounting information
5be81c92-d4d6-4f02-8b42-e59ba52e34ef	21a98446-9e6e-408e-a44c-11e287cc9067	What is an "unqualified opinion" in an audit report?	["A negative report", "A report indicating the auditor has reservations", "A clean report indicating the financial statements are presented fairly", "A report where the auditor could not gather enough evidence"]	A clean report indicating the financial statements are presented fairly
95edb021-e794-4fc7-aa09-4064945837bf	96776421-4c10-4507-9973-8656fb9ae722	What is "asset allocation"?	["Choosing a single stock to invest in", "The strategy of dividing an investment portfolio among different asset categories", "Selling all investments", "A type of mutual fund"]	The strategy of dividing an investment portfolio among different asset categories
a2f2ea6c-cb94-42c7-afe0-176eae5efbd9	96776421-4c10-4507-9973-8656fb9ae722	What is a "mutual fund"?	["A fund that invests in only one company", "A professionally managed investment fund that pools money from many investors to purchase securities", "A government bond", "A type of bank account"]	A professionally managed investment fund that pools money from many investors to purchase securities
9f614ccd-2df3-4853-9dcb-e2a2ca7129ec	96776421-4c10-4507-9973-8656fb9ae722	What is "diversification"?	["Investing in only one industry", "A risk management strategy of mixing a wide variety of investments within a portfolio", "Focusing on high-risk stocks", "Investing in a single currency"]	A risk management strategy of mixing a wide variety of investments within a portfolio
1aff8091-22d8-4da8-a9e2-cb4a0a1dca74	96776421-4c10-4507-9973-8656fb9ae722	What is a "bull market"?	["A market where prices are falling", "A market where prices are expected to rise", "A market with low trading volume", "A highly regulated market"]	A market where prices are expected to rise
0f0ac3b9-5d0c-4cde-a1a1-fc99b98cf598	ba0c213d-e638-498b-88ab-bb22d72915dc	What is the first step in the risk management process?	["Treating the risk", "Monitoring the risk", "Identifying the risk", "Evaluating the risk"]	Identifying the risk
777c3546-991b-44a7-81ca-4e0f25f04f50	ba0c213d-e638-498b-88ab-bb22d72915dc	What is "risk appetite"?	["The amount of risk a company has taken", "The level of risk an organization is prepared to accept", "A specific risk event", "A risk mitigation plan"]	The level of risk an organization is prepared to accept
44ffe425-2aa5-4b01-b787-4f719568fba6	ba0c213d-e638-498b-88ab-bb22d72915dc	What is "risk mitigation"?	["Accepting a risk", "The process of reducing the impact or likelihood of a risk", "Ignoring a risk", "Transferring a risk to another party"]	The process of reducing the impact or likelihood of a risk
d3b8a062-ee24-49ce-9cb1-a36504c0bd9c	ba0c213d-e638-498b-88ab-bb22d72915dc	What is a "heat map" used for in risk management?	["To track temperature changes", "A graphical representation of risk data where values are depicted by color", "A financial statement", "A project timeline"]	A graphical representation of risk data where values are depicted by color
e20e30d3-76b1-4162-a2fc-f96a7d75e60c	9446d95b-e9b0-4fa4-82c2-5d377821388a	What is a primary role of a Business Analyst?	["To write the code", "To act as a bridge between business stakeholders and the technical team", "To manage the project budget", "To design the company logo"]	To act as a bridge between business stakeholders and the technical team
78fcf220-6483-47c1-a341-dd3e10fb5fa3	9446d95b-e9b0-4fa4-82c2-5d377821388a	What does "SWOT" analysis stand for?	["Strategy, Weaknesses, Opportunities, Threats", "Strengths, Weaknesses, Opportunities, Threats", "Software, Web, Operations, Technology", "Sales, Work, Operations, Team"]	Strengths, Weaknesses, Opportunities, Threats
9969387b-0b19-4d61-8a67-7d7f1d1c02bf	9446d95b-e9b0-4fa4-82c2-5d377821388a	What is a "user story" in Agile development?	["A detailed technical specification", "A high-level, informal description of a software feature from an end-user perspective", "A bug report", "A project plan"]	A high-level, informal description of a software feature from an end-user perspective
c932ebbf-36da-41b1-8418-be12594f012f	9446d95b-e9b0-4fa4-82c2-5d377821388a	What is the purpose of "requirements elicitation"?	["To test the software", "To deploy the software", "The practice of collecting requirements from stakeholders", "To design the database"]	The practice of collecting requirements from stakeholders
8d23dee3-dd18-4b1f-ae5b-7bae9bcbf09e	fab85c6d-5489-4586-b996-4994e92fd15c	What is "onboarding" in HR?	["The process of hiring a new employee", "The process of integrating a new employee into an organization", "Conducting a job interview", "Advertising a job opening"]	The process of integrating a new employee into an organization
55cd8df5-68d3-41d7-9d3d-c8d7a4828771	fab85c6d-5489-4586-b996-4994e92fd15c	Which of the following is a key function of an HR department?	["Product marketing", "Recruitment and staffing", "Managing the company's finances", "Developing software"]	Recruitment and staffing
23e92a5f-2b14-47c4-b3d7-3c049be03ddc	fab85c6d-5489-4586-b996-4994e92fd15c	What is "performance management"?	["A disciplinary process", "An ongoing process of communication between a supervisor and an employee", "The annual company party", "The payroll system"]	An ongoing process of communication between a supervisor and an employee
639245d6-315b-43de-8a55-f3c2c3e3c85e	fab85c6d-5489-4586-b996-4994e92fd15c	What is an "Employee Value Proposition" (EVP)?	["An employee's salary", "The set of benefits an employer offers to employees in return for their skills and experience", "The company's stock price", "A legal contract"]	The set of benefits an employer offers to employees in return for their skills and experience
69ac3a49-a89c-405a-8405-e7cd2ef1781a	d2711de1-58a9-40ad-bac6-0e6800971af9	What is "sourcing" in recruitment?	["Conducting the final interview", "The proactive search for qualified candidates for current or future open roles", "Making a job offer", "Onboarding a new hire"]	The proactive search for qualified candidates for current or future open roles
5ccd8c75-01cc-4ac2-9ed1-7fc32b7aeed6	d2711de1-58a9-40ad-bac6-0e6800971af9	What is an "Applicant Tracking System" (ATS)?	["A payroll system", "A software application that enables the electronic handling of recruitment needs", "A performance review tool", "A social media platform"]	A software application that enables the electronic handling of recruitment needs
24d46511-e07c-46bb-a872-cf124072e60f	d2711de1-58a9-40ad-bac6-0e6800971af9	What is a "behavioral interview" question?	["A question about technical skills", "A question that asks a candidate to describe past behavior to predict future performance", "A brain-teaser question", "A question about the candidate's hobbies"]	A question that asks a candidate to describe past behavior to predict future performance
5f5f5af0-d311-426d-ba9f-83d5cf746dbf	d2711de1-58a9-40ad-bac6-0e6800971af9	What does "time-to-hire" measure?	["The length of the interview", "The time it takes to onboard a new employee", "The number of days between a job opening being posted and a candidate accepting an offer", "The notice period of a candidate"]	The number of days between a job opening being posted and a candidate accepting an offer
2c4e1c2f-f470-4aa1-819d-c1e9f57a188e	0063e5c1-b8af-4c7d-b9c8-9c8d757c3003	What is the primary goal of business development?	["Managing existing customer accounts", "Creating long-term value for an organization from customers, markets, and relationships", "Developing the company's website", "Internal team training"]	Creating long-term value for an organization from customers, markets, and relationships
1831155c-a789-4a3d-9b33-8246a2dd77bb	0063e5c1-b8af-4c7d-b9c8-9c8d757c3003	What is a "lead" in a business development context?	["A current customer", "A potential customer or sales prospect", "A competitor", "A project manager"]	A potential customer or sales prospect
9600312b-19c3-4cc0-b081-d6d84b0632bf	0063e5c1-b8af-4c7d-b9c8-9c8d757c3003	What is a "strategic partnership"?	["A relationship between two companies to achieve a common goal", "A merger between two companies", "A customer-supplier relationship", "Hiring a new employee"]	A relationship between two companies to achieve a common goal
4b6bdfe7-b624-45a2-8e76-9f7f7ea12084	0063e5c1-b8af-4c7d-b9c8-9c8d757c3003	What does "market penetration" mean?	["Entering a new geographic market", "A strategy to increase the market share of an existing product", "Developing a new product", "Acquiring another company"]	A strategy to increase the market share of an existing product
bd39e2f1-5495-4086-ba4e-e17adce3b07b	4b483ca2-9328-42e8-9fd7-d5e8e0976383	What are the core components of supply chain management?	["Marketing, Sales, and HR", "Planning, Sourcing, Manufacturing, Delivery, and Returns", "Finance, Accounting, and Auditing", "Software Development and IT Support"]	Planning, Sourcing, Manufacturing, Delivery, and Returns
391f54a5-6dcf-42e0-b80c-1e9e5367c77a	4b483ca2-9328-42e8-9fd7-d5e8e0976383	What does "inventory" refer to?	["The company's buildings", "The raw materials, work-in-process goods, and completely finished goods that are considered to be the portion of a business's assets", "The company's employees", "The company's financial capital"]	The raw materials, work-in-process goods, and completely finished goods that are considered to be the portion of a business's assets
280c4395-a98d-4498-9fff-4cd6ebdf11b8	4b483ca2-9328-42e8-9fd7-d5e8e0976383	What is "logistics"?	["The process of creating a product", "The detailed coordination of a complex operation involving many people, facilities, or supplies", "The marketing of a product", "The financial planning for a product"]	The detailed coordination of a complex operation involving many people, facilities, or supplies
cc354d58-4c07-4fac-96bb-d93c31d06454	4b483ca2-9328-42e8-9fd7-d5e8e0976383	What does "Just-In-Time" (JIT) inventory system aim to do?	["Keep large stockpiles of inventory", "Reduce inventory levels and associated costs by receiving goods only as they are needed in the production process", "Order inventory once a year", "Use multiple suppliers for every component"]	Reduce inventory levels and associated costs by receiving goods only as they are needed in the production process
d5908bc1-22aa-4240-b0af-18d310030668	aced4abb-a3e3-49ec-bc1a-4e9be193f0b6	What is the primary focus of operations management?	["Marketing and sales strategies", "Managing the process of creating goods and services", "Hiring and training employees", "Financial reporting"]	Managing the process of creating goods and services
3c76d736-2edb-47a0-9d83-d94749eb51a1	aced4abb-a3e3-49ec-bc1a-4e9be193f0b6	What is "Lean Manufacturing"?	["A production method aimed at reducing waste and maximizing productivity", "A method for building large, complex products", "A marketing technique", "A financial accounting standard"]	A production method aimed at reducing waste and maximizing productivity
1e1e56bc-56f9-4a95-83ee-9117bf161b85	aced4abb-a3e3-49ec-bc1a-4e9be193f0b6	What is "quality control"?	["A process of ensuring products or services meet a certain standard of quality", "The marketing of a product", "The pricing of a product", "The a process of ensuring products or services meet a certain standard of quality"]	A process of ensuring products or services meet a certain standard of quality
82922670-7181-4136-b958-c47912b939e7	aced4abb-a3e3-49ec-bc1a-4e9be193f0b6	What does "bottleneck" mean in operations?	["A stage in a process that causes the entire process to slow down or stop", "The final stage of production", "A high-performing part of the process", "A safety procedure"]	A stage in a process that causes the entire process to slow down or stop
6f5909c2-df40-447b-8e35-5ca9635366bb	1c301f2c-0531-481e-a86d-5eb0533536ef	What is the primary goal of content marketing?	["To directly sell a product", "To attract and retain a clearly defined audience by creating and distributing valuable, relevant content", "To design the company website", "To manage social media accounts"]	To attract and retain a clearly defined audience by creating and distributing valuable, relevant content
f85b0034-e636-4cfd-a8f4-2712b7b31ef8	1c301f2c-0531-481e-a86d-5eb0533536ef	What is an "editorial calendar"?	["A list of company holidays", "A schedule used by publishers and marketers to control the publication of content across different media", "A budget for marketing", "A list of employees"]	A schedule used by publishers and marketers to control the publication of content across different media
bdec0adb-5ae4-4f49-991b-60e1d5773397	1c301f2c-0531-481e-a86d-5eb0533536ef	What is a "call-to-action" (CTA)?	["A phone number", "An instruction to the audience to provoke an immediate response, such as \\"call now\\" or \\"find out more\\"", "A headline", "A blog post comment"]	An instruction to the audience to provoke an immediate response, such as "call now" or "find out more"
e2bf1e70-e758-4c9d-b4c2-913232e15a67	1c301f2c-0531-481e-a86d-5eb0533536ef	What is "evergreen content"?	["Content about environmental topics", "Content that is only relevant for a short time", "Content that remains relevant and valuable for a long period of time", "Content that is updated daily"]	Content that remains relevant and valuable for a long period of time
64564228-f672-4c79-a61e-d8cd0abacf10	038df1bb-9551-4108-ad88-26a3a9c635c4	Which of the following is a key metric for social media engagement?	["Number of followers", "Likes, comments, and shares", "Website clicks", "Ad spend"]	Likes, comments, and shares
84ca5c66-df34-46bf-984d-917019dedd94	038df1bb-9551-4108-ad88-26a3a9c635c4	What is a "content calendar" for social media?	["A list of followers", "A schedule of when and what content will be posted on social media platforms", "A budget for social media ads", "A report of past performance"]	A schedule of when and what content will be posted on social media platforms
b1fba947-394d-4b0f-a169-8814f0b84982	038df1bb-9551-4108-ad88-26a3a9c635c4	What is the purpose of using hashtags?	["To hide a post", "To make content discoverable to users interested in a specific topic", "To tag a person", "To format text"]	To make content discoverable to users interested in a specific topic
0f4fa7b2-30aa-43a8-8677-67b67d9dca06	038df1bb-9551-4108-ad88-26a3a9c635c4	What is "A/B testing" in social media?	["Testing two different social media platforms", "Comparing two versions of a post or ad to see which performs better", "Analyzing a competitor's account", "Scheduling posts for different times"]	Comparing two versions of a post or ad to see which performs better
edb5bd60-b6b6-4b1f-943a-af3e224ced4d	f446a1d1-1c0a-423a-a959-49b17feaf077	What is the "open rate" in email marketing?	["The percentage of emails that were delivered", "The percentage of recipients who opened the email", "The percentage of people who clicked a link", "The percentage of people who unsubscribed"]	The percentage of recipients who opened the email
a6a792aa-a259-4a8d-a334-ff59d0b7a824	f446a1d1-1c0a-423a-a959-49b17feaf077	What is a "drip campaign"?	["A single email sent to all subscribers", "A set of automated emails sent out on a schedule", "An email that contains a video", "A marketing email sent by mistake"]	A set of automated emails sent out on a schedule
9ad2ca70-066a-4205-b332-c0b37bb5508f	f446a1d1-1c0a-423a-a959-49b17feaf077	What is the purpose of a "call-to-action" (CTA) button in an email?	["To unsubscribe", "To encourage the reader to take a specific action, like visiting a website", "To display an image", "To mark the email as spam"]	To encourage the reader to take a specific action, like visiting a website
309bbe20-0328-47d9-a3da-e7bef2459119	f446a1d1-1c0a-423a-a959-49b17feaf077	What does "segmentation" mean in email marketing?	["Sending the same email to everyone", "Dividing your email list into smaller groups based on specific criteria", "Deleting inactive subscribers", "Designing the email template"]	Dividing your email list into smaller groups based on specific criteria
89f17f63-58eb-49c1-8eac-9d581f3ddedf	999ac5fe-6602-4d2e-8f2f-03a6796d0818	What is "brand identity"?	["The company's logo", "The collection of all elements that a company creates to portray the right image to its consumer", "The company's mission statement", "A product's price"]	The collection of all elements that a company creates to portray the right image to its consumer
cf38aba6-5c9a-4953-bb76-bb5cc1cf78d0	999ac5fe-6602-4d2e-8f2f-03a6796d0818	What is "brand equity"?	["The financial value of a brand", "The number of products a brand sells", "A brand's logo", "The commercial value that derives from consumer perception of the brand name of a particular product or service"]	The commercial value that derives from consumer perception of the brand name of a particular product or service
3600373f-0e00-4e1e-841b-6e9b294a6d8e	999ac5fe-6602-4d2e-8f2f-03a6796d0818	What is a "brand guideline"?	["A marketing budget", "A document that specifies how a brand should be represented to the public", "A list of competitors", "A sales script"]	A document that specifies how a brand should be represented to the public
3a43c6fe-4902-41d1-b91b-4e29d33945af	999ac5fe-6602-4d2e-8f2f-03a6796d0818	What is "rebranding"?	["Creating a new product", "Changing a company's corporate image", "Running a new ad campaign", "Hiring a new CEO"]	Changing a company's corporate image
aa8ad282-8617-42a0-9d70-f148de026233	078b1f1c-4474-44c4-8292-81a43fe6eafb	What is the primary goal of public relations (PR)?	["To directly sell products", "To manage the spread of information between an individual or an organization and the public", "To create advertisements", "To manage social media accounts"]	To manage the spread of information between an individual or an organization and the public
fc93aa81-37f2-46e4-ab7b-d858e3286369	078b1f1c-4474-44c4-8292-81a43fe6eafb	What is a "press release"?	["An internal company memo", "An official statement delivered to members of the news media", "A social media post", "A customer review"]	An official statement delivered to members of the news media
0ed3f849-df27-46f8-bf30-712e9c84f56c	078b1f1c-4474-44c4-8292-81a43fe6eafb	What is "crisis management" in PR?	["The process of planning a company event", "The process by which an organization deals with a disruptive and unexpected event that threatens to harm the organization or its stakeholders", "Daily social media posting", "Creating a new logo"]	The process by which an organization deals with a disruptive and unexpected event that threatens to harm the organization or its stakeholders
26d0ed64-42ff-469c-93b1-e84e3550b412	078b1f1c-4474-44c4-8292-81a43fe6eafb	What is a "media kit"?	["A package of information for journalists and media outlets", "A set of TV commercials", "A list of company employees", "A financial report"]	A package of information for journalists and media outlets
b6bd047a-eaf0-44f8-b3c4-6d20e6f52846	0898623d-248a-4472-92e0-3dbbe78e7896	Who is the primary audience for "internal communications"?	["Customers", "Investors", "The general public", "Employees"]	Employees
c0c38a59-0900-4f9c-9a3f-cb07d699adf1	0898623d-248a-4472-92e0-3dbbe78e7896	What is a key objective of corporate communications?	["To increase sales directly", "To build and maintain a company's reputation and brand", "To manage the IT department", "To develop new products"]	To build and maintain a company's reputation and brand
42fd5a34-8956-4a18-878d-9625b955df44	0898623d-248a-4472-92e0-3dbbe78e7896	What does "stakeholder engagement" involve?	["Only communicating with shareholders", "Communicating and interacting with all groups that have an interest in the organization", "Running ad campaigns", "Designing a website"]	Communicating and interacting with all groups that have an interest in the organization
be858e6c-4a46-4e3f-b06f-759f780bb2fd	0898623d-248a-4472-92e0-3dbbe78e7896	What is a "corporate social responsibility" (CSR) report?	["A financial statement", "A document that communicates a company's CSR activities and impact", "A marketing brochure", "An employee handbook"]	A document that communicates a company's CSR activities and impact
26482b35-6a54-4231-a420-413a666109d5	a2a207c1-4303-4ef0-bf8c-4e4eed495ebd	What are the three main stages of video production?	["Writing, Directing, Acting", "Pre-production, Production, and Post-production", "Shooting, Editing, and Uploading", "Concept, Budgeting, and Marketing"]	Pre-production, Production, and Post-production
092bb701-91d3-4dac-9575-d50ed110eab0	a2a207c1-4303-4ef0-bf8c-4e4eed495ebd	What is a "storyboard"?	["The final video script", "A graphic organizer in the form of illustrations or images displayed in sequence", "The camera used for shooting", "The editing software"]	A graphic organizer in the form of illustrations or images displayed in sequence
1a44208a-7f60-42fa-94fb-c4d06c406021	a2a207c1-4303-4ef0-bf8c-4e4eed495ebd	What does "B-roll" refer to?	["The main footage of the primary subject", "Supplemental or alternative footage intercut with the main shot", "Blooper or outtake footage", "The audio track"]	Supplemental or alternative footage intercut with the main shot
0297c078-8c17-4656-8c75-42647b13de6d	a2a207c1-4303-4ef0-bf8c-4e4eed495ebd	What is "color grading"?	["Adjusting the volume of the audio", "The process of altering and enhancing the color of a motion picture, video image, or still image", "Adding special effects", "Writing the script"]	The process of altering and enhancing the color of a motion picture, video image, or still image
b2036c0f-e758-4421-8b44-a8e50c6876da	04e0d81e-937a-46e2-85b5-cb243a5aa635	What is "show, don't tell"?	["A rule about using only dialogue", "A writing technique that allows the reader to experience the story through actions, words, and feelings, rather than through summarization", "A grammar rule", "A way to format a script"]	A writing technique that allows the reader to experience the story through actions, words, and feelings, rather than through summarization
9f213484-13bb-49bc-b06a-81bf422c51eb	04e0d81e-937a-46e2-85b5-cb243a5aa635	What is a "plot twist"?	["The beginning of a story", "A radical change in the expected direction or outcome of the plot", "The main character", "The setting of the story"]	A radical change in the expected direction or outcome of the plot
a1379359-3a42-4e5d-999e-4083e7694ea4	04e0d81e-937a-46e2-85b5-cb243a5aa635	What is "foreshadowing"?	["A literary device in which a writer gives an advance hint of what is to come later in the story", "Describing the weather", "Developing a character's backstory", "The ending of the story"]	A literary device in which a writer gives an advance hint of what is to come later in the story
6036c0a0-416f-4769-9290-2dfdabca3f16	04e0d81e-937a-46e2-85b5-cb243a5aa635	What is a "protagonist"?	["The main villain", "The main character of a story", "A minor character", "The narrator"]	The main character of a story
45c50c18-4f6b-464e-935a-f3ca2db9ba9c	3f234d12-32b6-467a-8ac3-6ee69b424398	What is the difference between primary and secondary research?	["Primary is new research you conduct yourself, secondary is existing data", "Primary is qualitative, secondary is quantitative", "Primary is expensive, secondary is free", "Primary is online, secondary is offline"]	Primary is new research you conduct yourself, secondary is existing data
d252088b-095f-49a8-b827-90a3ea0fa3b9	3f234d12-32b6-467a-8ac3-6ee69b424398	What is a "focus group"?	["A survey sent to a large number of people", "A form of qualitative research in which a group of people are asked about their perceptions and opinions", "A one-on-one interview", "An analysis of sales data"]	A form of qualitative research in which a group of people are asked about their perceptions and opinions
4f8f703d-920c-46f2-804e-6af62881b5d5	3f234d12-32b6-467a-8ac3-6ee69b424398	What is "quantitative research"?	["Research that deals with non-numerical data", "Research that deals with numbers and statistics", "Research based on observation", "Research conducted on the internet"]	Research that deals with numbers and statistics
72c880ed-d54d-4563-9df7-c39913f199d5	3f234d12-32b6-467a-8ac3-6ee69b424398	What is a "target audience"?	["All potential customers", "A specific group of consumers most likely to be interested in your product or service", "Your company's employees", "Your competitors' customers"]	A specific group of consumers most likely to be interested in your product or service
91589b8f-d03f-44f4-b326-d0d9ef7c0a4b	af335f65-11f6-4957-8170-8c5e86cec05b	What is a key trait of a good customer service representative?	["Speaking quickly", "Empathy and patience", "Ignoring complaints", "Upselling at all costs"]	Empathy and patience
ed8dbab3-9cd4-4c67-882e-dedde3205abe	af335f65-11f6-4957-8170-8c5e86cec05b	What does "CRM" stand for in customer service?	["Customer Complaint Resolution", "Customer Relationship Management", "Client Response Management", "Company Rules Manual"]	Customer Relationship Management
df133370-1b2c-4916-b78e-ce32b188f3fe	af335f65-11f6-4957-8170-8c5e86cec05b	What is "First Contact Resolution" (FCR)?	["Responding to a customer within 24 hours", "Resolving a customer's issue during the first interaction", "The first step in handling a complaint", "A follow-up email"]	Resolving a customer's issue during the first interaction
11699945-3cb9-4998-b69c-1e0a99a3b050	af335f65-11f6-4957-8170-8c5e86cec05b	What is a good way to handle an angry customer?	["Argue with them", "Hang up", "Listen actively, empathize, and offer a solution", "Transfer them to another department immediately"]	Listen actively, empathize, and offer a solution
db1625a1-9a98-48a9-b763-ed324041cb8b	caf28a6d-32c2-4d40-9320-ed7639a59142	What is a key skill for accurate data entry?	["Fast typing speed", "Attention to detail", "Ability to multitask", "Strong negotiation skills"]	Attention to detail
7b119c56-f6b5-4277-8225-a910a20d9811	caf28a6d-32c2-4d40-9320-ed7639a59142	What is "data validation"?	["The process of ensuring that data is clean, correct, and useful", "Deleting old data", "Entering data quickly", "Creating a backup of the data"]	The process of ensuring that data is clean, correct, and useful
b09d0932-6669-48b0-b78d-a522e9b1d2fc	caf28a6d-32c2-4d40-9320-ed7639a59142	What does "WPM" stand for in the context of typing?	["Words Per Minute", "Work Performance Metric", "Web Page Management", "Written Paragraphs Monthly"]	Words Per Minute
c444675b-fe11-4649-9364-f6a8885a2c49	caf28a6d-32c2-4d40-9320-ed7639a59142	What is a "spreadsheet"?	["A word processing document", "A computer application for organization, analysis, and storage of data in tabular form", "A database", "An email client"]	A computer application for organization, analysis, and storage of data in tabular form
3ceada0e-9edf-4af2-81e6-432d061c32b4	8a7f10d9-9878-474e-a781-6b28521e4e98	Which of the following is a common task for an administrative assistant?	["Developing software", "Scheduling appointments and managing calendars", "Designing marketing campaigns", "Conducting financial audits"]	Scheduling appointments and managing calendars
d3e1c80f-a143-4f2f-98a6-b571eb47796b	8a7f10d9-9878-474e-a781-6b28521e4e98	What is "minute taking" in a meeting?	["Timing the meeting", "The process of recording the key discussions and decisions made during a meeting", "Presenting a topic", "Setting the meeting agenda"]	The process of recording the key discussions and decisions made during a meeting
06519f41-9dfe-43ad-8b42-7cfedff157ed	8a7f10d9-9878-474e-a781-6b28521e4e98	Which software is commonly used for creating presentations?	["Microsoft Excel", "Microsoft PowerPoint", "Adobe Photoshop", "Microsoft Word"]	Microsoft PowerPoint
3fddf430-ab7a-46d1-9849-3bf20dfe05a0	8a7f10d9-9878-474e-a781-6b28521e4e98	What is a key quality of a good administrative professional?	["Creativity", "Strong organizational skills", "Physical strength", "Public speaking ability"]	Strong organizational skills
13bd4235-888b-4982-b94b-f85e5124023f	670881e3-49f3-4511-aa3c-6d0450996901	What is the primary role of a compliance officer?	["To market the company", "To ensure that an organization is complying with its outside regulatory and legal requirements, as well as internal policies", "To manage the company's finances", "To develop new products"]	To ensure that an organization is complying with its outside regulatory and legal requirements, as well as internal policies
5a0ddd35-96fd-4bdc-ae3b-9d6f150082ce	670881e3-49f3-4511-aa3c-6d0450996901	What does "AML" stand for in finance?	["Anti-Money Laundering", "Asset Management Logic", "Annual Market Loan", "Automated Machine Learning"]	Anti-Money Laundering
c006287f-5443-4648-b797-886ef1b5c289	670881e3-49f3-4511-aa3c-6d0450996901	What is a "whistleblower" policy?	["A policy about company parties", "A policy that protects employees who report misconduct or illegal activities within an organization", "A social media policy", "A dress code policy"]	A policy that protects employees who report misconduct or illegal activities within an organization
943c7cf7-7e2a-4119-ad83-3f6fae5dda01	670881e3-49f3-4511-aa3c-6d0450996901	What is "due diligence" in a business context?	["The process of investigating a business or person prior to signing a contract", "A marketing campaign", "A financial audit", "A product launch"]	The process of investigating a business or person prior to signing a contract
3eb7c192-bb70-46f2-8157-0604765badf5	f00e5807-2a27-4a64-b594-4c71e22afffb	What is a "BATNA" in negotiation?	["Best Alternative To a Negotiated Agreement", "Basic Agreement Terms and Nuances", "Bargaining and Tactical Negotiation Approach", "Buyer's Alternative to the Agreement"]	Best Alternative To a Negotiated Agreement
29e9e610-920e-466f-9c4d-9556c7d901ad	f00e5807-2a27-4a64-b594-4c71e22afffb	What is a "win-win" negotiation outcome?	["One party wins, the other loses", "Both parties lose", "An outcome where both parties feel they have gained and the agreement is mutually beneficial", "The negotiation ends in a stalemate"]	An outcome where both parties feel they have gained and the agreement is mutually beneficial
4c59f8d2-986b-48cf-bb51-20c6c81c7755	f00e5807-2a27-4a64-b594-4c71e22afffb	What is an "indemnity" clause in a contract?	["A clause that sets the payment terms", "A clause that transfers risk from one party to another, making one party responsible for losses", "A clause that defines the contract duration", "A confidentiality clause"]	A clause that transfers risk from one party to another, making one party responsible for losses
3dee765a-ab91-48ff-90db-22eafbffc856	f00e5807-2a27-4a64-b594-4c71e22afffb	What is "arbitration" in contract disputes?	["Going to court", "A form of alternative dispute resolution where a neutral third party makes a binding decision", "Ignoring the dispute", "Renegotiating the contract"]	A form of alternative dispute resolution where a neutral third party makes a binding decision
7a7fd079-aa7d-40ce-b859-ffaa41bc8df7	0c564205-a9a0-410a-9b7c-33dff38794f3	What is a key difference between leadership and management?	["They are the same", "Leadership is about inspiring and motivating, while management is about planning and organizing", "Leadership is only for senior executives", "Management does not involve people"]	Leadership is about inspiring and motivating, while management is about planning and organizing
ce39ec2f-53de-4e85-a39c-83c2e04bd2a3	0c564205-a9a0-410a-9b7c-33dff38794f3	What is "transformational leadership"?	["A style where leaders focus on transactions and rewards", "A style where leaders inspire and motivate followers to achieve extraordinary outcomes", "A hands-off leadership style", "An authoritarian leadership style"]	A style where leaders inspire and motivate followers to achieve extraordinary outcomes
c0c56ad7-32bc-4438-ac25-94b74ea74e2d	0c564205-a9a0-410a-9b7c-33dff38794f3	What is "emotional intelligence" (EQ)?	["A person's IQ", "The ability to understand, use, and manage your own emotions in positive ways", "A measure of academic knowledge", "A type of personality test"]	The ability to understand, use, and manage your own emotions in positive ways
a4055d6b-9ece-4125-8535-82c24c710370	0c564205-a9a0-410a-9b7c-33dff38794f3	What is a common characteristic of an effective leader?	["Micromanaging the team", "Strong communication skills", "Avoiding difficult decisions", "Taking all the credit"]	Strong communication skills
b0aa34b8-926b-4d6d-9665-7700411607de	f5ae82f5-efcd-4d88-be1a-364912adb10a	What is "delegation" in team management?	["Doing all the work yourself", "The assignment of responsibility for tasks to another person", "Monitoring team performance", "Setting team goals"]	The assignment of responsibility for tasks to another person
a94be5d5-bc7c-4dcd-9810-e85d8672cea0	f5ae82f5-efcd-4d88-be1a-364912adb10a	What is a "SMART" goal?	["Simple, Measurable, Achievable, Relevant, Time-bound", "Specific, Measurable, Achievable, Relevant, Time-bound", "Strategic, Meaningful, Actionable, Realistic, Timely", "Specific, Motivating, Ambitious, Realistic, Trackable"]	Specific, Measurable, Achievable, Relevant, Time-bound
ba57bfe3-455e-4a90-b754-2a76e96bd462	f5ae82f5-efcd-4d88-be1a-364912adb10a	What is "constructive feedback"?	["Criticizing an employee in front of others", "Feedback that is specific, actionable, and intended to help the employee improve", "Ignoring poor performance", "Praising an employee for everything"]	Feedback that is specific, actionable, and intended to help the employee improve
20a336c7-6951-4b5f-8754-616fb2ac2cac	f5ae82f5-efcd-4d88-be1a-364912adb10a	What is a key aspect of building a successful team?	["Hiring people who all think the same way", "Fostering a culture of trust and open communication", "Avoiding team meetings", "Setting unclear goals"]	Fostering a culture of trust and open communication
6d12fcc6-f01b-407f-a8b3-e823017691d7	4c16c377-a261-4eba-94a6-1eb33844742d	What is a common tip for overcoming public speaking anxiety?	["Avoid eye contact", "Speak as quickly as possible", "Practice your presentation multiple times", "Memorize every single word"]	Practice your presentation multiple times
39c2bb3d-c34d-4ef5-a06a-15e8f4e770aa	4c16c377-a261-4eba-94a6-1eb33844742d	What is the "power pose" in the context of public speaking?	["A way to end a speech", "Standing in a posture of confidence to feel more confident", "A type of microphone stand", "A slide design"]	Standing in a posture of confidence to feel more confident
15b7a1f5-4045-49ca-8a02-4a11d7db6990	4c16c377-a261-4eba-94a6-1eb33844742d	What is a good way to engage the audience during a presentation?	["Read directly from your slides", "Ask rhetorical questions and tell relevant stories", "Avoid using any visuals", "Speak in a monotone voice"]	Ask rhetorical questions and tell relevant stories
695f7096-ed2d-4b0f-ba71-22a87ef4d4c2	4c16c377-a261-4eba-94a6-1eb33844742d	What is the "10-20-30 Rule" for presentations (popularized by Guy Kawasaki)?	["10 slides, 20 minutes, 30-point font", "10 minutes, 20 slides, 30 words per slide", "10 topics, 20 images, 30 minutes", "10 questions, 20 answers, 30 minutes"]	10 slides, 20 minutes, 30-point font
117f32fd-13ef-43c7-a24e-2a186a4f3951	5202b592-52dd-4dea-8301-3611f8b7347a	What is the first step in a structured problem-solving process?	["Brainstorming solutions", "Implementing a solution", "Defining the problem", "Evaluating the results"]	Defining the problem
0a749691-32b8-4183-b34e-793a751f5512	5202b592-52dd-4dea-8301-3611f8b7347a	What is "root cause analysis"?	["A method of problem solving used for identifying the root causes of faults or problems", "Blaming an individual for a problem", "A quick fix for a problem", "Ignoring the problem"]	A method of problem solving used for identifying the root causes of faults or problems
87ae9805-2d06-4d86-988b-dc93ebe654a0	5202b592-52dd-4dea-8301-3611f8b7347a	What is the "5 Whys" technique?	["A technique to brainstorm five solutions", "An interrogative technique used to explore the cause-and-effect relationships underlying a particular problem", "A way to prioritize problems", "A project management framework"]	An interrogative technique used to explore the cause-and-effect relationships underlying a particular problem
e180a2cc-4206-4ae8-b8d2-e0d70ce84ae4	5202b592-52dd-4dea-8301-3611f8b7347a	What is "brainstorming"?	["A method for generating ideas to solve a problem", "A way to criticize ideas", "A formal decision-making process", "A way to assign tasks"]	A method for generating ideas to solve a problem
bedb37c3-d77c-41c0-82a7-5815075eee06	204a52fd-4ecb-4c41-baa9-b6e32a6b9da9	What is a key aspect of critical thinking?	["Accepting information at face value", "The objective analysis and evaluation of an issue in order to form a judgment", "Following your intuition", "Agreeing with the majority"]	The objective analysis and evaluation of an issue in order to form a judgment
59bd1851-ff45-4d38-99eb-be01a36f45d1	204a52fd-4ecb-4c41-baa9-b6e32a6b9da9	What is "confirmation bias"?	["The tendency to seek out information that confirms one's existing beliefs", "The ability to think logically", "A method of solving problems", "A type of logical fallacy"]	The tendency to seek out information that confirms one's existing beliefs
5470d143-15cc-4cd6-89cd-8eec13cc4c46	204a52fd-4ecb-4c41-baa9-b6e32a6b9da9	What is a "logical fallacy"?	["A correct and valid argument", "A flaw in reasoning that renders an argument invalid", "A type of evidence", "A scientific theory"]	A flaw in reasoning that renders an argument invalid
08a6bda8-6015-4334-9324-e99fcac6eb36	204a52fd-4ecb-4c41-baa9-b6e32a6b9da9	What does it mean to "play devil's advocate"?	["To be disruptive in a discussion", "To argue against a position for the sake of exploring its weaknesses", "To end a debate", "To agree with everyone"]	To argue against a position for the sake of exploring its weaknesses
\.


--
-- Data for Name: QuizAttempt; Type: TABLE DATA; Schema: public; Owner: -
--

COPY public."QuizAttempt" (id, "candidateId", "quizId", score, passed, "startedAt", "completedAt", "nextRetryAvailableAt", "skillId", level) FROM stdin;
e6948599-bf6a-4fe8-96c9-6d2ac7035bab	243d4130-0256-4a3e-89f5-c99888237c0f	f367d5f5-6bac-4b93-a472-7e21df7325d8	75	t	2025-10-07 20:42:23.399	2025-10-07 20:42:23.395	\N	1055	BEGINNER
9fe9fdd7-69e4-406e-a353-0414067e6744	243d4130-0256-4a3e-89f5-c99888237c0f	e8a34ff5-d8c1-4f68-a9f3-d41249b59fef	75	t	2025-10-07 20:43:01.269	2025-10-07 20:43:01.259	\N	1045	BEGINNER
0bc21477-bf1a-483b-bb2e-e9aacc2362bf	243d4130-0256-4a3e-89f5-c99888237c0f	f7b0a842-0144-4355-8c25-26baf3b5d541	75	t	2025-10-07 20:43:41.595	2025-10-07 20:43:41.585	\N	1062	BEGINNER
7f05c3b6-c62c-4c0c-9dab-110ad83a16a4	243d4130-0256-4a3e-89f5-c99888237c0f	9856c8fd-8219-485f-93e4-a8ce67320c18	75	t	2025-10-07 21:39:05.02	2025-10-07 21:39:05.008	\N	1044	BEGINNER
69446ff8-4d42-492e-bde7-9f9bbcc58b05	243d4130-0256-4a3e-89f5-c99888237c0f	dd2a3b59-c715-4e3c-b2a8-b69623b33492	100	t	2025-10-07 21:39:46.218	2025-10-07 21:39:46.206	\N	1043	BEGINNER
\.


--
-- Data for Name: Setting; Type: TABLE DATA; Schema: public; Owner: -
--

COPY public."Setting" (key, value, description, "updatedAt") FROM stdin;
maintenanceMode	false	If true, the entire public-facing site will be disabled.	2025-09-24 12:32:25.624
freeJobPostLimit	2	The number of open jobs an agency on the 'Free' plan can have.	2025-09-24 12:32:25.624
freeMemberLimit	1	The number of team members an agency on the 'Free' plan can have.	2025-09-24 12:32:25.624
\.


--
-- Data for Name: Shortlist; Type: TABLE DATA; Schema: public; Owner: -
--

COPY public."Shortlist" (id, "agencyId", "candidateId", source, "createdAt") FROM stdin;
e4160f75-f436-438c-8475-3eadf37d0a73	f7472be1-137d-42c4-b74a-9217988bd932	49318ac1-ce7e-435b-ac88-06a97a69641e	SEARCH	2025-09-28 10:19:00.706
\.


--
-- Data for Name: Verification; Type: TABLE DATA; Schema: public; Owner: -
--

COPY public."Verification" (id, "userId", type, status, evidence, "reviewedBy", "createdAt") FROM stdin;
1	5900ca1a-625c-4a14-8331-ee286900ad73	NYSC	APPROVED	{"fileKey": "users/your-user-id/nysc_document/some-uuid.pdf", "fileName": "nysc_letter.pdf"}	fcd910ed-f411-4524-bdb1-23de83a9e4d1	2025-09-08 00:38:03.711
3921e9dd-2ff7-47fc-8972-c4ea9b346c5b	5900ca1a-625c-4a14-8331-ee286900ad73	NYSC	APPROVED	{"fileKey": "users/5900ca1a-625c-4a14-8331-ee286900ad73/nysc_document/20a32e77-e540-48dd-a25a-9b93bd4c1c65.pdf", "fileName": "callup_Letter.pdf"}	fcd910ed-f411-4524-bdb1-23de83a9e4d1	2025-09-08 10:35:12.54
86e8467e-1390-45bc-8108-ee3e52ea33c8	5900ca1a-625c-4a14-8331-ee286900ad73	NYSC	APPROVED	{"fileKey": "users/5900ca1a-625c-4a14-8331-ee286900ad73/nysc_document/42ac05c0-1804-4c90-b935-eed1c1d46715.pdf", "fileName": "._NECO RESULT_..pdf"}	fcd910ed-f411-4524-bdb1-23de83a9e4d1	2025-09-14 23:19:00.723
ec572c2f-0068-4e96-9fee-38a053b439ea	c1cfe44e-a176-474b-bf35-48398dca09c9	CAC	APPROVED	{"fileKey": "users/c1cfe44e-a176-474b-bf35-48398dca09c9/nysc_document/defccb12-76ff-41ca-a82e-c01d80656b88.pdf", "fileName": "Akinbo_Talking_Drum_Tone_2019.pdf"}	fcd910ed-f411-4524-bdb1-23de83a9e4d1	2025-09-19 15:05:12.961
8451b215-d6f6-4a72-b128-6a1fb98c13fc	5900ca1a-625c-4a14-8331-ee286900ad73	NYSC	APPROVED	{"fileKey": "users/5900ca1a-625c-4a14-8331-ee286900ad73/nysc_document/e643da35-89d4-467d-9dd8-06e9da640f5a.pdf", "fileName": "472_Bio 101.pdf"}	fcd910ed-f411-4524-bdb1-23de83a9e4d1	2025-09-20 11:17:43.163
ddab4c76-595b-4b5f-a2a5-9f9da12ad723	097944c2-3582-4220-ade4-4a93ab404375	CAC	APPROVED	{"fileKey": "users/097944c2-3582-4220-ade4-4a93ab404375/nysc_document/7a20a9e5-02ed-40ad-8e42-b4aa4209cbeb.pdf", "fileName": "._NECO RESULT_..pdf"}	24561236-b941-4ff8-ad41-b9b71adcafdd	2025-09-21 10:27:27.113
\.


--
-- Data for Name: WorkExperience; Type: TABLE DATA; Schema: public; Owner: -
--

COPY public."WorkExperience" (id, "candidateId", company, title, description, "startDate", "endDate", "isCurrent", "createdAt", "updatedAt") FROM stdin;
47ca3267-b39c-4b7d-b8c1-24fa3db1cb86	5e5c0ce5-b78b-4872-be2d-447f4423643b	Jast - Rowe	Project Manager	Complectus vita comptus tui tandem. Amicitia asper eligendi volo aliqua.	2025-08-27 10:53:03.868	\N	t	2025-10-07 11:54:23.689	2025-10-07 11:54:23.689
a97a60bb-8fa0-4a84-af68-897f861660f4	5e5c0ce5-b78b-4872-be2d-447f4423643b	Lakin - Medhurst	Scrum Master	Celebrer appello strues vere vinitor arbitro. Volutabrum vita anser tabgo baiulus vicissitudo.	2024-10-06 11:11:39.855	2025-03-28 13:37:11.68	f	2025-10-07 11:54:23.692	2025-10-07 11:54:23.692
c5f49da6-8b14-4350-9e7c-35acc340f86b	0ef66d72-7ffb-40a4-83b9-cc80256bdb2e	Ebert - Ruecker	SEO Analyst	Comminor deleo deporto tenuis summopere nulla coepi iusto. Vestigium thalassinus cattus unde alias harum.	2023-11-25 21:17:48.728	2024-09-26 02:04:26.854	f	2025-10-07 11:54:23.715	2025-10-07 11:54:23.715
ecb8bc8d-bed9-4073-9565-81733f19d6a2	0ef66d72-7ffb-40a4-83b9-cc80256bdb2e	Will, Hudson and Gulgowski	Digital Marketing Specialist	Eveniet decipio accommodo accusantium quo atrocitas inventore supellex. Modi ara voluptates.	2024-12-30 02:20:25.072	2025-06-22 22:37:44.978	f	2025-10-07 11:54:23.717	2025-10-07 11:54:23.717
90943aab-72f1-43c0-a443-770d9905c94d	53adc178-1033-4234-aa9d-b12b4762c958	Mills - Cremin	Accountant	Adinventitias truculenter caute adsum tego cervus sordeo antepono. Basium vulnus veritas vulgaris appositus.	2025-05-19 22:18:50.142	2025-09-02 23:06:13.339	f	2025-10-07 11:54:23.735	2025-10-07 11:54:23.735
f44b90c9-aebc-498f-98c5-1ffde2b14a14	255d8dea-e991-4b8e-8270-95a40c17c893	Stanton, Satterfield and Witting	Project Manager	Iure thorax deserunt advenio defaeco addo demens tergiversatio caveo. Decor vaco thema despecto vallum.	2025-01-05 14:43:00.161	2025-03-03 15:36:02.628	f	2025-10-07 11:54:23.755	2025-10-07 11:54:23.755
0503f604-6f1a-43c2-8491-d385f7904887	d3fd8091-dbc4-47d5-a270-83acf51cc97a	Pfeffer - Lueilwitz	UI Engineer	Copiose ago attonbitus acceptus volup. Curriculum vesco deleo occaecati cervus canis.	2025-02-20 06:34:04.851	2025-05-04 10:12:17.374	f	2025-10-07 11:54:23.773	2025-10-07 11:54:23.773
fd5276c9-b5a1-4ec8-a45b-8be218059975	d947c918-9dfe-48b3-bebd-88085a6a4999	Hahn, Champlin and Botsford	IT Project Coordinator	In adamo conforto pel. Conduco cursim capillus utroque desolo voluptate volaticus solium.	2024-11-04 15:44:42.317	2025-03-06 15:53:08.461	f	2025-10-07 11:54:23.795	2025-10-07 11:54:23.795
8f552547-f9b9-4e01-99fd-1a1dd66a21d9	a6b66cdc-6f3c-4f46-91ae-cf1c437af827	Marks, Lebsack and Davis	UI Engineer	Cui eaque voluptate voluptate reiciendis autem curatio ventosus deduco confido. Accusator casso considero artificiose venustas.	2025-07-06 11:27:57.362	2025-07-07 23:05:19.255	f	2025-10-07 11:54:23.811	2025-10-07 11:54:23.811
1aa7f42a-fe8d-4c2e-a6d8-ac4bd3350bdf	a6b66cdc-6f3c-4f46-91ae-cf1c437af827	McLaughlin Group	Frontend Developer	Claro vestigium talis damnatio derelinquo tollo canto angulus tergiversatio. Eum constans aurum crapula aperio depraedor campana.	2025-06-30 02:00:50.275	2025-08-14 01:32:50.186	f	2025-10-07 11:54:23.812	2025-10-07 11:54:23.812
ede2101c-01fc-40d1-9eed-27c13828ef8b	7a3496dc-f774-4199-9d15-3401fbf28325	Schroeder and Sons	Product Manager	Apto strues curo volo. Condico veritatis texo accommodo provident cupiditas veritatis cauda.	2024-09-12 23:11:54.431	2025-06-22 18:16:00.741	f	2025-10-07 11:54:23.826	2025-10-07 11:54:23.826
c46f8459-b595-42e3-8d9f-4413ae42ce05	7a3496dc-f774-4199-9d15-3401fbf28325	MacGyver - Hyatt	Product Manager	Una ater decumbo deporto canonicus. Cohors est corroboro abstergo sit vis.	2025-02-16 13:41:18.69	2025-05-22 03:58:57.842	f	2025-10-07 11:54:23.828	2025-10-07 11:54:23.828
087994af-f732-4f42-ba82-401b4152b4fe	5f0d4714-af15-42c1-8219-c513d3058de3	Murphy - Parker	React Developer	Aeneus studio beneficium subiungo conduco cinis tristis vitae. Arbitro terror antea barba vaco volva tenuis reprehenderit harum spero.	2025-02-06 10:05:18.488	\N	t	2025-10-07 11:54:23.84	2025-10-07 11:54:23.84
e660c3a2-3f65-4500-bba6-c3679d6e2e8c	5f0d4714-af15-42c1-8219-c513d3058de3	Mante, Kuhic and Beatty	UI Engineer	Eum depraedor acies amo ascisco tero supellex argentum summopere. Arguo comprehendo ad.	2024-08-28 05:53:11.389	2024-11-25 20:33:33.965	f	2025-10-07 11:54:23.841	2025-10-07 11:54:23.841
ed6f29ff-b24b-4d87-b64f-ec8eba34f7c1	5f0d4714-af15-42c1-8219-c513d3058de3	Stokes, O'Kon and Lang	UI Engineer	Audio audentia arma quidem summopere umerus aveho compono. Comburo suscipit repellat.	2022-07-11 11:23:35.373	2023-03-26 06:30:21.62	f	2025-10-07 11:54:23.843	2025-10-07 11:54:23.843
57f70530-96bc-47e4-9ab5-284a48c15a8d	29092626-efbb-48d7-aaec-b1f57ac2e0ff	Sawayn Group	Quantitative Analyst	Pel neque depono aliqua delectatio ascisco pecco. Tui ceno canis abutor viduo.	2025-03-17 01:04:44.234	\N	t	2025-10-07 11:54:23.857	2025-10-07 11:54:23.857
d602be26-88ad-4bdd-9535-479deabdb09c	29092626-efbb-48d7-aaec-b1f57ac2e0ff	Murray - Kuhic	Data Scientist	Quia claudeo blanditiis sapiente decor voluntarius laboriosam termes advoco valde. Crustulum argentum undique tutamen.	2023-01-16 15:23:29.254	2023-04-18 19:29:40.002	f	2025-10-07 11:54:23.859	2025-10-07 11:54:23.859
20bbcb89-183c-4566-bd65-1914efba0b87	29092626-efbb-48d7-aaec-b1f57ac2e0ff	Kilback, Pfannerstill and Kshlerin	Business Intelligence Analyst	Thema viduo tempus virga somnus baiulus socius adflicto. Thymbra xiphias textor clibanus videlicet deputo tandem vir clamo.	2022-02-16 10:31:23.959	2025-05-29 03:08:43.337	f	2025-10-07 11:54:23.861	2025-10-07 11:54:23.861
e19d1397-8fff-4570-a301-98ebff4d210c	bb250836-2344-4f88-bdb9-31fa30a22b15	Klocko, Orn and Huel	SEO Analyst	Clarus thema aeger paulatim advenio combibo. Clamo videlicet adsum cunctatio celer aegrotatio cibus et.	2024-10-25 21:09:11.708	\N	t	2025-10-07 11:54:23.874	2025-10-07 11:54:23.874
594bfca4-2213-428c-bbd6-af285138e14f	bb250836-2344-4f88-bdb9-31fa30a22b15	Stamm, Ledner and Gutmann	Content Marketing Manager	Avarus terror addo denuo cinis vulgivagus absum demergo apto. Suffoco acervus convoco aeternus demoror bonus.	2024-01-31 05:21:33.794	2024-04-22 15:52:08.217	f	2025-10-07 11:54:23.876	2025-10-07 11:54:23.876
ca209824-05bb-41f7-a01e-d6a75d4ad0ca	bb250836-2344-4f88-bdb9-31fa30a22b15	Jerde Group	Content Marketing Manager	Ademptio statua coniecto decretum. Avarus varius paens officiis voluptates copia ascisco combibo ceno spero.	2024-05-17 03:30:11.791	2025-05-27 14:07:02.284	f	2025-10-07 11:54:23.878	2025-10-07 11:54:23.878
894f0de0-118b-42b8-af24-7549c54d926e	6dfd2329-0064-4d69-9e19-858f5288635f	Ritchie - Nolan	Business Intelligence Analyst	Vox adamo deporto ventosus asper quaerat exercitationem quam. Dedico video testimonium usus vigilo caterva vorago tamquam consectetur cruentus.	2025-03-14 19:09:06.592	2025-05-05 20:07:42.051	f	2025-10-07 11:54:23.89	2025-10-07 11:54:23.89
815b6319-ef4d-4862-a92b-c60617e3ade3	6dfd2329-0064-4d69-9e19-858f5288635f	Dare, Towne and Corkery	Business Intelligence Analyst	Voluptate assentator vulticulus cilicium maiores. Demens decor avaritia.	2023-10-11 18:49:12.684	2024-05-31 22:36:11.811	f	2025-10-07 11:54:23.892	2025-10-07 11:54:23.892
31d6b2cf-3503-413f-be45-72e0d268b31a	7287df1c-48a2-43ae-88d3-3da00ee612d2	Ebert, Nolan and Dach	Human Resources Generalist	Amita vomica templum arma cura sumptus tempore rerum crapula. Acceptus tunc aptus thermae conicio ut solus tum.	2024-10-05 05:43:56.242	\N	t	2025-10-07 11:54:23.909	2025-10-07 11:54:23.909
584f75d5-bf00-4cc7-95d3-daaa3bf6dff4	7287df1c-48a2-43ae-88d3-3da00ee612d2	Davis, Gerhold and Jenkins	Recruitment Specialist	Desparatus certe vigilo vir undique considero timidus verto stillicidium. Supra arbitro defleo cruentus.	2025-04-17 12:57:22.377	2025-08-31 19:49:17.193	f	2025-10-07 11:54:23.91	2025-10-07 11:54:23.91
4b926479-ba0f-4fdc-8360-c4f572dd45b6	46b262b5-0a74-4b95-a234-1e1cbfb79cac	Homenick Inc	Frontend Developer	Verumtamen suppono temporibus eos labore cicuta illum ara. Provident argumentum blandior.	2024-10-22 01:51:03.786	2025-04-26 23:29:09.432	f	2025-10-07 11:54:23.923	2025-10-07 11:54:23.923
202cc8a0-d570-464d-847e-14a2a98ee52c	46b262b5-0a74-4b95-a234-1e1cbfb79cac	Schmitt Inc	UI Engineer	Adfectus adduco veniam dolor. Succedo conor appositus bonus ater dolorum.	2023-03-09 21:08:57.697	2024-12-12 11:46:43.209	f	2025-10-07 11:54:23.924	2025-10-07 11:54:23.924
e0fe7c86-a4e5-4f92-b7f5-d826073b970b	46b262b5-0a74-4b95-a234-1e1cbfb79cac	Smitham, Zulauf and Labadie	UI Engineer	Varius deficio allatus aureus corroboro. Vis articulus adipisci.	2023-08-13 23:54:38.477	2023-11-01 05:56:06.996	f	2025-10-07 11:54:23.926	2025-10-07 11:54:23.926
641672b6-8ce5-434c-b9bf-ec6fd2836818	650adfeb-f8a9-4e58-8576-42b33e1188e3	Upton, Kling and Moore	Business Intelligence Analyst	Arbustum convoco vulnus suasoria debitis aggredior. Velociter abduco centum debilito deludo auctor studio clam cresco.	2023-01-04 06:45:52.826	2024-05-06 15:55:50.316	f	2025-10-07 11:54:23.94	2025-10-07 11:54:23.94
72bb09c2-7595-49b8-9b55-1af027072bf4	650adfeb-f8a9-4e58-8576-42b33e1188e3	Upton, Goyette and Olson	Data Analyst	Deficio deserunt thymum distinctio contego vilicus calculus confido adopto. Versus correptius tempus deleo numquam subiungo.	2023-06-09 20:40:07.935	2023-08-24 02:37:09.692	f	2025-10-07 11:54:23.941	2025-10-07 11:54:23.941
409899c1-c38f-44c2-b316-e86449af7d6f	f559d9c4-b424-4758-a1ca-dcf94497dcd8	Koch, Abshire and Gulgowski	Project Manager	Audeo sint tabella consequuntur benigne vallum una cogo. Aspernatur bellicus texo cursus victus curto creptio adnuo crinis.	2024-09-18 09:27:03.609	\N	t	2025-10-07 11:54:23.953	2025-10-07 11:54:23.953
7776b9fa-8e3c-4280-88ec-9db013a67d2b	f559d9c4-b424-4758-a1ca-dcf94497dcd8	Greenfelder, Hand and Sawayn	IT Project Coordinator	Paens ea caelestis speciosus verto auditor aedificium coruscus. Adsidue caput cum avarus admitto molestiae.	2024-12-22 09:07:15.608	2025-08-25 12:30:09.54	f	2025-10-07 11:54:23.955	2025-10-07 11:54:23.955
9609c852-cc8d-4457-a36f-d22908fe9b99	db66a97e-b80b-4fe0-a679-6e19b7749fe1	Kemmer Inc	Quantitative Analyst	Tabula voluntarius antiquus placeat tibi deduco asperiores qui valeo. Ater claudeo vaco vicissitudo.	2025-08-25 00:05:14.606	\N	t	2025-10-07 11:54:23.973	2025-10-07 11:54:23.973
8d8ebcf0-8a02-4a9b-bb1b-6e12c65c0265	66d7b3b7-e791-477f-b9cf-b42fa38e87cc	Von - Jones	Auditor	Iste alius debitis calcar arbustum ventus ullus. Decimus amaritudo auctus tracto.	2024-04-10 13:19:48.24	2025-09-26 07:14:57.499	f	2025-10-07 11:54:23.99	2025-10-07 11:54:23.99
86c5641e-aa41-4da5-a24b-d13bbbe73551	66d7b3b7-e791-477f-b9cf-b42fa38e87cc	O'Reilly, Rosenbaum and Herman	Finance Officer	Minima sollicito bos. Sollers cubicularis arguo.	2025-07-14 12:38:18.117	2025-08-12 09:16:50.518	f	2025-10-07 11:54:23.991	2025-10-07 11:54:23.991
2fee71f3-ceda-4412-8c2a-f62c43f61f87	66d7b3b7-e791-477f-b9cf-b42fa38e87cc	Gusikowski Group	Accountant	Agnitio ab adstringo ex veniam. Somnus deleo laboriosam.	2023-07-08 07:07:33.031	2025-05-20 03:43:33.816	f	2025-10-07 11:54:23.993	2025-10-07 11:54:23.993
cd139b40-0685-4e73-98f9-55986e846c04	63f3c635-529e-408c-acca-3f825bf4bbeb	Schaden - Feil	Financial Analyst	Adsum cura desolo contego. Substantia vulariter conduco.	2025-07-25 21:07:25.257	2025-09-03 23:05:16.61	f	2025-10-07 11:54:24.013	2025-10-07 11:54:24.013
a3576b0c-22a6-4905-97ca-efe2ece8e042	63f3c635-529e-408c-acca-3f825bf4bbeb	Runte, Brekke and Hoppe	Accountant	Succurro theca labore venia caste quae. Bibo cunabula eum.	2025-01-31 07:53:55.675	2025-03-12 03:43:26.439	f	2025-10-07 11:54:24.014	2025-10-07 11:54:24.014
46bffb8f-c854-4307-a4c5-cbdf063811c5	63f3c635-529e-408c-acca-3f825bf4bbeb	Champlin - Keebler	Auditor	Brevis adficio adamo totus architecto contego virgo terror. Vesco ascit asporto tricesimus accedo.	2024-10-27 19:36:58.14	2025-06-07 06:55:37.889	f	2025-10-07 11:54:24.016	2025-10-07 11:54:24.016
ec8997a7-2031-4918-b180-defb4dc69944	246f04e6-555b-4522-a893-8e0dcadb67b3	Klocko Inc	Java Developer	Decet vestrum pariatur denuo volup. Dicta accusantium concedo confido spero.	2025-05-06 11:16:46.584	2025-05-11 02:21:14.291	f	2025-10-07 11:54:24.031	2025-10-07 11:54:24.031
39ae43f3-c3cd-48a9-92e0-62f648a41789	246f04e6-555b-4522-a893-8e0dcadb67b3	O'Connell - Ebert	Java Developer	Timor distinctio taceo corpus careo sulum abeo ascit sit. Culpo degero cubicularis.	2023-09-05 00:25:25.496	2024-07-12 09:17:20.789	f	2025-10-07 11:54:24.033	2025-10-07 11:54:24.033
627a997b-b777-49ba-b81a-34c5a8febff3	246f04e6-555b-4522-a893-8e0dcadb67b3	Considine, Jast and Gutkowski	Full Stack Engineer	Dicta adinventitias ager alveus trepide eos. Deduco vesco conicio cur cur expedita copia trado.	2024-04-15 15:48:49.318	2024-10-29 21:45:38.895	f	2025-10-07 11:54:24.035	2025-10-07 11:54:24.035
5878f137-e591-40a8-8dcf-c68bba874d12	cedb3163-0ebd-4062-98f9-baf3e960db71	Kertzmann, Gerlach and Wuckert	Frontend Developer	Dedico aestas vomito comitatus numquam temeritas. Molestias pecto vorago adopto denique vinum adipiscor.	2025-08-30 16:15:25.874	2025-09-19 16:35:41.914	f	2025-10-07 11:54:24.048	2025-10-07 11:54:24.048
ea12af5e-38d7-4fa0-8b23-26c242da19e3	377c9bf6-c15b-4620-93a0-f83c3022dda7	Trantow Group	Project Manager	Aliquam quasi cohibeo voveo. Aro speciosus depopulo cubo adsidue.	2025-02-17 15:14:14.531	\N	t	2025-10-07 11:54:24.061	2025-10-07 11:54:24.061
0aba7988-a4bd-4979-8aba-631000d88aa0	377c9bf6-c15b-4620-93a0-f83c3022dda7	Schroeder - Runolfsdottir	IT Project Coordinator	Absconditus vivo condico bestia ultio caritas candidus subito auxilium. Tabula esse virga acceptus vulpes aegrus vere.	2023-06-15 10:17:40.736	2023-10-13 06:12:31.186	f	2025-10-07 11:54:24.062	2025-10-07 11:54:24.062
1d1bbeaf-5fbf-4f3a-be7c-ec356a56dede	2e6ad436-5479-4aef-bbcc-cbeaf42f30fc	Kirlin and Sons	Content Marketing Manager	Thalassinus vinco valeo tendo. Ulterius possimus adopto creo.	2023-03-23 20:23:34.122	\N	t	2025-10-07 11:54:24.079	2025-10-07 11:54:24.079
84134172-752f-4126-aca2-de536aceb048	2e6ad436-5479-4aef-bbcc-cbeaf42f30fc	Carroll, MacGyver and Pouros	Digital Marketing Specialist	Communis armarium temeritas repellendus. Sol canis statim teneo voluptates.	2024-02-05 08:51:38.97	2025-04-20 16:21:19.635	f	2025-10-07 11:54:24.081	2025-10-07 11:54:24.081
4a92b6b7-7a3b-46f5-97a2-707871dd1667	2e6ad436-5479-4aef-bbcc-cbeaf42f30fc	Swaniawski, Miller and Schimmel	Digital Marketing Specialist	Deorsum ultio universe. Summisse repudiandae arguo coerceo tyrannus numquam.	2023-12-02 17:42:14.965	2024-06-18 22:58:26.332	f	2025-10-07 11:54:24.082	2025-10-07 11:54:24.082
5886b1d9-401c-4ea6-86f3-acbeb8629e5b	e9b896cd-1e7e-4c6d-8686-a7c16085a1f8	Hessel, Bernier and Johnston	Business Intelligence Analyst	Solio aut vestigium adipisci corpus. Adicio arx brevis acer omnis.	2025-01-11 20:19:35.123	\N	t	2025-10-07 11:54:24.098	2025-10-07 11:54:24.098
74763f7b-d513-4518-b632-4b8a041d94be	e9b896cd-1e7e-4c6d-8686-a7c16085a1f8	Pollich Group	Business Intelligence Analyst	Incidunt vulgivagus callide tergiversatio celer textilis bardus vestrum pecus. Aeternus iure alveus dicta virgo adfectus tam spargo.	2023-11-14 08:58:39.501	2024-06-15 20:04:58.44	f	2025-10-07 11:54:24.099	2025-10-07 11:54:24.099
b134f7d2-8b19-4da1-af4b-b0474c6960a4	e9b896cd-1e7e-4c6d-8686-a7c16085a1f8	Russel, Leuschke and Murphy	Data Scientist	Attero artificiose claudeo. Distinctio curto crapula.	2024-12-17 02:53:37.7	2025-01-11 05:38:12.076	f	2025-10-07 11:54:24.101	2025-10-07 11:54:24.101
e2069ec6-dad4-445d-815e-d6f3cd3beadc	6a2529fc-368f-4d1c-a37e-3ea7e15282f5	Lakin LLC	Finance Officer	Spiculum conscendo cribro. Amet quasi tamen impedit enim.	2024-03-07 02:54:17.351	\N	t	2025-10-07 11:54:24.114	2025-10-07 11:54:24.114
c2280efb-19bb-41f9-babe-8364f94daac9	6a2529fc-368f-4d1c-a37e-3ea7e15282f5	Schuppe - Morar	Accountant	Vitium vallum carpo culpa canonicus caelestis solum. Nobis casso odit hic excepturi accendo eius caute.	2024-10-05 09:06:39.057	2024-12-05 11:05:18.056	f	2025-10-07 11:54:24.116	2025-10-07 11:54:24.116
2bb9f17f-d623-4fee-87a3-826ba239b135	3ffc0f7c-e816-478b-abcb-5922ca158872	Kilback LLC	Quantitative Analyst	Temptatio suspendo stultus aegre amissio constans. Chirographum numquam tunc triduana enim tamquam suffoco odio.	2025-04-27 08:30:19.405	2025-06-20 17:06:54.439	f	2025-10-07 11:54:24.132	2025-10-07 11:54:24.132
783bcfbf-cfe5-46d8-b070-9ea5d95281a6	3ffc0f7c-e816-478b-abcb-5922ca158872	D'Amore - Casper	Quantitative Analyst	Absorbeo sumptus repudiandae stipes dapifer arx thalassinus admiratio cetera. Dolorum canonicus reiciendis speciosus campana adiuvo crustulum vinum laudantium.	2025-05-16 13:30:59.42	2025-06-06 07:52:52.793	f	2025-10-07 11:54:24.134	2025-10-07 11:54:24.134
979ee19c-77af-4efa-8504-a4d5ae7b5f91	0519b2d3-a562-4e13-802a-0361deda5825	Zieme, McDermott and Glover	UI Engineer	Ustulo coruscus crux. Armarium suasoria amitto accusantium adfero theca.	2024-12-18 11:37:39.165	\N	t	2025-10-07 11:54:24.149	2025-10-07 11:54:24.149
a2e9159e-7941-4839-a9fb-27baee947794	7c3ddd07-dc51-4ec5-b484-5f609931507b	Yost - Cormier	Financial Analyst	Timor statim debeo spiritus approbo deripio dicta coma. Clarus utrum argentum spiculum atavus a thesaurus cohaero ventosus vorax.	2024-10-13 18:21:11.682	2025-07-05 04:01:20.292	f	2025-10-07 11:54:24.166	2025-10-07 11:54:24.166
8cdb0c60-28b6-469c-90bb-0e631c672466	7c3ddd07-dc51-4ec5-b484-5f609931507b	Howell and Sons	Financial Analyst	Cohaero deputo uberrime. Aegrus truculenter impedit.	2023-05-16 15:51:43.288	2025-08-19 11:17:15.09	f	2025-10-07 11:54:24.168	2025-10-07 11:54:24.168
f3ae7ab9-2502-482a-9616-e670855edcf6	bebab6e4-eae5-42f7-bc89-ccbccb0e4ecc	Larson - Kuhlman	Full Stack Engineer	Ullam cuppedia cenaculum ventus aptus. Crux curo demum viscus alii ceno tabesco ut anser crastinus.	2023-11-25 14:36:24.946	\N	t	2025-10-07 11:54:24.183	2025-10-07 11:54:24.183
94f39336-8391-4f7a-8cdf-2c05453a4eea	439dd73a-be3c-40c5-b026-8e24ac6f923d	Hegmann Inc	Social Media Manager	Depraedor corroboro vomito certus audio creator unde damno acies. Vitium caput id vis cena apostolus.	2023-11-07 15:27:17.729	2023-11-18 16:32:49.099	f	2025-10-07 11:54:24.197	2025-10-07 11:54:24.197
a77ca27f-8a99-4c2b-bf8f-2abb2d106894	439dd73a-be3c-40c5-b026-8e24ac6f923d	Lemke - Brown	Digital Marketing Specialist	Utique cedo taedium iure vicinus curiositas mollitia thymum. Comparo atque colo strues vito animus aperio aperte temperantia voro.	2023-11-25 23:51:22.414	2024-02-28 01:33:54.649	f	2025-10-07 11:54:24.199	2025-10-07 11:54:24.199
cbad9094-2248-45b9-8fd2-f802b7d9f599	439dd73a-be3c-40c5-b026-8e24ac6f923d	Larkin, Corwin and Ritchie	Content Marketing Manager	Cruciamentum crebro delectus. Infit demulceo velit thema contego deleniti.	2024-06-17 16:50:17.274	2025-03-02 17:35:10.052	f	2025-10-07 11:54:24.201	2025-10-07 11:54:24.201
e5609e00-c1f8-4cf3-b306-3b34eeaaba31	4be82dae-fcf3-4a01-b5a3-564c38113b68	Buckridge, Swift and Mayer	Quantitative Analyst	Ascisco pauci complectus quos aspicio trucido degusto quae. Stella degero solvo convoco.	2025-07-26 17:13:12.707	2025-09-23 12:38:32.791	f	2025-10-07 11:54:24.213	2025-10-07 11:54:24.213
b840b5da-6547-43cc-aec0-9529325eb83c	4be82dae-fcf3-4a01-b5a3-564c38113b68	Block, Bogisich and Miller	Data Analyst	Ut brevis considero. Subiungo cupiditate adopto timor conor thalassinus angelus temptatio.	2023-02-06 16:17:00.099	2024-03-05 10:52:42.062	f	2025-10-07 11:54:24.214	2025-10-07 11:54:24.214
0ea0d039-5c29-4f10-b128-f3d84eeb2677	4be82dae-fcf3-4a01-b5a3-564c38113b68	Stiedemann - Gutmann	Data Analyst	Claro velut animus demo adsidue. Suasoria aliqua bardus tristis quo accusamus tum aliqua certe concedo.	2022-04-16 00:25:32.344	2023-05-06 12:50:53.216	f	2025-10-07 11:54:24.216	2025-10-07 11:54:24.216
acd1af54-db8d-40ce-8105-427e8a474f65	68b0383d-6b8e-4feb-ab71-947e2423f794	Rippin - Lebsack	Digital Marketing Specialist	Similique tantum terminatio aetas cotidie. Sodalitas adfero termes cubo comprehendo adversus.	2025-04-17 23:47:54.749	2025-08-05 01:41:46.734	f	2025-10-07 11:54:24.234	2025-10-07 11:54:24.234
97c37ad9-ce37-455b-a935-369923159c96	68b0383d-6b8e-4feb-ab71-947e2423f794	Wiza, Hartmann and Bernier	SEO Analyst	Suggero vorago verus infit. Ait timidus comitatus coruscus clarus urbanus subvenio volaticus.	2022-10-13 02:54:12.917	2024-04-12 09:19:06.666	f	2025-10-07 11:54:24.236	2025-10-07 11:54:24.236
353b5fb0-19e6-46a9-b4c8-34600372d2cd	68b0383d-6b8e-4feb-ab71-947e2423f794	Dickens - Harvey	Social Media Manager	Ambitus crapula demens vesco ultio omnis tergeo asper adaugeo studio. Cicuta crepusculum delibero carmen.	2023-01-29 09:20:49.087	2023-05-10 04:03:26.995	f	2025-10-07 11:54:24.237	2025-10-07 11:54:24.237
a0a97160-924b-439c-9b27-27df3011320d	73d8e3c4-b703-4b07-b921-fbee47bb6510	Tremblay and Sons	UI Engineer	Aspernatur balbus sopor adeo thema accedo theologus volo. Tenuis magni rem copia collum thymum acerbitas administratio.	2025-08-30 01:56:08.737	\N	t	2025-10-07 11:54:24.257	2025-10-07 11:54:24.257
4d62c272-fb32-4a63-9f8c-0c664ebf9c9f	73d8e3c4-b703-4b07-b921-fbee47bb6510	Gottlieb - Abshire	UI Engineer	Adhaero dolorem territo deprimo turpis. Arcus nobis adopto cui brevis decumbo nam tyrannus doloremque succedo.	2024-10-10 04:04:12.107	2024-12-02 13:07:45.646	f	2025-10-07 11:54:24.259	2025-10-07 11:54:24.259
8d763dc9-5fbe-4c22-a659-6e9176d8840f	a8a671fc-d06d-42eb-8a10-8d9326447019	Marquardt, Larson and Haag	HR Business Partner	Creo impedit explicabo atavus. Sodalitas demoror conduco crux aurum terra pecus thesaurus patruus.	2024-12-02 18:11:38.688	\N	t	2025-10-07 11:54:24.279	2025-10-07 11:54:24.279
c506b4e3-4671-49c7-84f0-ebd2a5597e25	a8a671fc-d06d-42eb-8a10-8d9326447019	Schneider, Hansen and Howell	Talent Acquisition Manager	Verbera varius claro incidunt. Cado possimus vigor ab adsuesco tendo.	2024-07-07 09:02:46.294	2025-01-21 20:46:52.772	f	2025-10-07 11:54:24.28	2025-10-07 11:54:24.28
f2177d1a-5c21-4bdd-99b3-6fdbddc8dbe3	a8a671fc-d06d-42eb-8a10-8d9326447019	Hagenes and Sons	HR Business Partner	Adsidue adopto nam nobis assentator despecto minima delinquo. Cuius vos viridis ascit ambitus damno ut conservo cura.	2025-05-10 05:00:47.607	2025-08-27 22:51:47.816	f	2025-10-07 11:54:24.282	2025-10-07 11:54:24.282
5148104f-4024-44af-8908-b5d82c246495	98bfc766-dd82-47b4-91c8-4bd97ba010d7	Bogan Inc	Social Media Manager	Patior adflicto theca conatus textus aequitas pectus provident tantillus fugit. Supellex unde conscendo.	2025-06-19 22:17:18.364	2025-06-30 15:03:04.775	f	2025-10-07 11:54:24.299	2025-10-07 11:54:24.299
d4970d56-0688-4f88-8f6f-828438198b6c	98bfc766-dd82-47b4-91c8-4bd97ba010d7	Murazik - Kris	SEO Analyst	Uterque templum dolorem cometes aegrus tabula capto advenio solio conspergo. Alienus demonstro videlicet cum.	2021-11-23 13:36:40.9	2023-12-17 11:03:49.42	f	2025-10-07 11:54:24.3	2025-10-07 11:54:24.3
0d9e7ac2-a0ec-4d6e-ac74-5884f8aa75bd	44bb5b40-9d3f-43f4-a696-02b39d7b83a0	Johnston LLC	Backend Developer	Uterque comprehendo coniuratio brevis bellum suasoria vitiosus. Ventosus vulpes vulgivagus solum reprehenderit caecus adnuo deficio asper solutio.	2025-03-28 16:27:10.299	\N	t	2025-10-07 11:54:24.317	2025-10-07 11:54:24.317
a0b5a709-2658-40f3-936e-14c03d647b11	44bb5b40-9d3f-43f4-a696-02b39d7b83a0	Gleichner - Towne	Java Developer	Ducimus temeritas benevolentia suffragium tardus conservo sunt. Tondeo vinitor conqueror arbustum.	2024-08-13 04:14:38.355	2025-09-29 18:15:34.374	f	2025-10-07 11:54:24.318	2025-10-07 11:54:24.318
1f03cd2a-91e1-4b8b-9415-bd383d0d470d	e88bec17-86c4-46a8-94fe-56232bab560e	O'Keefe, Denesik and Friesen	HR Business Partner	Ventus vesica acceptus tego. Aliquid venia aduro depromo comminor vinco tabula tutis.	2024-06-20 19:26:46	2025-10-04 13:41:15.718	f	2025-10-07 11:54:24.336	2025-10-07 11:54:24.336
c69538ec-4675-4720-984b-a2d7cb817def	e88bec17-86c4-46a8-94fe-56232bab560e	Jast - Kuvalis	Human Resources Generalist	Vicissitudo valeo curvo ullam timor angelus. Caute vel quis crux statua surculus tempora summopere laboriosam tandem.	2025-06-04 13:36:32.011	2025-07-23 04:40:29.84	f	2025-10-07 11:54:24.337	2025-10-07 11:54:24.337
d683e13a-2ee0-43d7-81ad-a464f26097ce	e88bec17-86c4-46a8-94fe-56232bab560e	Keebler - Ryan	HR Business Partner	Addo decimus barba contego tibi pecco temptatio abutor conspergo. Comedo textus arca advenio certe vomer conicio stips aeneus.	2024-11-10 22:47:27.889	2025-03-16 10:07:39.586	f	2025-10-07 11:54:24.339	2025-10-07 11:54:24.339
1f98eb6e-f210-4005-a9f6-d0dfc579ef10	450895a3-6fc1-43d6-b49f-8f74d3da4ea5	Steuber Group	Quantitative Analyst	Tabgo cohaero totus delectatio. Vester absconditus tergum nobis tepesco cernuus claro.	2025-09-04 08:10:37.045	\N	t	2025-10-07 11:54:24.356	2025-10-07 11:54:24.356
eb46a2e9-0206-44f0-b3ec-b6684a9fd786	450895a3-6fc1-43d6-b49f-8f74d3da4ea5	Carter - Ritchie	Data Analyst	Vereor aiunt adopto celebrer harum conservo antepono ambitus. Delego suasoria vaco cruciamentum suus ipsam rem.	2023-07-31 19:51:56.879	2024-01-12 13:40:12.994	f	2025-10-07 11:54:24.357	2025-10-07 11:54:24.357
6e2b153a-893d-454c-b747-ab16a9722c0d	726bda34-8a98-475d-827d-baac0acd8a4c	Tillman, Miller and Sporer	Finance Officer	Alienus deficio tracto. Bonus crapula tribuo.	2024-10-01 22:43:08.634	2025-07-13 12:41:37.263	f	2025-10-07 11:54:24.374	2025-10-07 11:54:24.374
84fbd0b6-1c40-4ae4-8645-5f51045c4a94	726bda34-8a98-475d-827d-baac0acd8a4c	O'Reilly, Larson and Christiansen	Financial Analyst	Natus sapiente turpis molestiae territo cur tot asperiores vulnero. Trepide sint artificiose degusto adversus.	2023-08-25 00:41:11.703	2024-09-01 07:44:34.496	f	2025-10-07 11:54:24.376	2025-10-07 11:54:24.376
1fa2e3e1-9e03-4ad9-a38e-5d588ee188d0	889668a4-df21-4930-a933-4f0b984ece77	Bode - Spencer	Java Developer	Recusandae stella theatrum clibanus necessitatibus utroque. Consequatur alveus quas stillicidium adsuesco defendo.	2025-02-01 11:25:48.064	2025-05-16 06:07:32.665	f	2025-10-07 11:54:24.395	2025-10-07 11:54:24.395
f9fb44f0-7f2b-422d-867c-7c188876f569	d8eb5f31-9ee3-4285-a80c-64d2dbbbfeda	Weber - Stiedemann	Full Stack Engineer	Cubitum comis sodalitas deludo urbs cohaero tepesco deripio. Speculum volo carmen urbs amoveo stella.	2024-07-12 10:35:08.799	\N	t	2025-10-07 11:54:24.412	2025-10-07 11:54:24.412
341afc2e-11a8-4eb0-95e7-888a60dd4309	d8eb5f31-9ee3-4285-a80c-64d2dbbbfeda	Gibson - Grady	Java Developer	Ullus uberrime calcar. Ipsam arma consequuntur volo.	2025-09-26 15:29:06.29	2025-09-29 18:37:04.586	f	2025-10-07 11:54:24.414	2025-10-07 11:54:24.414
75d422f0-abd4-4bb2-9871-0889d3362235	fc7fec5b-f90f-4fd0-90a6-865bd342ced1	Prohaska - Turner	Quantitative Analyst	Molestias culpa quaerat solum causa suppono. Commemoro provident facilis amoveo.	2025-05-28 14:30:09.51	2025-06-12 05:46:37.305	f	2025-10-07 11:54:24.429	2025-10-07 11:54:24.429
de62ff69-f2eb-4a23-be8e-d63151d0dbd2	d3dadcf9-542c-4b26-9f09-37c6e81aa7e0	Reichert - Huels	Scrum Master	Mollitia depopulo depono demens suppellex cunabula error beneficium verecundia cresco. Admitto non averto.	2025-03-13 23:24:57.821	2025-06-04 23:37:38.639	f	2025-10-07 11:54:24.444	2025-10-07 11:54:24.444
26dcb8ff-e645-41e7-84f2-4b062a574ff4	d3dadcf9-542c-4b26-9f09-37c6e81aa7e0	Ward Inc	Scrum Master	Ad voluptatum artificiose desino advoco sit speciosus ullus sortitus vobis. Ambitus temperantia terga.	2024-12-06 02:40:08.42	2025-07-16 04:01:36.468	f	2025-10-07 11:54:24.446	2025-10-07 11:54:24.446
85e730a9-88be-44e4-b00c-62ecbc1d2769	7f54e6bb-1cc1-479d-acc4-7f44ce72d80d	Bayer, Ledner and Heathcote	Software Engineer	Vomer nulla suus perferendis vorax territo paulatim decumbo depulso. Solutio teres pecto conqueror arbustum arbustum vulnero ambitus confido.	2025-08-10 02:22:04.993	2025-08-14 01:29:03.281	f	2025-10-07 11:54:24.457	2025-10-07 11:54:24.457
08505b5f-4d1c-4499-8629-2b8303bd1cfb	7bd200ce-a25e-4cd5-8700-9e1b8a8699f4	Bartoletti, Walker and Watsica	Content Marketing Manager	Succurro denuncio vinculum appello ambulo bis agnosco turpis uredo. Sunt vulgaris cometes termes voluptatum.	2024-09-20 17:06:47.881	2024-11-05 09:07:34.962	f	2025-10-07 11:54:24.468	2025-10-07 11:54:24.468
5c7aa600-8478-4c2e-b916-bd6f85b6891b	7bd200ce-a25e-4cd5-8700-9e1b8a8699f4	Metz and Sons	Social Media Manager	Solutio contra uredo baiulus capillus vespillo. Caries aeternus calculus aggero asporto tutamen demulceo speculum vinculum crinis.	2023-03-19 23:03:28.182	2023-06-09 16:30:27.837	f	2025-10-07 11:54:24.47	2025-10-07 11:54:24.47
934effc0-380a-45a0-aafd-b7c93b044c78	8254cef1-015f-4cdb-9d32-34d894f373ca	Marvin - Breitenberg	Data Analyst	Temporibus armarium a ventito sortitus accendo. Curso aureus pariatur officiis cui derideo talio adstringo.	2025-04-01 12:21:17.564	\N	t	2025-10-07 11:54:24.483	2025-10-07 11:54:24.483
c6f966bb-442d-489b-a43c-faeae66ff3ce	8254cef1-015f-4cdb-9d32-34d894f373ca	Hand Inc	Quantitative Analyst	Abutor architecto taedium cilicium textus. Adduco ara vaco.	2024-01-17 13:53:27.103	2025-06-02 01:05:02.378	f	2025-10-07 11:54:24.484	2025-10-07 11:54:24.484
bffe3c41-98b5-450e-9680-97c537c11c1a	d1860ab2-ec60-4278-9e57-a3d550152681	Jones - Predovic	Frontend Developer	Appello claudeo totidem alias coruscus una suspendo alii. Dolore adeo spiculum caelestis.	2025-04-10 10:48:06.722	\N	t	2025-10-07 11:54:24.496	2025-10-07 11:54:24.496
a9365e97-6996-4384-9b48-119109523403	d1860ab2-ec60-4278-9e57-a3d550152681	Morissette - Flatley	Web Developer	Volaticus toties tersus strues solutio universe taedium adulatio adinventitias. Desparatus tres tenax.	2024-03-09 00:15:17.988	2025-08-05 23:09:35.277	f	2025-10-07 11:54:24.498	2025-10-07 11:54:24.498
35c3da51-ee61-4408-b6e4-d89ed5b64b68	d1860ab2-ec60-4278-9e57-a3d550152681	Ankunding Group	Frontend Developer	Amo bonus harum curiositas unde ager atrox absconditus laudantium. Consectetur facilis subnecto modi admoveo decens commodi solvo.	2023-05-09 14:48:15.86	2024-09-16 16:15:53.212	f	2025-10-07 11:54:24.5	2025-10-07 11:54:24.5
2e7951d8-a5d5-4a46-a206-898746dc8f8f	18f0242a-36d5-4821-8f68-c1cd1787d52a	Schmidt, Becker and Murazik	Web Developer	Bellum illo comptus earum balbus aer surgo. Trado acerbitas vilicus arma cibus coadunatio.	2023-10-19 01:09:08.803	\N	t	2025-10-07 11:54:24.513	2025-10-07 11:54:24.513
9b61f84c-b9fe-4cc7-9af5-6ce5d1a80a38	18f0242a-36d5-4821-8f68-c1cd1787d52a	Mills - Schiller	Frontend Developer	Combibo tabernus atqui varietas natus deporto accedo deorsum accusamus. Necessitatibus cras demonstro.	2025-05-19 15:40:31.057	2025-08-29 23:49:11.353	f	2025-10-07 11:54:24.515	2025-10-07 11:54:24.515
cf1d440a-b62b-4639-b0c2-89e688a4c19b	18f0242a-36d5-4821-8f68-c1cd1787d52a	Gleichner Inc	Frontend Developer	Supellex adopto tepesco terebro sunt confero tandem libero custodia stillicidium. Ullam doloremque allatus.	2021-08-12 18:26:27.949	2022-04-26 05:01:42.552	f	2025-10-07 11:54:24.517	2025-10-07 11:54:24.517
9c2ba47a-bfcb-4ffb-8bf4-439bdcb25008	894ce5f7-1cff-4938-b10c-544e6512d0ff	Krajcik, Okuneva and Dibbert	Scrum Master	Alienus admoneo vehemens accedo cum. Supellex aptus consequatur dolorum artificiose antepono.	2024-05-22 18:31:55.188	\N	t	2025-10-07 11:54:24.535	2025-10-07 11:54:24.535
3a8d80b7-b885-41f2-9e35-97c6f17aa1db	894ce5f7-1cff-4938-b10c-544e6512d0ff	Kuphal - Haley	Scrum Master	Infit volaticus depraedor complectus provident tam comburo adsidue. Architecto voluptatibus subito contego absum aspicio.	2025-04-03 22:51:02.224	2025-08-14 22:12:43.495	f	2025-10-07 11:54:24.536	2025-10-07 11:54:24.536
45a5562e-54e9-4e7a-accd-75a22d009c54	789be1ef-7dd9-4098-b8f2-c313965fe31c	Brekke and Sons	Recruitment Specialist	Dedecor thalassinus vereor valetudo arma cogo adficio contigo capitulus. Candidus ubi circumvenio.	2024-10-14 00:51:44.674	\N	t	2025-10-07 11:54:24.55	2025-10-07 11:54:24.55
b1b8e41a-d111-4e7a-bec3-6b7ad21c1758	02515fe2-95d1-4ae0-a691-e5a9ba34a59e	DuBuque and Sons	Scrum Master	Aeger voluntarius id calculus sordeo creator charisma. Agnosco thesis communis cupio testimonium deripio balbus vulticulus benigne verus.	2025-05-08 04:34:13.251	\N	t	2025-10-07 11:54:24.567	2025-10-07 11:54:24.567
84b454de-e86f-4093-8939-a351c1546238	02515fe2-95d1-4ae0-a691-e5a9ba34a59e	D'Amore, Kling and O'Kon	IT Project Coordinator	Minima coadunatio conspergo cruentus vacuus conventus sulum corrigo certus. Bellicus ustilo spes conculco.	2025-08-20 22:24:12.119	2025-10-05 19:29:25.182	f	2025-10-07 11:54:24.568	2025-10-07 11:54:24.568
bd673bd5-18f3-45b3-902a-d69200211c1c	02515fe2-95d1-4ae0-a691-e5a9ba34a59e	Smith Group	IT Project Coordinator	Cras vestigium cado vinitor soluta similique thorax vix cimentarius. Aequitas cavus cerno.	2024-07-31 02:43:06.348	2025-01-09 22:57:40.136	f	2025-10-07 11:54:24.57	2025-10-07 11:54:24.57
2066b414-135c-4e01-8ef0-5ba3d581604d	f0e64025-b9bc-4709-9074-79ac55c148b0	Morar - Hane	Auditor	Curis concedo natus. Vorago conturbo texo fuga.	2025-06-06 14:58:59.889	\N	t	2025-10-07 11:54:24.586	2025-10-07 11:54:24.586
baa2a274-afe0-4d87-ab11-35a19619aa06	f0e64025-b9bc-4709-9074-79ac55c148b0	Runolfsson Group	Auditor	Perferendis aperte verbera. Commodo dapifer amplus creator enim compono patrocinor eum voluptatum.	2024-04-30 05:53:11.045	2025-01-17 18:32:13.864	f	2025-10-07 11:54:24.588	2025-10-07 11:54:24.588
fe41350f-cc6b-4e6d-8018-c8b19b1fe73f	d798c874-d1a1-4b19-b719-5363dde8c0b0	Wilderman, Little and Lowe	SEO Analyst	Conventus vorax stultus atque thalassinus coaegresco earum. Ut appositus strenuus turpis thymbra spes atqui spiritus depopulo cicuta.	2025-01-14 19:55:57.071	\N	t	2025-10-07 11:54:24.6	2025-10-07 11:54:24.6
f9e8c3bd-2dd5-437d-8335-10a4412563ed	d798c874-d1a1-4b19-b719-5363dde8c0b0	Feest Group	Social Media Manager	Amita solitudo arbor depopulo. Succedo spero suadeo suffoco tolero ter ex.	2022-06-10 20:13:10.496	2023-04-11 09:49:34.052	f	2025-10-07 11:54:24.601	2025-10-07 11:54:24.601
b9b486b8-7d74-425d-9b4c-3cb576723cfe	d798c874-d1a1-4b19-b719-5363dde8c0b0	Mills and Sons	Social Media Manager	Celo mollitia approbo. Perferendis tenus suppellex combibo acerbitas balbus vulticulus varietas.	2023-10-18 09:24:11.381	2024-07-02 22:27:03.074	f	2025-10-07 11:54:24.603	2025-10-07 11:54:24.603
0dd51117-9e41-4f00-95f8-7af9bcf66a40	37251941-2c78-413d-aad2-57b02b847bb2	Harvey, Bergstrom and Breitenberg	Web Developer	Amplexus casso cito placeat ea dolores thorax impedit cognatus. Creptio congregatio constans vulgo amplitudo clamo despecto arbor audacia xiphias.	2023-12-07 03:11:04.302	2024-05-26 05:57:28.311	f	2025-10-07 11:54:24.617	2025-10-07 11:54:24.617
24a0fd63-270d-465c-b9c5-6c2c1387f9f7	37251941-2c78-413d-aad2-57b02b847bb2	Hegmann Inc	UI Engineer	Ipsa auxilium solum sursum. Suffoco saepe adaugeo architecto.	2024-01-07 02:56:56.129	2025-05-24 17:50:15.313	f	2025-10-07 11:54:24.618	2025-10-07 11:54:24.618
9a76d712-f175-4aee-b6e3-1dab58bd11fb	37251941-2c78-413d-aad2-57b02b847bb2	Bernier and Sons	Web Developer	Suppellex saepe valens adeo caries tergo. Tibi delinquo alienus.	2025-07-19 08:38:57.57	2025-08-27 19:00:46.128	f	2025-10-07 11:54:24.62	2025-10-07 11:54:24.62
e7fffb7e-0f63-45c8-a6e4-f931a6d5b1f6	74390c49-b551-4147-991b-424af2030880	Kilback - Wyman	Software Engineer	Placeat bardus adulescens arx bellum argumentum ante aperio thymbra creo. Coepi taedium confugo cedo casus quidem curso vel.	2025-04-24 05:03:27.626	\N	t	2025-10-07 11:54:24.637	2025-10-07 11:54:24.637
93702c9a-206e-48e2-af5c-593e696e3ca4	74390c49-b551-4147-991b-424af2030880	Boehm - West	Software Engineer	Quod eaque adeo subito ab texo. Solium aedificium demonstro temptatio ademptio patior unus ventosus.	2024-11-04 16:32:48.341	2025-01-08 17:13:10.404	f	2025-10-07 11:54:24.638	2025-10-07 11:54:24.638
5a803507-8dbf-4da8-b5dc-562661426ce1	74390c49-b551-4147-991b-424af2030880	Nader, Wintheiser and Haley	Software Engineer	Bardus beatae texo tardus cubitum tredecim spiculum. Compono catena caecus.	2023-12-24 15:49:35.867	2025-05-21 22:34:03.809	f	2025-10-07 11:54:24.64	2025-10-07 11:54:24.64
a97e15fe-e592-4e90-ba8f-013bd09210b4	4ed154d7-d7c0-44fa-a9b9-ce2d175bc8e5	Schneider, Cormier and Walter	Accountant	Territo laborum universe demoror cerno deripio claustrum. Coepi vigor blanditiis approbo tantum assumenda.	2023-03-22 14:07:40.802	2025-06-03 06:59:13.774	f	2025-10-07 11:54:24.652	2025-10-07 11:54:24.652
da2d85fb-a00f-423b-b3b5-53eabc87978e	4ed154d7-d7c0-44fa-a9b9-ce2d175bc8e5	McClure - Jenkins	Financial Analyst	Aedificium virga patria usus tepesco appono vix sed. Ustulo custodia alioqui ante ciminatio delibero.	2021-01-09 10:07:16.988	2021-07-10 12:05:50.34	f	2025-10-07 11:54:24.653	2025-10-07 11:54:24.653
ab31f781-1af6-42d1-ac65-bd78a15cec48	e905740e-28a4-423a-901c-49c2e31784f2	Murazik Inc	Financial Analyst	Apostolus tredecim tribuo. Nesciunt asperiores cornu officiis acquiro illo.	2024-06-25 23:01:43.765	2025-06-24 21:51:33.494	f	2025-10-07 11:54:24.672	2025-10-07 11:54:24.672
3dadf309-4f41-4cd8-948d-e84086103592	e905740e-28a4-423a-901c-49c2e31784f2	Upton, Volkman and Zemlak	Finance Officer	Quasi crinis vir pectus argentum articulus nulla. Illo turba modi ex adinventitias decipio verto facilis charisma.	2023-04-15 07:43:33.457	2025-01-06 12:57:50.188	f	2025-10-07 11:54:24.673	2025-10-07 11:54:24.673
98e2b4f2-c7a0-48de-93f5-f3947b610ae0	5d57a01f-e510-4a55-a8c5-b8f0648068df	Hermann LLC	Data Scientist	Aro adopto subiungo contigo antea catena credo porro. Termes copiose colo sursum vero eveniet.	2024-10-20 05:21:06.036	2025-01-08 09:32:29.519	f	2025-10-07 11:54:24.689	2025-10-07 11:54:24.689
b08d2bcf-c3a2-455b-a98f-01258ad769a7	40f501e6-384f-419d-b0e7-1c304fb3d670	Heller - Walter	Backend Developer	Aspernatur coniuratio decerno amet arbustum. Voluptatem cohaero umbra absens trucido nemo.	2025-02-04 06:37:46.148	\N	t	2025-10-07 11:54:24.705	2025-10-07 11:54:24.705
060883d9-3aa3-4ccf-8192-752c09642b51	b3b1e73f-aa31-4fdf-9a12-57b3a6c9157d	Hodkiewicz - Luettgen	Human Resources Generalist	Subnecto debitis curvo templum trans. Acerbitas theatrum universe ver animus canis.	2025-06-13 12:54:35.137	2025-07-07 23:50:13.955	f	2025-10-07 11:54:24.72	2025-10-07 11:54:24.72
c3509e56-18c4-4b8b-bf7c-370f0c233644	aadaa421-4713-403f-8b29-c6f279ee3c05	Roob Inc	Product Manager	Cernuus vae cado decumbo eveniet contigo traho sapiente somnus. Dolorum acerbitas eius.	2024-03-21 11:50:46.592	2024-11-13 01:10:50.049	f	2025-10-07 11:54:24.737	2025-10-07 11:54:24.737
6bd1d2b1-ff30-4f12-931c-873dc4b631ee	aadaa421-4713-403f-8b29-c6f279ee3c05	Goldner, Bergstrom and Lowe	Product Manager	Accusator adstringo abscido. Cogito tollo vitiosus vulgus cunae paens non decumbo.	2021-10-23 10:41:52.94	2023-09-16 15:37:28.736	f	2025-10-07 11:54:24.738	2025-10-07 11:54:24.738
505fe356-e66b-4c84-adde-5e2589f6e752	aadaa421-4713-403f-8b29-c6f279ee3c05	Heidenreich, Waters and McCullough	IT Project Coordinator	Utrimque bardus termes villa sui voluptas ullam. Blanditiis adimpleo delicate collum venio aperio accusamus.	2025-07-27 14:08:31.788	2025-07-29 05:56:58.01	f	2025-10-07 11:54:24.74	2025-10-07 11:54:24.74
23a8285e-3ad9-4c0b-b2e0-3461cbc4ab7d	c72809bd-10fb-41cb-bfc4-561b9f82139a	Schultz - Hackett	Frontend Developer	Utpote agnosco timor copia centum utilis neque curatio capio. Debilito auxilium appono torqueo.	2025-04-23 18:55:25.273	\N	t	2025-10-07 11:54:24.755	2025-10-07 11:54:24.755
98f10d6d-912a-42eb-a6ab-ee105662000b	c72809bd-10fb-41cb-bfc4-561b9f82139a	Mueller - Bogan	Frontend Developer	Suscipit verus apparatus cunabula adsuesco. Spoliatio culpo aegre subito auditor cognomen crepusculum ciminatio.	2022-10-02 21:50:16.321	2025-04-13 14:39:40.962	f	2025-10-07 11:54:24.757	2025-10-07 11:54:24.757
82235537-311a-4205-8bd1-e3f1e4d0e825	c72809bd-10fb-41cb-bfc4-561b9f82139a	O'Conner - Koelpin	UI Engineer	Ait autus certe coaegresco. Demonstro virtus altus tenuis.	2025-07-18 23:07:15.694	2025-08-12 09:16:28.691	f	2025-10-07 11:54:24.758	2025-10-07 11:54:24.758
496c69dd-d020-47c3-a063-6c2d9e665f9a	1dbc2749-3594-4ca0-bbb3-002a7b553d9d	Lindgren and Sons	Recruitment Specialist	Asper usitas terror confero saepe adeo unde confero. Aureus ter utilis territo votum appono comparo altus communis.	2024-12-23 16:36:09.849	2025-03-05 07:13:24.948	f	2025-10-07 11:54:24.774	2025-10-07 11:54:24.774
27b3d723-c681-4dc0-9a36-c94b7579e09f	1dbc2749-3594-4ca0-bbb3-002a7b553d9d	Breitenberg Group	Talent Acquisition Manager	Thorax cultura appono ambitus hic repudiandae tenus acerbitas tolero. Demens solium tubineus urbanus virga capio volutabrum architecto.	2023-09-25 21:18:04.008	2025-06-23 03:48:31.35	f	2025-10-07 11:54:24.775	2025-10-07 11:54:24.775
db7f5a0f-e529-403d-a1de-9a8dca5acc8a	1dbc2749-3594-4ca0-bbb3-002a7b553d9d	Beatty, Sporer and Schoen	HR Business Partner	Cunae cauda demitto. Atrox clarus aperio tabernus virtus certus adulatio contego.	2025-07-28 06:09:21.356	2025-09-10 12:39:46.771	f	2025-10-07 11:54:24.777	2025-10-07 11:54:24.777
cb99cde9-7086-4bcb-b27c-a5624f9a07e2	8eaa9738-46fa-4df0-be55-48b75509c895	Morissette - Lang	Business Intelligence Analyst	Deprecator beatus admoneo. Acquiro perferendis cubo accendo voro acquiro capitulus laboriosam cruentus.	2025-08-12 03:55:31.023	\N	t	2025-10-07 11:54:24.793	2025-10-07 11:54:24.793
2067466e-417a-46a3-ad3c-6e770cadd293	8eaa9738-46fa-4df0-be55-48b75509c895	Casper and Sons	Data Analyst	Bonus bos denuo tubineus quia cognatus. Ustilo valde tutis speculum infit supplanto.	2023-07-16 03:50:25.085	2025-05-12 18:19:19.83	f	2025-10-07 11:54:24.795	2025-10-07 11:54:24.795
f1a24ab2-dadc-49d7-a948-2ddf7e24b716	8eaa9738-46fa-4df0-be55-48b75509c895	Jacobson and Sons	Data Analyst	Via vesco laborum sortitus delibero sit viduo. Varietas universe aperiam a trans conor nemo distinctio circumvenio.	2025-06-10 22:23:33.776	2025-09-20 20:59:53.455	f	2025-10-07 11:54:24.796	2025-10-07 11:54:24.796
a2af3bde-89f6-4af7-940d-7a9f64b7701c	b1bf890e-2cc2-4e16-9799-49fdfd500772	Lockman - Smith	Data Scientist	Aperiam depereo vomer ter delibero toties cotidie. Vomito possimus talus vulgus trucido clamo commodo amet vel carus.	2025-05-14 06:33:38.753	\N	t	2025-10-07 11:54:24.816	2025-10-07 11:54:24.816
ef604ae6-cede-4176-8054-78a09323bf64	45d59e1f-f3f9-43dc-a487-a6770fce5e4f	Rolfson - Lindgren	Full Stack Engineer	Nobis denuo subseco valeo sono peior cernuus stillicidium validus ara. Colligo vulgivagus corroboro subvenio utor stella velociter.	2025-06-22 14:59:20.509	\N	t	2025-10-07 11:54:24.829	2025-10-07 11:54:24.829
8872f264-8c3b-4676-bae4-4662a7775f15	45d59e1f-f3f9-43dc-a487-a6770fce5e4f	Carter Group	Software Engineer	Magnam copia vinculum provident curvo amo statim. Textus virgo tolero.	2024-06-09 06:21:18.4	2025-09-21 10:08:29.871	f	2025-10-07 11:54:24.831	2025-10-07 11:54:24.831
156f9fd6-45e6-4d83-9cf5-dc9eb615c08c	45d59e1f-f3f9-43dc-a487-a6770fce5e4f	Wyman - Schmitt	Java Developer	Inventore dedecor deserunt delinquo tametsi agnosco cupressus impedit pecus accedo. Vobis solio arbitro crinis ulciscor quasi sufficio accedo cervus tumultus.	2022-01-20 05:36:59.952	2024-01-17 19:55:27.724	f	2025-10-07 11:54:24.833	2025-10-07 11:54:24.833
c6d50b35-c903-4e2e-84a9-ae32c2f0d8fe	154ed8bd-fb8e-433d-b394-ace67cd3403f	Streich Inc	Business Intelligence Analyst	Error studio urbs. Cubicularis articulus aranea vis tum.	2025-04-09 17:10:00.803	2025-09-06 21:36:54.832	f	2025-10-07 11:54:24.852	2025-10-07 11:54:24.852
e0c9644e-cbb5-47a2-ad7e-a42dc3fd809f	243d4130-0256-4a3e-89f5-c99888237c0f	AdinKems Inc.	Full Stack Engineer		2025-10-10 00:00:00	\N	f	2025-10-09 23:09:12.737	2025-10-10 00:36:20.445
6fa4af4d-f4c5-4d4a-8e03-516b19aef03a	d203b277-c8e3-42d5-88ce-2dcfcaf9f911	Nikolaus - Rutherford	Recruitment Specialist	Attollo vaco cubicularis harum desolo cattus concido ars magni facilis. Caput ubi taceo tergiversatio bis via validus autus acidus aggredior.	2024-04-24 12:20:16.246	\N	t	2025-10-07 11:54:24.866	2025-10-07 11:54:24.866
a705cf3f-169c-46cc-b55c-d6b38b1a3604	7c3237eb-dfb5-493f-bf38-9a84e2140103	Gibson, Bruen and Hauck	Data Scientist	Atrox error casso abbas amiculum soleo speculum cornu vicinus. Ventito bellum bonus asper terra cenaculum vulpes animi aggero vorax.	2025-04-14 13:58:36.648	\N	t	2025-10-07 11:54:24.882	2025-10-07 11:54:24.882
cfc350bd-a818-4322-993a-ff367d409978	7c3237eb-dfb5-493f-bf38-9a84e2140103	Torphy - Orn	Quantitative Analyst	Triduana cariosus ater tui verbum comptus vesper crepusculum defetiscor. Caecus repellat volubilis modi validus sollicito.	2023-07-01 16:56:26.571	2024-12-14 17:38:54.932	f	2025-10-07 11:54:24.884	2025-10-07 11:54:24.884
89f4b570-853e-4059-8e39-85e02ebc807f	a378f56a-5b39-4bd3-9e70-9b65356585ac	Walsh - Armstrong	Frontend Developer	Est acquiro volo incidunt chirographum aegre cultellus velit baiulus. Bellum unus audentia basium cur.	2025-04-30 21:34:12.644	\N	t	2025-10-07 11:54:24.903	2025-10-07 11:54:24.903
b0f28b56-6ba2-4f47-a177-7d36d3d44843	a378f56a-5b39-4bd3-9e70-9b65356585ac	Schowalter, Goodwin and Nitzsche	Web Developer	Amaritudo cur caveo. Acceptus caries perspiciatis atqui tollo talus inventore armarium stultus.	2022-02-28 10:15:24.14	2024-04-23 11:54:36.024	f	2025-10-07 11:54:24.905	2025-10-07 11:54:24.905
6d0a2d3c-ec85-4c96-9a72-a9e37f121fc3	821bdf09-f76d-4b72-9e5b-1efeca522188	Gutkowski - Tromp	Frontend Developer	Tabella tardus comedo totam sto adiuvo tergeo inventore ventosus contra. Dicta necessitatibus patrocinor suscipio tergum optio cervus caries averto arceo.	2023-12-31 13:24:38.212	\N	t	2025-10-07 11:54:24.922	2025-10-07 11:54:24.922
b55d2fdd-4aa6-4da9-9be0-ea65dfab752a	821bdf09-f76d-4b72-9e5b-1efeca522188	Kessler - Zboncak	Frontend Developer	Iure commodo aro dolor adeptio concido campana tener. Defungo aer tripudio aranea demoror.	2021-12-21 06:00:11.708	2024-04-14 04:16:06.324	f	2025-10-07 11:54:24.924	2025-10-07 11:54:24.924
f609f423-f08f-47ca-9494-cb9e862331ae	c01d6d99-645c-4234-aab7-5ed9052daf8f	Dickens - Bauch	React Developer	Cado aperiam adflicto odio exercitationem accendo clam. Aggredior termes censura venio.	2024-10-05 22:58:54.915	2024-11-05 04:08:08.325	f	2025-10-07 11:54:24.942	2025-10-07 11:54:24.942
65bf1e74-6415-4ed3-9e7f-60dba4f326f8	c01d6d99-645c-4234-aab7-5ed9052daf8f	Rice Inc	Web Developer	Audax ascit laborum trucido vulgivagus caries copia vorago. Acerbitas villa tenus ustulo accusator sublime arcus spoliatio vorax timidus.	2025-06-06 09:56:13.119	2025-08-19 10:46:21.34	f	2025-10-07 11:54:24.944	2025-10-07 11:54:24.944
4b64d9fe-e99e-44ac-8561-19ee5e203ef3	59279f59-4c10-4cc8-850f-d335f16956bb	Keebler, Lemke and Mayer	Digital Marketing Specialist	Voro tergum contabesco acervus. Cohors socius vulgus velociter conventus talio triumphus bene appono cohaero.	2025-04-05 08:36:25.39	2025-06-12 10:54:06.827	f	2025-10-07 11:54:24.958	2025-10-07 11:54:24.958
507b4b35-82e1-47fa-9914-1faf1736c125	25a20448-427d-4974-9feb-b101f24ab2b3	Blick, Franey and Bruen	Backend Developer	Deorsum atrocitas defero bene uterque cenaculum asperiores dedecor varius dedecor. Cupressus tutamen amita rerum.	2024-08-23 09:49:14.905	\N	t	2025-10-07 11:54:24.973	2025-10-07 11:54:24.973
dd846d51-16d5-4cd6-8b0e-2e2eeade7f5d	25a20448-427d-4974-9feb-b101f24ab2b3	Fahey, Schamberger and O'Connell	Backend Developer	Aperte statua tergo cura ubi terga tertius umerus color tonsor. Tabella caterva theca sub umbra cultura alii vitium.	2022-10-13 03:27:31.467	2025-10-03 16:23:44.045	f	2025-10-07 11:54:24.975	2025-10-07 11:54:24.975
99e9dfa6-fb09-4f91-b007-9ce298bce21f	25a20448-427d-4974-9feb-b101f24ab2b3	Weber LLC	Software Engineer	Certus celebrer patior vulgo absorbeo. Tener vilicus una victoria curis asporto cresco varius supra aufero.	2024-12-10 23:37:24.46	2025-07-13 17:46:50.353	f	2025-10-07 11:54:24.977	2025-10-07 11:54:24.977
a9303fc8-ba42-4104-a4f6-dc99240a232e	685c391a-b90c-4537-978b-4a933a4ba314	Hettinger, Botsford and Hickle	Data Analyst	Tergo et cuppedia eveniet eius. Subvenio occaecati trado debeo.	2023-02-02 02:16:46.895	\N	t	2025-10-07 11:54:24.989	2025-10-07 11:54:24.989
878046e9-8e96-4025-bed1-1f8dc1179956	8c3e88dc-66a2-46a3-97ec-def28b34c41f	Ruecker, Schneider and Mills	Social Media Manager	Tersus comes velit beatae ver theologus comburo cunabula. Auditor auctor ustilo sonitus vehemens convoco ambulo versus aut.	2025-03-15 05:07:35.545	2025-06-25 04:06:23.711	f	2025-10-07 11:54:25.005	2025-10-07 11:54:25.005
26c6f931-1cf6-4b16-8887-81832c6011f8	8c3e88dc-66a2-46a3-97ec-def28b34c41f	Corkery - Zemlak	SEO Analyst	Alo angelus quis cito balbus. Virga vulgaris necessitatibus sortitus viridis territo debeo curto eius.	2025-05-07 17:19:24.445	2025-09-09 03:14:47.636	f	2025-10-07 11:54:25.007	2025-10-07 11:54:25.007
faf78e71-4e38-4f7d-8d80-a2045b4dd408	b17ef250-cf87-43a5-aa3f-daea024a1fda	Ernser - Mueller	Finance Officer	Caelestis aufero bis turba ventito laudantium aegrus thermae apto. Voro angulus territo vobis.	2025-07-18 06:52:56.245	2025-09-23 02:59:00.483	f	2025-10-07 11:54:25.022	2025-10-07 11:54:25.022
969847a0-2011-4869-a435-7944f4e40bf6	4f61536d-795b-4fd1-918d-c11997752119	Kertzmann, Kunze and Steuber	Product Manager	Vesco timor stabilis valetudo expedita votum tempore. Admoveo sponte cattus.	2024-11-16 10:49:35.218	\N	t	2025-10-07 11:54:25.038	2025-10-07 11:54:25.038
c4dd8fae-ecbd-493e-98ce-c57663bae9b5	4f61536d-795b-4fd1-918d-c11997752119	Metz - Bogisich	IT Project Coordinator	Vilicus ambulo sapiente ademptio cruciamentum conventus delectus acies arbor acerbitas. Utrum artificiose creber verecundia carpo claudeo.	2024-08-11 18:30:04.492	2025-10-06 19:27:50.184	f	2025-10-07 11:54:25.04	2025-10-07 11:54:25.04
2d000a8c-63f9-4b3f-980c-9d6a5518310a	e97c4862-ce50-4582-8f87-75b714185ce5	Conn - Barton	Java Developer	Demergo succedo supra dapifer nostrum reiciendis textor. Aranea campana video tamisium pel admitto aperiam amplexus thema pecus.	2024-11-22 17:46:50.432	\N	t	2025-10-07 11:54:25.056	2025-10-07 11:54:25.056
59f95bb4-c85a-499f-8115-6a2be5880699	86b27714-8d0d-42ee-b074-0598180b6cd8	Brakus Inc	Digital Marketing Specialist	Iure decipio quisquam. Tabella tabula admiratio vomer totus.	2023-12-26 12:52:34.884	\N	t	2025-10-07 11:54:25.069	2025-10-07 11:54:25.069
b6da7cb2-682f-4c9d-82e6-cfe7ecd0b415	86b27714-8d0d-42ee-b074-0598180b6cd8	Wintheiser - Koch	Digital Marketing Specialist	Defleo calcar appono quam copiose aspicio vulariter. Bellicus volubilis velut iste victus depromo catena tutis.	2024-10-14 11:06:02.662	2025-05-01 03:45:19.748	f	2025-10-07 11:54:25.07	2025-10-07 11:54:25.07
11694ecd-4949-4057-ba76-3187e91c3cdc	38622052-887b-4d9c-8dc5-5f2e2980f10d	Pollich, Wolff and Anderson	Recruitment Specialist	Ventito corporis tamquam thalassinus usque valeo. Suppellex alioqui amplus.	2025-05-19 09:17:18.843	\N	t	2025-10-07 11:54:25.085	2025-10-07 11:54:25.085
c24d6dd8-87fb-4f20-b36d-f31f17296ed1	efe58aa4-b10c-4a49-a0ac-798c0df4cf21	Grady Inc	Scrum Master	Adfectus amita ullam universe tumultus caelestis. Cubitum rerum vinitor neque vehemens studio desparatus chirographum conicio.	2024-12-06 12:54:43.024	2025-06-16 11:50:54.422	f	2025-10-07 11:54:25.102	2025-10-07 11:54:25.102
9a5bfce4-d951-4ef0-9f28-e4d7b220cbe5	9d3bce60-457e-4114-a2c8-e94f48539c25	Farrell - Zemlak	Backend Developer	Aperiam decet accedo stillicidium quis titulus circumvenio reiciendis. Sulum debitis ait credo umbra cervus depraedor deludo talus amplitudo.	2024-05-07 21:32:11.069	\N	t	2025-10-07 11:54:25.115	2025-10-07 11:54:25.115
8ea23361-1740-4f3c-875e-63185e28d4e0	7209cb41-3de9-4cc3-bbba-d9baa46d5c2c	Smitham - Williamson	Java Developer	Aliqua despecto subito adimpleo nemo defendo coma sustineo. Uterque tripudio ascit temptatio.	2023-11-02 17:32:39.619	\N	t	2025-10-07 11:54:25.128	2025-10-07 11:54:25.128
ab78b0fc-833c-40db-9eca-5f04e965f047	7209cb41-3de9-4cc3-bbba-d9baa46d5c2c	Nader - Runolfsdottir	Full Stack Engineer	Capitulus carmen sumo. Ventosus triumphus chirographum admitto tertius acervus ciminatio.	2024-10-24 21:07:45.107	2025-02-01 12:35:10.394	f	2025-10-07 11:54:25.13	2025-10-07 11:54:25.13
87cc02c4-9cf7-4775-bd3d-914d7d1bfab1	7209cb41-3de9-4cc3-bbba-d9baa46d5c2c	Schneider LLC	Backend Developer	Aetas anser advenio cernuus itaque comitatus arma vero. Viridis saepe addo.	2021-11-15 20:34:28.736	2022-08-13 22:56:52.515	f	2025-10-07 11:54:25.135	2025-10-07 11:54:25.135
dc83b6ff-8bd2-46c9-bea6-5a7afb70ac4e	6265af98-287d-4ca8-9711-b2f7971b44d3	Bechtelar - Labadie	Accountant	Volaticus avaritia crux. Conforto vulnero succurro alius molestias facere animadverto acquiro.	2025-02-20 18:38:09.23	\N	t	2025-10-07 11:54:25.148	2025-10-07 11:54:25.148
f6c5f515-0d94-43de-b6cf-845ae04b52fa	a10028dd-3610-4a6c-a9e1-78b029bfb772	Kub and Sons	Human Resources Generalist	Umquam abduco suffoco adulatio. Comminor quos cupiditate sunt utilis absum ago.	2025-02-23 18:28:17.004	\N	t	2025-10-07 11:54:25.166	2025-10-07 11:54:25.166
8b6ff09a-b09a-4a1c-a04c-0980e4db4518	a10028dd-3610-4a6c-a9e1-78b029bfb772	Swaniawski - Walker	HR Business Partner	Benevolentia vulgaris consectetur admitto strues amplus crur virtus urbanus. Demitto nemo totidem cattus adsum acquiro contego.	2024-09-09 09:21:07.738	2025-05-05 12:03:04.675	f	2025-10-07 11:54:25.168	2025-10-07 11:54:25.168
27f45d57-777b-4f5c-b689-9235bb32c6b7	a10028dd-3610-4a6c-a9e1-78b029bfb772	Doyle LLC	Talent Acquisition Manager	Cedo succurro utrimque callide cribro pel xiphias despecto vomito contra. Crux articulus crepusculum pecco annus aer cultellus tui.	2024-08-23 13:30:24.507	2025-07-16 05:36:36.088	f	2025-10-07 11:54:25.169	2025-10-07 11:54:25.169
c410c3a9-9f52-4060-8263-66131c9681f7	fcdb8b9e-8944-46cc-b5ed-8d0b6a0a731d	White - Flatley	Human Resources Generalist	Crudelis animus sumptus aduro tam. Clementia validus angustus tergiversatio contego amiculum ciminatio torrens eligendi.	2024-07-29 14:14:21.428	2025-09-11 22:46:43.328	f	2025-10-07 11:54:25.181	2025-10-07 11:54:25.181
dce3a60e-fa90-4b11-adeb-ab602f1ac189	fcdb8b9e-8944-46cc-b5ed-8d0b6a0a731d	Carroll Group	Human Resources Generalist	Vestigium sufficio acies. Accusantium thalassinus perspiciatis adflicto delectus commodo repudiandae conicio cupio capillus.	2025-03-24 22:24:16.902	2025-09-23 08:01:26.057	f	2025-10-07 11:54:25.183	2025-10-07 11:54:25.183
ed5fc03b-6a80-4f52-b212-2e0832bc7d1b	fcdb8b9e-8944-46cc-b5ed-8d0b6a0a731d	Wuckert, Ullrich and Donnelly	Talent Acquisition Manager	Casus asper caelum sto triduana defessus viridis. Quod constans articulus aiunt cuppedia.	2022-09-13 10:50:54.904	2022-11-08 20:06:41.59	f	2025-10-07 11:54:25.184	2025-10-07 11:54:25.184
c40fa2fc-0469-4001-b0ac-d0809194a171	6b880489-6bb6-4de4-8878-10061fe261ef	Steuber LLC	Human Resources Generalist	Communis temptatio audentia cinis alo hic. Conculco sed amita clamo torqueo colligo hic bos.	2025-05-21 08:56:38.831	2025-05-30 19:55:56.614	f	2025-10-07 11:54:25.202	2025-10-07 11:54:25.202
3c08dc60-29fb-4025-bc52-05b68503ba9e	7fcbadc2-11e9-4caf-a555-8353993f9247	Lehner - Gleason	Full Stack Engineer	Strenuus quas paens valens nemo urbanus alii conservo canis adeptio. Vitiosus atrox adipiscor benigne arma perspiciatis collum solum deinde delectatio.	2025-02-16 08:52:03.186	\N	t	2025-10-07 11:54:25.216	2025-10-07 11:54:25.216
a42b1448-9af4-4098-9729-55f97dc1625a	7fcbadc2-11e9-4caf-a555-8353993f9247	Christiansen - Bauch	Full Stack Engineer	Solio temperantia damno demum amita. Cultellus cupressus comptus curriculum defungo.	2024-09-03 02:43:27.74	2024-09-08 10:56:45.113	f	2025-10-07 11:54:25.217	2025-10-07 11:54:25.217
a00fa053-ca88-4b02-b00c-28c035270ead	fcfffc72-09fc-4c51-b578-712f2234f39c	Huel and Sons	Accountant	Denuo triduana voco. Congregatio aliquam solum sursum summopere.	2025-03-30 08:28:56.856	2025-04-30 08:20:09.639	f	2025-10-07 11:54:25.238	2025-10-07 11:54:25.238
2659197d-df47-4b00-92f0-a617523f6407	8008b63c-0949-4abc-b968-0362d6166c46	Kihn - Heller	Java Developer	Arbustum adimpleo timidus vulgivagus velit. Venia torqueo cui cunctatio balbus.	2025-04-04 01:34:09.071	2025-08-20 22:42:47.587	f	2025-10-07 11:54:25.251	2025-10-07 11:54:25.251
c8d351a5-0d77-40c5-8ef4-589e33c61971	8008b63c-0949-4abc-b968-0362d6166c46	Jenkins Group	Full Stack Engineer	Facere deprecator crebro volutabrum. Vehemens viriliter cupio tandem dolor minima comes.	2023-07-01 13:33:13.971	2023-10-08 13:48:13.37	f	2025-10-07 11:54:25.253	2025-10-07 11:54:25.253
38185d54-c208-40bd-ac47-2fa72c1c3d8c	c0f23322-f625-4ab1-abe7-1740f476fd25	Aufderhar, Dare and MacGyver	Digital Marketing Specialist	Tenetur deleo apostolus turpis appono chirographum admiratio catena antepono volaticus. Aspernatur super videlicet traho ulterius conduco sufficio sophismata dicta vehemens.	2024-04-28 09:17:14.008	2025-04-23 10:23:13.514	f	2025-10-07 11:54:25.267	2025-10-07 11:54:25.267
7242a515-88a9-4149-a396-50b13d4405f6	c0f23322-f625-4ab1-abe7-1740f476fd25	Hettinger Inc	SEO Analyst	Admoveo agnitio vilis. Animadverto nam aegrotatio bonus.	2022-10-31 13:16:28.612	2024-05-16 09:42:57.853	f	2025-10-07 11:54:25.269	2025-10-07 11:54:25.269
39706a85-90af-4933-b93a-e6484a70e38c	e348e2cd-0e49-4a08-b7a4-5c9cddca1c2f	Davis, Powlowski and Veum	Frontend Developer	Somnus suscipit demum bardus altus. Ago adhaero calamitas.	2024-06-10 17:53:46.107	\N	t	2025-10-07 11:54:25.285	2025-10-07 11:54:25.285
04baa4a8-700b-4c48-b752-628620110206	e348e2cd-0e49-4a08-b7a4-5c9cddca1c2f	Jakubowski and Sons	Frontend Developer	Claustrum adhaero stips abeo aspicio campana apparatus alias. Turpis videlicet surculus defleo caecus coma.	2023-06-12 07:52:46.722	2025-04-26 17:17:38.008	f	2025-10-07 11:54:25.287	2025-10-07 11:54:25.287
41dec151-053d-4c0c-838e-e49803e7acdc	9865676c-b9ee-458b-88ac-3b28d54bef4e	Klocko, Kiehn and Tromp	Accountant	Conventus vix cruciamentum. Benigne cilicium ipsum utilis altus paens defleo.	2024-12-04 17:42:07.309	\N	t	2025-10-07 11:54:25.305	2025-10-07 11:54:25.305
4c79d7da-a779-4895-ad8c-8672d5b2efff	9865676c-b9ee-458b-88ac-3b28d54bef4e	Padberg - Kutch	Auditor	Est tibi vester colo nihil suadeo. Viscus tener damno tabgo.	2023-10-05 23:06:13.13	2025-03-11 04:03:27.464	f	2025-10-07 11:54:25.307	2025-10-07 11:54:25.307
7f4e4623-01da-4b68-8ff0-646071cbfc4e	e464f07c-5724-4d2f-afe0-619a1f5f2253	Sawayn, Turner and Dooley	Full Stack Engineer	Demulceo aperiam ager placeat corpus tracto beatus. Explicabo supellex curvo termes adopto.	2025-02-19 17:31:28.33	2025-07-28 15:14:10.381	f	2025-10-07 11:54:25.322	2025-10-07 11:54:25.322
c2d8d39e-a0e3-4505-aa1b-7834ffff9900	e464f07c-5724-4d2f-afe0-619a1f5f2253	Carroll, Lemke and Nicolas	Software Engineer	Labore votum facilis voco curis uberrime arbor tersus vita adfectus. Nisi ambulo commodo coniecto accendo adipiscor.	2023-06-11 05:11:58.917	2024-12-23 16:11:43.835	f	2025-10-07 11:54:25.323	2025-10-07 11:54:25.323
8e9e6295-0f20-438b-9fb8-4e2c58dd9e80	e464f07c-5724-4d2f-afe0-619a1f5f2253	Gleason LLC	Backend Developer	Aegrus vilitas dapifer. Tripudio vita cur abduco virgo vitiosus deripio argentum.	2024-07-26 19:03:17.843	2025-06-07 10:22:23.207	f	2025-10-07 11:54:25.325	2025-10-07 11:54:25.325
a9e8cb71-9deb-49e8-8a85-3777be60cfe0	64feaaad-d96f-4d98-b675-7a4c2b379694	Bechtelar - O'Keefe	Data Analyst	Substantia adinventitias amicitia tui depereo aufero voluntarius vitiosus sui. Tubineus recusandae officiis subito.	2025-07-12 16:11:25.841	2025-08-11 19:40:07.501	f	2025-10-07 11:54:25.341	2025-10-07 11:54:25.341
491ef562-1f90-40de-a4a8-94618005b275	64feaaad-d96f-4d98-b675-7a4c2b379694	Leuschke Group	Quantitative Analyst	Aestas casso expedita caput adfectus corpus ipsum vorago. Absconditus rem templum.	2024-11-25 17:37:02.044	2025-03-13 07:40:35.868	f	2025-10-07 11:54:25.343	2025-10-07 11:54:25.343
6754c770-3fcd-408f-a0c3-fd7742fde56a	64feaaad-d96f-4d98-b675-7a4c2b379694	Morar - Bailey	Business Intelligence Analyst	Undique celebrer voluptate clementia natus universe collum solvo cerno confido. Peccatus aufero cursus volubilis.	2021-11-10 18:34:47.951	2024-08-05 20:16:14.318	f	2025-10-07 11:54:25.345	2025-10-07 11:54:25.345
3e34cfdf-85b7-477f-9086-43d67c077f34	aaba02c6-9583-4e09-b9cf-fddc15f08401	Reinger - McLaughlin	Digital Marketing Specialist	Veritatis earum pecco amplus deludo. Celo illo itaque thermae adipisci exercitationem solitudo.	2024-12-06 03:02:02.812	\N	t	2025-10-07 11:54:25.36	2025-10-07 11:54:25.36
34be8a4f-d66e-4b1d-899e-bd966404043e	243d4130-0256-4a3e-89f5-c99888237c0f	AdinKems Inc.	UI Engineer	\N	2025-10-10 00:00:00	\N	t	2025-10-10 00:47:13.604	2025-10-10 00:47:13.604
8d89e272-3eb4-4ae2-a260-53dc13dae7cc	aaba02c6-9583-4e09-b9cf-fddc15f08401	Bernhard - Schmitt	Digital Marketing Specialist	Aurum spoliatio cohaero patria occaecati capto vita tamdiu solitudo demergo. Cado blanditiis clementia statua titulus careo desparatus vox.	2024-12-29 15:29:08.451	2025-06-13 11:46:21.803	f	2025-10-07 11:54:25.361	2025-10-07 11:54:25.361
1041aced-6c6c-4769-9519-4d1022a6510c	c2fab6a8-2765-459e-9d7f-819d64e67e94	Goyette, Cormier and Runolfsdottir	Project Manager	Decerno constans vitiosus substantia cauda beatae crepusculum. Pecco patrocinor tandem.	2024-01-15 18:32:03.355	\N	t	2025-10-07 11:54:25.376	2025-10-07 11:54:25.376
6b64c561-611c-499b-a83c-2f0425fcd1ab	c2fab6a8-2765-459e-9d7f-819d64e67e94	Homenick, Lakin and MacGyver	IT Project Coordinator	Tutis audentia terra. Beatae succurro capto correptius tempore celo venustas solvo.	2024-02-19 22:23:01.58	2025-08-21 07:24:26.479	f	2025-10-07 11:54:25.378	2025-10-07 11:54:25.378
edd072e6-bcea-47a5-9e69-824fb44bb0ce	c2fab6a8-2765-459e-9d7f-819d64e67e94	Bogisich Inc	Scrum Master	Administratio deputo cometes. Tremo minus aequitas viridis testimonium terra.	2020-11-07 19:49:14.367	2025-09-07 00:26:49.598	f	2025-10-07 11:54:25.38	2025-10-07 11:54:25.38
464666b0-156e-45b1-976d-b9dd64f336f0	3b6d839e-c30f-483f-9779-e513907dd66b	Homenick - Moore	Web Developer	Credo aequus provident ascisco deinde cunctatio addo tametsi cibo aggero. Terreo corporis attollo appono.	2025-04-13 05:41:55.538	2025-06-05 10:48:56.375	f	2025-10-07 11:54:25.395	2025-10-07 11:54:25.395
51d732b9-43cb-41f5-b0b0-d2ed0fe03ec8	3b6d839e-c30f-483f-9779-e513907dd66b	Connelly, Huel and O'Conner	React Developer	Curvo aperiam vicissitudo alienus ipsa reiciendis. Volutabrum sui comprehendo volutabrum.	2022-04-15 14:53:48.833	2025-04-24 04:19:14.803	f	2025-10-07 11:54:25.396	2025-10-07 11:54:25.396
99bd1ef2-054a-4e66-9126-0645a843a290	99ca692f-b82f-478e-9bb5-91e495f5345b	Wyman - Rau	Scrum Master	Curriculum bene venia totidem. Casus vesper apparatus adopto aspicio turpis stipes distinctio.	2024-11-15 14:03:16.641	\N	t	2025-10-07 11:54:25.411	2025-10-07 11:54:25.411
\.


--
-- Data for Name: WorkVerification; Type: TABLE DATA; Schema: public; Owner: -
--

COPY public."WorkVerification" (id, "workExperienceId", "verifyingAgencyId", "verifierName", "verifierTitle", "verifiedAt") FROM stdin;
f5f5e0e9-acea-4b1f-8822-d47ac7c36ecd	e0c9644e-cbb5-47a2-ad7e-a42dc3fd809f	f7472be1-137d-42c4-b74a-9217988bd932	Agency Representative	\N	2025-10-09 23:38:40.182
\.


--
-- Data for Name: _prisma_migrations; Type: TABLE DATA; Schema: public; Owner: -
--

COPY public._prisma_migrations (id, checksum, finished_at, migration_name, logs, rolled_back_at, started_at, applied_steps_count) FROM stdin;
9c989b44-739a-4748-8221-9e0254009e40	e572dd1268208af14101d806024af9c1955aa74a4d86a9edc32e53bfaae605cb	2025-09-04 13:52:41.688116+01	20250904125241_init	\N	\N	2025-09-04 13:52:41.473525+01	1
815717a6-6dce-435c-b5be-3c7806e33f15	648e32e5ce2eddfb05a31ba63412f7c5b19b5351f7d9fd87b7f3beffadd7f194	2025-10-04 09:28:15.710559+01	20251004082815_add_skill_assessment_models	\N	\N	2025-10-04 09:28:15.511624+01	1
9d611722-4d7f-4567-9f35-3d476985bd27	b9e93f0c1033919e5f696a66e64c1f8a5b4201ce3f335d00f87a629b8b4282d7	2025-09-06 22:23:59.862535+01	20250906212359_add_shortlist_timestamp	\N	\N	2025-09-06 22:23:59.637942+01	1
dafe6ad4-ffcc-48c0-a0e5-dc3621d0c7ca	ced5196bbf70e9cc6333a233576e2f41191ac859b4827bf7cb02f30d60c96d4c	2025-09-16 13:14:57.493517+01	20250916121457_add_job_limit_to_plans	\N	\N	2025-09-16 13:14:57.400299+01	1
7fa17ae4-2fe2-44dc-982f-6c2c9eddb5c3	74696d2589aa4342014d4fc1b087153e6581dbc4dbe90f029e759e32f6db397d	2025-09-08 00:33:45.898788+01	20250907233345_add_candidate_document_keys	\N	\N	2025-09-08 00:33:45.84607+01	1
7bf6b164-24de-4b52-b8d8-82fcfd6f7714	8131555b9b0d3f2bc6545aea50d56948b9bf8f60d733e3a04057b2428445ba3a	2025-09-09 22:21:17.392988+01	20250909212117_add_experience_education_models	\N	\N	2025-09-09 22:21:17.07994+01	1
33c87ba3-f5eb-48d3-9521-caaa7bb9a5a6	14a7f81128a0e3501d5a1467ed46ded51fe6c013003d15cc70579c75387ef750	2025-09-25 11:19:33.977805+01	20250925101933_add_password_reset_flag	\N	\N	2025-09-25 11:19:33.580191+01	1
846224e4-ab84-40fa-a4f0-39757936fcae	382b627c27e7bacc9d05b1210e3133a3f014082e1b68091d28243f52ce84b2d5	2025-09-13 13:40:05.514964+01	20250913124005_add_message_read_receipts	\N	\N	2025-09-13 13:40:05.422104+01	1
a6993828-c05c-4f61-9141-0a630456febf	7ef760135e658f1a50a452d9adb6bfa0fb27c147dfa170c3e4ff5ede8861adb0	2025-09-16 14:30:33.219856+01	20250916133032_add_invitation_system	\N	\N	2025-09-16 14:30:32.6819+01	1
5410162d-da7c-4c66-a734-813ca2ff9ad4	d7413eb359fe6bbbcab00b9469afcd79c581c2066abdbe91bc25ce4d3340ab75	2025-09-13 16:27:35.455226+01	20250913152735_add_notification_model	\N	\N	2025-09-13 16:27:35.224722+01	1
fa11c401-f947-45e3-ab7d-f99a86561705	a428d41466248740f018749795714fc77a82f8740975cac436d3cf4e38bc3898	2025-09-13 23:43:52.565651+01	20250913224352_add_notification_type	\N	\N	2025-09-13 23:43:52.398435+01	1
ef10699c-0ab4-4da1-8b09-973830b4f4fc	fef607b8c88f6bb4279cbdb9b5e5560e26e455757b254b9b64e97fc3fc055939	2025-09-14 23:41:30.618785+01	20250914224130_add_meta_to_notifications	\N	\N	2025-09-14 23:41:30.581923+01	1
9c0fa8c5-af98-457a-aca0-c476273bf278	331e78f64c992b3b14d4b60125224482b81b2aec1dc4a8255b26ee7b71a7abbf	2025-09-17 22:05:01.842772+01	20250917210501_add_position_skill_relation	\N	\N	2025-09-17 22:05:01.185381+01	1
99ba647d-617f-4601-8a6e-a2f66ebc63f7	5e708114a88a357dfe4ee0305e4a7223eb1819f6ed371f53e07dcf5e671c9334	2025-09-15 13:25:18.992777+01	20250915122518_add_stripe_price_id	\N	\N	2025-09-15 13:25:18.77795+01	1
01f4af0f-9f05-4a30-bd05-658e2a0a871c	a961073d121965acf821aa267ad75733a39b65717d483020253e184aae700d95	2025-09-15 15:33:46.366222+01	20250915143345_remove_subscription_startdate	\N	\N	2025-09-15 15:33:45.396888+01	1
1894caea-6c6b-4ab4-b29e-5f69e457cd2c	f45aa01b07c0e68b5c206291ce43e315d221d9d44d3cf6c816f280e25d19c320	2025-09-15 15:56:33.285113+01	20250915145633_make_stripe_current_period_end_optional	\N	\N	2025-09-15 15:56:33.265716+01	1
5b8ab782-bad6-40b7-8809-d92824625da9	935e9a7fe8265d030052f2a069736447b2a25a6fb906a7f92d8dea8e7294a545	2025-09-19 11:28:06.339208+01	20250919102806_add_agency_domain	\N	\N	2025-09-19 11:28:06.165868+01	1
076b0caf-d177-4b1a-a03d-769ada6c23ca	5693d3f1cfcc4bdd478e3a7ea7832b4eab8e25b2904eda82207dda36f9073ca0	2025-09-16 09:25:37.333526+01	20250916082536_add_industry_model	\N	\N	2025-09-16 09:25:36.180633+01	1
fe0e18a6-b60d-429d-8108-205dd5e4b5fe	cb036e00f9d1e40f25bc40230ed0530c64131239064fe5554084ad9aaf5fce95	2025-09-16 10:08:07.735832+01	20250916090803_add_agency_industry_relation	\N	\N	2025-09-16 10:08:04.015574+01	1
38614c85-3cb9-4d5b-a87f-43131af127c1	2777d3d14f47bc901821ee3281431ceb81c5d4f9e266cca5f1ba861715c5286d	2025-09-26 15:41:47.070817+01	20250926144146_add_onboarding_flag_to_candidate	\N	\N	2025-09-26 15:41:46.895375+01	1
9a3caf39-3bbd-4f02-9e21-041730f51234	b49412a6666b71239ccbe667c542543cf1898e7e9c9ddda872a2920524bc0574	2025-09-22 23:52:22.056322+01	20250922225221_add_admin_foundations	\N	\N	2025-09-22 23:52:21.502026+01	1
fff853ed-427c-4f0e-832e-6b475275b3af	e92d6ca6716ee629cde30fe3430667a2a590ae40933658f2518b830840ecf29e	2025-09-23 08:18:18.19526+01	20250923071817_add_activity_log	\N	\N	2025-09-23 08:18:17.778416+01	1
2086a0c4-8395-4a16-88b8-a1f1cff7f91e	6ef785de2b78692fddd3349c39cb1a3c881ba5a39c3fbe862c14528a2b05350e	2025-09-24 14:30:31.885497+01	20250924133031_add_hired_status	\N	\N	2025-09-24 14:30:31.758966+01	1
21bdeea2-0f86-43f9-b076-473818921fdd	29cdff5d7ee96eb2cc65987a9fdac9afbdbfc70cc55348206ad9d4f7030675d9	2025-09-27 00:54:45.579532+01	20250926235445_add_onboarding_flag_to_agency	\N	\N	2025-09-27 00:54:45.466821+01	1
9ea05aef-a1f1-4efe-b87d-283f467c2105	1f4a40e80aaa3e3715d61b720bd7cd0b32dee96d0d1fcb5b0b2891c443a329ae	2025-09-25 00:45:28.911514+01	20250924234528_add_super_admin_role	\N	\N	2025-09-25 00:45:28.852749+01	1
f5469f6f-efac-43f1-b238-eb7cb15728a3	88a51f75297028eda225b53673cdbd970cc8feb206c41a9404efece915ba8dd5	2025-10-04 11:07:46.67029+01	20251004100746_enhance_quiz_attempts	\N	\N	2025-10-04 11:07:46.551939+01	1
0782e75b-d86e-44d4-8a9d-33ccf16bfbd4	6f5a5b0b13c894524bdacfb9d0252eaa0305c18d98a83f6b4e2ada9536d6d670	2025-09-27 03:54:24.220047+01	20250927025424_add_admin_onboarding_flag	\N	\N	2025-09-27 03:54:24.073779+01	1
375cd2d0-9972-4c2c-b612-49d0aa5e5e67	14a87b86163a4e8d799c9e37a84d000caecbbc2086b4faa7524685d8bbc68254	2025-10-04 03:56:14.359918+01	20251004025614_add_2fa_to_users	\N	\N	2025-10-04 03:56:14.198743+01	1
4f6039e3-8e9a-43e0-bf93-69881d150f33	510861e426d53505cd9af01603e66a73cf7e5742262e43fc91114d20da901b1f	2025-10-07 23:17:17.682585+01	20251007221717_add_details_to_interview	\N	\N	2025-10-07 23:17:17.539157+01	1
4a4b82ad-2a6a-4d59-940e-843e3fe5e6e5	ddb44839694b29c1a500ebd4783eef2a2f16bb4dd6bf87e830dfe8f28e2683c6	2025-10-05 01:39:34.503554+01	20251005003934_add_level_to_quiz_attempt	\N	\N	2025-10-05 01:39:34.367493+01	1
bcd22f2a-1ab9-4663-926e-07e7edb5d1cb	d1a8275539c2f3734a82f3c0564328749107db62675abcc768640ec4ac6f3681	2025-10-04 15:14:44.40772+01	20251004141444_add_quiz_level	\N	\N	2025-10-04 15:14:44.232633+01	1
80b050bf-8bce-4b63-ac9a-de25eabc1176	4339a02fe56c83fad85523d03588fb7851a16d8b11e0eda6172fa854886c49c4	2025-10-04 15:43:32.428819+01	20251004144332_add_match_score_to_application	\N	\N	2025-10-04 15:43:32.361423+01	1
c397c801-7f2e-4b0f-99d1-46715e56335c	40ecdafeb9fa7b0c56259860387d6cb6112ef3a92298c608790178dbe8f00057	2025-10-06 08:34:35.061269+01	20251006073434_add_quiz_notification_type	\N	\N	2025-10-06 08:34:34.90889+01	1
8c37ab62-1da7-4ba1-aa1d-0087d1b3676a	135c3bee2046bd719595440acf74f9a634c8b7f18dc7ae9f3961deb991c1c362	2025-10-06 06:50:41.569897+01	20251006054744_refactor_question_answer_model	\N	\N	2025-10-06 06:50:41.189085+01	1
e9274b0f-ab61-41a7-be21-a2f6c266ea1c	2b943b98a706b3f17574987dad3d569ab8eed7d765890f49481f33a7764b0e75	2025-10-07 23:18:24.707108+01	20251007221824_remove_details_from_interview	\N	\N	2025-10-07 23:18:24.67722+01	1
934d8575-5017-4dca-8331-64ebfa6e6949	510861e426d53505cd9af01603e66a73cf7e5742262e43fc91114d20da901b1f	2025-10-07 23:20:18.824892+01	20251007222018_added_details_to_interview	\N	\N	2025-10-07 23:20:18.809391+01	1
d34bccfd-01b9-4e96-a0c5-7101fadd2bec	b664b0a580b13c3a4c915fa807d98adbf0d7cca742644988ef413824df9d5df3	2025-10-09 03:48:48.02132+01	20251009024847_add_career_status_to_candidate	\N	\N	2025-10-09 03:48:47.422464+01	1
44edc614-ffa4-48b4-b028-0adb0b2c4d2a	74624400293dc0f0f99a00342e7cde76b62acc25dbb0f268116d2dfcf8694aab	2025-10-09 04:57:21.615484+01	20251009035721_add_profile_type_to_candidate	\N	\N	2025-10-09 04:57:21.369936+01	1
f333cae0-c0d8-44a9-a4a2-d1837ecfe5f2	0e70ef7bf9904f36d32225dd890c42d59cd50ff456e822032bdb81c42ca4e07f	2025-10-09 22:52:40.555576+01	20251009215240_add_work_verification_model	\N	\N	2025-10-09 22:52:40.289629+01	1
c4c62766-4e90-4df4-ba0e-eed2839bf1fa	b9cc17694926f42b623514e4b36fc34acbeb426a3aefd487e40c522988f64d67	2025-10-10 09:53:31.756753+01	20251010085328_add_agency_follow_model	\N	\N	2025-10-10 09:53:28.839109+01	1
6ab56ae9-9fe1-4a91-b7b9-4cf4e955db60	db4eaae394a4a990af6cde770fbd94c3aba81bf44e1653bc9311595383040305	2025-10-10 23:10:35.379067+01	20251010221034_add_resource_model	\N	\N	2025-10-10 23:10:34.681415+01	1
1fbb7201-d5a8-49c5-8a7d-c30bc9925805	726c70e848323f2c886f9480eade5b2ff0868cec0effcd5d4d8b1ee7c8e2e2d1	2025-10-14 03:47:23.744105+01	20251014024723_refactor_boost_ownership_to_user	\N	\N	2025-10-14 03:47:23.422958+01	1
4459c0af-a075-449c-b600-faf32fb3d520	4f56b6134b25557cb1b91ce3312facef587c16fb1f1e2fbc5faf23762a256e93	2025-10-10 23:14:03.57218+01	20251010221403_enhance_resource_model	\N	\N	2025-10-10 23:14:03.414817+01	1
cd5fc982-0289-4be0-a6fe-cdd549ae96c9	7ef0405b8de42d88a21dda6ce8ccc47ed8eab26b09695fe82d8effd7029a1f0e	2025-10-10 23:21:58.59209+01	20251010222158_enhance_resources_model	\N	\N	2025-10-10 23:21:58.555367+01	1
2664fc1a-e192-438b-ada6-ff631edd9bf8	cb7a43765e1ac429a4134c9fb19dfbbbe776b1f20d6f3e5cd06ff7b46e956bce	2025-10-11 12:54:25.679318+01	20251011115425_add_feed_item_model	\N	\N	2025-10-11 12:54:25.399078+01	1
6a09ab72-8c75-42ad-916a-abbeef4f0b1f	9e858e6cbca01b2e0add3ee64fdfd57fac05b2fceeb41d051f2db1265a9d5cc7	2025-10-14 04:12:11.342834+01	20251014031211_refactor_boost_tier_to_model	\N	\N	2025-10-14 04:12:11.214878+01	1
36bbeff7-8e3f-4727-a8c6-23e964569615	05de9048d2e9b999408b6f84ccd5a15be3206f5cb323a15c9412ee4fe0395354	2025-10-11 16:01:01.920953+01	20251011150101_refactor_feed_model	\N	\N	2025-10-11 16:01:01.454804+01	1
d4d25cf0-b8c2-40b5-a4d1-3b655295b8cb	8e2df8e7165f58546ef4e65803fd3a54c64420510d8014850466f4aa66aa3c2c	2025-10-11 16:18:38.699329+01	20251011151838_add_career_discovery_feed	\N	\N	2025-10-11 16:18:38.501171+01	1
c028181b-5323-49f5-8fa2-e9defbf64497	f0fffd9bdaded23412142453c439410fa2a195bb258bd3be5712ff8e0116cfa2	2025-10-11 16:26:59.943316+01	20251011152659_add_skill_to_resource	\N	\N	2025-10-11 16:26:59.712342+01	1
8f94df92-7093-43da-8f39-99eae75f7787	e368e188bd77773b06656f8a54ebdb4c8a74749ef45d47a86aff07faca976131	2025-10-16 00:03:58.063266+01	20251015230357_add_job_view_model	\N	\N	2025-10-16 00:03:57.33231+01	1
c24415b5-d8b0-4d9c-b50a-55491e8a50ed	95490ea73f972e2c05755b27d52b0ded25a81af4d62c1c019699d27cbf344ff0	2025-10-12 19:05:18.890602+01	20251012180518_remove_resource_add_boost	\N	\N	2025-10-12 19:05:18.335795+01	1
f311971e-d498-41f2-81a3-2b1a39f7f419	8d9f3d759e4a09d08d52e66ca13f89503f2a1e4a789b703ae168b2f49fea0a27	2025-10-17 23:32:41.848609+01	20251017223235_add_job_level	\N	\N	2025-10-17 23:32:37.293018+01	1
2a4f1767-6347-45b3-aa92-7c9ff290358d	5458d7983e3478f23517d5a2a6b91c921a65b9b2834d9734dd4378a1b428acb3	2025-10-13 01:20:48.828887+01	20251013002048_reset_feed_models	\N	\N	2025-10-13 01:20:48.625528+01	1
ad1c8b29-ba38-487e-b322-229f2579b441	5f0674add83a2c0d2ce171cc0b8a6d740cf7da83c4b11be87e7ae49d05cd9ae1	2025-10-13 01:21:40.033837+01	20251013002139_add_feed_models_back	\N	\N	2025-10-13 01:21:39.829468+01	1
\.


--
-- Name: Industry_id_seq; Type: SEQUENCE SET; Schema: public; Owner: -
--

SELECT pg_catalog.setval('public."Industry_id_seq"', 1835, true);


--
-- Name: LocationLGA_id_seq; Type: SEQUENCE SET; Schema: public; Owner: -
--

SELECT pg_catalog.setval('public."LocationLGA_id_seq"', 10836, true);


--
-- Name: LocationState_id_seq; Type: SEQUENCE SET; Schema: public; Owner: -
--

SELECT pg_catalog.setval('public."LocationState_id_seq"', 518, true);


--
-- Name: Skill_id_seq; Type: SEQUENCE SET; Schema: public; Owner: -
--

SELECT pg_catalog.setval('public."Skill_id_seq"', 1124, true);


--
-- PostgreSQL database dump complete
--

